{"vi_exp": {"vi_seed": 59382, "coeffs": [0.2696865639683651, 0.26756339290811904, 0.3004210100798763, 0.27736739134304683, -2.2351341568066747, 0.28488036617265783, -8.959044206881442, 0.30183930155080935, -10.66602143429887, -10.29527658116357, -12.29470937018747, -9.097372285269358, -8.817754553498954, -8.437301966205766, -10.156817940420456, -10.318600288523438, -8.831178642635859, -8.242429805390035, -9.640451277255423, -10.169624031754482, -10.676911263356505, -9.72494955012869, -6.48205428478497, -9.348447044589056, -9.392322717000315, -10.391985688850495, -8.411595798534746, -11.1564702616995, -5.874531429495629, -11.822900399588018, -8.934833713020856, -10.882665405784861, -7.456058794695145, -7.2086905007025255, -11.081660796253264, -9.023961222685235, -8.863413484173035, -11.637786184315818, -10.94735203297101, -8.02695772303415, -11.523799197791798, -9.336272678867788, -6.788971358615622, -7.3722854104359, -9.388933973079304, -8.652614077910085, -8.5072233074506, -8.921393314652768, -10.729938820788872, -10.07245189697425, -8.984537009066859, -7.815987680999558, -11.264073512662597, -8.601738296079136, -9.454182905105949, -9.263209283718725, -8.443298890656573, -9.917819898849322, 3.0270578298526822, -9.349798135502386, -11.255785310870728, -11.253417543643547, -9.01997900030699, -8.829655836705257, -10.09783629444697, -7.9692522207804135, -7.5695590982375505, -11.036584568020993, -8.464407633041029, -8.436283983449314, -8.481471212773023, -11.931824035454795, -11.652973986145374, -8.399061029941556, -10.699054872295072, -10.86585278521754, -6.226537908502569, -10.517891628185419, -8.941373207722535, -9.036671403931438, -7.176039279797378, -9.993125703614671, 3.154402083855969, -9.353601341776729, -6.837691991645885, -7.339489503365459, -10.573538412410691, -10.937500815384253, -10.988699489716158, -5.87478199607885, -6.34289023646731, -10.493886906525026, -4.281640170556843, -4.74423747623772, -9.238549953033623, -8.697044517889104, -8.141734428527663, -9.090458758771579, -9.548064572806114, -10.451936959563845, -10.02619859672545, -10.914180417269282, -8.37901314121106, -9.351590048890749, -8.96274333632327, 3.224664574788013, -8.820465286428632, -8.94551472074898, -7.821414030726006, -9.796516546391558, -12.712228501620135, -7.9788765441385685, -9.36627750260976, -10.370146387609974, -9.050977877907178, -7.385002966251703, -7.854696915541659, -8.5606662588576, 3.3244367654407156, -9.01822271564833, -10.035126533043991, -7.634839194746519, -7.582206721144789, -9.269832229135377, -8.148160962566612, -8.248044394420518, -9.616800737430873, -9.236560179612827, -5.954731149513715, -7.4499318329281445, 3.8273166709129707, -8.655316555499759, -1.538537354880908, -1.5258502043729707, -1.550864169803747, -1.5588023101744093, -0.5392788121421164, -1.5250609647878062, -0.5633982877939631, -1.5571839983743159, -0.6459096389924893, -0.5130803009147794, -0.5549311758654304, -0.4341443885897476, -0.47582816487088364, -0.4686154844639165, -0.6027431430564778, -0.40464186601194957, -0.40433527612563186, -0.5699572640070149, -0.33652772946655685, -0.5422927746396776, -0.6678280046773075, -0.5589736061190439, -0.4910098492551056, -0.5723529706815269, -0.4822746613157951, -0.5526102912531753, -0.5110959542537192, -0.5557891617734321, -0.4977561207197037, -0.5227917999253769, -0.40988369677859, -0.5237698234506095, -0.32076639454409156, -0.5832962462643212, -0.4957692968268189, -0.5747124049855619, -0.49224240206653375, -0.48066689201697244, -0.49510394981802375, -0.35293080370087654, -0.46133133081525096, -0.4749253825894729, -0.4617432774092403, -0.5943067819348105, -0.456384013865607, -0.436705031162797, -0.499676138045974, -0.5450127368817007, -0.5443527740425682, -0.3962500211880086, -0.3691632233016375, -0.3852905311436067, -0.5810472979231026, -0.40397582214358196, -0.5028743002509335, -0.6061637138436797, -0.5414878659120699, -0.5283865886315665, -1.4337148348291298, -0.5242814479061966, -0.5123664415696328, -0.5361123818893597, -0.6022354002292318, -0.5436057858888304, -0.5738100415337797, -0.48880741215877727, -0.5921659625629743, -0.5370131587276954, -0.47220727369082005, -0.5641272653592825, -0.5419812585039074, -0.6163690318905589, -0.5288107160481591, -0.5117815634880252, -0.5718357217324994, -0.5428459544736177, -0.5619299822668702, -0.42895041380400983, -0.6131394575688761, -0.503080658603464, -0.2204086719073665, -0.5800478543088247, -1.5346285131575241, -0.45138561077729206, -0.42191458390479697, -0.5221597401428739, -0.5398311767440778, -0.5002705874862982, -0.6004263124814156, -0.5226111152645299, -0.5858905346297969, -0.4261091638290175, -0.5999113749797768, -0.5399772367166411, -0.5609863646492574, -0.4941936930027359, -0.5752078415347287, -0.4942968755388598, -0.6306179447299939, -0.5370773773803362, -0.5438224356708371, -0.4900699077492499, -0.5830010842257909, -0.44246023947350993, -0.607563187643873, -1.5509069713920514, -0.5352491648705507, -0.6204142315440967, -0.4498086318385914, -0.4644666396278015, -0.5384497451971946, -0.39927347681922637, -0.41398697470023504, -0.5782467030697275, -0.43293024708962213, -0.3421460351673828, -0.5236791242188514, -0.5598430980681223, -1.5457523780803324, -0.488701202844619, -0.4157518049654025, -0.5180505082716133, -0.5229037122776429, -0.6093530682620024, -0.4614279819086016, -0.450426005108656, -0.5015366270374123, -0.5906516797368072, -0.47836317879680224, -0.4770701921737074, -1.554780832845042, -0.5635924929060084],