{"vi_exp": {"vi_seed": 10398, "coeffs": [0.047522356722199996, 0.06628790548283087, 0.07088457586600085, 0.05947374870486857, 0.060250351679071744, -9.679174399077842, -11.559613253050449, -11.410448419843508, -12.89386977224578, -10.4643472586226, -10.93850245059213, -11.821496318613983, -10.293355848118889, -8.893381056308971, -10.674258293259234, -9.183753551452158, -11.749532701708876, -9.002709648683265, -10.56194844041182, -12.14970937916922, -7.531847300806792, -8.463965640729006, -8.466208184294826, -9.747952262870593, -11.030616359247798, -9.330431293994174, -12.478664370104331, -10.647236126897305, -11.031929108499979, -11.203904751948198, -10.553045960904534, -9.165888165193701, -9.846877103283814, -10.261236413424879, -8.956626143261055, -7.7801855559963515, -9.693558900926838, -8.216436380183517, -9.037568517214554, -9.253147116340902, -9.80219002055402, -11.193615914581278, -9.534584464019385, -9.376524932664278, -7.629666574720071, -7.342971275798653, -7.210742317294328, -7.195351856112559, -11.795433365721966, -10.203749029922141, -9.584192722816859, -8.205215426366818, -10.876267609156178, -7.430987337219962, -9.806319519105088, -9.39322352266984, -6.935462078404099, -10.137988284909497, -8.535466618938386, -8.835542061064077, -10.98489691424872, -11.035716823166302, -11.01082619060503, -8.680034288059263, -8.946615077767433, -9.508453218241392, -8.248407004632845, -7.605672744515966, -6.722239748523422, -7.245462889868235, 2.867180828697453, -9.905737903025694, -10.74863023771668, -8.706034689606982, -9.584215225453388, -9.81032656203073, -9.566557530112041, -10.205189179096159, -6.871451035687733, -12.658382915581727, -10.10819755451862, -9.286453999432633, 3.04237947921116, -10.676473023225066, -7.490846435452244, -12.216171221822059, -10.901706438865935, -8.669184838100467, -8.406684053282296, -11.139446457440947, -11.123959688423744, -7.978123144564719, -10.443042979180962, -6.3680286749780235, 3.166789523400348, -10.759430191941643, -9.149690004497545, -11.947621080295413, -11.139765753716778, -8.532371086436502, -6.266604991220434, -8.555081150504865, -7.620138096225716, -8.899645163244715, -7.946977684932665, 3.1600510748549078, -7.81063600456036, -11.191196861392116, -10.499094775261984, -11.521838724483317, -12.1226068011303, -9.050491692125886, -13.43435421741499, -9.1876635563666, -11.347357763757635, -9.979116298371274, -7.010375914340918, -8.161870493172474, 3.331539697099188, -8.912164922759862, -11.737546689819775, -8.316856626408082, -10.193506556388924, -8.45284182394416, -8.730251719402734, -9.217378864309334, -9.182630916697073, -7.776778197041284, -8.135675667449787, -10.674615255655382, 3.8250444324678052, -7.540184736320281, -1.54219103665621, -1.5368408899386263, -1.5492411681565912, -1.5276599335456, -1.542781970957412, -0.4964904504693422, -0.481993668213784, -0.561837006970797, -0.6322269762329322, -0.6263243569550776, -0.4597632128828217, -0.5945533003538309, -0.4591187403229588, -0.46364922178470586, -0.45756683995003106, -0.4548525830593199, -0.42956996882976073, -0.5121784899176698, -0.6436593828611314, -0.48749713948824985, -0.4900422847630553, -0.5611984508383945, -0.5426506039158775, -0.537659236312635, -0.6022100187749623, -0.534597622760123, -0.4909271828254606, -0.441156508720285, -0.5921651351724475, -0.5950486699293814, -0.580137678965004, -0.42902307510006116, -0.48172226182139555, -0.5162697896702237, -0.5450763961639391, -0.47441238124415, -0.5575869759326838, -0.5378580723400307, -0.5170476562610126, -0.5625312353829846, -0.5587041262048663, -0.6220204414781197, -0.5438965737767804, -0.4706043156162657, -0.46292751960106265, -0.5123139626433594, -0.425620819662455, -0.460432214512188, -0.4542108623464356, -0.42815128763954896, -0.5999292334211435, -0.3878205667733735, -0.5789651328313097, -0.4581830797124458, -0.5380816933496699, -0.3261467535843415, -0.5494720326545426, -0.6038177187798968, -0.5813220182846379, -0.5063810444339576, -0.574238072426152, -0.5792709146341127, -0.513133227145144, -0.5133906174010863, -0.5574693519931768, -0.5399903368377995, -0.5503899393698579, -0.17816694541229558, -0.5362298990996553, -0.37645094373981824, -1.543561347974477, -0.5394352629715476, -0.5651057491131746, -0.5307441927034579, -0.4746365447045356, -0.5447893880567191, -0.369536109472109, -0.5778105205612345, -0.454307397207897, -0.5528318619740987, -0.6948640129097805, -0.4896875987039684, -1.5632178056673542, -0.3767421132315929, -0.5024317634544128, -0.5062512947321128, -0.4924333329093574, -0.569674216830015, -0.4709600595534588, -0.597208296660422, -0.4348637856179383, -0.49749234535581843, -0.4923700350869127, -0.5271577961807068, -1.5656658860967736, -0.5154171160289519, -0.5097378804533783, -0.5298889400593646, -0.5437565661052455, -0.4685090564194634, -0.4148371968609073, -0.5724750391622206, -0.48623672471994567, -0.5654706466851428, -0.6400452126567884, -1.5309340283243433, -0.5757881936156364, -0.6014961332798632, -0.566579793637273, -0.5167985413022871, -0.5963515869648671, -0.4920702338293159, -0.4709223353173501, -0.48906896152926665, -0.4314920804909705, -0.5883569663836853, -0.5016106511086452, -0.6058891746572447, -1.536919512509006, -0.448492164368576, -0.4940402941277253, -0.500753940547119, -0.48290212741130106, -0.5273912554818524, -0.5287004907965579, -0.5441288294963706, -0.5275761511513294, -0.5621353546954239, -0.5030369968423904, -0.4861010444715168, -1.5574155387652573, -0.5245403019004519],