{"vi_exp": {"vi_seed": 40074, "coeffs": [-0.5163765212916162, -0.4720408913196915, -0.48496765596585933, -0.49223780191291305, -0.47935290529831154, -9.833086256467809, -10.09981366993452, -12.090276436892818, -11.774316619242805, -13.78869595260846, -12.438113323735141, -8.873630242851108, -11.2313280693322, -10.090728336629299, -9.864818062258921, -10.455599859133317, -10.021443484817983, -11.4809220282592, -9.749358879378617, -6.657791477366305, -9.071608739853477, -8.517551033147376, -8.685872854994196, -8.611761145591307, -9.437341024129562, -11.580509782239064, -11.742534346563591, -9.037810762398829, -12.118250145465412, -8.900993274059806, -9.372296995286515, -9.905993584863523, -11.458921930446705, -6.821224220326876, -8.634283443254771, -8.568867806192975, -8.697615163331719, -12.324324498205026, -12.133770790330233, -8.49341078307747, -9.61825560562324, -13.135483258085557, -10.533376215619874, -9.577925158736749, -10.403407539641796, -10.299146547278987, -9.890547369924994, -10.008903790917316, -9.136771780622317, -8.665384495654912, -8.474074685190603, -11.413248462586177, -6.6855206479898035, -8.689380684084055, -9.750132237698027, -10.986366102784013, -7.990458434622569, -7.464002355443136, -7.035400122931495, -9.764585994139313, -11.786302731915338, -10.575659073007838, -9.459870395094391, -7.14547762108137, -11.50980610903157, -8.940313213006295, -10.83326977338823, -9.02470908832662, -8.058803055993932, -14.884522628781216, 2.3675941185744067, -9.461555000979116, -10.299570355062903, -8.943846271459268, -10.53491140360077, -7.460912411225523, -9.985597132200697, -10.504061162865538, -10.648931501750132, -11.206218425265764, -12.73826779562642, -9.69529933348428, 2.830579497931089, -7.8425600456305995, -11.088894685733608, -8.784118048747395, -7.964298444940562, -9.998299088499207, -8.427950183592447, -8.995571519616727, -7.923872646517428, -8.039468751095788, -10.01868587656961, -9.541518486128851, 2.8609318563797204, -8.304785167073062, -9.490111061705472, -6.957037319806048, -9.488192729330558, -10.32094495355377, -9.295176223057684, -9.921921328435511, -8.915953524949586, -9.056141648118174, -8.804851349162062, 2.8797838854921025, -10.508283407156322, -9.988601654786779, -8.788377902730359, -10.290144594146689, -10.709605619917413, -11.22735173491786, -9.557081184342083, -9.112053373946727, -8.587328747369279, -8.719797069382793, -8.739621725035798, -10.19248040759787, 3.0119433082457387, -9.565842206534441, -7.555482177214707, -8.670729576238246, -10.101427210325838, -10.597159848210527, -12.178160930334595, -10.591304848902745, -8.647606273726641, -8.835995578292172, -8.45885643734495, -7.804992044770301, 3.4013055086979787, -9.080009206618298, -1.5558495898602374, -1.5309868491512728, -1.5377916171818768, -1.5446885789851534, -1.5495282280200984, -0.5038249735649653, -0.5845692498322079, -0.4245918576010538, -0.6281969053993769, -0.500849481040694, -0.5591040081902006, -0.5643347149724999, -0.6877200576542528, -0.5329889501564445, -0.5653954699703275, -0.571321106030821, -0.4938948535543748, -0.44348980498292145, -0.5062068198809729, -0.4559127311999091, -0.5246767802937985, -0.40519720515828267, -0.5134648260704344, -0.4248492249760881, -0.7304277087672459, -0.6577139963106305, -0.49168472047385753, -0.5168617344154417, -0.6016650243283799, -0.39801077710364363, -0.5298872585888044, -0.4719134208661056, -0.47434949341130267, -0.4399336706812965, -0.615885767584684, -0.3971329949897006, -0.5186098064165753, -0.39090557780700197, -0.457965297926582, -0.5269378933991609, -0.621543793038611, -0.5842733233538282, -0.4876068218328183, -0.5913086336336676, -0.5866282564778833, -0.5889775463534002, -0.5095678086232635, -0.4525976122847875, -0.5239074650291133, -0.5149721996578419, -0.4055940361222142, -0.5489869496801201, -0.5133861560317702, -0.43882731002004594, -0.4297742692220424, -0.4809953277360315, -0.5106430215064922, -0.49374806066976956, -0.5651419168116563, -0.5421564582227378, -0.4293239771241052, -0.518007422229597, -0.445667957065686, -0.3775912930311418, -0.655963679372066, -0.5444182472943905, -0.647880987825993, -0.5172409843802567, -0.4503452001594813, -0.49364288493680675, -1.5761940292751553, -0.6286868999841739, -0.4364203754429582, -0.5384224919330396, -0.38873496007656283, -0.47435796184616763, -0.6194343881131981, -0.5920357350613146, -0.513991895017926, -0.5084050258784188, -0.5044810244887907, -0.42698925612037386, -1.5218356007675544, -0.423270333890435, -0.5228866251824598, -0.3718289623817641, -0.48220883378465274, -0.5321916285612321, -0.44211841339062036, -0.5601710119982886, -0.42980912948315747, -0.5614260708355682, -0.5169543276106963, -0.4771423514380041, -1.5830451306207682, -0.49139894741661194, -0.45164626608724334, -0.34223121849266, -0.4601721215027238, -0.5218080055228491, -0.7001653505417441, -0.6822394996105812, -0.47519273813486346, -0.4517883624912675, -0.5584134625022752, -1.5639653761556531, -0.642701173427359, -0.33454367863346973, -0.6955344173759466, -0.6754351623499675, -0.5328339936124111, -0.48429168819028995, -0.5022687626212847, -0.5732442620190122, -0.5961764184254531, -0.6300750788592586, -0.4325362615963115, -0.5891775459314632, -1.576670360702237, -0.6063898872594985, -0.5779422356345675, -0.42915953375058463, -0.632944775037929, -0.48282985426105335, -0.40737621337582747, -0.4930054179874597, -0.5767058695321691, -0.5710471167792928, -0.5080288816484979, -0.5089036966744139, -1.56202004537032, -0.5530021801108209],