{"vi_exp": {"vi_seed": 8631, "coeffs": [-0.23659642514748777, -0.24154968861050774, -0.23032082184399955, -0.24512093699709755, -0.23260159788014012, -8.884472907439049, -11.924368885240854, -10.445475901638499, -13.427663829509017, -8.317394141127862, -11.250600980626054, -8.684474327859778, -9.889997568374481, -11.35427178219528, -10.119486885842432, -11.574298523361643, -9.364724118994172, -11.693525753799062, -9.072781460647134, -8.868366301729107, -10.10515074510264, -9.37814294159357, -6.249262691017134, -9.728093181290522, -9.991048259797369, -11.389913840501343, -11.292464111250228, -9.443695770975602, -11.093815481725768, -14.073623980410556, -11.754253293081359, -11.753433421048527, -8.055572795959632, -8.844834788180131, -9.386537933835026, -7.4718226989155845, -9.246226838562507, -9.440813009090258, -10.365687468024356, -9.879717319594551, -8.484005869269886, -8.30759038642411, -10.168352400351594, -9.45887664664256, -7.463209879518812, -7.340646481981921, -10.768186365936824, -11.191002712035603, -10.062143121416765, -10.436498052450522, -9.308283608467155, -7.235039401632338, -12.136201021665133, -9.379492934516522, -10.447270825809506, -10.603607241565937, -11.294144775093425, -9.624192232162516, -7.61499058695094, -9.899074648758392, -7.844589118876262, -12.569636624776315, -9.774989692053415, -6.908085813319164, -9.191174557174165, -10.504341336159204, -10.092627342168678, -8.169197666854844, -9.314365897910406, -7.601966228709101, 2.714556647115012, -10.943672763846486, -11.250505325224506, -10.831891863628266, -8.120316622440663, -9.308547772838024, -9.491145708504265, -8.63935986275809, -10.010523447889895, -9.323260169078939, -5.847254271362435, -5.847379071044256, 2.9120289873059377, -9.246417160630982, -8.748724685292622, -6.209723618640497, -9.358180106493675, -8.299874203457712, -11.52216497609115, -10.909147034215607, -8.885264711474315, -8.397773591248063, -9.309211394804574, -8.425145942958496, 2.9759372063248444, -9.949907864239512, -10.442128421073663, -12.800122401724623, -6.117402281286459, -10.182723808782928, -9.127622171690428, -11.078269509273708, -7.052490637852794, -11.363085272218719, -9.681593115172136, 2.972865589847233, -2.1340179168080167, -8.636369089854904, -11.37718471002909, -7.913793064416753, -11.189633517833485, -9.064189002153443, -10.899702210074068, -13.164366812481054, -8.282841132318893, -8.485322587341821, -7.228548250029891, -6.072698052432093, 3.1508890448751767, -12.813131941423128, -8.563090330754152, -10.607869419502629, -9.094888357361484, -8.297241712140167, -9.086484618532863, -10.749178640153199, -8.297819791538869, -8.57747386833836, -10.81535507607191, -6.798839121452145, 3.565116712216619, -9.633689833810767, -1.6043063227339676, -1.5378827298088789, -1.542156011816354, -1.5471737009257156, -1.5316741057105996, -0.37447807262811833, -0.5137167785514585, -0.5531123905889095, -0.5860983469236793, -0.5102979378296569, -0.5968020380892078, -0.6333421790612178, -0.5283083600256121, -0.5861206006517005, -0.4812050250777028, -0.5323638479510676, -0.48543457765281905, -0.5448507976894584, -0.6482209916062833, -0.5832259861682226, -0.5417021705363549, -0.5473470241794686, -0.4980302100819914, -0.4674776501575298, -0.39694906526478063, -0.5207408782356201, -0.5057634999742243, -0.5278546242568405, -0.5272437458122046, -0.6006237196906445, -0.3912875887797133, -0.5463257641408891, -0.5697892752767584, -0.42881203910286314, -0.5610113326072432, -0.4532347575643648, -0.5193906714668862, -0.40693374162986795, -0.38683766576039846, -0.5691088051414099, -0.446397217745206, -0.5225760317333558, -0.5699125063634072, -0.6462040045906099, -0.4000291254827046, -0.49242708865914103, -0.5403744206846209, -0.49955983479779975, -0.47910237175211007, -0.5496207945046648, -0.5195183813357844, -0.6149906762295253, -0.515335617051489, -0.5903802565043764, -0.4182845226579136, -0.5789733305033201, -0.48157842012117413, -0.37684674124296363, -0.6296749822814702, -0.5307757625612016, -0.5061986866260663, -0.4059587422391722, -0.5767889583213887, -0.605754927359692, -0.5511783897462036, -0.4318008464751017, -0.46874296243900393, -0.5546529931551583, -0.43867492332402985, -0.5329441040940976, -1.514473242064825, -0.5575972822882944, -0.44173461677458087, -0.5005657132354138, -0.5671083111237303, -0.5743506041593861, -0.5793494839141995, -0.5755316264397994, -0.4262815207399699, -0.4526519488518769, -0.46057859663398115, -0.33705539031512777, -1.5381587490100517, -0.6168121884817035, -0.5658631106927633, -0.576782361726742, -0.6372354629089073, -0.5014739348039671, -0.506873165478417, -0.5778344156414926, -0.4773899357535341, -0.3648872823330276, -0.48746087236481156, -0.45706477684799973, -1.5370620712364826, -0.47500539059212266, -0.4845306926110164, -0.5784582727811031, -0.5011705499551514, -0.6369423347168034, -0.5009632055146096, -0.4050952405910002, -0.44984378614916054, -0.6409315778588982, -0.6899844803600725, -1.4935516683248211, -0.5631108965021222, -0.3798912342514831, -0.4800458992880388, -0.48061533081334623, -0.42462610079008073, -0.42038176012511735, -0.367772613894933, -0.3181016381153234, -0.5140755697020932, -0.5968350544706098, -0.646980092483723, -0.34783883649184044, -1.5297971924486768, -0.4017825427932922, -0.6285005160064714, -0.6407182716098058, -0.43779236445635095, -0.5314627246374706, -0.5836601945218822, -0.5516742388353436, -0.5887555614018476, -0.6254277306324164, -0.5735306898159895, -0.5908898045194382, -1.5678841918408788, -0.35615622717088813],