{"vi_exp": {"vi_seed": 25905, "coeffs": [-0.1050388527242189, -0.10844292001784957, -0.10834379704358649, -0.11172801949617812, -0.1026405668327645, -0.11435375861511787, -10.487619877569724, -11.750221045501663, -10.20608166639796, -10.924846388503699, -12.718059137606588, -13.141597312721306, -11.30129039487846, -8.12813735002367, -13.192884422896592, -8.84643696790197, -11.50856624937353, -10.616301440591315, -9.565217641253176, -10.148204390532864, -11.803927649822393, -9.550173814865625, -8.812961690851294, -8.56476707600413, -8.268653436822172, -11.28788522662546, -11.968095479871623, -9.003659518407849, -10.0205608737779, -8.513227685346616, -9.370876772245627, -10.367286585723678, -9.854388197449957, -11.985734301468314, -10.627852943384319, -7.898019211394063, -8.470477268096918, -11.547903969152085, -8.989751483106843, -8.755863884029491, -6.333490082746439, -9.066615414997065, -8.298084825517007, -12.440713705168397, -9.477919695275954, -10.031315112054088, -10.996453484308082, -10.788828780063568, -11.085186017327148, -10.087143706957006, -11.613579608169864, -9.616518309278746, -11.809744158312595, -11.574707064129655, -7.841064911481912, -8.52981251455722, -6.965483772412318, -9.46057666819349, -8.951724157941708, -8.728839513021123, -9.13822559242173, -9.597814372312103, -11.017222436748373, -9.378341144426374, -9.417401914696008, -10.145667956120825, -7.437644834902928, -9.524514230638673, -10.910822091771827, -6.82925198345215, -7.999200566889923, -10.350268541912179, -8.68416084076103, -9.955961889373322, -7.6269082906698005, -8.810087878431936, -10.872862454609654, -9.314934186376613, -7.243725089563239, -8.432602534711979, -7.929260417771857, -9.577524209174907, 3.000409309845564, -9.40211809222278, -10.133768988522403, -6.627005231122047, -8.801856720128853, -9.228738486903191, -8.432538388552546, -6.981378351558789, -8.346896267622029, -9.988758280826058, -10.256536996212189, -7.142620975231038, 2.985578438361331, -10.22388553558155, -9.518484389830096, -10.20886949963501, -11.480112323751966, -10.870143352229121, -7.210347434529425, -8.120385316742354, -10.6268548734735, -9.412583307254648, -8.887896390158808, -5.371423141106736, 3.097887644548029, -7.667673433413755, -8.83619410297747, -10.565747956394345, -10.080831187457113, -10.430272108612922, -10.71332371174302, -8.534724455033345, -10.6248408484847, -8.949773672936612, -9.960755211167768, -7.253658165133052, 3.2391110804712495, -8.561436638416247, -9.324133623278605, -9.149530775472291, -9.30883553696128, -10.903946275694056, -9.42960141269601, -8.35248665768583, -7.012146023452054, -11.12380059041325, -7.5756002856444224, -8.05489556045118, 3.724466508569773, -9.181100887754905, -1.5550503399527873, -1.596493605109165, -1.57870176531139, -1.5458886821150915, -1.5556034128265155, -1.5408570157262598, -0.3987059078320063, -0.5320734454402967, -0.4282055179386447, -0.4855497285880163, -0.6153688418916956, -0.425237640937861, -0.42404245813419483, -0.4301976105923798, -0.4539747075808961, -0.47912340370905665, -0.5506818303836215, -0.5086096567576984, -0.42965674999372805, -0.4173021113557448, -0.5867604133981216, -0.42755146440183134, -0.5157552226942104, -0.4986958909631001, -0.4643450131613644, -0.588595290756028, -0.33729898249525225, -0.5227752699883872, -0.578287097213149, -0.5241979073229508, -0.44384718583498506, -0.4448990261281087, -0.41030944073798375, -0.493772953705599, -0.5096942605324571, -0.5306096899960486, -0.5043552513914484, -0.5362122548882344, -0.539752378379817, -0.5245477976398233, -0.5512173271582118, -0.6193152954640141, -0.5962007908012795, -0.17652539612660265, -0.5485919913338595, -0.5657459448297838, -0.4072805252568843, -0.37285231731084395, -0.4411740015707747, -0.47555339234320965, -0.5599202610880397, -0.42522482218374086, -0.6195359504015298, -0.6210987145286938, -0.5756592128927368, -0.4486498110984018, -0.47465480354645745, -0.5883733415485956, -0.3450106143108039, -0.39702292548809653, -0.6658946019743778, -0.6043876240051174, -0.5380180943481987, -0.478371616741929, -0.7056260233916981, -0.6305184115794656, -0.5468175479996235, -0.4526149867910015, -0.527885234290014, -0.4131403563890187, -0.47944001489720633, -0.6935690854614265, -0.5169564712127023, -0.5865940751684539, -0.4082216353921798, -0.48854981863780256, -0.4257440941399064, -0.5408140856620404, -0.3337394831540609, -0.4852245215151954, -0.4727697148911949, -0.45622349926748573, -1.5242597808822629, -0.5616142331370764, -0.557738635534242, -0.5657717386027297, -0.4664734269295103, -0.48821118062092655, -0.5447803621818139, -0.6756766702889065, -0.5448434751231328, -0.6047545534030595, -0.40962409751219775, -0.5932633192754785, -1.539863891335487, -0.5809196159171649, -0.5970314508282489, -0.5076933946749885, -0.5113670959497952, -0.46503684541500756, -0.4395324329119953, -0.6598821357601038, -0.49864608305047964, -0.5486793834978153, -0.5604432992235531, -0.5101336692406179, -1.546979401809469, -0.5936454655819672, -0.5427342105600472, -0.5305456481425588, -0.39936194496770766, -0.5021677833876002, -0.6722467679964246, -0.5755820659862445, -0.4414257554789584, -0.5184538935179411, -0.4667933299787597, -0.465307026268341, -1.4993032712867913, -0.6458256709196348, -0.5701290405555968, -0.47911296084881044, -0.4532360163225978, -0.5492553640660657, -0.41127568312304685, -0.5132052098047654, -0.37735824988271194, -0.6503526167756776, -0.4578665801066896, -0.5488368881232113, -1.5203154387894047, -0.6777865449812679],