{"vi_exp": {"vi_seed": 18903, "coeffs": [-0.2514136644020209, -0.245296917698508, -0.2654403545289073, -0.2466968445079079, -0.2546546973569835, -9.662455268124715, -11.465116071483497, -11.762894954578499, -11.929079036563971, -10.39567961006167, -12.674210465723773, -8.866563322210895, -10.704408081663022, -11.675472159430466, -11.700257938714616, -12.011331131572048, -10.9456914390989, -5.571787779349948, -9.670010547709337, -11.66087246268879, -9.919425574526564, -8.996533435519586, -7.866126651294879, -9.4172963470193, -11.140401919315345, -9.83684358201805, -11.656204614267287, -8.637278865474554, -10.119720102612385, -9.304512054704968, -9.272937199423016, -10.77023020714131, -10.696534281238488, -12.408673792880439, -6.294013726964599, -9.615243212097042, -9.133288615555262, -12.203421738626309, -10.513455632854415, -11.066993703371317, -10.441766411654369, -11.710938530749669, -11.683158202191521, -9.914243687463358, -8.584100833008819, -6.870375453591942, -10.265953395146498, -10.936619972594528, -6.682611105111146, -10.340912188560292, -9.298012497708413, -7.505428102252915, -11.68734404286993, -8.197378411780637, -7.280156730337566, -8.80199028785552, -7.332014500340442, -9.104522379061436, -8.749806793016088, -9.399772952149247, -8.813554804247216, -10.027997546044402, -11.18340500351288, -11.50854543548165, -7.853348781645861, -9.468424018999123, -10.522716494165374, -11.01829096531021, -11.117851125422016, -9.216597307268223, 2.6611610051341072, -7.534749838237693, -10.948712775239956, -10.636863597385567, -11.801078759179457, -8.02512608198885, -10.457015940048558, -7.753862188001326, -10.137701223718748, -7.815170551086301, -8.625740256266608, -5.9445365608727245, 2.9787805109533703, -9.764213820569115, -8.773062290872591, -9.625328123487801, -12.512276578039346, -8.226294550075023, -10.175230351983824, -10.150276419946938, -8.421559427107526, -10.11036567834399, -9.757672880343007, -9.655258527044928, 3.043806577617555, -10.737215221231333, -10.947051826081289, -7.99525766041364, -7.554996903785231, -7.650820341975897, -7.874443983340611, -12.0509540015046, -10.122568302490714, -10.785500136650123, -7.298265960234812, -8.976036344293643, 3.1447360630893657, -10.613826584107729, -9.07330128920662, -7.397873303002272, -9.806383082955119, -11.081676063688114, -9.756224116353973, -10.050655681692662, -9.25847480909437, -11.361427663213389, -9.11714298769589, 3.15681280823996, -7.663750100704927, -7.76873511047868, -9.216383173950055, -9.859644062247355, -9.180996964830932, -8.676417340197322, -9.7210333387799, -9.36816037564449, -8.585183845694926, -10.390257986837316, -10.318761946450488, -7.318374069721297, 3.7960838336502767, -8.309280101663909, -1.5576108391606982, -1.540750368330975, -1.5681173099664827, -1.5254582574695612, -1.5319327267676448, -0.5999621058618843, -0.6028908477326181, -0.5597206142222352, -0.5638169145937916, -0.39937717749928564, -0.6063039408180952, -0.5610321651297505, -0.290536190681515, -0.5830362217525192, -0.5529773720458249, -0.5386474657002297, -0.45148416445710476, -0.608312074876314, -0.6357856586709911, -0.47590266104472256, -0.6181679079033352, -0.6570123387790964, -0.4148380440884994, -0.5357410741954997, -0.5122879197734687, -0.5026975871064273, -0.4078627797710423, -0.4685348970722103, -0.5384444092329805, -0.42063467874321914, -0.6810761174851774, -0.6382704077500007, -0.4715647334693195, -0.5012861611752302, -0.23830809522799815, -0.36373335420356917, -0.5333101087497192, -0.46531254839859476, -0.5062698257120483, -0.36881067363668735, -0.6380917076331929, -0.5768832220117074, -0.4939101999442903, -0.5198078710653016, -0.6205570636094085, -0.47052326101198644, -0.6099661995663295, -0.6613894658575401, -0.44381489784490097, -0.50569365732442, -0.545603153398467, -0.4902458104120514, -0.3203554046690273, -0.51838083542554, -0.46373300584955374, -0.5612938256586009, -0.560790430887072, -0.6322847149587146, -0.5061089746628998, -0.5583990633184936, -0.5115889068557529, -0.5210168131932726, -0.6078536545288552, -0.5031165029681425, -0.4443525269601418, -0.5885267701167274, -0.5672236698760641, -0.5227530221532479, -0.4611672904875323, -0.502239075281378, -1.556597555783948, -0.4388137909021254, -0.39732415489293926, -0.46393366840421046, -0.5557700106228112, -0.49075386007728233, -0.4677307772819771, -0.502951426579068, -0.5904057419398051, -0.45620787766157195, -0.5777979743681673, -0.5870730073491846, -1.558402960973921, -0.5333671124052748, -0.2574181309094124, -0.5817202959984984, -0.5004601619926523, -0.6276212047538748, -0.6370974844929023, -0.48759932674159123, -0.46057583450812467, -0.6446770516146628, -0.5612700763355372, -0.56791966572397, -1.5834565622907344, -0.44319345318316916, -0.4610757442287662, -0.49271632380431807, -0.3530892038117715, -0.4461606156426961, -0.42866906396896914, -0.48897352706579866, -0.482736068823835, -0.5787950428462059, -0.5311880010495422, -0.5111195284234263, -1.5396424766516372, -0.5751736632199076, -0.6505794714398284, -0.539776104414627, -0.510651677785424, -0.578299999218969, -0.5784623504415153, -0.6267221872937688, -0.461509619068619, -0.6044283968123914, -0.4918095452374533, -1.5914501278667759, -0.5794395530584974, -0.49435337544029734, -0.5762194152297078, -0.6154843275749303, -0.46103434821017325, -0.5623288684485741, -0.5343420597494314, -0.5694474983943254, -0.590700450890697, -0.5396182480899993, -0.5493704940572866, -0.474041316936258, -1.51739172104569, -0.6074830773605556],