{"vi_exp": {"vi_seed": 12646, "coeffs": [-0.03124891999295994, -0.015843347720415162, -0.005321728502999798, -0.03025651399023079, -0.013195166820115402, -9.088520459346269, -12.314655575482723, -12.016670429636525, -12.341983189920166, -13.77226180963574, -11.489939350000828, -7.776103937800625, -10.534494182994196, -9.651641114526827, -9.383945793811732, -9.616274800679706, -10.813440649979214, -9.337685653597747, -9.6245070462814, -10.522657023490064, -10.221781893402747, -9.46061527658541, -10.993328847397455, -8.044931724617705, -9.530414562135704, -8.037597184844842, -8.465093957581317, -12.615315281195022, -11.251865669613784, -10.34431797834205, -9.20642280910988, -8.976201836088913, -10.966551750577922, -7.913054254562558, -10.247334407413598, -8.508285504952385, -11.683017533371839, -11.862012476745386, -7.012252044009193, -11.457794509613757, -10.29379796478641, -9.248915876182997, -9.445160646359323, -6.705674674250985, -7.540075325673424, -7.323663352734682, -8.749902954559824, -8.386541296446596, -9.66177115876743, -10.822630302504917, -11.411354008057211, -10.741029031007598, -9.54650316173654, -8.367798131155332, -8.420534918634003, -7.675471652183308, -11.436425858516037, -8.166883621330841, -6.0179487102589535, -11.605199726871657, -8.603336347766172, -7.515513860697518, -11.373315377699601, -10.141816588351341, -8.76267420365377, -6.973508262573906, -12.05539448585563, -9.73586055034775, -7.597987869739874, -8.931996744956281, 2.759595509918382, -7.153653434052373, -11.924382269655244, -11.891329698651585, -11.71150143297787, -11.43084884618347, -8.22513015814326, -9.86649349369445, -9.264918231785098, -8.37882264456821, -11.494764475857849, -11.981017744682905, 3.0411864392896897, -11.010812884415573, -7.334818239900554, -11.62477250945923, -11.489290038823311, -12.709982983087313, -7.120762202105482, -9.847878469736854, -9.005862646711186, -8.109637089142385, -8.15306562028505, -6.871641713657334, 3.22207151397222, -10.48149033417142, -9.55052289089431, -8.966779073235712, -8.865345359868655, -10.400986261515891, -11.690975727630168, -9.46553871823103, -10.47009687458863, -7.99691027631607, -6.405198431422904, 3.2216113898072747, -6.1384902425208665, -10.861023217039667, -9.845258815297566, -7.274391873490653, -10.472769130995935, -8.535717467988288, -11.648980385813509, -9.966481486164287, -8.025944132014663, -8.68592091154393, -9.526253694883966, -7.634967493739541, 3.354900045323199, -10.130956641860456, -8.246304310196752, -12.508051455156512, -11.000070132192699, -10.507648255242497, -8.824048709372136, -5.90435312742299, -9.529639165703811, -9.456242758909692, -8.906217952369644, -9.32837858853584, 3.860518653584004, -11.53469653856676, -1.5384247016745116, -1.5781856743221436, -1.5409785216315943, -1.5369764697629569, -1.5392955014991223, -0.6147048207061786, -0.5644981035578949, -0.44429795599580635, -0.4682236694307698, -0.5336458739402101, -0.4289421126703109, -0.4614168193879826, -0.47861667789297524, -0.5396554615281299, -0.5133169580687055, -0.48985499540986616, -0.5831564707609586, -0.49112412176401365, -0.5304833645666137, -0.46737772082568885, -0.6391604340050042, -0.5083205375254451, -0.4972546057210658, -0.5684261379373383, -0.44668585756535617, -0.44839217785589214, -0.43855065116636405, -0.5107893323551194, -0.5843138775707066, -0.6055542315218804, -0.5077861546213908, -0.43431325780077207, -0.5674691488713638, -0.5233108042151908, -0.49509934010456136, -0.5569288438091586, -0.5819491307705754, -0.6305099092458821, -0.4912992735419302, -0.5764909742580231, -0.5850719632186691, -0.5994692080904384, -0.5907701743738945, -0.6252831628078656, -0.5430498502759635, -0.44162356768155925, -0.6001412287215907, -0.5691780750510941, -0.2979102937669498, -0.5591546726458337, -0.527830406811744, -0.538792544676553, -0.5005696931109404, -0.47307928866192794, -0.5033321632523878, -0.4821448070337985, -0.7097791127807626, -0.3905776705986955, -0.6191236588767675, -0.4398715867667101, -0.5150923686676908, -0.5250543103962225, -0.5279299956431897, -0.42995543857803004, -0.5914578625927823, -0.5305445126669368, -0.5222342356508051, -0.6384711500765572, -0.43198022272103476, -0.44892047198982693, -1.579424408834571, -0.4151544945484413, -0.5392301519671417, -0.47381054066595024, -0.5778828556222018, -0.5791826935919413, -0.6527359335783807, -0.5210454581214583, -0.4447541995959343, -0.4331416190959795, -0.4639970867077724, -0.49019739785302785, -1.569904295964162, -0.5188216398436767, -0.46629624476150905, -0.5794290344136844, -0.6067532864959552, -0.5165990590217138, -0.47977769018022853, -0.6494523075401336, -0.5397483843001857, -0.5820072233401259, -0.21599860371774152, -0.5085887396935189, -1.5434564767690637, -0.6035243003014572, -0.6012166167276264, -0.24004673325604714, -0.489438232954692, -0.6000080286094526, -0.5415037605483335, -0.42915892088346363, -0.5051981623527617, -0.6266766789555117, -0.43450499887039884, -1.5543436796998584, -0.6332444669716317, -0.5584258333447804, -0.5646749348861768, -0.4758481149897721, -0.540237291189191, -0.5212720651769686, -0.5446532342009375, -0.45019691637197357, -0.40466280958866546, -0.6156722150759968, -0.5497595129267626, -0.5223833974406206, -1.5671291885131835, -0.6381065107579428, -0.2716806118862731, -0.6216203471156574, -0.4900029964105946, -0.5099964715201467, -0.4823259556722101, -0.38315767399644224, -0.6182157921861929, -0.5233957309522875, -0.5877937428122366, -0.6419633711840216, -1.548592410670976, -0.5102640932088518],