{"vi_exp": {"vi_seed": 64679, "coeffs": [-0.30538610266042837, -0.3293618624107621, -0.3075194696532819, -0.343657968311894, -0.29616218816894774, -11.262339535733155, -12.043695382729185, -10.358495507384692, -10.112893962447547, -14.848647516853536, -12.191706307688348, -8.252279155764693, -9.969713166478988, -10.407797958983572, -9.708746862359208, -10.813631481779295, -9.40586882466506, -10.835550446927709, -11.495079576414605, -10.051145617010219, -5.492628837669874, -9.021173907344876, -7.678436634892561, -9.70923665473325, -9.289261284340704, -9.179694955306259, -12.45768101213085, -9.752049897624314, -9.707183321045045, -10.08923032006646, -11.026629651641272, -8.678100346709444, -12.80932310117454, -9.709748465782548, -11.773131934052472, -9.87477787989265, -8.922739955351553, -9.792267531918284, -10.007950564973433, -10.112430897020975, -11.881687170498957, -10.397297492534573, -9.082335952008552, -8.222938845333795, -7.24256262612328, -8.14607611293091, -7.971228265218843, -9.465669135823061, -10.364598897137098, -8.741893278980845, -10.100688414493769, -7.9340909438970195, -8.437375893282704, -9.602017877927658, -9.243932922612005, -10.800542987069857, -10.007193153283529, -6.282424293586847, -9.02169473537951, -6.208569697195728, -10.610777593306272, -10.341508059281415, -11.723369962283265, -11.124703346432398, -10.185229692715836, -9.96780492833461, -12.049422721310698, -10.389456479880677, -11.749611279992488, -6.750152499628892, 2.547198952650314, -12.932883687923036, -10.932726315312339, -8.89015503205828, -11.297699588617489, -8.947982637738246, -7.607988015301003, -8.40159882080188, -7.5609334330747595, -10.514334829136281, -7.205849118676339, -8.08931026669402, 2.6166584814156155, -9.257411297120335, -12.561250404203255, -11.77912000444373, -10.44009115259855, -11.4456653457728, -7.566591805561929, -10.282526904235533, -9.306558489034778, -8.9339673500999, -10.692633227514232, 2.611080519656389, -3.1736704075692557, -12.224754988069268, -10.533285382158809, -10.493043353460962, -8.738170781747106, -9.72818569211355, -10.970369927318437, -9.684435091832837, -11.917794782030102, -9.15048629038932, -9.59988661184926, -9.299973351813406, 2.572292191350976, -8.021605643681017, -10.156243915396866, -8.303451069220793, -10.227550164644702, -7.387007663772589, -10.54620267916887, -13.453263008409806, -10.739227170750821, -9.028793302042404, -9.819181783231658, -7.749391853191141, 2.660089366320432, -10.660867890682637, -10.226180602168817, -7.856054816344296, -12.188100099818906, -9.464433044071788, -8.682189504218364, -8.354377044192228, -10.460243510258715, -10.3284971193905, -9.352038820367971, -9.966675378873619, 3.4777499233044677, -9.87762879908454, -1.5676055398645465, -1.5645859679107563, -1.5349273334825866, -1.5568326710320326, -1.49295690080958, -0.5410094390099663, -0.5101814605030088, -0.5460610617110563, -0.6679708968705755, -0.4926548917436796, -0.5477539856764087, -0.4969649519531198, -0.5560040096771657, -0.41701624718902663, -0.42938936352852575, -0.31541530828509373, -0.4873039965390353, -0.5474028513114633, -0.45592717591778337, -0.5918976906987861, -0.3531465092081403, -0.46091290112262145, -0.49457758803887714, -0.578520698747378, -0.5571955887752016, -0.2707741536339149, -0.42854742922875044, -0.47109970197970424, -0.45137605622678717, -0.546867991175624, -0.5210270838542803, -0.493188252200141, -0.394239017955262, -0.5483237153498127, -0.4712596649830512, -0.5544113505297011, -0.5349427447734278, -0.6548897855444935, -0.5024445557621706, -0.4994225742983336, -0.43455991999453464, -0.2699936371649583, -0.37134033741727807, -0.4972050829362966, -0.47728140815739334, -0.5095249140164794, -0.4053364341869396, -0.6793497268914348, -0.6735057636775098, -0.49129396087328264, -0.6047675225047339, -0.38100995293627493, -0.6550893768877845, -0.47897418860146285, -0.4282998888586812, -0.6497122429351039, -0.5016026195101411, -0.4394273153807988, -0.45673414841969756, -0.45766571169946946, -0.3666625941092754, -0.5602772604872865, -0.5405168674579868, -0.5508445879471343, -0.5865165897501498, -0.5170506970038724, -0.6200896869722008, -0.5035374545497201, -0.7057541915369027, -0.5009392843988778, -1.5461511362627298, -0.5164110806968917, -0.5160302956836658, -0.42084537033906144, -0.5673650301298566, -0.5571205462294839, -0.5528180321454693, -0.46182336878124597, -0.40844039141181704, -0.6008753495535447, -0.33352573682993514, -0.4081033157513057, -1.5394072222745225, -0.3830814650016891, -0.4686904317931655, -0.48394325042295516, -0.5289560188006959, -0.4363224390363977, -0.5215372119469229, -0.4269006931030743, -0.5745659733911681, -0.4726186702748137, -0.3999637933610324, -1.52894720775543, -0.4481626322476118, -0.623998561408532, -0.5020607605542403, -0.5037781764200885, -0.4816577334164896, -0.4590005051643276, -0.47362012846889623, -0.49159643355084026, -0.47910932498967373, -0.4858199646014804, -0.6192961641058399, -0.5407269025928905, -1.5725498503002073, -0.5476755861640656, -0.5186833037158041, -0.489852225589593, -0.5745955134782714, -0.4779933086165467, -0.48119529118040494, -0.4862470504360218, -0.5046658042243994, -0.5947877779831761, -0.6463211360376514, -0.4879652111546575, -1.5420421236770092, -0.5410851392405038, -0.6347291847663672, -0.4150591820068662, -0.6023782658111188, -0.49851365447523976, -0.5066530588423492, -0.545645964542322, -0.5876587196106987, -0.6445389112223665, -0.3154373706386217, -0.585000966732643, -1.5545013484600438, -0.6095455749011465],