{"vi_exp": {"vi_seed": 24208, "coeffs": [-0.21303134446474223, -0.24252492976342116, -0.22139025863693887, -0.19807167246602195, -0.20255472167295818, -0.23351323554656683, -8.793693746503896, -11.443766218423015, -11.971984080729436, -14.34039510863458, -12.352893785670622, -10.597248301089921, -9.17379573210475, -9.862765798789109, -11.309654714516066, -8.439984430739106, -11.90056486514577, -11.885580542077237, -10.689225722427388, -7.670071370914453, -9.463271417801005, -11.829752284394443, -12.215653791009158, -8.231917169654453, -11.2819021774153, -11.496478285228731, -8.170173917533315, -10.32515163283369, -12.105408852514763, -9.623635604329888, -13.381266409615728, -9.7120060497754, -9.542528334702814, -8.967142134265496, -8.384820083996553, -7.461461838285218, -9.597599401624443, -9.33621570477191, -9.998347870530885, -12.455216817076849, -7.506845578385108, -8.770797015627496, -12.196698501518384, -8.35806851569965, -10.242685147545913, -10.888253648042891, -7.6889674665360985, -11.879821623354072, -11.138718902193073, -9.35014643694205, -9.892616148184779, -10.592077634555526, -9.546855458866762, -7.0511650441135405, -9.788338140645152, -8.010293187732737, -9.80478917533683, -8.657602948570343, -10.240157180523598, -7.302268971328746, -10.995779350793244, -9.039373138911099, -11.269021677056102, -10.33932533396492, -10.320369171036354, -10.616641018607401, -5.96819000792043, -9.4613573192832, -8.560601192043054, -9.192853978220883, -10.860182876662186, -10.534823432587272, -10.24692054043299, -12.397779620446087, -10.186962802883164, -9.514092364128322, -9.293769355795416, -8.9307350421148, -11.938235904518123, -6.600243443055574, -8.402701522100475, -6.434311474279893, 2.593850933200326, -7.295325507373041, -10.871257202352345, -10.221086602464077, -10.89949900371374, -6.922665249742379, -9.627996457921268, -11.841997993266972, -8.148104448938941, -9.226434791627787, -9.426776503801445, -7.873681888201269, 2.5209143293701697, -9.70493181217039, -8.599471330380675, -9.342088378376463, -9.807985857142448, -12.01764196194383, -5.899074416625376, -12.171704350913332, -10.313206642983069, -6.492965557086603, -9.515152274151333, -10.681084221804126, 2.550347143085062, -11.959577886613216, -8.143986532433635, -8.780962530133792, -8.983238073130538, -9.131922110580028, -9.631492097163653, -12.417130566614349, -11.039516217242467, -9.979721702869487, -10.373383468077638, -8.300847311858814, 3.0025279386915678, -7.7938632834589345, -10.283211151222785, -7.273959653149674, -10.432036169680604, -10.54783498286791, -10.031251819461596, -9.260614457920534, -10.622523527973357, -7.756766785743221, -8.202250078748431, -7.069241021324796, 3.5636638212513816, -9.573897740600822, -1.5365908733575262, -1.5910836380372468, -1.5620718555503494, -1.5425850590480596, -1.5358930451368435, -1.5854976828045682, -0.4711104031663838, -0.5219611496540107, -0.4446178429601179, -0.5120020337911466, -0.4234839301347893, -0.5910107587940316, -0.5514017302281671, -0.4653443268458635, -0.5700661939494754, -0.4112592115987866, -0.5852236351623435, -0.6081134114558397, -0.34086640871806423, -0.5304201414052423, -0.4663597026138574, -0.40752062247519616, -0.5728809845449051, -0.6008804838548242, -0.5401331571179965, -0.4562345719183248, -0.2735597428131497, -0.5962529801598986, -0.5798398187941124, -0.6520911077969094, -0.6166257911094595, -0.42767672270217805, -0.36044280285234825, -0.5597311948803764, -0.5665017368505535, -0.4400265374041485, -0.4346069544920618, -0.5356259669874206, -0.5180933926330267, -0.4562299347076055, -0.49744595574869077, -0.48402773008771044, -0.6249499572276848, -0.6907882505053531, -0.4673333442028318, -0.4945701299084485, -0.5343289279871499, -0.5574712431503213, -0.528171972760342, -0.4972565503528264, -0.3342938856667183, -0.49856933935640085, -0.4847669464124625, -0.5863815519021478, -0.4537901212143387, -0.5675387468421894, -0.5652635850548876, -0.5303863242598974, -0.5857180614118962, -0.3841399427318091, -0.5362623857054497, -0.4172145133291517, -0.48021288391980727, -0.6122658124812966, -0.407536709775038, -0.5531593622044325, -0.4460363310887163, -0.5623692960410844, -0.40386579859096866, -0.4064288442626188, -0.4483504697309462, -0.31341168193700253, -0.4916408752358285, -0.551601424331655, -0.5370161411522147, -0.5053291171884896, -0.5079220227318724, -0.43351652421837167, -0.47079178556279117, -0.43112003343243044, -0.6863700364449867, -0.4728125254207811, -1.5338608965846305, -0.5424930310566116, -0.49076632472974724, -0.5431632573910503, -0.6070283177512875, -0.5235429972771605, -0.412115481166675, -0.5248025362359671, -0.324940337194856, -0.3380640861281977, -0.25919116639765766, -0.4807560326396864, -1.5897637318850812, -0.5047437064598381, -0.3824989495055587, -0.5444778972563393, -0.627791927832301, -0.44854302766810017, -0.48782381087392546, -0.5703462703038656, -0.4328146809960263, -0.3531971241008833, -0.500534120605269, -0.42118297117410597, -1.5241185540303082, -0.5546573519886575, -0.45555259551248284, -0.48279344522869133, -0.36104284831401096, -0.48207663015316177, -0.5265918916744716, -0.5733214267958721, -0.6311754178193858, -0.6132667908628191, -0.4462267381547055, -0.5426089254677757, -1.5530393461195537, -0.552535855512426, -0.41598904763236366, -0.49081160417131964, -0.39928624212305464, -0.5488417295512595, -0.467935783942504, -0.47965581341201097, -0.5252694591352465, -0.37605433275078276, -0.5339060368730584, -0.49938464191829113, -1.5634309148195213, -0.4994353388671077],