{"vi_exp": {"vi_seed": 51567, "coeffs": [-0.04966819686121307, -0.03527938146403405, 0.00433780021659046, 0.009514257446047664, -0.02664197639038606, -10.35016873303153, -11.556580150037174, -11.355367515733711, -12.900220848648177, -12.133912844605314, -10.742326879253357, -9.800561719100994, -10.082823338509858, -10.207838537377741, -8.065881576309668, -10.76970670314177, -7.57536360545887, -8.894865376890545, -10.29998922283528, -9.457228064969428, -7.92611383799018, -7.352344553994547, -7.129058768302389, -9.50780268269109, -7.823284151177707, -10.751751224060248, -7.909011392498732, -10.231965055719314, -8.619662428085904, -10.825291089678363, -9.960356504940926, -6.546527049568241, -12.736276475501905, -11.269866102018684, -6.84682808291894, -8.548430996058322, -12.019273941257715, -9.790957899096238, -11.216159901148862, -10.707587448036666, -10.173822914903983, -9.180287697512584, -8.17156741146466, -8.69802880213249, -9.086590110989137, -8.564703712600348, -8.236474122886694, -10.481512932640255, -11.422915015955958, -8.936822856709762, -9.239142066792853, -9.56954734593873, -12.718189217441854, -8.289033152447345, -7.964132270540295, -11.461497598307481, -8.472213674636636, -9.165832144153608, -10.803304026740054, -9.307938021950674, -8.072232489533834, -9.523306743801232, -11.30426862810052, -8.882833652554766, -8.454155141941305, -5.952511114969501, -8.011742557981583, -12.054591430004097, -9.553026091128894, -9.50408934059319, 2.8100364143697725, -9.17028547479587, -10.470429797289974, -7.967296601169672, -9.640065624961686, -10.419938979187757, -6.391201228726545, -11.671363130473107, -10.55498082326978, -9.692789498721313, -9.405035697509765, -10.26897746961698, 3.028983403231414, -12.459873718501726, -8.83155618764834, -8.78440176994353, -9.758749393197142, -9.914410066190952, -9.353314209837475, -9.051743794793738, -10.999700237707186, -10.755488360840014, -9.25028482265753, -6.497940367212617, 3.074070760413353, -10.090014837534454, -11.13802201240637, -9.646858045793662, -5.836216058816274, -9.137699954051559, -6.84192720447542, -8.110553287678924, -9.035822650166747, -11.848967557789571, -7.839055683256499, -4.7943527559794, 3.171144447413304, -9.210547510153559, -9.253073823697093, -8.319334379855505, -8.482417476437062, -12.098157048397615, -7.601680970946765, -8.319547648861862, -8.616259503711543, -9.004880084312434, -7.52079280738818, 3.177319431209441, -7.2653306753607225, -11.532505724915497, -10.760423808360466, -8.285505815783413, -12.09683475956709, -8.887418474393384, -10.712207710330476, -9.67423277721143, -8.981686136544928, -8.671414099508027, -8.595234860441144, -6.126386961044106, 3.7120387910002295, -8.849068788603466, -1.5869575275939507, -1.5795404931912944, -1.566675594670493, -1.5310468533934614, -1.5407673256327474, -0.5008312240631466, -0.5208084190254351, -0.4500096763705048, -0.555251054364357, -0.6217866885132466, -0.19877228991387963, -0.5929466914205891, -0.47034505913909275, -0.5624976847320059, -0.5303117243318215, -0.500111248962353, -0.3629357171340054, -0.5754352671281519, -0.4547719146418582, -0.5593298473986171, -0.460996028120092, -0.5658744284125203, -0.5007794902194785, -0.6293328911804832, -0.41827258003765183, -0.5326975638754412, -0.41994454215726784, -0.5028048703412941, -0.6119694067763342, -0.43124806886748857, -0.5746547069731232, -0.5751570817198647, -0.5413983556635015, -0.5263812837457297, -0.4833145563760406, -0.593117991129314, -0.6095930972087101, -0.5452003226217106, -0.6469642490079864, -0.6114029524456196, -0.42286953277336486, -0.37435650774270646, -0.32275519297499683, -0.47021225632108227, -0.43237780204412984, -0.4906870620262136, -0.5888640089200536, -0.3723798261684874, -0.5685806118240069, -0.4900638154242211, -0.45681087629039624, -0.2464858098508439, -0.5443986594838377, -0.5156042835445103, -0.41298878149199314, -0.6492981094168387, -0.38164458272131635, -0.5136535469100066, -0.52086691993223, -0.4888102460232844, -0.3638140411509677, -0.5421923244243227, -0.5207248071344105, -0.4910421765631597, -0.4855322645928912, -0.45797337835818297, -0.5530841564839274, -0.6415626038239046, -0.44243229171232995, -0.4670587943582685, -1.5427552721770899, -0.3992755628911527, -0.45359514805202555, -0.5635360215911028, -0.5079353979403857, -0.6279531569152312, -0.4120435665998905, -0.5791563283783874, -0.4981972231863402, -0.4899858670096912, -0.626286330032213, -0.4908330022300839, -1.5622874910488505, -0.43698054831586064, -0.6251411084276784, -0.5959807567434235, -0.5724870823090825, -0.4800664814541086, -0.5621860638258073, -0.5919590519757445, -0.5857247880502199, -0.5076663775670486, -0.548668658868924, -0.5011576612173366, -1.5430151000339776, -0.4980947863561903, -0.5451386135940193, -0.4729155914722285, -0.48223877132934256, -0.466610506757812, -0.5227929398529568, -0.5553902501703615, -0.4958194503731244, -0.5298718378932064, -0.3851099605005478, -0.5376873973388072, -1.5316135268742823, -0.527346283112585, -0.4684870580788287, -0.4450225627984134, -0.42502939367656256, -0.5785789668320006, -0.5763050378229188, -0.4388971804382904, -0.5307578792230307, -0.46532850877271603, -0.5971621745983758, -1.5192192482032199, -0.512853030427859, -0.5110179578873403, -0.48319577141663833, -0.4594065179167856, -0.5096133375552364, -0.4662522210148025, -0.5078162173694418, -0.5901283870865961, -0.480740808885342, -0.505938834245857, -0.5009611167667091, -0.5249375743797308, -1.588956793332394, -0.4863878112432208],