{"vi_exp": {"vi_seed": 28244, "coeffs": [-0.4340942849928421, -0.4366273207371738, -0.4603389176604095, -0.4332565447918624, -9.089842866265828, -9.689085477671028, -9.696862902373438, -11.026731578363643, -10.125294626040922, -11.653973623083953, -12.434281427219613, -9.413756781244588, -7.582554582459113, -8.331451988878852, -10.899161678674606, -12.084849564007706, -10.423885818212367, -10.352894162458032, -11.423908528179853, -8.121216530080337, -10.102715124110865, -7.781669527475287, -9.631140205368343, -10.253402841964363, -9.26481225505034, -9.69874146556697, -12.911754584823823, -9.077368908143637, -12.300082303986903, -12.186423265779727, -9.020963629904807, -11.417015228151056, -10.346135144120584, -10.328210972201076, -9.66119066307223, -9.216080031163118, -10.963687027746202, -9.048788438060749, -8.1566635128227, -9.181067692530444, -10.384437765797095, -9.043426687837233, -9.96089935191436, -8.113951547269233, -7.987426428907106, -7.630670499194558, -10.838481028389673, -9.040062546821277, -9.712070418142556, -9.634112193579599, -11.614123509911956, -9.715097185964098, -9.61013032970145, -10.196074936874993, -8.827459325026195, -9.954152279005703, -8.340420706375575, -8.504296903630378, 2.424488492312083, -11.749654510310162, -8.155257952680461, -10.45907491520016, -9.736369038883277, -7.972489644480767, -10.48714179467085, -9.499567498288664, -7.302078338330354, -6.889595399561453, -9.588775672711796, -8.360373952287397, 2.5187729604923197, -10.864114329839849, -11.04854994357218, -8.753025272825793, -11.052533152732218, -10.219358533620191, -7.7068199917247195, -7.988067249277664, -9.936565609021299, -9.709998092614915, -9.877488894056832, -7.139306621567892, 2.8216383416489808, -8.969115053619483, -9.94219847053706, -10.142337290610579, -12.70113720367926, -10.218571087964756, -11.698991118290133, -11.465429035968363, -8.510186725045406, -9.914275146625275, -10.092282535642275, -5.3767871371815525, 2.968435734927905, -10.325223314813421, -9.541327260879154, -9.268565937499945, -9.283609420333978, -10.936073534200712, -10.877035380971213, -9.775845585191009, -11.155554127544567, -8.589036394415436, -6.634745257287217, 2.9386308561750405, -10.347142592763547, -8.613748844979984, -9.326354455538977, -9.51444194162296, -7.589049805519371, -8.022515598884345, -12.451366723021318, -8.973629131447712, -10.96804534207405, -8.238246231620929, 2.935694040849566, -8.398698687525918, -8.961679067453671, -10.96370070215664, -10.397559965254754, -9.326546594474074, -7.346978998218986, -8.163054314524192, -11.563532335433205, -9.226384051874518, -10.8135553506842, -10.839448641757858, -8.722242901217017, -9.053314306334496, 3.4713906526204, -6.864370853063361, -1.5500481041862713, -1.5112847848960327, -1.592454704158791, -1.5599961441632046, -0.35910895686774086, -0.39435054421959326, -0.4343065574725985, -0.559809377546849, -0.5655201970226416, -0.5836453940329935, -0.636618536438628, -0.4683480864022052, -0.5359403078078993, -0.5142330948481165, -0.5195282868638273, -0.5920422792560329, -0.5922660903315327, -0.2152475650311219, -0.682796987131711, -0.42145602524348286, -0.29993082919000913, -0.5527611948764494, -0.5782676914531151, -0.6369554755875793, -0.44380765851503784, -0.5046367139096526, -0.5274829326689363, -0.6012131623648175, -0.37359630585827325, -0.4667105557448666, -0.44775478293790694, -0.5050765684825428, -0.5538801903622441, -0.6258476206992296, -0.5284833792801154, -0.5406440702527546, -0.5328012202701669, -0.4962696980437547, -0.31581744580103677, -0.47429757311048504, -0.647356179092624, -0.4365566267282655, -0.43485977459411496, -0.46689009505621143, -0.5842654158245021, -0.42454378328809633, -0.4925901113812369, -0.4186125337530434, -0.5060399708137532, -0.4079365987188637, -0.507881979708647, -0.6250617503433398, -0.3882259936865075, -0.6186294609907305, -0.5760577745128382, -0.5817354778164663, -0.4185128227841887, -0.5748081665732278, -1.5098946783209206, -0.5146726796547167, -0.6268160815233467, -0.4561539545522573, -0.6283515031662997, -0.3669533219947254, -0.5218683070996066, -0.45216238030007816, -0.5862331010119752, -0.5462480642420823, -0.6569329567598718, -0.6484525324374235, -1.5355601484737635, -0.5006872938295603, -0.5687156488663285, -0.3845018431738536, -0.5259760375011497, -0.5256968829586406, -0.39823209674815335, -0.4883643158161974, -0.4824663890739822, -0.2997622690076, -0.37986209776126073, -0.4877137932039732, -1.5546634536765114, -0.40152646095704336, -0.5431106145995097, -0.5675127321421485, -0.5395209005052153, -0.5514986519776549, -0.5400840921335817, -0.555473477257674, -0.5162427660857251, -0.46128671013280054, -0.46488363813098343, -0.4922794624105781, -1.5265100754322891, -0.45403185852220873, -0.5582104288216402, -0.5999869125316345, -0.5457022640638713, -0.4986167019719162, -0.4975575236377812, -0.52027009743167, -0.46382016426716954, -0.5220455673460321, -0.4994762579625782, -1.5596710410920966, -0.6336936625671309, -0.49722219160213416, -0.6000960501376389, -0.3738176314275842, -0.4711295250109601, -0.543562489752658, -0.5522098267044881, -0.5917726724221489, -0.5329226714594861, -0.5071721480098365, -1.5254432490186316, -0.4625388821266754, -0.36627997400292767, -0.535892604033754, -0.5841603587244103, -0.5206339209739775, -0.34597525681973285, -0.44481295755209777, -0.6356026561428963, -0.5723463026000712, -0.3579451088107061, -0.6660418399467214, -0.6141240478576993, -0.3382203540152312, -1.5406678887612462, -0.5264064473951774],