{"vi_exp": {"vi_seed": 15784, "coeffs": [-0.1628265819487326, -0.13558860313674298, -0.14299963180586228, -0.140216779474936, -0.17827718161187586, -0.12535257876193157, -9.662712090433404, -8.696069952936728, -9.927415262480219, -12.928117126346109, -11.730749158202265, -7.906291086094563, -8.235748236187163, -9.494415693409543, -9.343889403736663, -8.419757778994935, -9.845579019204758, -10.673509588306713, -9.456978183816465, -9.637826222267481, -10.105634466959293, -11.485010456051569, -8.889894018219497, -9.674811293932878, -9.160498797101845, -9.461971941638971, -9.617794420634631, -9.352532389455474, -9.80269997506132, -10.206400329978463, -11.69732069205755, -8.190555058711032, -7.435223365007794, -10.062975858871651, -7.340459300654383, -11.091758188318373, -10.886919459868015, -11.034072974821482, -10.436293014327218, -10.40167118997372, -7.909995368507015, -8.488715576760907, -12.531624218774494, -9.93800857007943, -10.925657803425977, -10.786730446726217, -8.84035231756769, -9.76146520454353, -9.906169527450048, -8.879770557550474, -10.111701970945678, -7.120463841761902, -9.561922451256205, -8.64922446681676, -8.767749448562338, -6.004042814963324, -8.656893957705872, -9.997027677594975, -9.235271307207412, -8.106528582362426, -8.018892603391091, -9.466985968776637, -9.841221037875531, -10.98668900471442, -9.926836237257147, -7.100118119455111, -12.608395166151924, -8.05409757640418, -9.206561284163111, -8.618198754640801, -7.726360083180767, -11.384717590304284, -10.801863033864834, -9.075531717695563, -12.04610725090938, -9.996640461570976, -12.35900285390327, -9.319821233867618, -9.474055183433057, -8.542448560427301, -9.966603582125474, -10.846605714251826, 2.4657494347464355, -10.730534858523548, -10.686379106681155, -10.064406454449713, -7.174429194003819, -11.095931250124142, -8.084796313481217, -9.847331300474893, -8.772191377731565, -9.782163614986763, -10.191854060528591, -9.798661684288158, 2.5570211605966153, -9.003396699649993, -9.714608619339721, -9.485171466827632, -8.018931126618735, -8.453416890557579, -8.94229559197012, -10.272351512138664, -11.743553505773507, -9.577597135174175, -9.349864953191494, 2.560743272910151, -7.366727263210667, -9.368462582232567, -11.851110474147628, -9.93809353584199, -8.82607937614077, -9.973916003814324, -11.722628174236158, -7.835282870812264, -10.077944239276412, -7.473640935898618, -8.679757056082348, -8.402595636472231, 2.7321106489698854, -9.452363451214888, -7.768496911358942, -7.934561442778376, -9.672284131641971, -9.458801799976158, -11.179717363599377, -10.65497944225459, -9.000873182774056, -9.03151753292399, -11.32983335377119, -10.347387884352568, 3.5380522192990087, -10.258278955359176, -1.5363056846102836, -1.549326393046261, -1.5525322088688398, -1.4734735830310548, -1.5639918899585783, -1.580397734104029, -0.5270026921410873, -0.49770073594333575, -0.5015713325142589, -0.6125714991527826, -0.5306713241885926, -0.5337782100883004, -0.3135557882760219, -0.5694022927662071, -0.5576776434137991, -0.5872902067721115, -0.5393280434263419, -0.5396843520345878, -0.21503396485387605, -0.49125095809036257, -0.48273776163149723, -0.7240209229029325, -0.5258086053825126, -0.462318177819337, -0.4740674248245393, -0.36106644834702745, -0.540429594810198, -0.5123334629049098, -0.5739852752960578, -0.4899208920477272, -0.2542888146016408, -0.5906306754613807, -0.4731213800708428, -0.37570947420670076, -0.5928900526911468, -0.4810579449803765, -0.4602623568687706, -0.3968477995920231, -0.46661727848770773, -0.5580453116329502, -0.42617321838023237, -0.49451672090828147, -0.46165884904764776, -0.5280394954122665, -0.44973544981648633, -0.5658412612093047, -0.24285916129518598, -0.6728743604471237, -0.5370355183305858, -0.46735219529729893, -0.5453729528141191, -0.5378160422420886, -0.5094151847583176, -0.48231876259164425, -0.5477071783618214, -0.5392319809661027, -0.5266552090620841, -0.706562805382862, -0.5293224938663165, -0.5351701962717678, -0.4740112293092535, -0.6029987986397688, -0.4923740728596578, -0.3506720110523187, -0.5220648461596299, -0.4317998617584322, -0.5324566544464903, -0.495786231699603, -0.47581775761632183, -0.42553002785924093, -0.49591419334493103, -0.3642337907025703, -0.4305889975058372, -0.45233682338451653, -0.4301064787015863, -0.5446759757954673, -0.5629800858201299, -0.5538252576838569, -0.5085816757350226, -0.5273128282876229, -0.49494649165626786, -0.480635422779317, -1.5623339296326235, -0.6063678668085839, -0.5543150999239536, -0.5924737960082769, -0.45626448843248274, -0.6103494615297093, -0.4550274096010727, -0.5496921358188971, -0.6172664715117941, -0.49035622435998544, -0.5154773821137348, -0.554426728628068, -1.5397953583321045, -0.4232072913017713, -0.5757666016781602, -0.46789641788171255, -0.5026159100715898, -0.5296641256081018, -0.37866802608165023, -0.5317726785357455, -0.641645326594965, -0.5011153095582844, -0.4948291125235842, -1.5748406864033344, -0.5257168593088984, -0.6483267677275744, -0.6088075871036606, -0.5728859787198137, -0.39786792975691165, -0.4966756804746558, -0.6068901856593123, -0.6144472707166891, -0.5481506471487113, -0.6090399936479773, -0.5993297815167379, -0.41707464009870715, -1.539741143683303, -0.50909140103466, -0.5532226045019124, -0.4300866667084982, -0.4132161434231522, -0.363875750124667, -0.47840970385056186, -0.5698925273758632, -0.5226144489330664, -0.4339640034097135, -0.4949181550270865, -0.6254802637652456, -1.5578310381914504, -0.5265498658497544],