{"vi_exp": {"vi_seed": 15534, "coeffs": [-0.05854991645063619, -0.048371445760788265, -0.053320103682922226, -0.06586263273790327, -0.055861648052296244, -8.422286304308457, -9.37156582087229, -10.045180193616359, -13.55003996856995, -12.875278584733149, -11.264965281608148, -8.851698394112821, -8.564782115741119, -8.67446730618107, -10.011293931773688, -12.336698778571975, -9.42068436501291, -9.979354014867399, -9.911706953178104, -10.455858393899238, -8.280848275510218, -8.7868366623539, -8.421897716246686, -9.538812732480453, -11.412748152625719, -11.111898801409069, -9.27565423966005, -10.646000667484351, -9.293054370450243, -12.15583102489845, -9.692950053954986, -10.1298814536147, -7.673071480344492, -10.539121517461265, -13.334570547031369, -8.52348244974722, -9.855763993004286, -10.195950860896094, -11.875945296335248, -11.640036799527834, -10.393029925243104, -6.957589500010394, -11.441125657021137, -9.154940060219182, -8.892821924584037, -9.216065049683449, -7.399027204304694, -8.132965132626781, -12.776924925668698, -13.163807740912963, -10.130755412221973, -11.603957557773784, -10.698156103675633, -10.68069407970171, -9.374576593439537, -8.654354813705089, -8.021713453196968, -7.113419631727421, -5.965406075485244, -9.667080429812199, -11.373032292674852, -11.631517145278332, -9.689151705669468, -8.798955686332828, -7.2454574820630295, -8.499803967528274, -8.345936216138195, -9.997329660031378, -10.816318846100643, -6.231104356266305, 2.873646893662189, -8.385761625257015, -10.1301496068395, -10.29680756553977, -11.554144576561326, -8.6127413413994, -9.704222169286227, -6.6135533337517645, -8.71203763858528, -8.053495315016068, -11.556278567359277, -11.907551701221909, 2.995554687179649, -10.495108346113925, -8.69761665107178, -8.36634947682077, -9.738130933434954, -8.674075422266958, -10.391636082644396, -10.808210144158142, -11.291378185759015, -10.946047843304484, -9.144049241251627, -10.498445422347771, 3.039787588391509, -8.117714690238952, -10.870088421247527, -8.518154772142456, -4.832126994873394, -7.3941921078143995, -10.008534188627499, -8.679108244381105, -11.16656747376075, -7.764227698984568, -10.646773473830397, -7.521183587023175, 3.1699140555915597, -12.772912161522553, -10.81604249023545, -7.5516541186919115, -7.786592762020375, -10.21530317547622, -9.38515754329591, -10.876109083036491, -8.731897851401452, -7.8793440157488766, -8.829106796920728, -8.3922216877918, 3.3075260136490345, -6.927622828704285, -8.119606032237291, -9.430619918367391, -11.578981711746593, -8.317803757562249, -10.872101980517, -9.60825910304303, -10.37761898916734, -11.323933423763284, -10.191840500107896, -7.540958000482927, 3.7768057713295544, -9.525921826170498, -1.533097240708054, -1.553106490710242, -1.564454590762928, -1.576675230873901, -1.5805097710685816, -0.5151033409315084, -0.5418334259811399, -0.4777394265133453, -0.4476361501084969, -0.42924936811584463, -0.5470641487449455, -0.5649586526709377, -0.461239810604198, -0.4477821344564844, -0.5590632920065831, -0.5865408648124358, -0.607861060740929, -0.5535573041418332, -0.4675431885823357, -0.5030225759521182, -0.41548963779614745, -0.53071858639552, -0.48681718971154575, -0.5747460849811737, -0.5666593803042493, -0.3568551257369175, -0.469859179486326, -0.4957764384060236, -0.3741837628390677, -0.5384583517563045, -0.49410314262764743, -0.4453647906365007, -0.5445025371243064, -0.5442555964262477, -0.4515066756929349, -0.5194321558602509, -0.5368256207185991, -0.6088574014394392, -0.6417008579852442, -0.576115982979241, -0.6236619452004393, -0.5135815730282576, -0.4317917189666543, -0.6747308383413342, -0.3937740371192752, -0.6029602727978283, -0.4948287679417308, -0.5646354071275427, -0.6313710766317262, -0.5717930422785734, -0.5911416358332144, -0.5863228878752448, -0.6348108366235815, -0.49316536404384076, -0.5262111314610423, -0.5059310870799567, -0.525295800407745, -0.576545483825451, -0.6018411363000522, -0.44155895404229123, -0.42530373369105673, -0.3651758994923541, -0.519735555337783, -0.5573681759298271, -0.4170952794021703, -0.6116276133606539, -0.36433084846390734, -0.4246286958692478, -0.5139177048556316, -0.5591030010646242, -1.5346190199802328, -0.5854838706159982, -0.505975676222597, -0.5094654931692253, -0.570929863109712, -0.4041105973735661, -0.5298824361650027, -0.4744829716892973, -0.5270207563575577, -0.5053060492991321, -0.5591818025683022, -0.34556137406627757, -1.5498760164479377, -0.5360935270522913, -0.42505163656405753, -0.5121547193779531, -0.5178639151574819, -0.33963033287887545, -0.5082732992862038, -0.3112195678713894, -0.554106173015156, -0.598997037534678, -0.5415945105242532, -0.5806269359033257, -1.5044765725438793, -0.55138727802887, -0.3573923244999492, -0.47852447857344704, -0.47763135596666606, -0.38163559072724607, -0.6023373646053697, -0.5686077868241748, -0.5753719339338514, -0.380125230196144, -0.5686961718876252, -0.4390470857277075, -1.528389861323487, -0.5573698697093931, -0.5660815452753356, -0.5637084930727825, -0.34922512728637434, -0.4997112660464277, -0.4413775323585815, -0.5054717304220336, -0.3565455903099447, -0.47221883372186696, -0.5323550889262222, -0.4183067657795154, -1.5495617778462112, -0.677355086674545, -0.5298425697263693, -0.33758335707517584, -0.6293407706988917, -0.5067181227133551, -0.48152234842437264, -0.392326331278093, -0.4862951657753361, -0.6571989875246649, -0.5916500505060567, -0.4874051541929397, -1.5965702314130947, -0.3050522879624362],