{"vi_exp": {"vi_seed": 49798, "coeffs": [-0.13676552076028062, -0.16526379266146604, -0.10387462181356553, -0.1261372203169157, -0.1489885409953463, -0.11788150674820332, -11.7036192202933, -12.542123509498406, -12.468365627994777, -12.013544375711486, -10.960615701941427, -8.98492439140644, -9.235812238112933, -10.217360614538014, -9.02298769080453, -11.606350713652429, -9.831067111855974, -7.9420106370868835, -11.774484031811632, -10.979396606946269, -6.325940300634111, -11.012022985194317, -8.452961693969218, -10.075459937107272, -11.407791053332499, -10.821374850941533, -10.232868881031855, -10.880491763183098, -10.737232259411934, -6.856436504589956, -9.488602589781383, -9.316578317239939, -10.074339935350809, -10.70530761726164, -9.705080359863661, -9.115485196502332, -11.090091506974913, -7.662315586176054, -9.32766623692003, -11.957841531371072, -10.598106869542576, -9.364813703190077, -10.903142295681326, -9.452917379629323, -11.415537529448521, -8.147251023828325, -12.699524845635459, -8.406951185259851, -12.348100302149396, -11.543513173004921, -9.451293838740511, -9.170491886656787, -12.428222916429283, -9.75422774691632, -8.963841485631116, -9.637798646090953, -10.144165821087716, -10.9512413836616, -8.488360080639481, -11.244906315524293, -8.623520694528569, -7.677498793056014, -6.332879906895794, -10.366780558377725, -7.928800200942246, -11.851600041316535, -6.293218029601398, -11.982803014705008, -6.5830690393174125, -10.8106843503487, -8.272705406890394, -10.991735837739602, -10.908129387232528, -9.131656721203381, -8.366226706995418, -8.4117677026789, -8.303694041150985, -8.91232901149987, -10.100518156538353, -10.044366994402287, -9.255286159696793, -9.613370571216018, 2.906332446759806, -8.025199437294122, -11.500047531613951, -9.042928041364165, -9.615793263217846, -10.808611883100975, -9.24446725710202, -11.234225494964996, -8.442637123457011, -9.304751178072818, -7.130867054194807, 2.8878499223632117, -10.396349555533053, -10.18239647423516, -10.698212894723666, -8.938722182845693, -7.3061013366540095, -8.229835632754686, -11.058002319750809, -9.269370134803134, -10.026974360534215, -9.69107967597679, -5.869753739439541, 2.981522646228246, -8.791164676435905, -9.792418990776936, -7.654291441672301, -8.224562269122718, -8.23491281775033, -8.384038652549082, -10.71923029877948, -12.16182986885456, -11.365812697568382, -7.683116158875694, -10.272934223344993, -5.695287268182009, 3.2359183934461986, -8.139536841828715, -10.602365386561464, -10.691005606639358, -11.356516958095252, -7.968716983056354, -12.284432214203006, -10.507980329952726, -8.463008123765183, -10.952276152228674, -10.16629175902476, -8.619358734930637, 3.6761187439765117, -7.499076314540748, -1.575436385099413, -1.5316482202732988, -1.548232465869807, -1.591658691180758, -1.5637210735035907, -1.550665192998947, -0.40978295900444034, -0.5511611089998235, -0.47469424426082907, -0.6572858504799578, -0.39891060981664617, -0.5315310496235404, -0.4508034303198988, -0.547843616534506, -0.5994380145714067, -0.500820884635035, -0.5018616739671149, -0.516547759583759, -0.5740410780128145, -0.7077328745729669, -0.5243425877274935, -0.6151110725059875, -0.48829985336767723, -0.5464600008568529, -0.47114387741653224, -0.44180013038169813, -0.5466206524709684, -0.5676179938128756, -0.38566515029851545, -0.48100313000272055, -0.4348259893028898, -0.6687773819602812, -0.5908834741783734, -0.6005611086236705, -0.5840957221045365, -0.23208920715503803, -0.40460376718378815, -0.476633580387554, -0.49487910263147245, -0.5749909427173041, -0.5631186365344624, -0.5070564999145075, -0.5706845202199851, -0.4723906071133633, -0.44267423397735844, -0.4499385933900872, -0.6528354425351588, -0.6557836917078897, -0.44876271175518606, -0.5222368792467261, -0.3887727798455495, -0.5735118387216245, -0.4297922786114488, -0.6516695873537326, -0.3281659537129163, -0.5036975703162369, -0.4900595829029894, -0.4098508172813638, -0.4555370030275208, -0.48173426923969803, -0.5229875458890805, -0.44697032242322293, -0.538101186705136, -0.5580398819424724, -0.5230902854416554, -0.5647578524932179, -0.39458682282424307, -0.38497573336335195, -0.5766593056586775, -0.4873112001720687, -0.5212771179638397, -0.5480354551236866, -0.6177748835781942, -0.4564407912173924, -0.5367138562565361, -0.32925636962373, -0.5092498217729494, -0.5037661099988266, -0.5542909315163832, -0.5610341438986703, -0.4729368440417206, -0.5782520365166098, -1.5395730389251756, -0.40403430713421873, -0.577308052349002, -0.4650922339863553, -0.5137772722512587, -0.5394697038308257, -0.41632609880836885, -0.5435511646397081, -0.5161174752443194, -0.6320341321986772, -0.4013548921995459, -1.5983952330889442, -0.37749476935319676, -0.5802230021161816, -0.4446558589645718, -0.5854019445936648, -0.4977510940115008, -0.39174726335977567, -0.49462924842985156, -0.4902496484244643, -0.4738447307273705, -0.46153533408025843, -0.5602519384846378, -1.5801873365280918, -0.5378808488320015, -0.4922430494811527, -0.5462384209645191, -0.35147460751696513, -0.45402890730361345, -0.5049985885280092, -0.4395071811828318, -0.6312542907445736, -0.41930834034792847, -0.583898374172866, -0.6220250893574049, -0.43628916975296167, -1.5586863661406738, -0.4742107034045639, -0.4635776110034343, -0.5374253237626877, -0.5247953309463225, -0.48796974664330484, -0.5144851942166063, -0.4519282044415436, -0.5377267451432008, -0.4761628182507918, -0.6384550580615492, -0.551913557006871, -1.5468986042815849, -0.46189529715002686],