{"vi_exp": {"vi_seed": 63658, "coeffs": [-0.20408151909649833, -0.20354143020734436, -0.1933920926285311, -0.195027457338452, -0.2022902200223764, -0.1778132855110319, -10.74598952841259, -13.468449123241916, -11.065264467598539, -11.753727260828533, -12.463190214501928, -12.221071489334674, -6.947615727416825, -8.807472724185118, -10.568225545626467, -10.410225872893653, -10.181431286035252, -10.976025105493592, -8.399168665753484, -9.32750551738267, -12.281318502301913, -7.999991896733367, -7.751572492894665, -8.152161629489534, -9.851207489475415, -11.29049020656489, -8.88713781674965, -10.628024751516008, -8.05136290129625, -9.352413272385153, -8.756135208222364, -5.861777923781162, -10.774705283284433, -9.838399342503525, -8.576713405680819, -9.931840019493134, -9.32150000028004, -8.909399447056526, -10.034928070456624, -10.31168788101897, -13.007222643994794, -9.817409177817492, -9.980765884697739, -7.320328052548741, -8.213002677260427, -6.994623888620789, -9.987105937559987, -9.768427357367663, -10.136819683693192, -9.768600940412782, -9.576927123308899, -8.391119883313397, -10.383778067750919, -10.558788939639337, -8.796820861856062, -8.389563547843522, -10.835736939612064, -9.162995333839344, -10.140764510355323, -11.349838537514419, -8.571466678219702, -9.37603956845614, -9.739686450775444, -7.531196060876943, -8.550883355582505, -14.341537153473816, -8.392928880244254, -8.74178885900082, -9.603399908313989, -8.735769523454723, -11.894078683469004, -7.271657688856849, -10.062839494531888, -9.654686859580991, -7.695193902665587, -14.467257911285795, -9.76204260555316, -11.268306074788587, -7.417100174632358, -9.73211925507936, -8.040320935688428, -9.068191866910047, 2.8736681860023987, -6.92382237887189, -8.572744377059047, -11.156972787671167, -11.833872344798237, -10.234477560247104, -9.061210991306837, -9.325161087369596, -10.178607827094776, -7.684255812797055, -8.308570231713762, -9.290557398214727, 2.934425080247411, -8.525139584544947, -6.0687082438879845, -8.967307586380276, -10.035815251577203, -11.123844662755689, -9.962824930697408, -11.381729607941347, -9.37635454535147, -9.681258278494777, -9.23401662026375, 2.9209009336598464, -6.522108319754229, -7.2838108716639285, -11.850779067083694, -8.92816428255363, -9.316375258853402, -9.669532163372203, -8.751096089898118, -9.563341036687415, -9.807736084086324, -11.196164959160685, -12.02134692724691, -7.081628581576575, 3.1039217144054434, -7.628726908698683, -11.662906443405827, -11.09004660995597, -8.347073681446648, -8.32106045134779, -11.178773427538022, -10.615789154951274, -9.855865426621795, -10.202095452578078, -10.681747473984583, -8.549384575380355, 3.484744277295425, -8.382287662802312, -1.5249762764269226, -1.5749511021258134, -1.5651685411772653, -1.5125333099496898, -1.5600484693935825, -1.5258593692051456, -0.4663270493252015, -0.59801456712612, -0.5540675590865267, -0.5674894870842065, -0.5145861895853999, -0.5412966455972619, -0.43230590198822155, -0.26668126335884923, -0.4128376270463546, -0.6016902271434422, -0.4746486862166336, -0.5585650939977044, -0.4904445405160655, -0.5298814588474074, -0.47651294486818296, -0.6163492869998985, -0.4660172689203123, -0.5409481198310572, -0.6001583782015804, -0.6177290222910361, -0.47159589794666623, -0.6090788990503411, -0.5284332757305381, -0.36658257697899377, -0.5306400465627132, -0.6242175690754634, -0.4440959548764103, -0.5998202761228246, -0.6148600207455682, -0.5760379742120271, -0.5344741091688652, -0.5682527633453653, -0.6446515543435088, -0.3316625926624055, -0.42169647031699964, -0.4832215735809592, -0.5376059567696336, -0.5276645528691554, -0.5505499438612701, -0.6975646228174968, -0.675739251499641, -0.6233078741312854, -0.47251180850321983, -0.5256988213793332, -0.49307170721315724, -0.48447684570153765, -0.5709914520193449, -0.570020479362902, -0.6073636072207762, -0.43957958562479116, -0.5989345384117991, -0.5911811382406461, -0.5920150045850096, -0.5475088644171076, -0.55077200191546, -0.737205382616016, -0.43296335439024347, -0.4430033508853882, -0.42583689068272274, -0.5728896456132536, -0.6135793911972421, -0.43773727193334183, -0.6566030315372027, -0.4463116721815409, -0.6026992310458394, -0.47781919979069665, -0.4800828611895709, -0.3516048065717771, -0.49469963936824485, -0.6324124675867322, -0.5251798566881468, -0.43299862976495795, -0.47495343514476535, -0.5909979038482629, -0.5428446363046103, -0.326914752613163, -1.553039581557159, -0.5955557343751423, -0.4677973730227408, -0.6081321583905862, -0.5158431193670665, -0.4738703528804802, -0.482046000197378, -0.5919756004562478, -0.5208419199637736, -0.48652418945948556, -0.49246250652155227, -0.6015310181392018, -1.5265095285883785, -0.47958139637183583, -0.5159050152975286, -0.6310774039850809, -0.5957742823036328, -0.45030543752160646, -0.5014211827920898, -0.6667350226987498, -0.5026127845820572, -0.5261319501294405, -0.47172932870331297, -1.531329749875494, -0.5267071767890164, -0.5347069922760435, -0.6639095975126967, -0.46670329639609165, -0.5266403047568795, -0.537922619516631, -0.6252395894062884, -0.482232957138084, -0.5094716953587866, -0.5972403488044681, -0.5658060904984368, -0.6221037620238564, -1.5512294774050994, -0.6043605390339711, -0.5157871070366854, -0.5775889174296284, -0.3812196556976184, -0.5034316075787679, -0.6448530433902326, -0.6071945619134066, -0.5974794086978418, -0.502772374207448, -0.49151359509268466, -0.5994070764287948, -1.5827858704393496, -0.4855883802327449],