{"vi_exp": {"vi_seed": 51249, "coeffs": [0.2831101034552674, 0.2962335240993524, 0.24892268483211896, 0.2983308118724627, 0.29138840139618477, -6.809929872892133, -8.804123294081048, -12.722573233214858, -10.941398665412224, -11.489811980824864, -12.807442755036169, -8.746980724284901, -10.227936085138175, -11.973669452571322, -8.217279939105044, -8.385849442944206, -10.325274534466228, -8.735730163958781, -8.223079063101636, -9.53589471360362, -9.805162448602921, -11.796890827242894, -8.702380423398889, -6.6171262917401945, -9.515366774425067, -11.463338930176475, -7.714284587769571, -9.110070202653864, -9.027624215526055, -9.107686497551773, -10.223588628146935, -8.77528214932498, -12.008830914577132, -6.0630479567990045, -11.006368996759853, -8.475510621245155, -12.168214983867768, -12.87894721228905, -10.161555942164377, -11.057723153967645, -9.639994228741433, -10.060306096392129, -10.910909193822052, -7.0954210466420955, -9.855408403810966, -10.159308176899312, -7.630639023575089, -9.347467609867213, -10.843256556298334, -9.743968336305489, -10.290648845488176, -7.953133686820553, -11.113982525121868, -10.271840964229094, -9.790045428038617, -9.452015222333022, -11.15241370054763, -9.29732978572041, -8.255942739732337, -7.6799202481069555, -9.109184808177504, -10.179741535915024, -10.570756640451087, -8.99773480541293, -10.987867057775732, -8.595044333988149, -10.417999800602752, -7.265012722695339, -8.739270008422478, -10.392997695548903, 3.094600952133391, -9.217506307579136, -9.21462361445548, -8.955637570256322, -11.001184556259709, -9.105219414302198, -10.229072043285695, -8.333947586580145, -6.20998643464231, -10.033994673670573, -10.277557267898844, -4.383340288416124, 3.215888428383157, -9.580209039937907, -8.215764244333617, -11.745567459583132, -8.610815929728524, -11.796604854987189, -9.440705554147668, -8.218367085591021, -10.931641947543524, -8.091778593926419, -9.419867561398815, 3.219702821963878, -3.6863738311441288, -8.347876399924681, -8.67592659030793, -9.321205079274716, -8.418516763636346, -8.41310313577009, -11.582388243682725, -10.362568044786865, -10.768029474727491, -9.655234928513371, -10.990885236668133, 3.321587580879684, -7.381522391848808, -11.599968534967038, -7.897220279842204, -10.581899216743542, -9.39086316684789, -11.427998857363773, -9.792394918958312, -10.802437882735411, -9.56464187850945, -9.681030329753941, -9.944941963601908, 3.4737417197956684, -4.075602464112217, -9.40994285854943, -10.551250421509272, -10.45605799080841, -10.44736833948211, -7.896067406502062, -8.65029575541799, -9.140811455214285, -11.872805441169898, -9.001673078482678, -9.41568198576671, 3.3878131682824364, -11.984569124077778, -8.283115837296037, -1.5374143820179444, -1.5492244942812767, -1.5546041994087823, -1.5738610515671183, -1.534259278239439, -0.6015913433916397, -0.42662811543646806, -0.5405843047513376, -0.5790467003909072, -0.3957794517854013, -0.5674518976636062, -0.36318390084943253, -0.6071450608214777, -0.6164541470301073, -0.519380424248961, -0.5216119730399218, -0.4570428678299656, -0.4034262810714412, -0.46662321438562476, -0.5451449592056714, -0.5728006311472231, -0.5013072044720285, -0.4475873291565522, -0.4369186665498151, -0.46566988569182577, -0.6265382976499723, -0.5334253500697929, -0.3091266822233225, -0.48280946147308584, -0.4827767888882017, -0.6327051990926401, -0.553118945600605, -0.48983284686921547, -0.6011220663536757, -0.572509962884872, -0.485781735348424, -0.4881126163213342, -0.40921674813973474, -0.598327800254197, -0.5827136652718149, -0.4980271896475077, -0.4933882651394478, -0.5669542651953567, -0.5822380779492808, -0.6610396488483744, -0.5291958603091992, -0.5639069713796763, -0.48267680280206215, -0.42843331631535875, -0.6045534148224354, -0.5713844333452641, -0.43485818884485117, -0.6138807150445985, -0.5282689592936896, -0.51354565497387, -0.4574241478393945, -0.6079339093022057, -0.4832770612018644, -0.42653653422681326, -0.4843301639713661, -0.61397575760322, -0.5544558008456619, -0.4775261107383227, -0.6142340007068845, -0.5268630818841239, -0.4825261197486739, -0.4947342776756954, -0.5356872735237046, -0.4606071585274678, -0.2944796720213934, -1.5618899719848316, -0.5406596034366797, -0.5634571624648627, -0.5830435729524852, -0.475521598723932, -0.5814828541217147, -0.5951549445084833, -0.38694565772263456, -0.3910974328372782, -0.41832445919885786, -0.46785336009010675, -0.545156848296854, -1.5546856374856781, -0.5306659818755646, -0.5624231372424785, -0.4796166461592588, -0.36600300924222373, -0.5349881974379569, -0.5132218407076409, -0.512100321425059, -0.37664446076274416, -0.4471924814588045, -0.5585330327438921, -1.5344932566946394, -0.49017368519102805, -0.40168726947879946, -0.40845699471479685, -0.6609947011515243, -0.28623475638995205, -0.4139286224223806, -0.4780718700988465, -0.5183889990089066, -0.5521841894416932, -0.5456405521415492, -0.5017087091365502, -1.5657114057168944, -0.35964868791792387, -0.5900833004914067, -0.5968625091057091, -0.48387532372036207, -0.5439083297560439, -0.5388575121163517, -0.6305967616968627, -0.6365189454208232, -0.5609856479991623, -0.5488882540442211, -0.3555820254708303, -1.5792467621630513, -0.5387407119882548, -0.4427712875915776, -0.586974274666963, -0.5530292941832562, -0.5992318891043888, -0.3873713725857751, -0.5937432284118674, -0.5230771730943558, -0.49919831130719444, -0.619890361670565, -0.5274108721197975, -1.5388884533360263, -0.4882839081680075, -0.44557532440645525],