{"vi_exp": {"vi_seed": 46816, "coeffs": [-0.16593453425774815, -0.16478334961094562, -0.1594264029055166, -0.14338502341827392, -0.19458725876243282, -8.573367208764788, -11.245338244885422, -13.138060628306262, -14.43311371343192, -11.588123268513328, -9.797965824848255, -10.304201005371262, -10.003353652887377, -9.615842346261028, -12.295014453474588, -10.814306382974227, -8.878741218850175, -12.13926366675117, -7.115346161764242, -11.314288799698323, -7.781455008163704, -11.156963069459348, -8.515697042383103, -13.42529820129678, -11.5335868065938, -12.058826871202799, -10.499309577617854, -12.017805773648087, -8.861262369683434, -10.626213531936413, -10.306233434102788, -7.383048868066847, -9.469278334540348, -7.348286680815886, -9.819700301262278, -6.734528299282618, -11.383581897769268, -11.129533449815622, -10.468656992473711, -8.85035559047606, -9.975744773857116, -8.537206039384307, -9.334007835879753, -11.098112924278928, -9.691318027963156, -8.966634862612587, -9.607550031448387, -11.08988237995967, -7.734094291331475, -9.124407096130314, -8.661630883879347, -9.923197572606506, -6.554399448434283, -6.877892578513986, -10.831937291896175, -9.393902110632913, -11.04087678649178, -1.2275075781050433, -3.2321103694780198, -9.570121078128848, -10.83475304670587, -10.159607177422567, -7.301947749270595, -10.165218295523644, -8.753671658504862, -11.875543109934092, -9.620146042590923, -8.856785497146067, -8.422781306920308, -12.519896819657706, 2.733334371596187, -9.979668418017528, -9.097948866893683, -8.305682035678526, -10.48002535322619, -11.45590957011514, -6.365149451478579, -10.531053101609784, -8.488608635440428, -9.10424082767121, -8.70756457586594, -10.848865270334896, 2.9340836220265443, -7.935774965155093, -11.590671682777803, -12.13903606373517, -10.551436867658886, -5.672603132322476, -10.176483538079538, -10.74104925999505, -8.49096515616115, -7.884242272083, -8.41424503160348, -7.455518381369895, 3.0025958115932525, -11.693629166894812, -11.243786425168587, -10.763328393044404, -10.583402432061511, -8.737118846662826, -7.78120626920515, -11.287661234137643, -9.484487545436801, -5.790357182766685, -9.618869201998416, -8.345386084422293, 3.1040211289643316, -8.371238251776827, -10.017402288799842, -7.557266879047186, -9.398258324622253, -11.374809588348727, -9.955257297668652, -9.323737207671154, -8.012739880964876, -8.90319190608493, -11.051095369504553, -10.660882845777401, 3.203272927592174, -11.035677970910587, -10.465510126158568, -10.301093762164264, -11.436356901998616, -8.93449462715168, -10.815561410511487, -8.288189625586416, -9.035138578605986, -6.665526974685383, -5.666934223351965, -10.039604396783755, 3.664432294635395, -9.712067490259843, -1.5901229530366114, -1.5793850273132186, -1.5442121290722686, -1.531834033508404, -1.4957499875842213, -0.5179825189638466, -0.46580923662720924, -0.7023410919084452, -0.6261054603748529, -0.39687767605758045, -0.5548810184510427, -0.5404969568528134, -0.4700279228998118, -0.5858378040028641, -0.4806308775619989, -0.4793583434763673, -0.5247185996983672, -0.6768873023817525, -0.4247564364032135, -0.5785024502854675, -0.5681488545773182, -0.4195006822021478, -0.3443827028101454, -0.5880524262596175, -0.3361120700817609, -0.6062090868718425, -0.6224850940822833, -0.4243993763537069, -0.49375270337502314, -0.5463138299382848, -0.5296673712027048, -0.42478496558872136, -0.6591903538247779, -0.44339691946551757, -0.5988386887030356, -0.6014182018281268, -0.4911962170295048, -0.49828358327260674, -0.5199242453420161, -0.5082421014170719, -0.596226510194484, -0.3500415720233182, -0.4184905621265303, -0.5309195223657956, -0.5650753476209397, -0.4406919486136501, -0.4028269226586025, -0.6024744935818392, -0.5992125411284789, -0.5287929347884901, -0.49124026086213335, -0.46951708877917436, -0.5535912043609914, -0.5047469465575334, -0.5210586593830557, -0.512739981531985, -0.5583237476933904, -0.5183666946456582, -0.5865708789093859, -0.5461254565141677, -0.586666410804224, -0.5725169252108774, -0.4731947868182296, -0.48940781587552873, -0.511872121914695, -0.42942292921998537, -0.5130801875681849, -0.5625159581877135, -0.48026381944908747, -0.43082166036994396, -1.552667083204718, -0.4033509234022334, -0.5685643232294203, -0.5318738762042833, -0.6702135872567581, -0.5558044162885872, -0.4773640377250174, -0.541204272277159, -0.4545476841179839, -0.40167022403815433, -0.39399009043255806, -0.3919866076123043, -1.5134138643569792, -0.6307162814072736, -0.45152664561240935, -0.4757554474621723, -0.5574982586817178, -0.5688615370967101, -0.536467985286156, -0.4427900874534964, -0.5864521900485323, -0.5316226292992626, -0.6398152923913012, -0.36048479311637827, -1.5425986324587202, -0.5725714200816818, -0.38901053526183677, -0.5591221999325998, -0.5827670077447333, -0.5003436959161283, -0.5069145194230276, -0.5739813136076453, -0.522989317147884, -0.4558310529752361, -0.5404316395166938, -0.521762434629417, -1.5696136921722095, -0.44183242652415416, -0.5576309128654178, -0.43327525700231534, -0.482914118502121, -0.37204000635857315, -0.5070533151163726, -0.4114021189029716, -0.4949338916791529, -0.4572719040408156, -0.5388989763341294, -0.5702899359368466, -1.539802309394383, -0.5686471750673946, -0.4343752111291346, -0.5504841273663346, -0.6461360369234886, -0.4875887675574825, -0.4078473030545084, -0.4788934975005215, -0.6859437527045981, -0.5759968220726663, -0.5500676130563275, -0.530275038594896, -1.5416084442683506, -0.5477879084861159],