{"vi_exp": {"vi_seed": 17370, "coeffs": [0.052302922468137884, 0.03004552118653467, 0.04857354535289107, 0.050973372596600695, 0.036247615786657444, 0.03183937502649974, -12.061483878378514, -9.594454423083285, -11.665057531425438, -11.574317481605135, -13.409661154666482, -8.183033538284999, -7.318006197520453, -9.768656472414513, -8.768678429019078, -9.579831563190169, -8.852415905902868, -10.889047131063853, -9.76499805461938, -10.864368793445607, -9.561097091280182, -8.758247079142572, -7.037690752686095, -5.575591855836391, -10.766269722503717, -9.835653770969152, -10.949603965081163, -13.005466178223715, -10.663756437794262, -10.511670732854405, -9.596392555190766, -7.089180617132643, -9.891384184746775, -11.375914002903691, -10.82312971089096, -11.116109466691626, -8.408230966916694, -12.960691498114, -10.500169342998783, -11.583041466795189, -11.681540035359546, -10.830160836534562, -11.407511945917811, -8.89187574186428, -10.357590589571123, -8.611418671158415, -10.012980472142212, -10.873004102678994, -8.084086179945533, -10.570837142112742, -8.712740331711192, -11.183985618482334, -11.691137633125475, -9.973976997371159, -7.340810709265548, -8.210332329296778, -9.008984400335756, -8.312160019279437, -8.284229721798392, -9.472047834090846, -11.851938225176998, -9.916076517479862, -9.232529475472054, -11.38233176166649, -10.804005487509905, -8.529299173555884, -9.298687304427085, -7.109907536162261, -9.502667409117851, -10.685740661696975, -7.61658918112124, -11.804978146196813, -8.994264717819876, -7.09661436239128, -9.042275780352341, -9.671057359307445, -8.436621748254462, -8.753131172384634, -9.755354892564734, -9.678780581527601, -11.804192763093017, -7.940972303984979, 2.8729770070253933, -8.546035313645207, -12.186194820919244, -9.420777493758203, -10.264942690207079, -10.102008331360587, -9.688527371639353, -8.89917058585604, -9.722064638672757, -9.82980589163373, -10.384825542995452, -9.35613798865127, 2.9404489007505883, -8.081045636766333, -10.361496447535757, -10.492533153489893, -8.36762230099831, -8.692132030643922, -9.749470623048905, -9.043221510156314, -10.45487306269574, -7.96937969091608, -6.0139169909473695, -9.263892096354931, 3.0461225822501117, -7.995775903984437, -10.779901243471697, -8.165904962716404, -8.939552166406703, -10.524439690163723, -7.857671755552024, -11.773518716544274, -9.126389029556046, -7.151770294677915, -4.869945776979578, 3.046457914885182, -5.120666862164056, -8.804896656000187, -10.821410962279314, -7.504595949311984, -8.948205485235862, -7.8710936163887, -9.79076300383846, -7.87045334074713, -7.0566082339608736, -10.638610484346934, -6.550005486774011, 3.1477584008529886, -5.056796825976072, -6.114354506436662, -1.5277352854800728, -1.5599847495281516, -1.5244336171401394, -1.547154149097716, -1.5663171878747162, -1.5474274615534105, -0.4649488111422311, -0.48772195374805677, -0.5921541956311849, -0.497407054158172, -0.6730466234043005, -0.6244538025523106, -0.4838786321663993, -0.45549926454088197, -0.4867985968217988, -0.4500404673260066, -0.3852700435054304, -0.5124073919323291, -0.5336264023993921, -0.48232175892467977, -0.40477729156374875, -0.5454080329532662, -0.4679676141488827, -0.4304072835308294, -0.5900543855881379, -0.48601048155471704, -0.49530162340574435, -0.515881912523425, -0.29418837913765156, -0.5735942618308114, -0.3561732810739799, -0.5448513667476025, -0.3022570482436151, -0.5111762471907176, -0.4913444875569456, -0.40335407087889535, -0.5044261990325279, -0.5706560951440359, -0.513708182307435, -0.26169223384534057, -0.5725114056582048, -0.38098866822519245, -0.663938011897342, -0.6227472046672826, -0.6159376463256968, -0.4626860871835527, -0.5035264188207003, -0.46270326178736737, -0.5381058949996886, -0.5684152932492412, -0.43380394932694033, -0.536234529145975, -0.5708155442868165, -0.6740711355278322, -0.5420897918991259, -0.5977680804939879, -0.326162900335496, -0.5606313250556169, -0.43827818766768084, -0.35929501033015265, -0.5078889476474737, -0.5150335360520107, -0.47274625602111087, -0.4132931409035047, -0.5169194664361851, -0.5274117136504987, -0.4435619525442162, -0.5157727702279882, -0.5854889079213688, -0.5445751381041415, -0.5024305658390219, -0.3864201236467202, -0.5200716895647037, -0.4642297762488728, -0.62111223775161, -0.42365226017260754, -0.43710634471773985, -0.40854639545316873, -0.43707630437645245, -0.5993853008311162, -0.5606650238536641, -0.44102416854177834, -1.5410544434166529, -0.5286790262268725, -0.5310951791749168, -0.519977481081021, -0.5228866708535658, -0.6101928220108463, -0.4798600161196308, -0.5436297073128465, -0.6117490130541331, -0.5783180796696766, -0.6067941153744495, -0.5233434603017587, -1.5232686502574635, -0.5429053980832528, -0.4581829594407411, -0.5557682716765712, -0.5348270698227814, -0.4515709206573898, -0.5099207395397115, -0.6077328907751329, -0.3246377347456328, -0.4875742904000078, -0.3735353569060242, -0.46158640362906783, -1.5224428775947434, -0.5476890159504193, -0.4508665407664291, -0.6053927254285516, -0.4715890288767013, -0.49292052536950726, -0.35970109834275177, -0.4203516455244288, -0.5916825794761799, -0.5811760894752926, -0.4357521821650267, -1.5487282980600552, -0.6053139005417701, -0.5951595290533356, -0.4273743641366371, -0.603131500899885, -0.47264412200603806, -0.49434562342581134, -0.48813842919746486, -0.4774807346455838, -0.5255752756792329, -0.4124857947949316, -0.45110629649217454, -1.5525558234857881, -0.5127653505323022, -0.5178744728658407],