{"vi_exp": {"vi_seed": 56817, "coeffs": [-0.28577397840798135, -0.284998855225003, -0.2730909302897458, -0.311405237517716, -0.27915857746608264, -10.356561907866505, -9.97929196591394, -12.305592124731536, -11.703306233153745, -11.384399147773408, -13.455926023405041, -8.331570700213382, -12.164716422584199, -9.935067140501308, -7.658028335184794, -12.90704911124008, -10.107734686357798, -12.900536984058883, -8.854827041090346, -9.028691096746236, -10.435067370959116, -7.17944225550551, -9.204085956481318, -10.322814971054722, -10.755309390640456, -7.434439997260009, -7.899783234581576, -6.618478214490182, -9.355435749003648, -10.40359403383652, -10.00640694603769, -10.492134195240315, -5.708002769998434, -4.878030575745795, -5.687965960585672, -7.733527062542853, -8.811061436637878, -9.385023417866181, -8.829362961632745, -10.910795295899806, -10.815644670525405, -9.774813494796797, -10.46248966771596, -10.70334843622084, -8.78117164372195, -10.052430036078754, -9.31308786005275, -10.381426404685822, -9.171467784606891, -11.30453749204716, -10.501789474723632, -7.344215709675198, -8.621744353284583, -9.418113682149983, -7.745205428875904, -11.451227136882085, -12.187322512894324, -9.558433183384295, -9.165735565826918, -9.761561142718168, -8.651155040926085, -7.805034648665607, -10.982740746401102, -11.268665120389835, -6.093753415141669, -12.206140262361945, -5.943693478246024, -10.833558037282906, -7.038762225389329, -7.5627272162134425, 2.6766513475744507, -9.221398436374317, -12.102445336867193, -5.812086269834768, -7.591725459947822, -12.54954200611764, -10.367021897434833, -9.506128701872491, -11.70504719044419, -9.30431744433923, -7.795944337817703, -6.675130080919459, 2.8411989938768576, -12.029515309779121, -9.175326848952393, -12.495843400355293, -8.67108324810773, -7.864170419381698, -6.449876344033529, -9.718584748494935, -10.349900447026997, -10.747720616677332, -8.506031245684659, -6.315037977086728, 2.9576722200454815, -8.487371266506951, -8.747374033080845, -10.882402850720817, -9.019014154295677, -6.725960052870499, -7.533251142343775, -6.973307757463253, -9.868342373272323, -9.013160740069651, -7.138283315575434, -9.19499372045507, 3.0086302091027157, -9.417008667965868, -8.474493293879249, -9.768471954839095, -12.25752117123289, -10.992570922427547, -8.670953336723912, -9.305592362439754, -9.331587150624639, -9.37965140245944, -8.984648300242583, 2.999327133524522, -6.141445793413741, -12.764400065988037, -11.555091009938693, -7.247632702270572, -12.388005156776584, -10.210094087841583, -8.892299090137087, -8.746965461968026, -8.598210312053356, -8.894894523007487, -10.732967810548551, -6.819329035012797, 3.5573883210928634, -10.266185082112091, -1.5576058064383127, -1.5704796262235214, -1.563507704899109, -1.5138220371972104, -1.582154542685733, -0.47656779458328363, -0.4350933061814651, -0.4894809878999335, -0.5293214378129312, -0.37607137051893075, -0.6231488450194606, -0.5099675949153598, -0.6115421678878666, -0.33519158535368776, -0.41657441394249994, -0.46863001014410205, -0.5028796747388301, -0.45465952596591436, -0.43507782560177277, -0.5505405484674705, -0.5642321775452114, -0.5680613606753894, -0.5463447101506059, -0.5637928658767144, -0.4217855605817207, -0.5341976498915069, -0.5351093582341095, -0.3719781055202806, -0.4512716209253575, -0.5308994201332501, -0.631478326208407, -0.6318486152946132, -0.5273046117387845, -0.5767462299738259, -0.3287335274467841, -0.4610889416916484, -0.5027977951791146, -0.5926444075899814, -0.3385104232888406, -0.5171209536945401, -0.5558850871816224, -0.5452972795285184, -0.6549119216229967, -0.5561808534216873, -0.572368389432941, -0.4347538978034352, -0.499516528578672, -0.6560230043284652, -0.40603913205231856, -0.486134212795818, -0.6828109702664831, -0.5543974266502594, -0.5506783316294842, -0.5488613545116101, -0.5059575794490013, -0.5653304750632281, -0.50021647069149, -0.39772454766516235, -0.45236216921313577, -0.5852004161269075, -0.6406307732363161, -0.45691763196328167, -0.4973804479772666, -0.464659749213366, -0.463218744189971, -0.4583514419144418, -0.3317741926348623, -0.5701625127379549, -0.21279119489331097, -0.4050733316236407, -1.5468747425802662, -0.529790973428114, -0.5938859841733681, -0.5251997074463467, -0.5361152133489167, -0.6159372013668214, -0.4654986280912054, -0.43521124678640677, -0.5847397254278661, -0.3630364626547311, -0.6342589097461167, -0.5261545366850066, -1.516753667992626, -0.5210900875799632, -0.5835149326565283, -0.5835055947927896, -0.503715876333994, -0.554636733428021, -0.5445377627764441, -0.48686548261280016, -0.5082500442541118, -0.4774742120598931, -0.34916241052987257, -0.45886052657755094, -1.5188299720598821, -0.48680002872093436, -0.37298612526515124, -0.47566870615085216, -0.4273156564988072, -0.5446616197541685, -0.46184787734077554, -0.28087943740449417, -0.3877917209325984, -0.598614310691877, -0.381296384272776, -0.5992178056697939, -1.5419862589998923, -0.34012021313116486, -0.6186038978116153, -0.5204463720529482, -0.648697631813979, -0.3745440807419565, -0.41331283594788726, -0.5270254944062991, -0.6366013180045325, -0.5127145054616258, -0.5989370059467377, -1.5481680147149457, -0.4552540923647557, -0.5848694996676725, -0.5647889675372739, -0.454690549404799, -0.4787255997482382, -0.5047431509708791, -0.5610827648338004, -0.3848666690281786, -0.48893625965796683, -0.5450867697249278, -0.6121783040750111, -0.5972696100778079, -1.559884399087296, -0.5248887844727533],