{"vi_exp": {"vi_seed": 18035, "coeffs": [-0.17000475265366105, -0.18221035660064802, -0.16980016899584063, -0.1937561035749931, -0.17979032936187853, -11.278393124284127, -12.073552691558069, -10.051431853067522, -11.821976757701464, -11.225115764551383, -13.840060658381814, -9.980477039733975, -8.081904045082917, -11.16149330281634, -9.911343650402847, -9.577336357200922, -10.260370275840767, -11.130839165793054, -8.133141510551823, -8.857498247856755, -8.500652648244287, -12.46756325883165, -9.044922458114291, -9.986957300433302, -8.728702171451353, -13.024219583425738, -9.773182004424905, -9.868476066034386, -10.006213959962983, -9.140353735509603, -8.810584553290168, -10.790337265827738, -8.98825542730055, -11.032322832297806, -9.590150311088296, -7.636895759269885, -7.978336404924431, -10.112981467486131, -12.853171018082168, -9.785363429053122, -10.660132462025002, -10.31946691645116, -12.041920172622381, -8.078674311122583, -8.340205387213876, -6.131254207323619, -8.04155302712273, -8.895289845916889, -11.309432167289357, -12.27290972531048, -6.642981116918997, -4.761809249460647, -10.89644164340776, -6.724633276866593, -8.794402392177963, -8.973024592228997, -12.613845182494993, -9.512726112438411, -9.949255043667074, -8.862678391275297, -12.006637886046132, -10.160592391861359, -9.658702483229133, -9.410941662888023, -10.9651637779125, -9.624936816803048, -9.44821429141731, -8.123523742452518, -8.205854518345781, -10.13734546680849, 2.7062752701271973, -11.178840362860893, -11.860288832644784, -9.669816896429595, -12.824158121172061, -10.718023790887674, -8.506941005921657, -10.816898822318679, -8.705723282883984, -11.611785799799092, -9.284517519999039, -5.8828664697027175, 2.924728301919439, -11.781413052062616, -9.874514923260922, -9.00588586108852, -10.592120323410404, -6.5026272536350405, -10.096913691313457, -11.52961715639072, -9.521496475079351, -7.929755366034987, -10.775906018181985, -6.339602566909132, 3.059541243405993, -10.679003229892588, -8.855269174857563, -9.038112889819947, -10.354243558653005, -9.95150680800697, -10.381337856421592, -10.308752757957821, -6.675610653227952, -7.9013000048553055, -7.343285830469483, 3.073202425239849, -4.898206572101794, -11.358569651135419, -8.868553381667875, -6.6980754686314565, -10.178417583093141, -9.379512185110734, -10.822060174890789, -8.826073195680994, -8.773886916298553, -9.644741953128666, -10.161556752035144, 3.1908018123682167, -9.297522236975807, -10.184375506572424, -10.865514970320193, -9.691515459470459, -9.86856126629899, -9.229734640447417, -9.669915178938691, -10.420216400235475, -8.42858487336461, -8.9732848746027, -10.39963210682649, -7.939816353296029, 3.72328822894902, -9.68177530419383, -1.542939817498809, -1.5465587261521259, -1.5510042785806881, -1.5209566409527944, -1.517973736138183, -0.6280986890860937, -0.6101277083398451, -0.5988340157445593, -0.5608033727088163, -0.48065069602990546, -0.5711520838599558, -0.593779740174237, -0.42089152966480303, -0.3938659026440469, -0.3201708100720285, -0.5224560304926679, -0.5629423214182396, -0.4422088184134278, -0.5363073870213976, -0.5469758047153086, -0.4568173015512426, -0.5404007498638971, -0.619007020064375, -0.5833147594213273, -0.4837964777099406, -0.6134864111561636, -0.32313298218557607, -0.3603178451781896, -0.5632554033757186, -0.4646860435857138, -0.5385984177785939, -0.45681810519905053, -0.5033222465185997, -0.4700185742629915, -0.6375163599202965, -0.5868416438605079, -0.4039437178335714, -0.5479678294511855, -0.5272399713704761, -0.5316138233764871, -0.3764040112432491, -0.35732639413117534, -0.5199275084148144, -0.5227325964942234, -0.4740216316192153, -0.47822131278077845, -0.5577020021011965, -0.43009855219428905, -0.48085874570901266, -0.5118782535466436, -0.4007538263394564, -0.4752164529911705, -0.5413809542356801, -0.5225873559054431, -0.47992884019787185, -0.3371658235685117, -0.5928276795480699, -0.5471156100130479, -0.42505108670812475, -0.5100939181498221, -0.5256677247455142, -0.596166735160908, -0.440759780338942, -0.49367384812924137, -0.4532343065189412, -0.6099838325434035, -0.5282769465538887, -0.4574647456339679, -0.48598836131340745, -0.6419942934538183, -1.5364973142711564, -0.5459301884890712, -0.5744392982401281, -0.5560715781360923, -0.5025439566927006, -0.5795709242857859, -0.3467442476394627, -0.5896238114581339, -0.4974898475146775, -0.5716594875540904, -0.6660767774039766, -0.5745802127370135, -1.561902220526976, -0.5546175372157176, -0.5102210994599121, -0.45242078774563826, -0.6776351616915627, -0.6935640350981901, -0.6094047586599883, -0.49475793654169176, -0.45775241127240995, -0.5335906702963922, -0.5869002374330397, -0.517373211112763, -1.5424046861098657, -0.5039939865974263, -0.5465975811383472, -0.5040644099050502, -0.5266376995913172, -0.44690005785807224, -0.4556807319790764, -0.6293661299637279, -0.5754374922233474, -0.5720897395719597, -0.4224436940418488, -1.5196272663897263, -0.5547754647330682, -0.6755742529824915, -0.556925928157477, -0.21313448692870918, -0.47543863663907027, -0.4356700033304981, -0.32415093123712363, -0.49529911945897254, -0.34101234520010915, -0.528397087051086, -0.47065338446725236, -1.533639370803986, -0.548115270789918, -0.5363921136727527, -0.4597904396616312, -0.5018572332673091, -0.4801956652882527, -0.5502132644063081, -0.4011471290145439, -0.45682094033758947, -0.4660633131274217, -0.5600996770710361, -0.5844722261403046, -0.6297804988923467, -1.5363780676393481, -0.6411040340992389],