{"vi_exp": {"vi_seed": 47856, "coeffs": [0.005409362965307692, 0.004361604229019497, 0.004137162593251191, -0.016654047178879663, 0.00818207065629598, 0.010964246364420154, -12.222341384362526, -10.064514546401476, -10.2591231350922, -10.563764862818521, -13.234425632508996, -9.266217513660694, -6.9843137471979215, -12.781040837219825, -9.552762988721154, -9.922374571443445, -13.571128354500546, -10.87551230044377, -8.005918661768096, -12.118405909448722, -7.64595831155931, -7.874673771017329, -9.267757760844786, -10.838576126007876, -11.506898622889365, -8.778501301539261, -9.29010499755956, -10.570473514647084, -7.549848905266933, -9.543799583908509, -10.98531036352721, -6.247146445367929, -8.275190148346455, -9.879218813861101, -9.457972332383394, -9.54365379129852, -9.427545990653323, -11.010769668928639, -11.722140362154445, -11.57442482688782, -10.436054374260307, -11.212067884785762, -9.921789527071939, -9.709500600945521, -7.81103639475672, -9.12039580041568, -6.972200155872361, -11.915958227066339, -8.819027110826926, -10.449583019972861, -6.6589814284611615, -11.639696757786995, -11.17338662252016, -10.252929613698768, -10.41170108564478, -8.697305784312034, -9.144155284552552, -9.856593485987446, -8.0703200129335, -11.629936069856107, -10.94620329430321, -8.283764215261213, -10.089192893261671, -8.467236354365332, -10.102157059700712, -9.94666506124979, -9.654974699545564, -9.71681488755396, -9.995292273806996, -9.647424486633057, -10.295106103986896, -10.03177303155252, -9.018589675933159, -10.754500762605606, -9.058273727540033, -7.819260749652098, -6.454010473734717, -6.716113377330743, -10.023630676751859, -8.897335181362141, -9.403180608675566, -7.820316196271229, 2.9356432518073445, -10.0297045407556, -9.826440333930579, -10.171703905074189, -12.050185735964698, -9.001890315093304, -7.484627515727061, -12.398782334499888, -9.639397857756373, -8.170213195211316, -7.861907949884747, 2.9423807495529455, -7.804212429808333, -11.00465264925291, -8.491369345726916, -11.173023818322806, -11.566775343470454, -10.270342029125096, -9.944683998609168, -10.929292587081003, -11.272271622408821, -11.823019850586416, -6.725303369042359, -9.608831504358033, 3.1381972813836962, -7.542264102914473, -11.218049459271008, -8.014951554415044, -11.398017220968983, -12.338019047708642, -12.600813838889097, -10.468396817159634, -10.473189433553797, -10.894256464278357, -9.27950003376759, -12.196787010224709, 3.188052760090232, -8.898049764938518, -9.226572841076699, -9.608749843064915, -9.86034160146462, -10.003259009796954, -11.399857939283448, -9.297330984912714, -8.757388803631434, -9.721943208055988, -6.803715331549674, -8.90559565601417, 3.6794104322459944, -7.541541318484475, -1.5337556961543173, -1.572931838341637, -1.5271244627424856, -1.5408571729504277, -1.5500856404863324, -1.5138760206662922, -0.501679237051317, -0.4277143401589182, -0.5631444351003788, -0.6144182344943977, -0.5373446973416901, -0.46294594455724536, -0.5084970885643152, -0.5457469575827872, -0.5018646929579934, -0.6391041835013083, -0.5457887162029076, -0.4230438406273441, -0.4762245558569372, -0.5550008621037219, -0.4732892947373147, -0.4568958104697142, -0.5276478062421286, -0.41598777121036506, -0.27418909534205427, -0.6468910920208545, -0.5032340064429813, -0.4562903657885559, -0.430755240969428, -0.6414256947182608, -0.5793492882867224, -0.37380657790679217, -0.49520199720584596, -0.4406885878245038, -0.5540652355295759, -0.5408563657122468, -0.48300445837150696, -0.6055965134738572, -0.4806246094372638, -0.5403897750390946, -0.5161568070765158, -0.5499895708903103, -0.5564871373460307, -0.5784149957963525, -0.46010465914133303, -0.5677769217271359, -0.4621619688054381, -0.33152193179077644, -0.6193230489089153, -0.49357984677119504, -0.4252994453924083, -0.6997861668929831, -0.5501088922132724, -0.5274109131625379, -0.5803806696442946, -0.5335752837418827, -0.4657804212720606, -0.47755999455641124, -0.6562393633469998, -0.5934949211563826, -0.5576324651868476, -0.5121048789560183, -0.47950798753530444, -0.5671781312279113, -0.4267574954558104, -0.4504105164526731, -0.5890364876979769, -0.42096055914598296, -0.5011016757536508, -0.5688835810920257, -0.48236587242375195, -0.5416305556726448, -0.44055649659454277, -0.42579485201947276, -0.5134290501181668, -0.35700197781499604, -0.5022431939577303, -0.4746427955328245, -0.2904753583987677, -0.43643992651641694, -0.5537657033395712, -0.3771542311265517, -1.5316410263781568, -0.49967910770262014, -0.5137001308410324, -0.5371586664813494, -0.47954996724264676, -0.5445079914144576, -0.5641153760652378, -0.5836501134383926, -0.5751222032567489, -0.48201254114226827, -0.516225827919743, -1.5529966219700684, -0.4613081514252483, -0.5165597210446043, -0.5142384102329662, -0.49626740919214796, -0.6440551293201775, -0.4952526486237226, -0.41418143230745696, -0.6369232729458678, -0.659327270775134, -0.5444479434184645, -0.5176333802452072, -0.32105195946157494, -1.5732224247627888, -0.5542185089111231, -0.5944780914116928, -0.43830728568037125, -0.5424023472822963, -0.5272695730119508, -0.5356695298486751, -0.5336037443922882, -0.6263123794383976, -0.5575385666934237, -0.5427529620714352, -0.6257044985550969, -1.5119019508910405, -0.6056716725010677, -0.6203860903578351, -0.5376224898505907, -0.3406644733052301, -0.5707639690837291, -0.5890707497655547, -0.4116298332179479, -0.4787239444173127, -0.6216377591931858, -0.428796731007814, -0.5160402133428672, -1.5545246808422082, -0.5147576827182624],