{"vi_exp": {"vi_seed": 8614, "coeffs": [-0.5339587444969744, -0.5183387847751142, -0.5731289432993327, -0.5656631838746321, -0.5369439500625932, -10.60231271652712, -12.228285503671858, -11.212235355275066, -15.530693733819595, -12.166431691984242, -12.116043656027465, -10.97794685169649, -10.911274388301715, -10.176609924562943, -10.034830182105974, -10.864033426129563, -11.258504721619751, -9.837312645230256, -10.840586942091297, -10.03889459010504, -9.43047124883151, -5.647128248483229, -8.215982419949443, -9.256929892200102, -9.36461942689819, -12.954258635839905, -9.562875752524592, -8.421391539460524, -10.741402664085784, -10.132432169589226, -9.755615842594692, -8.408730000906427, -7.894566787208525, -12.146162031447453, -6.11130959504959, -9.099099028309025, -10.832201303097872, -9.472990512504806, -9.155921808401255, -8.947924485474225, -8.679231864585825, -12.43556512975892, -8.671961814002511, -9.777017284187448, -7.048319772039511, -8.79208505614299, -7.157922470747594, -10.732693306696094, -10.177658592805782, -9.724738274553419, -7.762273689543882, -9.13423574383892, -9.6205544300862, -8.510960481787764, -8.30918180881989, -8.344327196363139, -7.159630995059615, -11.628067540549532, -5.510292049452124, -10.898639112521604, -9.374700180332544, -11.323372741792237, -5.851487622138527, -9.523506233295326, -8.16793125222075, -9.956315583338258, -6.515550771197093, -11.516336168143015, -8.969621609598033, -8.933855448815384, 2.1491697211141716, -8.773114395505969, -9.69675143687749, -8.511125565695872, -10.496163875394965, -10.629411853615814, -9.983455809596592, -7.45724924875616, -7.494858825261086, -10.511095701575861, -8.865536373562355, -12.108312568582646, 2.7665856604674985, -8.64406852706901, -12.048331516597777, -9.746682520681501, -8.158149012898413, -7.430235629343237, -9.066266371360832, -11.620887521756785, -10.569297592012164, -9.379422167382097, -9.689144938816195, -7.889088858221624, 2.929613359149747, -9.092601804412173, -9.489434908355038, -9.649948832995483, -8.809286160814104, -10.348587800634776, -11.869853727486998, -7.939012265076594, -9.104482765107269, -8.508929888036304, -10.996283292331547, 2.965815141092391, -7.435630445849303, -11.036028159253139, -8.142925085276541, -7.80020439660576, -10.086415080873426, -10.285363015813681, -7.738855297077558, -8.89634577418628, -9.256495067239042, -9.641979721853165, -9.060050654243005, 3.0255671326962807, -5.427875870806722, -8.122959600209057, -6.193343812779811, -7.369025484879901, -9.974507618637233, -10.519452910051054, -9.869179765808015, -11.98187443867417, -10.677868159624602, -7.83998843105952, -9.912433762527634, -10.05088253633057, 3.4706827532184974, -9.822368103007491, -1.531369262636153, -1.497867893819426, -1.53994686422545, -1.54649817686281, -1.5337817178494892, -0.5219354415017396, -0.49135607965094125, -0.5843093646443233, -0.7602953554629149, -0.46227622824304343, -0.6270113714261074, -0.5854057875887894, -0.601926314492585, -0.5911561295985928, -0.45569893972235365, -0.42998309170109444, -0.5408267303695694, -0.6348683645048134, -0.61956894668697, -0.5857705531321391, -0.5408492561157621, -0.5511822060151095, -0.40168183013490316, -0.5216443925094152, -0.6548664414834636, -0.5811832352925029, -0.5388401255199559, -0.3993191351654845, -0.5849191612963501, -0.5781967268180478, -0.6490152016689731, -0.5395536971357379, -0.5097049547009324, -0.5714296791681686, -0.37812582256692606, -0.69164521156722, -0.5631983405637786, -0.45287290878209613, -0.499683323836673, -0.5454280329909283, -0.4551676661541134, -0.5752675550552753, -0.5124535562216558, -0.31866475764454805, -0.4278439846556607, -0.42153587083632943, -0.4450227924821663, -0.5116084033674614, -0.4256892171640225, -0.5649732348460399, -0.5372546736757888, -0.506890508409427, -0.6693141291145305, -0.6216720499735612, -0.417128768450296, -0.5282818644786844, -0.5633099151546687, -0.5888695561484012, -0.48098786043211683, -0.6251146179159813, -0.6224528281914118, -0.5842258798963887, -0.5192078730824442, -0.5364532450762411, -0.49763138571770876, -0.4206311946321179, -0.5273760213737579, -0.5918048373923608, -0.4023346154397906, -0.5180410636673018, -1.5439909643641783, -0.5019886083337148, -0.4818636201434485, -0.530875993457025, -0.551524758517869, -0.6283702060113266, -0.5322454698567459, -0.5861850951486498, -0.6777289164487916, -0.6679321791486674, -0.45338947877098074, -0.5178510467598139, -1.5680983412867686, -0.5480923757068346, -0.6294900268797184, -0.5943073982541432, -0.45933184549687256, -0.46024497820234417, -0.32450298741897765, -0.4812857979146617, -0.31118859084583883, -0.4176473224314616, -0.5546218948301462, -0.3273183109190675, -1.5677404081795019, -0.5120012046826828, -0.7055784962494744, -0.5089864009754765, -0.4717035699215885, -0.556968915249554, -0.47096215752597775, -0.48632909928556206, -0.5475281603987675, -0.594719569985133, -0.598698602912051, -1.5686299316549166, -0.5885535901869071, -0.5177895706383001, -0.42251837272888926, -0.4875971466887406, -0.439977699303619, -0.5260570208205693, -0.6038400251662918, -0.5068084782990572, -0.514225877135493, -0.6017042526833312, -0.6524300259906229, -1.5080967781020844, -0.4823232921362025, -0.529320119803558, -0.5452307776425249, -0.4014389215945671, -0.5454422142643631, -0.38548233048243413, -0.5283026447965263, -0.5069549769486408, -0.6841284795546837, -0.5144345677465116, -0.5709549273287857, -0.5186954112621963, -1.586890869678272, -0.5321380138602343],