{"vi_exp": {"vi_seed": 42960, "coeffs": [0.24350158631041463, 0.22353578125368853, 0.2105363477657687, 0.19630735355084983, -7.537788034991799, 0.2047973441577673, -11.000942526621136, -9.518219442446107, -11.242853255175433, -11.128223575145958, -11.17011706510802, -11.284068801523416, -10.831943943228495, -9.411406517507432, -9.900635055554671, -11.787492105048655, -8.842608060810475, -7.802564040063849, -10.199869027020046, -10.285688875233367, -10.37978817219059, -8.542444226242637, -8.59446717334784, -10.74704280819564, -10.581497076613173, -9.665428771359545, -10.62651468118442, -10.159261305196592, -10.305225816891332, -8.919233707225352, -10.081406455049981, -5.552855398553729, -8.549529242109145, -9.843183468806888, -8.76557087229654, -11.875531094760534, -11.410207204151614, -10.738759158160331, -11.095756948528098, -10.350598868593435, -9.696521600843138, -9.044802886695459, -8.656438174602226, -7.397528024692487, -8.413950608726513, -10.420725003164641, -8.3223898780173, -9.275296148899038, -10.694220754034903, -10.956261544439426, -11.066522830339215, -9.955611556103563, -9.38989839048749, -9.215765295279455, -10.181818577311674, -10.518825222173152, -7.67462029648248, 3.283667530977451, -7.701125215468537, -9.318717022590556, -11.63013285384907, -8.966908714539159, -9.569939446474908, -9.83261733114376, -10.37274629270266, -10.14080302041684, -8.752530834177545, -5.732225503195496, -7.644254021740455, -7.476588820555464, -9.028181443947878, -9.34784612405034, -9.192354172113967, -9.59287419381906, -9.212355105040723, -10.246596213962125, -11.409099557108902, -11.559041617004763, -9.810838954349965, -8.768238456058695, -8.418383826340946, -10.947762025069965, 3.1865787596295942, -8.315604546171981, -6.255517195210676, -9.26755863816797, -7.9378497831254595, -10.475467510956049, -10.134289663389396, -9.086625585576783, -7.837142381245314, -8.511975505698928, -8.507980867123855, 3.1865652747254756, -4.965438620268626, -9.973150985914476, -10.0390344133, -8.63282250496008, -10.23062504767861, -9.35285435214058, -7.817587259635323, -10.011706979258063, -9.608296301186229, -7.480144756401202, -9.093773384285562, -8.622216569931615, 3.289597858767346, -11.70474202962702, -9.911757255364465, -9.840068394966048, -7.709537991053314, -12.385984424260435, -8.616280898950947, -10.039745127638799, -9.628706055046383, -10.27394475404619, -11.013124449832471, -5.258185717953947, 3.458644487179064, -8.007291094124211, -8.051919456093687, -10.15401251937265, -10.000299021946505, -9.836889051082196, -7.682121346933363, -11.392786358797403, -7.905326274311671, -5.835759447042641, -9.420341745404416, -7.721959269610395, 3.66967766381905, -9.881560716219655, -1.5220762329804305, -1.5585535305304452, -1.5371961049944767, -1.562000080128567, -0.45071587357103776, -1.532314136951329, -0.5844880659128183, -0.6047996421011725, -0.49825900704705284, -0.3142211648480724, -0.4970697179751143, -0.5300642198406188, -0.5971604572488324, -0.5802431427214182, -0.5258720208360522, -0.49508641627871686, -0.5168601760794951, -0.3901672983808314, -0.5268379140841086, -0.5316483178576836, -0.2943416050020651, -0.41082604617370516, -0.5258712629897249, -0.5399595308208164, -0.3146026134079258, -0.6825408785062255, -0.5604555599563354, -0.6131841411694232, -0.5607900914939793, -0.5055426537930449, -0.5776659419519391, -0.39097077744375847, -0.520155758798514, -0.477296675444295, -0.48533377836313774, -0.4656926482829996, -0.48946687258364274, -0.5017546845155609, -0.500673853213023, -0.4680290431550359, -0.49967598348389813, -0.5922472987577253, -0.5068918469254833, -0.6179390522764785, -0.47531580479813645, -0.5157514156171784, -0.563934239680339, -0.5643613014768311, -0.5638260548233028, -0.5354349569629012, -0.511548050848663, -0.5229619832906688, -0.5314011670131816, -0.4600580980118904, -0.5512329277616266, -0.6132164369532239, -0.5326914053948663, -1.556792377633414, -0.5500620148214259, -0.5278386151062662, -0.5929015119078043, -0.5572846006089537, -0.5072537712015233, -0.5824810522022227, -0.4386947926217427, -0.5307522606287094, -0.5023347147543182, -0.37968424527778305, -0.2954152683704767, -0.475296435665092, -0.48432915561494555, -0.4454971146263428, -0.6015169207656164, -0.3539550338169429, -0.45226319319193226, -0.4597364380258234, -0.36779716134424467, -0.5176507368591649, -0.6308015484927129, -0.5988278066095338, -0.36842070192422216, -0.4331213874808126, -1.5568492601711115, -0.446861692729809, -0.5283676105641257, -0.4307209779804155, -0.5103979998166088, -0.6090394729286397, -0.4755879588729865, -0.521038749997729, -0.5819913487167414, -0.4454299612337867, -0.5183989381477192, -1.518654650300592, -0.6421170938861136, -0.48583527559167783, -0.6349337259727192, -0.44016147661916355, -0.5925264661186181, -0.5417709380808464, -0.5411946464790841, -0.46525174520129253, -0.5405013562217682, -0.4317108898191207, -0.5225848825917857, -0.5797667121714837, -1.5462994283379188, -0.5060785558480475, -0.552293506890198, -0.499649012703027, -0.46306830941102195, -0.5033188022809574, -0.5547518655647984, -0.4951738922175836, -0.5008074506841198, -0.5988168303968644, -0.570684168442808, -0.44028499676590754, -1.5660560211868824, -0.5005577399739339, -0.38913935766747265, -0.3746756484147217, -0.47486670536901116, -0.6045688371389066, -0.36688262981412945, -0.44978491782138413, -0.44935430848636754, -0.3066618278112607, -0.5963222660804741, -0.5688767709584125, -1.54451280703546, -0.5293357861993667],