{"vi_exp": {"vi_seed": 1393, "coeffs": [0.019935684814481047, 0.022216782802062744, 0.021397385629922577, 0.03437074496204844, 0.022478705936135043, -8.99717995354965, -11.27060540421772, -10.530533606965278, -11.396346601170839, -11.821821278749663, -12.760770857735334, -8.496606226527739, -10.585141170697456, -10.862130169404987, -10.956133939577109, -10.219186408111742, -9.640795630340268, -12.572943589785275, -9.636866300666565, -8.74835375008771, -9.527438550388373, -11.779951253340412, -8.237853090063139, -7.4086626657070385, -12.69781699253089, -11.117694926275181, -10.147916746917412, -7.955173138709112, -12.286035603822857, -7.885742063766532, -8.925647749688043, -10.038257631115888, -7.367453829261841, -8.426109103403206, -8.610800064654594, -10.151146628331437, -10.539585073823451, -11.56081557732587, -10.89938242999663, -12.312159811080603, -10.185527995422122, -9.298936697413794, -10.50131001427529, -7.772989555039232, -5.73815623818912, -6.968048507662051, -8.75935133265178, -8.54108536963983, -9.617041070629085, -11.977560268515349, -8.966571047287871, -10.557531991801584, -9.779378499472331, -5.040352308581021, -8.078210945251278, -11.092984987800259, -6.643503989040737, -6.822522967707114, -8.410746515836058, -9.273857266811042, -9.684318602809187, -10.741416636102946, -10.24693346989987, -9.308265967810211, -7.906133916981573, -8.296867919615996, -7.960810430574686, -9.124303539994251, -8.718316544060755, -10.239696151354604, 2.8894264688876277, -9.733506258314227, -8.203110675932965, -9.693160351325998, -8.569812616360073, -8.430993103926603, -7.856508653041182, -10.310977900570837, -8.949853079041901, -9.421191055680323, -8.523998805565702, -9.215921785782013, 2.9869573602564303, -8.918125303328571, -11.244232419267808, -7.957242008875428, -9.049575497217452, -10.591171434644956, -10.415161390634829, -6.396685851222285, -10.307941064671478, -8.577114920464613, -10.861375592118586, -9.295508238743501, 3.097596496226141, -13.912017908079239, -11.122363722531277, -10.363811792234602, -7.260123258195606, -7.947242037377396, -8.404755237369756, -11.083407474641895, -10.189920405367113, -9.125004028963803, -10.404222023318988, -4.817958679716523, 3.207016531052242, -10.581029153037587, -8.480475954956507, -10.280701705123086, -8.714918224779957, -10.599328675001768, -9.670499224534057, -8.945661413550148, -11.35093507903804, -6.027195978503608, -9.238832703516167, -7.178073170090004, 3.3777961879214766, -4.907891458297323, -8.270338061112163, -6.728927115528361, -11.426617261105019, -10.06806086766266, -9.792174183550133, -9.163480404487057, -9.966402340574767, -8.096285341563561, -7.347663121053453, -10.688757422806717, 3.7387902190266638, -5.048104955141697, -1.5233621840339386, -1.521834945385463, -1.5361089057455686, -1.557476807517891, -1.5100994301421937, -0.6513041213227617, -0.47863572865923293, -0.5921003251996627, -0.4841426426807959, -0.6279311231636056, -0.39025642369664726, -0.4941914842019365, -0.6096770825535511, -0.40034573015268804, -0.3965067056834895, -0.45564924827176895, -0.5744210873278898, -0.5060291783307855, -0.48703964850569686, -0.37322112471217755, -0.5910155069322764, -0.5424352719710682, -0.5024753075869022, -0.5993983530983092, -0.4593329612028318, -0.4888018953896709, -0.4142461280747038, -0.5408327695184278, -0.39085899108705785, -0.5933859226175742, -0.47082466922037847, -0.5499359701841883, -0.401474717471104, -0.6080726558347612, -0.5638581553882969, -0.4714767194722219, -0.45295461371638146, -0.5893059052875499, -0.3480484427783054, -0.5166453103863854, -0.5568834472789781, -0.36938819194218475, -0.6219566813103183, -0.4317804648394947, -0.4536177947064171, -0.5099347113722862, -0.5283346494096869, -0.4762549586457531, -0.3494403978590674, -0.5017055924615225, -0.520193024241168, -0.605912925833339, -0.6750002200450472, -0.3704424331700678, -0.5322097526967804, -0.4813404299075091, -0.4233641706037171, -0.5605024324312234, -0.5514779915281407, -0.4760067578152508, -0.620846996115688, -0.37839189467140855, -0.5508129845787308, -0.5886846523853372, -0.5125799916402065, -0.5739155628822684, -0.5311036258246316, -0.5023548787847646, -0.42920932711074733, -0.5301648386601214, -1.5543784066972828, -0.5587314891255505, -0.5060816998657789, -0.5567144110491506, -0.38216907015311496, -0.5547143713382042, -0.37948483715192016, -0.5327966816178749, -0.41779729166057145, -0.4424517113724448, -0.5267503138349666, -0.6256062398987153, -1.539312048126048, -0.519699472789042, -0.5983628991803969, -0.5842956873003319, -0.4108900568815139, -0.5924721424625602, -0.6079857053163379, -0.5876488638181506, -0.44340171118791505, -0.5649661122141288, -0.5767279921011002, -0.47262924466264317, -1.5618731970984574, -0.5190390345210566, -0.5071340975932839, -0.4114282172593703, -0.4127812182476374, -0.4862121233871024, -0.5328024375144672, -0.5466079257088072, -0.45950661346309885, -0.4842741592849541, -0.6026095708998335, -0.4612883270336116, -1.564180498972861, -0.5545770387418013, -0.613161264632252, -0.5223572081977363, -0.5513124017823762, -0.5638430975044532, -0.4716045783361003, -0.5632423874149471, -0.45306700316971266, -0.4049580211224246, -0.3961945226022447, -0.425714699877219, -1.5271207230907424, -0.4031525943681263, -0.4417324154855743, -0.6320712704245425, -0.6595203793977104, -0.40925201628308683, -0.3942659190823328, -0.5399453293534522, -0.6015402080211544, -0.49716295783068737, -0.48851093820281355, -0.5780627970068726, -1.5364537780956902, -0.5264667277787153],