{"vi_exp": {"vi_seed": 31101, "coeffs": [-0.07847728619201462, -0.04278453905604074, -0.057666690793722, -0.0672448700974972, -0.04736352881019277, -0.06874169228654542, -10.961470015120938, -10.31582045189138, -12.048916794027653, -10.7666194501381, -9.984132823737136, -7.547595166797568, -9.017755043616242, -11.654770489240118, -6.869983762221235, -6.500433293131823, -12.044691351918143, -12.286443690390875, -11.688222253489636, -11.999559575149872, -6.39999702672991, -9.035990718652485, -11.641848966699088, -10.55838755092244, -8.982961617393068, -9.506558030462113, -8.82759416493959, -9.932254966694158, -9.030699627747381, -10.508178522598573, -9.518596101680021, -11.038103418981011, -11.216132725549137, -7.755737628560844, -6.819494023618437, -10.961230410967177, -11.192021349515546, -8.732078580923561, -8.943307248358254, -9.77871927727216, -9.57308134284755, -9.550940635249464, -12.211771303533995, -6.912959367304908, -8.108718851948773, -9.173798730458914, -9.662797348934419, -10.574788370841151, -10.455956068790497, -10.90277988145516, -11.381986265830841, -8.78422693120585, -11.24603812819391, -6.479910131206468, -11.65191776291567, -8.608038059211209, -11.257275842318025, -5.430472410935643, -9.248278480315914, -10.059975563351275, -12.916393504776138, -10.973951067329725, -6.909404605203424, -9.041910524016648, -6.687841178140526, -8.976214288058607, -7.570863678868221, -4.782587389447866, -7.17700420966501, -8.509616437312747, -7.619125441323544, -9.56531200659436, -10.494048469673825, -7.314264749256414, -11.381787849078046, -8.081065299355911, -8.779206372924843, -11.352044294686703, -7.182115066760653, -9.250506941643334, -7.91590490612784, -4.023649184009768, 2.908866604287479, -11.13704433150766, -9.490977939425255, -9.538707361526376, -10.125913706434458, -10.170068314365269, -11.866926519811301, -10.157533811899256, -9.212988649413159, -8.211864428326999, -9.93547709615269, -7.651780127563093, 3.0201613787337633, -7.299270822671686, -9.269650663118513, -10.151638377386139, -11.02885361727888, -8.673840461513517, -8.533603917299558, -8.21597287840428, -8.859132815820987, -10.285103250321034, -7.958592821134617, 3.0014722040276305, -8.863287593543648, -8.589367059433197, -6.371348607502433, -7.073003135272031, -12.156309956923781, -8.642845624129876, -9.530320972754946, -8.722277960787407, -8.777192132811043, -9.179439277118439, -6.981750912271574, -8.23202165635636, 3.204443743880782, -8.42934492922432, -8.16698744097172, -10.597964562900698, -7.745914944478651, -9.094086232859189, -9.768485721155058, -7.759596824025895, -9.99108977775721, -9.412680869098903, -9.594322512096271, -4.482647482676359, 3.6747313766934444, -7.728502198721971, -1.5511739585684605, -1.533062390824571, -1.5346906878874127, -1.531168185851593, -1.5366560636618807, -1.5763618513805933, -0.3737397411503168, -0.4601457961613224, -0.3593590922522329, -0.5088586081132688, -0.5458352227364609, -0.5900649713494125, -0.37632938680651745, -0.484192488677091, -0.47018002967427736, -0.45229503953656114, -0.4986761663136024, -0.5171799577517562, -0.5364651347926663, -0.4893432002972281, -0.4205355821321196, -0.4986814181409434, -0.5552349064314939, -0.37135090589824504, -0.427497774532431, -0.5927407328678151, -0.4377808205786676, -0.320813106172708, -0.579888076985093, -0.6364938426505896, -0.4708952302359042, -0.5053710444247498, -0.4743285153520165, -0.6196346593696328, -0.5815483477876229, -0.5486980419932586, -0.44047592895401394, -0.5811591807162098, -0.5579817407162051, -0.4885342326766469, -0.42735921462567694, -0.6153413627947503, -0.564189516396395, -0.46884249771830144, -0.5290514143226018, -0.47708324032384086, -0.42109873757541766, -0.5507016032729509, -0.44468329505934967, -0.48385628514644774, -0.5698804787876074, -0.5600659378986378, -0.594082241488755, -0.47105670380193077, -0.5349928666380175, -0.428085489739354, -0.5727716071962848, -0.5277472795041792, -0.44871453245089016, -0.5440539198273859, -0.40958823025756835, -0.4982813515588404, -0.5257317526496658, -0.3942658964918711, -0.400994002339394, -0.5793564591376796, -0.5931204621359631, -0.45992337271617845, -0.5433593985444053, -0.5801564112225699, -0.5638274804567662, -0.556074436745234, -0.5033756051869428, -0.5317547672169545, -0.5728991368079701, -0.5240142740606795, -0.4703885616079321, -0.48426934643102126, -0.39153720010912596, -0.4584076014683567, -0.44377151469134646, -0.4278299346874278, -1.5555868282231107, -0.43561209272937973, -0.6196631364448525, -0.49853359580286605, -0.4571167046238288, -0.4288255539059164, -0.635534503460665, -0.5344883005218553, -0.4893507695974649, -0.5179422422318454, -0.49275808346797034, -0.4419766156561228, -1.531989238535658, -0.38998845127131077, -0.32377022178009784, -0.4887316945010613, -0.6073684747395808, -0.3939294737396059, -0.3541387843393954, -0.4989822655324635, -0.577214880580214, -0.6058852036491283, -0.5033560455550933, -1.5485887328296761, -0.592607367450694, -0.42875918211129854, -0.4153941645408205, -0.33799015389256265, -0.4188051975962981, -0.5447056024922312, -0.5120413545259582, -0.3835031989097389, -0.5370490897941301, -0.5854954451884697, -0.44727860164425304, -0.5728782049536385, -1.5157173498552097, -0.4149321314396476, -0.4888781651974366, -0.5029950352507638, -0.4815218239905938, -0.5211254361513172, -0.5156819745452466, -0.5852079977039304, -0.5589601885301934, -0.4572590541616302, -0.49765367326671367, -0.3161247834703989, -1.563767836143808, -0.5811493844462436],