{"vi_exp": {"vi_seed": 47991, "coeffs": [0.20699821599682589, 0.23751859994850266, 0.23188961595591398, 0.18676998837786724, 0.21718804182717769, 0.2217877879138098, 0.2126447695364133, -9.36681552313743, -8.350420860793905, -13.069413444711794, -9.591840298226572, -9.39942973540722, -8.093895040310192, -8.11555163845087, -8.481240232260047, -9.155232967819366, -8.181217494980865, -9.146037762885896, -8.574985101668805, -8.873689698800904, -8.53320363168036, -9.633799535273337, -11.109619542452284, -9.78290677855979, -7.91318164839424, -8.859356063227505, -11.79806780847645, -8.95666643274004, -7.9091918967342565, -8.160285605121532, -10.440382215108636, -9.319934875154853, -6.646006249543998, -9.696252283195845, -9.551931355792581, -9.031658730878274, -11.801039993718005, -9.323516506269579, -10.373401816918722, -7.805720740709206, -10.557770240209368, -10.776260088956441, -8.753807735364541, -6.564742888651906, -9.255038624064623, -8.607279659851818, -7.877783619779099, -12.787040728697043, -12.739306180643004, -9.08769071344513, -10.691817424727065, -10.758909255589046, -10.204337448684806, -11.062105848280847, -9.604926037068504, -8.2562862779498, -8.950386799098512, -9.334667096641242, -8.549328374205626, -11.006709952567748, -10.177094936229695, -8.810018522976478, -8.42323974756439, -10.21567182113111, -9.908829689227824, -10.407927426208396, -10.454335770057378, -6.772931504091217, -8.114397815743114, -10.47072545817104, -8.746265818292516, -7.941683716729518, -6.615430516235102, -9.99882431225904, -8.249075074629625, -8.999143278353841, -10.261953762518356, -11.492164717561948, -7.409536825444426, -10.165801767635752, -7.385073378776817, -10.615499432681393, -7.4378607067474665, -7.890061412961048, -8.368085402703105, -7.199125705573642, -7.31784169172999, -9.993219281065146, -9.274846069478183, -9.3897721841349, -10.036250859041395, -9.639491043286, -8.928006584554048, 3.0681912311868933, -9.437959582553292, -9.642103901117238, -8.423028134189968, -10.327093428298253, -8.686499635102942, -10.726004984166336, -8.74348194515493, -9.71044717517199, -9.196969132392292, -6.584150673054098, -7.4534498292684805, -7.812608767948633, 3.19605976369308, -9.5164753783807, -10.302132587222811, -9.761181437726343, -8.416299795162336, -7.696125339956278, -9.627866950363313, -9.331891578813945, -9.079017037663593, -5.848912136519649, 3.2216336672609645, -7.550706785875546, -5.713735748162274, -8.764129864919864, -10.366327554950441, -8.884914654170531, -9.686085461307451, -7.113702041480142, -10.522808000062088, -9.810747730999374, -8.017859607912113, -7.43428340503452, -7.677560395036167, -4.949003921279002, 3.8619679001777505, -12.06127647129722, -1.5586994002306804, -1.5663417910326531, -1.5001516661326588, -1.5297312991527554, -1.5490965125989968, -1.5783708770335425, -1.5613564345266637, -0.5057626319389811, -0.49567143151962334, -0.621038026779994, -0.6205670769908925, -0.5169220509373141, -0.440307434054619, -0.5849155045563399, -0.5344765144496988, -0.5296364418353791, -0.5571686953275963, -0.5644312235726918, -0.5432414035904783, -0.37758886490081195, -0.5012591242741049, -0.459730705483818, -0.5427350822873307, -0.5692664098479936, -0.5320218422328413, -0.47940272952938007, -0.5834618876159343, -0.3550870821376597, -0.5389591507727989, -0.47363100952147896, -0.6649637638017174, -0.5195758601159832, -0.5920477527793141, -0.47216395821527685, -0.35617397018097324, -0.5805282392882212, -0.4464771510836409, -0.6191969979383144, -0.44555908191585275, -0.4780847184449188, -0.48696120501203355, -0.5256888905154288, -0.5529603629465731, -0.6015694217235045, -0.49675469698658026, -0.49279067789302444, -0.4574958590719914, -0.5837341213867887, -0.5575379378643857, -0.5340305466912756, -0.5865241122174623, -0.44880770643464996, -0.533202985096192, -0.5896903575528327, -0.6172571470466023, -0.4594684980771153, -0.532303148775621, -0.46890856846684037, -0.5901681094297098, -0.5384519210966338, -0.4282910954286749, -0.4503049644570232, -0.43989462218825814, -0.5415040995993076, -0.5163685831811039, -0.5309751540576928, -0.5887240570133696, -0.46570780493640085, -0.54281787351019, -0.4469209222656921, -0.4423849601445901, -0.4660172361746187, -0.5160866027529366, -0.5753074581990464, -0.6002133954314651, -0.5303259457223667, -0.4794246044422708, -0.603262604900447, -0.625975495884523, -0.6841394774557604, -0.47168603637719353, -0.5690738287286835, -0.4782680661469844, -0.4368309122815625, -0.4936370799725395, -0.40171540492389757, -0.5049580712373408, -0.4495001422268074, -0.425759452618114, -0.4422474257123403, -0.4275210254356815, -0.4287640425649104, -0.6213004504660444, -1.5546834663955769, -0.4764620309395938, -0.42320701177310477, -0.5814975643818359, -0.5301517869461787, -0.5166765105095673, -0.6626005817356713, -0.5388292395300047, -0.516137965994952, -0.542359078640764, -0.5150451216117728, -0.5907758278490366, -0.5935405914214081, -1.5652978210621453, -0.3454700039446894, -0.4304884727240068, -0.5209361098965074, -0.5296821242508425, -0.5009374760724749, -0.3485615967934475, -0.4501984707624466, -0.6706358489380686, -0.49526461130421806, -1.532261173018547, -0.5877459282670127, -0.4943916295985635, -0.6792867600934023, -0.4943453738449699, -0.47036604879537625, -0.5705330216157855, -0.508623955684145, -0.5736716929426466, -0.37222073962398927, -0.7054090692364742, -0.5228178553563385, -0.698728852302275, -0.5943691946348543, -1.4971150178402517, -0.5812778505906558],