{"vi_exp": {"vi_seed": 49612, "coeffs": [-0.07038333549551017, -0.07570306741189574, -0.10503000687727627, -0.0739600583678185, -0.06243730105924079, -0.06494852915773904, -11.017968452087509, -10.149031861132569, -13.413705805224756, -12.114093284084273, -9.644367545473722, -9.49053956809365, -9.856735154669105, -7.997426686870067, -10.759282925159232, -10.944068359099074, -10.054251392053494, -9.018810322773342, -9.93794360885832, -8.072085133517957, -9.962691907446896, -9.424096442391932, -9.473172664647853, -8.669580219633495, -12.601737480521619, -10.700655700187522, -9.259599363942753, -10.15842574360706, -9.565137542023841, -12.070222438552182, -10.542279753431332, -9.553912564063717, -10.8074442192619, -10.244833758394703, -10.396443861222217, -12.007328376885479, -11.710510344684852, -8.492983334421286, -7.346619435707589, -8.804508211176897, -10.758932848974943, -9.930687253977833, -11.859924497090512, -11.562894014217633, -7.647700154200221, -5.859898812742821, -5.937974258011796, -10.590053864721577, -8.853122876423072, -8.789405180066007, -8.809181362312511, -6.609040965425803, -7.6415514960880415, -9.291117847012478, -10.164129802642218, -10.100458344817065, -6.096763084801782, -12.972180133113172, -8.98489374903803, -10.812843986000637, -8.71221343242641, -8.400195358400973, -10.305127289846867, -8.852621038115897, -9.596964434085045, -10.229152035204764, -10.315788540123146, -6.8073527920600085, -7.4463474689082325, -6.192302182900358, -6.9056295360021265, -7.811368075113843, -9.919542666075046, -8.338735220388342, -7.546287986465499, -9.848682011440653, -8.909170951368186, -9.792325597694875, -12.181922331970792, -6.952202279940345, -10.048445279726877, -9.869191721022835, 2.9101848086790065, -10.498081481617247, -7.831991042504719, -10.690972032831093, -11.669631645732686, -8.519532574679468, -9.50787401966511, -11.665728916691988, -11.221205483263338, -8.792369947924506, -10.099839069390743, 2.8978562879871883, -5.309403966927139, -11.040657196882524, -7.883842391365809, -8.570339995484762, -7.422921951757341, -9.044445550822692, -10.972289168637857, -9.440848119671305, -11.327097021847209, -9.733846276217584, -8.640659838123515, 2.9310943910139478, -7.1908695114116155, -7.553554475137351, -8.475152679232627, -10.290338403439833, -10.715323752373854, -9.476749708364753, -13.33957403730115, -11.129349501201562, -8.7665854351774, -7.604447367446762, -11.204100591603726, -5.864541498977354, 2.9977001240867205, -12.148901402346924, -11.478445533526804, -9.615938592916295, -11.214902121663767, -8.11494607414194, -11.273515279459543, -10.88806661909431, -8.78054100614041, -10.604357617949294, -6.295790724707957, 3.054653120281164, -6.9207227141661, -10.300277049130711, -1.5731969975558155, -1.5582344380284745, -1.5446464620261873, -1.5422224077788849, -1.541227307609875, -1.5014810470638236, -0.5666489321049647, -0.4569882458218238, -0.6643883190284482, -0.49120407506278707, -0.284789169953029, -0.4336149535477627, -0.48417544304482996, -0.5266817741825265, -0.5238410076018488, -0.6254349782634014, -0.46701302313607357, -0.5575866398846612, -0.5806766222233664, -0.2945343409212174, -0.6394649258503903, -0.48455713845563, -0.4048636328090195, -0.41701618488832165, -0.4275772221709193, -0.45055477544952327, -0.5309639289350397, -0.45172162456938064, -0.49866709040955237, -0.5575752335390599, -0.3939701588714737, -0.2850007678184343, -0.5366473191077978, -0.5624601329306905, -0.5442143691386043, -0.4988970992222742, -0.6720663023847337, -0.3987890769192752, -0.45239758867658864, -0.6129679382786988, -0.5168045485546542, -0.4771405034545085, -0.5466362271036811, -0.4808550969778362, -0.6168062977236249, -0.5366721180627527, -0.2894796572175679, -0.49003855304741584, -0.5370384904909562, -0.4744508853131153, -0.5380049167635383, -0.5198256108254791, -0.5375882485692174, -0.5427006285152647, -0.5792725305490803, -0.44850637391009884, -0.6271691271673783, -0.5777309157806285, -0.5965380359396804, -0.4377483000109315, -0.6351118668045633, -0.5099942597805075, -0.5364543507210316, -0.404950006804307, -0.5740948104031659, -0.6672564332949533, -0.4435311726450705, -0.3474237096869462, -0.5237702007059171, -0.4995254654247619, -0.5844879507993153, -0.42988191773096307, -0.5205795401309911, -0.45695578963992395, -0.6568161479768023, -0.5042766549032521, -0.5338432683347382, -0.6390022407841932, -0.436365363599887, -0.6147240664884123, -0.6018176289841626, -0.7061460418226262, -1.559027255352423, -0.55125824534411, -0.5139985449445479, -0.5178949733587485, -0.5501106959271687, -0.5625825345287312, -0.6106813738085495, -0.5852166792724598, -0.4056691247635703, -0.5821604367227942, -0.48112289795680163, -1.53035930706906, -0.4220615941371353, -0.5964148451760701, -0.4695312791426356, -0.4969627817483136, -0.3243607985836052, -0.48132588458620945, -0.5790361250796467, -0.4666028302046754, -0.5798368145095603, -0.5477771967638556, -0.3993518767777273, -1.5673663864026615, -0.4814040104778852, -0.5507104951228501, -0.47636374640100954, -0.6259318287575428, -0.5572442835486644, -0.6244623549523561, -0.39244593960327445, -0.56315634311916, -0.4785936584466038, -0.5811659519887492, -0.6761039800168833, -0.6184835642544044, -1.5981522611869028, -0.6601278029893362, -0.3946450138536758, -0.48966148473576526, -0.524732444045566, -0.612484193463395, -0.5002732676238135, -0.48385932466547255, -0.4909162930862341, -0.47167209870701826, -0.54042637696936, -1.5446105615574515, -0.48942948701067013, -0.3730999914592405],