{"vi_exp": {"vi_seed": 22106, "coeffs": [-0.42740614915341246, -0.4290801113892938, -0.3971921556652781, -0.41610600448117663, -0.43688977797095097, -7.487806732257136, -12.247735716731862, -12.442061678700435, -12.517509536146038, -12.533005889381828, -12.157838313753548, -7.212589355212691, -10.666907853494356, -10.942058169217072, -8.584538329447728, -9.462581815776996, -10.033330963907883, -9.295571176998434, -8.216621253022085, -9.544240483391558, -10.691815703245139, -7.447326027066121, -7.36908835921975, -9.821630785290088, -11.042509841310745, -8.156282463323477, -8.996120719351937, -12.013881242756847, -9.173450848773095, -10.252617020705866, -7.405741678102782, -10.935681344695622, -10.563557861066274, -8.744283539034853, -5.360248831104318, -10.28663766900437, -11.584064751390127, -8.568199166818616, -10.315281229560991, -10.8604440589905, -10.839534123185743, -8.848769962830762, -9.788993651593612, -10.270600152055167, -10.490479031060142, -11.401845287409596, -9.755459809676516, -11.972851867943142, -11.720579359064175, -8.971511518929551, -10.502436810104644, -12.7175935132848, -11.02362022450953, -11.366177441942524, -11.510067539055795, -11.242037881821277, -8.66172825327327, -7.964896368758689, -6.600036436109354, -8.906380204726885, -8.795452657815048, -11.614330472376649, -9.058009360772553, -7.375270693656506, -9.717105978688267, -9.054287743131757, -9.203358441999347, -8.638626535965686, -5.593623493694949, -9.387567929345566, 2.3478565241695164, -11.544941350136977, -9.415363126766891, -8.964838690687928, -8.78938769823836, -8.546956800825141, -8.048774554121252, -4.508909265233622, -10.526836332127402, -10.10082019796188, -11.72288447188051, -8.343833572100486, 2.447662300530646, -11.986604708261716, -10.239332880162573, -10.076160563582372, -9.662360648196392, -10.274042295306781, -8.337548746585053, -9.295170625111869, -9.219378008532459, -10.035500050452043, -8.769441920851431, -10.319402644641208, 2.3847640297432093, -10.95353686602971, -9.386212260157924, -11.274621116235508, -9.488210927783447, -8.068006591997829, -11.508046035028345, -8.715095778463407, -9.436002955599607, -8.415614389920497, -10.045627823503692, 2.390228655352602, -7.356601905030919, -8.968276805878457, -11.171981229915444, -9.335800922150534, -8.792510728902274, -10.23353157113821, -11.12898220445245, -11.467971561316292, -9.56687434415644, -9.04532611560661, -7.937447851170021, -10.66973532955531, 2.751118574960104, -8.92302531298893, -7.201504925026635, -9.48235627053178, -9.053216849633616, -10.903403161559472, -9.107892656229495, -10.931541154201087, -11.735230940684994, -8.683242857321016, -7.464318788794374, -10.108044511052062, 3.205418706294065, -10.32424058307787, -1.5510499164869391, -1.5868581405964273, -1.5540871385430026, -1.555670370715605, -1.5217738105760605, -0.46635737257369525, -0.6222371091883285, -0.6125808183668376, -0.6533186108730935, -0.41844353934177775, -0.3519116605948665, -0.4449093800354776, -0.4193744514744629, -0.5682997493111716, -0.42408301941788623, -0.5948310014546909, -0.6384661798629628, -0.47036859409291, -0.4571248623331302, -0.5979219418656313, -0.4979695291312729, -0.28572019503042334, -0.5144718156148202, -0.4154831350905113, -0.527774218297776, -0.5328137077787791, -0.531370677588055, -0.5601763514563531, -0.38729206101178754, -0.5932068253370295, -0.5770860348549798, -0.632412576311013, -0.5840764058846338, -0.4487998409358409, -0.4531895507947419, -0.5303771440440211, -0.5485454201617384, -0.6027577147391037, -0.559992776229952, -0.5953753726043755, -0.5109425767135509, -0.4920738838367797, -0.49845424247218145, -0.520912161349709, -0.43578906630412806, -0.5272312721635507, -0.5661763564130089, -0.4330544953448874, -0.5386925506629862, -0.39799067892920886, -0.6436860030274542, -0.5086847979096493, -0.4192987200543212, -0.5630277453411331, -0.5521087997900224, -0.47024439785947747, -0.46460876328305983, -0.45134148141527536, -0.3776428790457257, -0.5770293674961926, -0.5117770566535206, -0.5006593045987524, -0.6530306541763019, -0.6371735200016616, -0.39727788311596934, -0.5168966997191083, -0.6017569247676356, -0.40643410311597367, -0.49270842190949776, -0.19439455747776632, -1.5405902888407899, -0.389105865727644, -0.4847372975836078, -0.5171593391092961, -0.5880136407192531, -0.36201301592259466, -0.5266307340046942, -0.48566933575621063, -0.39174918044737717, -0.6126126349701381, -0.5810097154850818, -0.6423565539091401, -1.543762798143477, -0.45790187138513133, -0.6632890194321814, -0.5111219873600154, -0.5405271711823882, -0.5040763289393445, -0.5466990494208591, -0.5544706991016597, -0.504345074345526, -0.42963776569908774, -0.5343895606989572, -0.5615614631342001, -1.5467345569819495, -0.46063930677661674, -0.458593470438789, -0.2817724715582154, -0.4846363154272103, -0.5148248920954229, -0.5731477720446368, -0.5118410306123007, -0.4676409017813856, -0.5466979958101459, -0.539867299151279, -1.5509888400811465, -0.5485219667778354, -0.45119436615770186, -0.38712361555463487, -0.6187018209484587, -0.5295370601056237, -0.5124309242548379, -0.4244894971050232, -0.6487884498073851, -0.4869142787858997, -0.59791785527471, -0.5608394986819359, -0.6185769388999627, -1.5469263799208999, -0.5928141627620449, -0.513767192619581, -0.48619057727080733, -0.35335267766855305, -0.6921908916208084, -0.3995217747083701, -0.5911500180830532, -0.5948058641082019, -0.5138546060910241, -0.4867566127975314, -0.5398635492910543, -1.5522895827831829, -0.48593796900372244],