{"vi_exp": {"vi_seed": 61256, "coeffs": [0.17252700656095568, 0.19523043157255346, 0.15003713952828926, 0.1625351999641345, 0.18914745396713575, -9.045026019663505, -9.714770972907232, 0.19736524995253055, -10.734409979332238, -9.561030384197572, -12.312544455063641, -10.749272863058707, -11.364097027011418, -10.66615002190059, -9.040417570600757, -10.076906127998027, -11.688095446846095, -7.559657125442463, -10.681756412610758, -10.481280511615982, -9.524713531564002, -10.245419554573687, -9.161077664821143, -7.873455142080958, -7.989186903987497, -8.73902651896461, -9.140753746934491, -9.795079847904557, -10.379257957798282, -13.413079417974116, -10.061497683808875, -8.041555030858895, -9.54065273102589, -9.992968520684283, -11.885173922795, -11.168766987355049, -12.983079492503894, -10.775422472245323, -9.402031196372347, -8.828585178870457, -12.487424005121781, -9.796702114236783, -11.71633192292373, -8.635954457904708, -11.386411256979065, -10.545420057665028, -9.098580964743606, -10.89664784240339, -8.385693339194285, -7.320165500186019, -10.000821436433098, -10.363997472793644, -9.937897671771667, -9.322831106245756, -12.592620032860463, -7.685455100516027, -7.296897431362563, -9.767678494285176, -7.667313444534486, -10.998751576020393, -9.723892729911743, -9.677461427690341, -11.082019479789734, -10.398920943918364, -9.071097187004428, -10.170648995969188, -8.409028385650462, -8.723259785490837, -9.856409176104552, -7.396841309773983, 2.9727086078914957, -11.265786464724082, -12.152000919749575, -10.377915016320381, -6.784004506724988, -10.16281601993426, -8.650808944494162, -8.152953885918807, -7.378719898398017, -7.634285265813579, -11.324346704763018, -11.639188651394559, 3.091495820730175, -9.720261809886438, -10.412725801400983, -7.405005699586898, -7.939301302855034, -8.397106627292292, -10.44989368198153, -9.904549688482543, -7.612346571850372, -5.921062971917948, -8.140618221239896, -8.6093839662493, -5.905512356289235, -8.234364901465582, -7.912194265003211, -8.90363909490551, -8.360441130591353, -10.779666724622281, -7.49128628294355, -6.875801524835837, -7.654289609229187, -8.832330973713843, -6.597939262369363, -7.136957806158338, 3.2712354068127967, -7.91849700417972, -7.653084388957287, -10.402194915502363, -10.828694310242867, -12.363708607972056, -10.670186196010697, -8.903965472087156, -8.948016228135284, -8.795643446379074, -7.868212416477823, -1.675448297831636, 3.2238964285247507, -6.926421869702921, -8.516392872695045, -11.560757893457591, -10.52475791254386, -6.631851905590338, -11.720878130640216, -6.407504076754095, -7.339027625139141, -11.736788093401199, -7.704478291692997, -6.8787113012288, 3.5955419556700443, -8.99962518551494, -1.5618713802362658, -1.5535424247936638, -1.5387474890954618, -1.5651146747298061, -1.5758707085670598, -0.5764226278848589, -0.4851874702646657, -1.549554437915839, -0.5421318071314197, -0.267083933876085, -0.33366428365378814, -0.7026638055251901, -0.543946112673719, -0.5180663737605321, -0.6029398610667142, -0.5971563326487594, -0.5936616233409178, -0.3902573667890591, -0.5199981949526217, -0.5028347857750586, -0.5551259262682506, -0.5734493205826181, -0.40437995849761926, -0.4129719044103224, -0.5981529394763708, -0.3830605803511732, -0.6892299035204486, -0.5455392807957525, -0.630444617124063, -0.6711555945398784, -0.5121679460367908, -0.6535773995846699, -0.4485682125397069, -0.41880479178845276, -0.6162844176856985, -0.4741860941497155, -0.5515490967086932, -0.4544863513823002, -0.3958624458639852, -0.49814406300528, -0.44872461590649626, -0.3355197179355181, -0.4827428373112254, -0.5324775154187967, -0.5170752066456021, -0.6587871482865482, -0.492299978748015, -0.581730277578913, -0.37525632738475534, -0.5251166446206383, -0.5989610130402486, -0.7122879440680503, -0.5645924130354628, -0.502331803825133, -0.32399173486698396, -0.48652599521090856, -0.3865651455020685, -0.5464351893614033, -0.5426879164413764, -0.461390857967689, -0.6460921087512939, -0.5060625030048477, -0.38322533575264434, -0.5428977990559521, -0.5565239843595571, -0.5789722151570664, -0.38806415680672385, -0.4641582761042316, -0.5591522231490774, -0.5581394291192137, -1.525406737206751, -0.33543932451360275, -0.5413638741881184, -0.4221168460916198, -0.638928690621484, -0.4824770345000471, -0.6399387647105044, -0.4375887038344797, -0.4874034934431232, -0.47047214922757863, -0.5482619107784774, -0.5063260764376315, -1.5262842095553837, -0.5438323394983867, -0.5497990662760228, -0.5243984756361005, -0.45941126702791446, -0.3816301716519445, -0.5649841283062568, -0.6089226448453432, -0.5769267795011426, -0.5661511522509718, -0.5145704257108049, -0.46243182092141294, -0.5384798038268026, -0.45197228035774006, -0.5507595956554532, -0.5764775582538775, -0.4173395003120848, -0.5722952887701849, -0.5906273695668696, -0.5090042485899138, -0.5170046733212907, -0.5017657070399906, -0.6070465039982641, -0.5361635203518695, -1.5611255187272508, -0.5010984933017195, -0.5567339117245312, -0.5475985347284128, -0.60813426259346, -0.5891650837827763, -0.6597258062044901, -0.6148368965703155, -0.48941710974810815, -0.5188328969852665, -0.27971951055563105, -0.5366807337199871, -1.5533569692318692, -0.5493279647659566, -0.4724192082850655, -0.6421035967677912, -0.5497255464098281, -0.47667722117078215, -0.5448421952629016, -0.5419452115084289, -0.4396293533232925, -0.5494739296354623, -0.48960864089344847, -0.5095826421778733, -1.595348922331551, -0.5359583323217311],