{"vi_exp": {"vi_seed": 15824, "coeffs": [0.35787566992297726, 0.35773895599388417, 0.3590381456988718, 0.33050762947872314, 0.37745267792496223, 0.3456873191859388, 0.3583964610128034, -8.647749102565411, -13.011093846331738, -12.380512396117794, -10.675580748248656, -8.227466706182787, -10.329171108318956, -8.33572437345366, -11.582135839712853, -8.825485146736892, -8.586772296509135, -8.259324996215263, -7.778376164032423, -7.007353287943279, -11.100587701820675, -6.621025298621781, -10.2056610830592, -11.270705058555654, -11.692277052064037, -8.110291592308597, -10.17870887451982, -11.079631474259987, -8.576114327318635, -9.36763648039781, -9.578654048678542, -10.41214716495905, -7.326954400329783, -9.815943338009108, -6.9234791009964285, -7.326467149369198, -8.227234704190534, -7.126790145522939, -10.742143065326141, -10.341930443965042, -9.391996722165723, -10.299938488758412, -10.092068957481416, -10.99633701371131, -10.628248078775194, -8.876993866216786, -8.814317851933312, -13.622297074807733, -8.966348681622309, -8.026851099123459, -7.299822905409283, -9.34624789016148, -12.725157604073123, -13.62917423886558, -8.649372440081827, -10.381336608595875, -9.173086690979144, -12.268547143308309, -8.86090705427441, -8.462527655580935, -11.549207530917313, -10.197890363663477, -11.0557985184732, -7.750585540786799, -9.992010959352925, -10.035685813568715, -9.586812377189874, -8.04791240568237, -9.581136797508965, -6.789360161738736, -8.663334659468374, -10.963424156804505, -9.019454241407171, -8.295957406214004, -11.298569412958315, -9.625031226068296, -9.683341278906319, -9.28264553961132, -11.389591095408363, -10.102775736882815, -9.077888923536472, -11.171699855242258, -8.156941363979799, -7.874920464167981, -7.387617875337953, -9.93452425195186, -8.947984502355476, -7.8650864027800935, -8.200582814421436, -7.661945719822873, -9.045418777539583, -7.682531608405109, -8.798858292255538, 3.2306489743501117, -11.414746351519858, -8.779305738092862, -7.007571951479192, -8.325933158861897, -9.37752677268426, -8.982216690073143, -11.385549286219623, -7.638029564426506, -9.023724615922724, -9.284959377095506, -9.941065905317966, -6.238909546805857, 3.2836702451828996, -8.06717614068827, -6.364811889484008, -10.56682689868724, -10.027310049637252, -8.657279580622836, -7.798305416264083, -10.577387797283889, -8.454420260420298, -10.120479068240604, -9.48921294496653, -7.958837822673581, 3.4530434986555907, -8.973622124986699, -9.532338767518262, -9.562597798104548, -10.508452472751447, -10.846575404519903, -10.064004601664506, -10.562845387980726, -11.460265770388135, -7.631869677678489, -9.728303123709699, -9.022456372100995, 3.9030258030737457, -11.340910979750998, -1.5408603381446622, -1.5176944755304016, -1.5173674175481553, -1.545841161766896, -1.5119217721682123, -1.522121525911125, -1.5405753578025885, -0.5205895809963983, -0.4985363589975729, -0.4556857790461169, -0.46374691289992453, -0.45822156906394396, -0.504260865428849, -0.4970549377756069, -0.6026078844879258, -0.33061817951351136, -0.3493142271051989, -0.3820744743465869, -0.6114204426110078, -0.5018867253570702, -0.4633902059833239, -0.5303986935570494, -0.5506453067563675, -0.4881737196653525, -0.41809323085483197, -0.5503695206191306, -0.49755034250615915, -0.5560766094440839, -0.5002287195220179, -0.36590987920512213, -0.49670747706041873, -0.3873571093255838, -0.42711326758843554, -0.5918782928200944, -0.45448061236880594, -0.4796686410997362, -0.4807422466752263, -0.5169445159021325, -0.5304675039812308, -0.5800616234288459, -0.5704239808139031, -0.4174984274852793, -0.4562554692329736, -0.6293406692484893, -0.5266473672286044, -0.47175384055980885, -0.5930519770365775, -0.530518937767266, -0.5424034678213515, -0.5557862876811901, -0.35846982974957947, -0.4738914552435032, -0.5386855762660607, -0.6015438252060948, -0.40343448962071454, -0.5325915544477097, -0.46477945883661814, -0.4776552733673416, -0.5159084718327117, -0.44892738389830383, -0.5544883121641746, -0.4910854400012389, -0.5285283208477908, -0.5745946477294217, -0.49969243023955223, -0.5546987605204343, -0.5367906448429602, -0.5639989581767785, -0.6112759742187986, -0.2430475901419575, -0.4484669004990037, -0.5401795358487508, -0.4979474894709011, -0.5944808164210366, -0.5356042917850845, -0.43621695084761786, -0.5923487608522884, -0.5664485432857734, -0.4814553912641367, -0.6069103555092988, -0.4236029362097811, -0.5766470352181788, -0.5907793603862558, -0.35133961949973624, -0.426731959066189, -0.48122970351212957, -0.384893448829142, -0.5490667454934925, -0.42510368821438005, -0.644810189857326, -0.5493807922414023, -0.5031469910415235, -0.5191637857950698, -1.5471573743065943, -0.6264928721242939, -0.4863914631487519, -0.48108711400030313, -0.5612671702148375, -0.5631017708977357, -0.5087147870555506, -0.6444014408824142, -0.6210363797882223, -0.4900166256950825, -0.5565583400979166, -0.5265820919550489, -0.555482663094582, -1.5762700557728182, -0.48765994350740505, -0.39506652159259353, -0.5393327777684782, -0.5360410372736657, -0.5193431761582555, -0.5366242713319307, -0.5420084805398478, -0.4887819915396356, -0.6043574395527637, -0.47674704353392466, -0.5505335180827687, -1.5439607276275056, -0.47818592124806075, -0.5206240183141556, -0.4939249107030273, -0.5165102043127066, -0.3351389650095811, -0.49503979981310914, -0.44932793414849526, -0.5367231525324059, -0.41123998021806213, -0.6209558719185283, -0.5817203973555386, -1.5669690176822062, -0.4490368212824801],