{"vi_exp": {"vi_seed": 16589, "coeffs": [0.08074190998902613, 0.0974818294668038, 0.08691716015380586, 0.08150918385967151, -6.8468531028357384, 0.10897880710040356, -9.711322828420307, -11.756591208863028, -13.125156124395154, -9.625449887983459, -9.656866935393598, -10.795358276672069, -11.352247300019581, -10.839693057622268, -9.74172848786123, -11.118000105261082, -9.636240233279729, -11.951863273259518, -11.693079613267985, -10.394341172078184, -11.122511188087111, -11.536570400649316, -9.605639133233302, -11.384105180182143, -10.547839408390175, -8.116732106826404, -11.911334092712309, -8.095513966394657, -9.175351304024478, -6.71189590199383, -9.643425296433634, -7.333897031757254, -9.172858293257356, -8.986925818291388, -8.91087971905266, -8.392989036090844, -10.08398232442814, -11.970082693011088, -7.495411955627536, -12.460224007608366, -10.442985991660011, -9.927971267837524, -11.720229787586511, -10.854754755654247, -9.848798906911732, -9.272782354619318, -8.682153863295442, -6.821740564490875, -10.12726892296685, -9.219900413122287, -8.884297013994761, -9.726304775635038, -8.70431278859037, -7.6746320078020975, -7.079203824748242, -10.857619492497777, -7.787525035279646, 3.1402403979783937, -5.144937258014038, -8.534788211622757, -10.557181463267836, -11.227809349102177, -10.077516187783505, -10.395385024570711, -11.181734821674617, -9.297739507022095, -7.819643952848374, -11.461753774987196, -9.477696031606838, -8.72796045720637, -8.529294347162619, -8.930468209621457, -7.298774818975638, -10.465427668496554, -9.067901095693, -8.276286946698606, -10.030512331187056, -7.423596482853272, -6.951087788040859, -8.914658945344668, -9.030740732470427, -9.083324163488411, 2.953940765311556, -9.059180369536376, -8.621815311440931, -10.876890551792707, -12.940416465610113, -9.611634134290254, -10.643302704154195, -8.195594969727326, -7.673553282604623, -8.884744922458555, -8.345496159135683, -8.667191965053206, 3.0265435070646407, -7.785502210989767, -10.11369307041416, -10.84321846073797, -11.161880954712304, -9.80291243120595, -9.520796876353497, -9.60894528236985, -8.371849525651132, -8.565536686347388, -11.048362290541471, -5.234434403225259, 3.043054860144793, -8.859671323698851, -6.974299137471467, -10.168784160837221, -9.94858709856112, -12.759084958135197, -9.759347733877972, -8.995693147649314, -11.058297987152372, -10.817690793663962, -7.583337418017751, -8.680386046056714, 3.205865270337989, -8.683838311819045, -10.883987493283987, -6.7720342134416, -8.712406756387978, -9.097985629493989, -11.864688470574475, -9.300711992522917, -12.046887750406924, -9.86158495916911, -9.713677812508935, -8.98909447743058, 3.688872731895595, -9.102609263197674, -1.5447884541351358, -1.5187605015257, -1.556166121764082, -1.522444332643571, -0.4664341871574212, -1.506012744022812, -0.5876732831500778, -0.5996568008284187, -0.47125983853141, -0.43607811014149295, -0.4748411561910045, -0.5047464632444602, -0.47118738654704506, -0.38303596097378284, -0.5333612540318254, -0.5632046150533576, -0.5841579054915881, -0.44934215459316124, -0.5433748015726867, -0.48883512112802024, -0.6303440498757029, -0.4860989645780547, -0.6118370682091003, -0.5467986163361456, -0.5088445138375077, -0.4376723255128615, -0.6384524626263998, -0.6060430142857862, -0.47270333099283623, -0.5389794956558029, -0.44866327493581126, -0.5601037988998457, -0.5112773836711934, -0.5579638350313169, -0.5180159222357238, -0.5588878222461349, -0.5019499358268767, -0.4491837343126482, -0.36677992258230385, -0.49308709130589606, -0.4724497051743678, -0.5076012539206257, -0.5198583924534087, -0.6355641084072031, -0.5088008023072803, -0.5700847124303058, -0.5445879741708365, -0.47184497554169097, -0.5997381521642983, -0.47966481451726717, -0.5469337142024843, -0.44609660079131846, -0.4557710910154329, -0.5761153819535539, -0.47993330366593795, -0.6915365634353344, -0.5277714899757178, -1.5561014353073919, -0.4323058417810735, -0.5988876800153389, -0.45307947180381997, -0.44682338249256376, -0.5010059493972997, -0.453400477161146, -0.48349063036662887, -0.36200195814705294, -0.5722428000414808, -0.5352587630248387, -0.5625127390243367, -0.5575370099909626, -0.6431984442912689, -0.4250094615536268, -0.5335055317683396, -0.4181576326939726, -0.534663852964836, -0.39400210087455007, -0.5306559364445209, -0.508634250749422, -0.4328750441786548, -0.5202574626373343, -0.47431939875015805, -0.47386898534607147, -1.5641186705734456, -0.5235755824640247, -0.29515794249646815, -0.6833788461314234, -0.6237533121851394, -0.42973082244630345, -0.5939596820121603, -0.5753638092195532, -0.3781427994099541, -0.5904337151267953, -0.520255426020718, -0.4991464486032676, -1.5516681331402058, -0.6714090743606786, -0.6050182765471115, -0.5021830447592723, -0.5452376688513144, -0.41260666803273904, -0.38583330584220327, -0.539544846923697, -0.5187273553716799, -0.5344622804840192, -0.4881213168016555, -0.6526114028714918, -1.5632338991712502, -0.45513500422280795, -0.4750413369597589, -0.5391226280488459, -0.4797947315113283, -0.5622442873660066, -0.539366260306137, -0.5354300495958848, -0.3521471887463746, -0.45895861619596034, -0.5003876818110813, -0.4847631354119558, -1.5626635892057053, -0.6779778640471623, -0.5220283999828963, -0.5046297635867635, -0.4130273991742231, -0.38224285785918016, -0.5781124296694246, -0.6260235053592252, -0.5552660041877714, -0.5213378469179681, -0.7406203952947318, -0.3657114453813805, -1.5385813207735666, -0.5264568803041779],