{"vi_exp": {"vi_seed": 27549, "coeffs": [-0.3360501804164707, -0.3810057191679704, -0.3644542289953184, -0.37617364501982276, -8.069186201255977, -10.77747646103193, -10.815729416680162, -10.612254145994653, -10.2763737663175, -10.654259921746576, -10.459621547531956, -10.82349323786143, -8.49327598916071, -9.639106182574556, -9.853002486641685, -10.136328248005286, -9.269666940332367, -12.749038303850153, -11.422270584606023, -9.92222805064361, -11.725089527484132, -9.494101537965882, -8.145936054136207, -11.752370979999192, -7.587861220237865, -11.78614479087273, -7.929792326052345, -12.469931623565788, -11.876824580411329, -9.11200121027544, -10.682420942334968, -11.1620064323361, -11.242212798944612, -8.653496434780157, -9.919431691723881, -10.141237018256799, -9.601304661038085, -8.571089749869664, -12.12047558843397, -12.424843160730171, -9.266466465976425, -11.863025870034676, -11.208808384692388, -10.65234051334027, -9.01144737857755, -9.116839078668207, -12.784712128284204, -14.418229962902613, -7.423425049055609, -11.958469895744717, -8.701318946099187, -9.42557428127873, -10.509605795904715, -9.972340169871297, -7.269774899078389, -8.765811436943949, -9.857205411779471, -9.571391792168663, 2.3782996122132576, -12.50025242798472, -9.614756193991644, -10.717813003392592, -8.770916194022224, -9.798087555472453, -10.88011259060302, -9.05258606995359, -11.880921186403297, -8.436457707231936, -8.06100518327881, -9.29965328508637, 2.3725990093941154, -10.940101051181564, -11.349710994322965, -7.893031931765555, -14.261298173431005, -10.31426494864547, -11.933425180571081, -9.316355861789848, -8.858691947405282, -12.56980924230452, -7.483041776722526, -9.483617310229977, 2.5532437442578546, -10.009885187200164, -10.531611798442283, -8.647041856824893, -7.075881652940746, -8.527423138435294, -9.851209588695509, -8.471004894334284, -8.743587944075244, -9.307558343169381, -8.980661515487178, 2.5658895485966324, -7.134657933513491, -9.4925244319978, -10.86843006546129, -10.98883469687016, -8.499208455553246, -7.648738078822307, -9.449137646505859, -11.34399566230525, -8.271283749270465, -11.572207070586549, -7.217803979169383, -6.437819583639302, 2.580811326688956, -10.386463527101043, -8.529969877874686, -9.5304617914668, -10.122561418440437, -12.388849275775065, -11.441248700574832, -7.483760524964101, -9.78534082792875, -10.549023810804613, -10.846248686664865, -9.292985889939205, 2.5898293216095887, -11.218863079199444, -8.968344324467843, -8.71845588024101, -10.773373960527183, -10.72063243345401, -11.082433026885093, -12.631939264326276, -9.086952487092573, -10.484522184538534, -7.672086711170858, -8.767745335564046, 2.8861744077870437, -11.037109602594622, -1.5563790038950471, -1.5590747100935558, -1.5608756550180003, -1.5724180550583386, -0.502184651960064, -0.4898898768681042, -0.6335216867823736, -0.6794154068227206, -0.44659604807136666, -0.4615355213152473, -0.4592424953176188, -0.570512612426816, -0.45073501354757184, -0.5058858755707976, -0.4262047640044653, -0.5495407677822556, -0.3894398574659215, -0.4300902039209492, -0.4710386001165433, -0.5895611739746237, -0.5601240655277089, -0.4838048078193099, -0.5080534943631984, -0.5986650915665812, -0.6143584944761885, -0.5517428490734377, -0.5535220765989802, -0.5056975955295681, -0.5800518418888003, -0.6255883325699261, -0.5599892241124381, -0.5838351383259475, -0.34761086430995897, -0.6165131580812522, -0.5346339602615895, -0.47402977105453226, -0.7059005315210964, -0.4066061319141406, -0.38277468085667277, -0.501391219111293, -0.5209897884936658, -0.547715453833563, -0.6138598792831619, -0.5600143350682224, -0.5950496403330038, -0.5351852521502187, -0.6686546016749421, -0.5381752036122797, -0.4942033342915617, -0.443772693486994, -0.544963706091178, -0.5485436692565758, -0.5536800102196476, -0.5992159162782456, -0.5026452167176039, -0.49788526781546305, -0.5592572698641414, -0.5294356848275905, -1.548238030507961, -0.5354428847703616, -0.3679637269608989, -0.454151177180117, -0.567373124103817, -0.4802273894282761, -0.4069767815106302, -0.4682826888358645, -0.6339833986133324, -0.42230458087393546, -0.43717339160504787, -0.5793020805459086, -1.5013172680166889, -0.5499122041110069, -0.5126158677819898, -0.4989965137749382, -0.27692933529616526, -0.3516917489687213, -0.38645718137263296, -0.43492318092730403, -0.5626058979219583, -0.6131692555048772, -0.5524779223748576, -0.5617342269229139, -1.5210468678005826, -0.5265702882032454, -0.44086368516753227, -0.4869964735468244, -0.42473569331296046, -0.49851071121498075, -0.6784438129288972, -0.6156913359583258, -0.4229018157474432, -0.4995420307239621, -0.6171165334352086, -1.5338810096808067, -0.42805146510803926, -0.5258921489099965, -0.43174893006402293, -0.4524156954588129, -0.6950050802273321, -0.5411189818700646, -0.5072996925717612, -0.5075775754225061, -0.5099053943273165, -0.6352418206247871, -0.43005170822982103, -0.40001643578067325, -1.5508417179249052, -0.5275469431365077, -0.4595451302929919, -0.5317218542126309, -0.6061279616054726, -0.4755237156489329, -0.4787162801067509, -0.4957406032928133, -0.5786469130995634, -0.49803964441258547, -0.5189917984020976, -0.40160561665869643, -1.5470360392492424, -0.5604899919030302, -0.5659016587625365, -0.4466392637566067, -0.5037924225234416, -0.4641009348820253, -0.6050730060923507, -0.5344146732322107, -0.608042784296369, -0.5927584431434944, -0.5734383358485168, -0.31870875632108714, -1.530240318097238, -0.5205329005998597],