{"vi_exp": {"vi_seed": 9510, "coeffs": [-0.4233036921605108, -0.38786657152757054, -0.42641403619788426, -0.411422430667477, -0.39575224938896014, -11.113507726956586, -12.686574500684342, -11.623961027726923, -11.810047467364326, -13.835508368051903, -13.329059351716543, -10.5185803699336, -9.422548767991499, -8.682074057799468, -8.24350001139551, -8.759903149175779, -7.681271887898904, -11.083901033310818, -8.90539734379177, -10.864128205912191, -9.543908910798969, -9.008773655825287, -11.290167823748517, -7.9732909540590455, -9.127122566713409, -8.4362920557121, -10.638142160004906, -8.204959064656551, -12.297857578933467, -10.98003169113941, -9.63310779162002, -9.533596932666802, -5.9676467254044105, -9.098708316535191, -10.888383543177031, -10.137861747133757, -10.900677029151053, -9.159615086441933, -10.932916241728291, -9.007125672269218, -10.866750180438991, -10.539667323570347, -10.60801314576514, -8.306851713479794, -8.500340052798114, -5.916663659097409, -10.204646768486509, -7.79070334007929, -10.783108904934503, -11.057967219034262, -10.760100812318909, -10.27236972850692, -8.996337863683026, -11.668487216483834, -10.620089628638118, -11.602407803005452, -8.941255385313893, -6.87084577273284, -9.105155702789112, -7.363458341260107, -7.619076041038148, -11.896357772717707, -8.536417713040208, -9.975104221601566, -7.587502330610264, -6.519340645371865, -9.010336890970132, -10.128720911349966, -8.064342109600497, -6.767871478282994, 2.378861513185356, -8.405563284518372, -10.272729845612727, -12.952218609235043, -10.128206637976579, -10.104406103564536, -7.9351859658032575, -7.775219535386044, -9.671222709634712, -7.6187201023743505, -9.333001373818298, -8.542100440772014, 2.9308341738312897, -7.648631660668161, -9.840349881204729, -10.859516095685741, -8.884146961827545, -7.54462960612774, -9.8805427846942, -7.9128474594625855, -8.28104641469424, -9.940953294697744, -10.796267011432708, -7.771146083156167, 3.0302218009660344, -10.025773370645073, -7.986419338075354, -11.690022531436275, -10.30346898931759, -10.456560489452386, -9.475696682953608, -10.24250992848171, -9.0403020216371, -8.917738141473983, -7.333229913857045, 3.03459407066013, -3.221337391803723, -8.096629794917236, -9.637355385168403, -8.713871201981261, -10.791195341152765, -9.539640534934327, -9.01914854476642, -7.095477631786562, -8.57656461772874, -8.429780619260312, -11.229544434714724, -6.353288918365512, 3.2418597468818673, -10.290400363897401, -9.58709561968517, -8.93619684165076, -12.590118513429452, -10.271520372802964, -8.060008480322324, -9.041151617725157, -9.529673279073558, -9.593153491279425, -7.3722189771685835, -11.208791923177866, 3.716477383543938, -9.087805472304185, -1.5446759388143816, -1.5703222780968606, -1.5322081688000668, -1.5703754838053017, -1.5439759942160944, -0.5806744950532879, -0.5936506054847176, -0.5153183124784018, -0.2984464349778876, -0.538941980263628, -0.3430464035877922, -0.7062537433576049, -0.46660032429331927, -0.3484163709491709, -0.4437033941461077, -0.5316548617702823, -0.41144542722257527, -0.5352756679270031, -0.38416473027506554, -0.6658797292242834, -0.4582704465959433, -0.35443450491340917, -0.5899514857262317, -0.4303200141216773, -0.5916411041303489, -0.4656862603713405, -0.5812337407820694, -0.5555273159245369, -0.5360326940523844, -0.5210094137848419, -0.5579232909165411, -0.5161722385496792, -0.4773462652832839, -0.5442736356983581, -0.4799088374253204, -0.5209133714909, -0.533547336022423, -0.2733159906204486, -0.5508885799548574, -0.436516910358427, -0.5858424728909738, -0.3878758652921503, -0.4810140732524067, -0.5787576711855854, -0.4449788896442422, -0.5009502340979292, -0.600906052432118, -0.4686094604902782, -0.6617732457980122, -0.5761625449299712, -0.4199113442415452, -0.5403723395616127, -0.4945183987844961, -0.5844998154896388, -0.57138732970986, -0.5356888253868788, -0.4010739111115517, -0.6636954797133768, -0.6974823233634031, -0.43978945168342826, -0.5229554317661277, -0.5739679056341578, -0.3240412298279316, -0.47424512434516747, -0.5147629109303467, -0.5260335217309496, -0.55899474293778, -0.5374838213251607, -0.37340490261152587, -0.5054408548255445, -1.5155972903246222, -0.5396592245437336, -0.6466322755936651, -0.4688928769220713, -0.5449227927491742, -0.49911220055590877, -0.5147445215808811, -0.5406463278680761, -0.49593746845184494, -0.5417838478167357, -0.5003885690103549, -0.5898483442004956, -1.5207758304520689, -0.566341850355411, -0.5687827833796678, -0.5921903257289424, -0.5823015023446764, -0.448813682388631, -0.5425667578330174, -0.49610646094870947, -0.5142318996962231, -0.5404772994454431, -0.6396801138595989, -0.5963392269226858, -1.5362227679661717, -0.6141296638720902, -0.4028930222009061, -0.4776313835645364, -0.44168770497664517, -0.5480728987723061, -0.5106050502409976, -0.44519618024547536, -0.5614269598253112, -0.5026845453385915, -0.5357309685598733, -1.5800334868206074, -0.616718759993541, -0.5757635891424846, -0.4386116127051478, -0.6374674047475652, -0.5175028789354622, -0.5795163739546622, -0.5430453597017597, -0.4284061166352523, -0.5557140171099564, -0.5668054983896248, -0.5599528256459585, -0.5166403151877276, -1.5750238086118975, -0.5378815200532356, -0.5710934567719886, -0.5730386516943523, -0.559796208357886, -0.6321552204481641, -0.4468949383095346, -0.5343969945456064, -0.5800196480482808, -0.5411102431538146, -0.5274396098836592, -0.5455539291577083, -1.5357527518450094, -0.41330827028774797],