{"vi_exp": {"vi_seed": 55904, "coeffs": [0.008783438730586986, 0.009173880330712685, 0.03213347046841677, 0.011418116080816026, 0.00914861132706627, -8.390249389155295, -8.225325100402994, -10.439859580417005, -9.900717466285691, -10.869357527519517, -12.101022592873282, -9.583758460037284, -9.350015894075968, -7.937373009672192, -12.2323979158686, -9.497244952515308, -10.312174724066258, -10.047431330353069, -9.14002529112649, -11.839886655245728, -9.816177689049736, -11.800338383824391, -9.11558525979464, -8.705270080594675, -10.288273992047365, -8.509484811109592, -10.966407825215484, -8.182594444334775, -7.658861388323271, -9.998346031429282, -7.244102311370315, -9.731038139888204, -11.20385023421818, -11.140353579488428, -7.696937461008193, -11.675696616695173, -10.32470668790848, -8.886052441648843, -9.95165956385985, -10.299629237876681, -10.629631825175416, -9.850585331250773, -9.617826237010748, -12.27108601131778, -9.576535540444413, -8.80489813903043, -6.746261580510735, -8.878574225587926, -8.729722606256233, -10.994348769992204, -12.311095576177516, -9.783989012507, -10.537322536608155, -9.35344722270362, -9.524499036691624, -6.196710250208479, -8.312078332980338, -7.590463637759002, -7.285221293911453, -10.584009891256091, -12.310697178322032, -9.29088517319474, -11.62551383457981, -9.006709976609976, -9.317298165729007, -8.152656914360103, -8.025868338502253, -10.337746269018266, -7.97039769967231, -10.398484193391763, 2.7520861719806127, -11.398601220184549, -10.14679313689211, -11.903077630049324, -8.697374278087821, -12.248588695817837, -9.974059167448033, -12.887775901304243, -7.779661251940854, -10.438528253843586, -7.065740744605378, -6.475367887729754, 2.991855085395421, -7.248616515676042, -8.915562308324512, -7.9308522241663155, -7.709125179846957, -9.178604565608453, -10.74068330104694, -11.994177374170123, -10.530104887127948, -12.604667682953224, -7.522852843051848, -8.363065783887333, 3.0092995664279347, -9.005930841682542, -8.57427820733963, -11.154329308347627, -10.355680325512838, -9.640927178470973, -8.022645748077563, -11.963383769052172, -6.972602180392674, -10.845179682701868, -8.370660660857403, -9.90058339615876, 3.1534065471707526, -7.573555600137528, -7.728792991419989, -10.589133082704132, -6.521516709237391, -10.011773629125358, -10.85756466879043, -10.091558776193972, -5.826538277474737, -11.112397793744426, -6.489488385164444, -8.380412792115509, 3.307842493296061, -11.246811830702276, -8.519878629508936, -7.725645659806113, -11.053353377151167, -7.837257302411231, -10.559772264467032, -8.381785819356306, -8.890553662588038, -9.116173177295646, -5.2575623770663675, 3.326596553848524, -8.606052686838437, -8.65429142595224, -1.5620445071730984, -1.5506423324477991, -1.4786059940324827, -1.4931795686808007, -1.5621000265798222, -0.5332672317475033, -0.5032037764645226, -0.43775654602891656, -0.5350727250985918, -0.6146433890889293, -0.47448189142364433, -0.5392878318912936, -0.5562172512055896, -0.5879949097596578, -0.4282370335575803, -0.5315388842811679, -0.5255257674428638, -0.4752750969788708, -0.6013363124001849, -0.486891997756649, -0.5911403639649462, -0.4660209747453392, -0.42208485854215566, -0.5640248811555262, -0.4149153668499755, -0.43240092946073894, -0.4687192825243723, -0.38701064170938954, -0.5562963106599239, -0.5356656351542375, -0.5598819760131355, -0.35446335027767706, -0.3571311687278941, -0.6605003271489938, -0.42175800488603205, -0.4454673996394341, -0.5243405321163465, -0.5798288272567538, -0.47778050709624814, -0.50945324611821, -0.49417004068814996, -0.6305273107973385, -0.5163727570627334, -0.5887609419886037, -0.4623467928057071, -0.5260900143349755, -0.5393940852728359, -0.48452639987862595, -0.4666851123618664, -0.43432007319121047, -0.5335969170478714, -0.5558414123657526, -0.535607773460793, -0.40099211486996267, -0.35788015996118283, -0.4898393294242606, -0.5052042216572633, -0.5557463241458387, -0.5278584277576414, -0.5090059469590229, -0.5067616976996582, -0.43616948506542497, -0.4402464150303527, -0.5718911806975157, -0.350858969714145, -0.4691589736608759, -0.544084450533796, -0.39198770942064076, -0.4284634594023059, -0.5378016161835653, -1.565558985127145, -0.5459744334783903, -0.6164088906980063, -0.5022463035325484, -0.4698076036668893, -0.4433987558938861, -0.5067809531873609, -0.5252555266722702, -0.4793176214923851, -0.512749139041893, -0.5178034054626728, -0.42424544200457476, -1.5679455024478632, -0.4928821495166106, -0.36349832974989843, -0.4450702495067733, -0.5200810404846465, -0.6530402158309492, -0.5263175245123584, -0.586479404022679, -0.43958416963242797, -0.5689466535990523, -0.32715038279778574, -0.3824570188095721, -1.5425539934682497, -0.5366736145838044, -0.5631190244038964, -0.5362204937505601, -0.555320778978535, -0.49475436754838553, -0.6581081611084408, -0.5073110276131695, -0.47761954297661685, -0.6628656196376828, -0.5054296624899293, -0.4955496166706931, -1.5226456361267682, -0.4604285193030797, -0.4417515856629787, -0.5741911696741923, -0.531722707244327, -0.5155249388990111, -0.5695620479860637, -0.5008157313975162, -0.504666780350515, -0.4683467198564263, -0.5587796778226821, -0.44954484768304326, -1.5589153856709606, -0.6121990925123728, -0.4417638784670862, -0.5373087802675967, -0.6636864354905009, -0.5072903110523931, -0.5264672797939054, -0.4489839666995779, -0.6049396236412977, -0.4670471905689119, -0.3876396687291845, -1.5528833270276126, -0.590582717658433, -0.34399160270626344],