{"vi_exp": {"vi_seed": 8548, "coeffs": [-0.09130461497283082, -0.10051007102917213, -0.08893759587092008, -0.09154778985527608, -0.10157793137438643, -0.0827931349461961, -9.61435979584436, -11.152712002113, -9.423090910011226, -12.078589315005914, -11.696802844369154, -9.867978433697033, -9.518195337511832, -9.628729750631015, -9.39894770940098, -11.76559387171757, -10.518404477917418, -10.105237066729767, -9.38498575268593, -9.910041715220999, -8.567427306678383, -9.697863878694328, -9.858694524416876, -9.067726927415897, -10.296427888382457, -11.20193587111192, -9.18151578090381, -11.293551697394657, -8.786430749193064, -9.937190386319912, -11.35525114505272, -11.684752814548485, -10.760440678250164, -8.733115322351521, -10.998124858055203, -7.10454185470781, -9.53405175598805, -10.11322385078286, -10.019767746413665, -10.662246256248794, -10.005136880889854, -8.733714825917943, -10.026302885625087, -10.902491881075635, -8.951143684268796, -4.804827550699842, -7.94058380719622, -10.18334178340712, -9.223524205942391, -9.217064025733483, -8.175690009036046, -11.100887304839693, -7.952425148642973, -10.466101184641705, -9.280615964963461, -9.930400055958879, -8.174842633231991, -9.662263638641994, -6.358959316883566, -11.286635922776926, -11.139279649380601, -10.595318538105825, -10.46050738396799, -8.04250514438097, -9.508847115807505, -6.452289362786223, -11.392677184071239, -9.250880543108519, -12.971078882280985, -8.870689155279893, -10.507839665078277, -11.7129850931215, -10.443636409599359, -10.646209367226787, -12.03809805708492, -11.222305772697828, -9.504530298706257, -9.519614359548601, -9.83607652526344, -8.206374322329417, -11.93150239854978, -6.44036509143986, 2.977500525875671, -10.229609276039302, -10.149289507414142, -10.769067520812749, -11.706067986122989, -8.147499916773931, -7.288948989912565, -9.787133594781137, -8.46514210416258, -6.8806508722190305, -6.897919140074868, 2.9453897018510147, -6.606070307583736, -11.744669676864053, -10.18539211841017, -10.72349950359731, -8.891047973548082, -7.648558674870926, -8.795304953651248, -9.95621191363573, -9.233340145692551, -11.144332036327853, -9.057283128395762, -8.55703072426154, 3.05796852329008, -7.257532572230963, -9.298335614700306, -7.0517079844619275, -10.512905986273617, -9.29899366256892, -8.336851179101622, -11.237138307672156, -9.24547546150748, -9.011782048835055, -9.715080372802435, -6.013727822932097, 3.141426383531746, -7.948088369802591, -9.094055677959451, -8.340249269484561, -7.53889977303969, -10.447615328211018, -9.831943641073238, -7.740319381334743, -10.855125559135066, -10.385675215152064, -9.260113811559433, -8.831517356782337, 3.64851908315582, -6.350526003820952, -1.5511773808458968, -1.5518255602410034, -1.570294405901225, -1.4937568545133106, -1.5201315221890963, -1.5504554054215955, -0.6655911917545444, -0.5728660877870008, -0.5964459187068833, -0.41472178684745575, -0.493615172074588, -0.5773345444412925, -0.43225175812132993, -0.4472437544355189, -0.488506328785983, -0.4314287055594632, -0.6350005804376897, -0.5269099044720748, -0.6207417105496836, -0.5614348928106137, -0.5979830925554317, -0.5527812197203399, -0.5933381619241991, -0.5995443727966008, -0.5090642758659742, -0.41371678613639246, -0.5775517682815758, -0.5946262744845969, -0.486845107297419, -0.510155823081098, -0.5066708987430893, -0.575192698542436, -0.5612758165202367, -0.4021937723090747, -0.5026093710812548, -0.36453937674840525, -0.5140246035719035, -0.4991557137490492, -0.5112385429232855, -0.5463298410703527, -0.4508791737664106, -0.4407323904883871, -0.6299161401438774, -0.5039872133474685, -0.5290654645262334, -0.4724333010251639, -0.41206256030417204, -0.5406993608712826, -0.29713145828092, -0.4765521787361526, -0.5385887704074099, -0.48245718546864663, -0.7059871301786435, -0.6019156837800261, -0.4855509861764578, -0.49182254368038897, -0.44878747469035585, -0.5226947837814887, -0.5580592703235443, -0.6037572500012022, -0.49054572337742774, -0.5069801163946333, -0.47698753742360483, -0.5578288991199062, -0.45332233924131954, -0.6576566941598746, -0.5373162319449232, -0.5510189815958397, -0.5390795594068697, -0.45636722144734426, -0.6831876530484652, -0.46117591407162944, -0.5413771371847886, -0.5429502832045029, -0.5135219277867624, -0.5653853967197333, -0.5119878254747964, -0.6756549964621149, -0.5231151478411775, -0.5423323031392683, -0.7022960452567059, -0.38332222086723955, -1.5655177115843182, -0.42016199440808877, -0.449948963169533, -0.5123058350443418, -0.5796088325520458, -0.44311251338250307, -0.465581537112976, -0.5718249566615706, -0.391752939850021, -0.4487212235532266, -0.4659713556659254, -1.5404333653522022, -0.4514582067918637, -0.44790299508577713, -0.5424253613510646, -0.5094896143786097, -0.5364311149524598, -0.48190510962548155, -0.6825377894930592, -0.5521652303950991, -0.516767298122225, -0.6055633355896359, -0.600367679918519, -0.5827121155162631, -1.5350648981169477, -0.3065844967531501, -0.6356430890698833, -0.4684992517465017, -0.5358755635876573, -0.4297633992682114, -0.5726423872871743, -0.6027285587545838, -0.5103239802048695, -0.5797222594261409, -0.49480959352912707, -0.5744875690798246, -1.540717491238041, -0.47906627407731645, -0.6346745423257748, -0.5463807127029209, -0.22231177477634126, -0.5237026405503047, -0.48883881225874304, -0.40078032251644685, -0.5187310420222467, -0.4890465467703977, -0.31044292802277423, -0.5556333367612971, -1.5312880247916212, -0.39057679901166775],