{"vi_exp": {"vi_seed": 4389, "coeffs": [-0.8799899178050521, -0.8744012583181849, -0.8858564415865964, -0.9071239237974412, -10.770782128828762, -8.927030686457416, -12.879505586165136, -12.342074769554479, -11.211921747984917, -9.837086863752306, -12.314048062031762, -12.079506661929377, -10.626750064154349, -11.121979129277246, -10.69688018614202, -10.571887122490645, -12.901390154926755, -9.391283526760137, -8.877015862428582, -9.738201004788287, -11.254732102993984, -7.53907143504806, -8.786654660281116, -11.797548123641217, -12.201316738883898, -11.596660243282384, -9.05644432646173, -8.512973307482085, -8.763781525411382, -7.507306439714, -11.92460097521983, -11.514875901486404, -9.268290048122077, -9.506160636464404, -11.342223801275598, -12.983875301762307, -9.581170129469706, -9.069325684747339, -11.071356343254369, -13.053613537160702, -10.207135775223218, -11.165059586235763, -9.23533008091887, -9.63424327723557, -7.303878195875944, -8.489132630862297, -5.640888820428792, -10.892034268885041, -8.574660123079525, -12.657816215075892, -7.893765599880943, -10.196450634939326, -10.64388638792657, -8.887617856906838, -10.796577466060103, -8.49892297657832, -9.93381448638255, -7.376091796818963, 1.846139900557294, -10.78074025973198, -8.491411201177787, -8.4383795740791, -11.261427777430645, -9.105246279113883, -11.07826273721019, -9.510415971806445, -9.962551116345118, -11.361872770046675, -10.246616989467887, -10.165941197280072, 1.8978111668381121, -12.503057518773472, -9.721837377158442, -11.030506694601447, -10.08713143888919, -12.173235858425848, -8.626121637171925, -9.602556334082113, -9.072261697943265, -10.176921601314048, -10.634108450684971, -10.07366997305376, 2.3200570575907293, -10.337311330722436, -8.598000017395698, -8.433562091685351, -10.67414040107642, -8.71820812526669, -10.7403737474565, -13.108180630535495, -9.218361373831089, -9.680392211433016, -12.506012012739776, -10.685108048931996, 2.737146338405701, -9.981463350356488, -8.459143153905455, -9.7124497724689, -8.526350777025904, -10.556208014520093, -11.152366340007989, -11.680440483965558, -9.139965502036787, -9.736257591377548, -9.046622824518543, -7.548982649845029, 2.8075125903651603, -9.789996843088204, -12.05700558507545, -10.154846070313422, -13.405284358703318, -8.590447809808657, -9.309307112713379, -11.982918148345108, -11.728815614483503, -6.249610258099281, -7.366386348882032, -8.659717116061303, 2.8972315441209275, -9.870278905397214, -8.752129388691573, -10.709289020508944, -10.255109715376195, -13.228289350015329, -12.607164278920646, -11.215594298511624, -11.717169622255236, -9.157457833807626, -10.642464705150537, -8.818745924822696, 2.8365640520510715, 4.194739080574983, -1.5441466537730035, -1.5397448578055017, -1.5718358781245745, -1.5416997961951078, -0.5080726359366948, -0.49855837661292424, -0.5141624005971166, -0.5915769819154594, -0.47936528422400776, -0.175984191788716, -0.5718700816203706, -0.564734214094923, -0.5410147797752446, -0.536544925559876, -0.4447285090827423, -0.629318363765761, -0.43823613411756546, -0.6079903502232374, -0.4803113464906455, -0.576098046383033, -0.6026711366141929, -0.43640882507308176, -0.5251299745129884, -0.5631070507949109, -0.5680584064510261, -0.4141035656488255, -0.4959866195167928, -0.41957844367945585, -0.4714917696274304, -0.5535534390969918, -0.35171356534133913, -0.5359238492795557, -0.6078490010348917, -0.5630029914000976, -0.5777530465818355, -0.5680222270883118, -0.2996628177313768, -0.41743964270688116, -0.5949784671125915, -0.5727753627095871, -0.5349308221996744, -0.5879223183250568, -0.36396391179137116, -0.5718335589058213, -0.612294940996175, -0.5880216906263486, -0.47041536806283085, -0.4455675564359049, -0.48700488952363136, -0.4471529151159211, -0.5389697909684222, -0.4138883724503802, -0.6567172129902087, -0.5325579037288061, -0.5638638554588086, -0.5164485078416788, -0.37155733981060884, -0.4168202191513836, -1.5302506454941853, -0.4738589852428553, -0.4763448145319806, -0.4627425338603096, -0.37717420287976816, -0.6277957040375749, -0.33288076212689277, -0.6789175909620728, -0.46338438032608714, -0.586098437923619, -0.5555477022493793, -0.4235791251477204, -1.5635708835208748, -0.5451736884593085, -0.5471550566890425, -0.40652812255236176, -0.5821642256515934, -0.3878247302229346, -0.582452084266092, -0.5693824012624615, -0.29378490132892726, -0.48953142754535106, -0.44925166531384414, -0.6294333487129958, -1.5461100668281147, -0.44565286738099436, -0.5274550308618311, -0.5677117505783125, -0.5280755268759045, -0.5293566912948967, -0.532519888193238, -0.5109197672598139, -0.4142679927012141, -0.4706531911476906, -0.6303054679526651, -0.5089997582637747, -1.499214209302371, -0.44261169883851054, -0.32063687685286335, -0.4589374104100083, -0.5098300015286473, -0.5567183612693309, -0.4605122023191573, -0.5873223753263288, -0.41246068951403986, -0.5033714017994355, -0.4808101030363048, -0.2419508246667731, -1.553160725533837, -0.5113365747085533, -0.5422607462065756, -0.4789959577558508, -0.5247655587390804, -0.5633523961128679, -0.7232326881189087, -0.5251544940714797, -0.5453741637079416, -0.45255982808219464, -0.43740511240112206, -0.4982997466575327, -1.5642300659888713, -0.47258218133813873, -0.5497477597123469, -0.45632057288745326, -0.5389059895267962, -0.4713099742519758, -0.4596225621825861, -0.737362606214108, -0.5561041906642333, -0.5004219065636095, -0.5042352490036386, -0.4823681253456985, -1.3151492199452581, -0.9361570282503345],