{"vi_exp": {"vi_seed": 64655, "coeffs": [-0.06755803695120832, -0.06549956934448607, -0.0667895578049675, -0.05571329799883119, -0.04644050484495803, -10.996611132237934, -11.809646397606263, -11.658894813789637, -13.935481351309246, -10.946837135821973, -11.099393589325667, -11.435816598491705, -10.1781536656681, -11.203937508351556, -9.124541858281333, -11.341040368533278, -10.417797585767897, -8.929063375859847, -9.230714926541971, -12.815901725885096, -11.898492929454179, -7.70897603980941, -9.61849603948329, -9.177486535887088, -10.215078196066521, -10.70169558454431, -10.16247374296557, -10.432793065954677, -10.533830055715729, -10.044951895513195, -6.848007666543708, -9.871627673088174, -10.137939809591808, -10.434962474738152, -13.382975933329165, -7.7863246176400915, -7.747996367839038, -11.80005108480749, -7.752514735883097, -8.599365913493056, -8.641625869046598, -9.491005864027528, -9.254106327357478, -10.249673985408448, -10.41117194166783, -9.741744527916822, -10.2805946701063, -9.313193705403977, -9.964007674610135, -7.841819840736754, -9.97774795669044, -7.468055234295427, -9.649858050554045, -10.22780114404162, -10.612038296324032, -7.498349931500032, -11.980422773633222, -8.20585792997414, -8.7953833955417, -12.512502209965037, -10.76198686693531, -9.6047448085863, -11.275824059918461, -9.283848060956904, -7.974232950398574, -9.837228360877459, -9.897815802955563, -9.830637441028808, -8.37091301286618, -7.096731635065131, 2.91443365635137, -7.768162425553568, -11.46395924250751, -9.272129007333021, -9.55817469430245, -9.699367583556654, -7.571144344603014, -10.327846917770106, -9.659675357212112, -10.93665180272457, -9.22438982866926, -7.182090150990054, 3.083913223184307, -9.045548690411586, -8.664786658244841, -11.461153801184155, -10.31412908802863, -7.484702210580581, -9.275319063123266, -8.75884238365561, -9.906054528965571, -10.182088165641575, -10.212375219378842, -8.526123200801226, 3.1540884680331445, -9.978684938832002, -8.810799014580754, -8.954632159654864, -10.829064994363964, -9.79411442192714, -9.903629895950187, -9.810583084573432, -10.83102969282119, -7.801852978407905, -8.529767375030522, -9.149949174062419, 3.2072312336187005, -9.52424135327358, -8.850140079524875, -9.747220711245813, -8.402149084930489, -10.320029249619752, -10.518131938627105, -9.085199452553992, -10.60541858714898, -9.560515261370911, -10.7948576443733, -8.980830623919257, 3.3387678090638855, -7.247525194748819, -8.759084167060706, -8.504759674404875, -9.693066251604076, -7.83302483491234, -9.99366625138771, -10.831821122950956, -8.015731509272534, -8.948004878708012, -8.936097664984986, -7.869337136146392, 3.8872648987137315, -7.257707513166806, -1.53336868128393, -1.5158126013553974, -1.579241466663116, -1.5523016943773413, -1.5127421259106975, -0.602708001895037, -0.6759775674705697, -0.5137830286932225, -0.6239824136817174, -0.5380265318883177, -0.44195336736374913, -0.5891693111501712, -0.4681674245922033, -0.6034142128209233, -0.6654420085447393, -0.5578776520507158, -0.5479845382122104, -0.5660015229108655, -0.5205051318536261, -0.3942560272033045, -0.6190645860367057, -0.4738016675672346, -0.3532211148671747, -0.6203998582639735, -0.4634436264359839, -0.49755665061599824, -0.6024641916903454, -0.494966083748445, -0.5992748470191542, -0.43854502493562575, -0.5530763395179776, -0.5683748446415708, -0.5752616952516384, -0.5423761852769422, -0.48246575894312316, -0.42636049002916204, -0.4812577446608822, -0.5848860008384167, -0.4616029004231321, -0.6169380221231789, -0.43643131667550045, -0.46279603887309456, -0.4161061503713878, -0.5466827643075542, -0.5999117344375281, -0.42454559878168285, -0.2973694649814098, -0.5916424663228801, -0.4519622041974916, -0.6298338674244662, -0.5090197031259048, -0.49215875907868906, -0.45954422590521726, -0.6315796596350797, -0.6036634060692894, -0.4929260082174435, -0.4657030174527316, -0.34770031255762857, -0.5025615179463109, -0.46966815221654706, -0.6209119145717051, -0.5790553037967409, -0.49008738075786495, -0.5023427633505168, -0.37151601794994654, -0.4400829806144793, -0.5686793332056284, -0.4579797723225228, -0.44913990110356194, -0.40807499341685444, -1.5468415214700775, -0.34182541665556737, -0.6275190331476213, -0.4411115240252345, -0.5062777661859373, -0.3546551707935353, -0.5174881447806331, -0.6547365547554235, -0.5197790045775416, -0.6274459289322273, -0.5304311164437565, -0.5302708394904395, -1.5271215421899398, -0.3436538472250223, -0.5864027824130084, -0.4389510069853031, -0.4791731526784637, -0.45392590870360905, -0.5908787750907321, -0.42746875907779985, -0.41288676616945374, -0.44192162498838355, -0.5425986123893396, -0.4138771682883418, -1.5149760262093013, -0.6154394662279479, -0.38375837116721795, -0.5926010466689771, -0.4845504137984711, -0.5279494934488757, -0.37742935242001935, -0.552609779975902, -0.5416754908511382, -0.5352212227328007, -0.4163375781842652, -0.46660267995091514, -1.5326114100476143, -0.5245737949041636, -0.4514023073557979, -0.35237217172283664, -0.46421104787420425, -0.4632195846533017, -0.44848508411503285, -0.5856250965284024, -0.42627526319040027, -0.5210798317479671, -0.6050390210123602, -0.5303620795641517, -1.5401965044307389, -0.46241814948581733, -0.5715585184385752, -0.5069028859871716, -0.5360609488500202, -0.2591419488018649, -0.3852102616908915, -0.5815949974231658, -0.4191119242665082, -0.48085113752371256, -0.49092822331551034, -0.5188444255154383, -1.5823950751677467, -0.32824886110923934],