{"vi_exp": {"vi_seed": 37012, "coeffs": [-0.07390365857231655, -0.05050557272126663, -0.061794256829736646, -0.04067699322092809, -0.055135316574604666, -11.459054112911216, -0.07269472176065103, -12.144623298555075, -10.724455525762028, -14.824042159497646, -11.713567159957748, -9.676615850661175, -10.000090880703274, -9.10897503052471, -8.456679427135201, -10.736934223856728, -11.937628188547407, -7.776037639748371, -9.66236494710343, -10.740815675715172, -11.827433319156444, -10.547561325392065, -7.588182388369441, -10.442722653842164, -9.830876566801344, -11.721991353117136, -10.269431629395896, -9.522686590904263, -8.419768546604688, -7.269839115190303, -8.743423547161466, -7.877738305902596, -8.631676396517948, -7.363980053461551, -8.828066438154138, -8.695151385625087, -6.118666807880297, -11.51212523793655, -10.619054543444095, -10.094226891631367, -7.763295002661434, -8.711056423819276, -10.60767748407199, -9.068711461398237, -7.6097216334079585, -7.548001738590253, -7.932282401620437, -7.248095383705478, -7.419009237416363, -7.895091619290928, -11.398606789440725, -10.79234558181256, -8.247413117237048, -8.666746033534189, -6.346154334204978, -7.403235842601895, -10.981443551573868, -7.628546659010265, -8.924525757792178, -10.127406056000325, -11.391438182435087, -11.041178905172716, -13.343946175023238, -9.343432545505854, -8.925054958710877, -8.61088071611995, -11.639616988987099, -9.112528229009971, -10.877933038908012, -10.331254178125432, 2.746160117732512, -11.106472704480522, -10.717888927746358, -9.93287128497187, -9.780188167892419, -11.260682230123075, -11.393609637900736, -7.347605889174996, -11.042498702518838, -7.249868563395484, -8.784907009990118, -9.212900861819527, -6.667498496503065, -7.221043614807476, -10.37983442206606, -9.178890339081132, -10.691737418575572, -10.478773395120708, -9.766817019186371, -8.828396352376174, -11.299079950048245, -9.992890476245906, -11.537166530922713, 2.939724429551275, -7.684592244281196, -11.099328637055269, -8.64071020258877, -8.258368697440485, -12.685287547840852, -8.34673624823224, -11.964665226654128, -8.231383780111575, -11.308175655751523, -7.58113210296333, -7.732174917672382, -8.207683168325142, 3.1917098541082973, -9.799733178845049, -9.656329094586555, -10.991792949343747, -10.487962841726498, -7.840068815838556, -8.454520923025528, -10.825291926784255, -6.948185442410948, -9.347427112220993, -12.324650535657144, -5.485812694522968, 3.2749369628476463, -8.908580401336316, -11.494983965160499, -9.131927369394438, -9.740337365812314, -9.275264098208245, -7.881059042173119, -9.754665059005017, -6.852877172463459, -9.760033673250392, -11.034406989406774, -7.709914184628499, 3.71078007270985, -8.657795267418418, -1.5400896004104183, -1.5644828379674816, -1.5215155058980954, -1.5354053091296067, -1.5508919966580699, -0.5900335117283174, -1.542810128881104, -0.5501154326035542, -0.5927155878443763, -0.5129895694432826, -0.30181717316642426, -0.6157432735322689, -0.5177840964360269, -0.454402336486404, -0.6841976654645613, -0.5365203928299698, -0.5156714633737981, -0.38377785024668903, -0.36679343386620533, -0.5922791056841239, -0.4985690104759158, -0.6220922644602591, -0.5035365926365782, -0.49941664069887964, -0.36214204466734573, -0.6242546327529227, -0.5115211764860036, -0.5322668395317758, -0.5303586150365609, -0.5655755014143243, -0.5629128814603153, -0.4458564685192803, -0.5126321720242502, -0.5136544393935053, -0.5448964242234182, -0.5548433470773901, -0.5547240633334442, -0.549409838705565, -0.5336449335459166, -0.5575737058972678, -0.3951385106163414, -0.43403282357029477, -0.5437482866724028, -0.4562885042388847, -0.41194767203783383, -0.5829302039698245, -0.4736642139745359, -0.520571917179352, -0.5467487909736771, -0.5100353400581756, -0.48859181543434255, -0.6448273439042492, -0.5251960241089031, -0.5381101377672252, -0.5283382995375485, -0.47261425551764485, -0.5309070925697434, -0.46376087525471826, -0.446570101555044, -0.4132090962084437, -0.5133126544394494, -0.5012229931349372, -0.6237201257886268, -0.5834035077206737, -0.596612242696423, -0.5207559672709585, -0.4868052458332806, -0.5852388146065219, -0.4090350537054888, -0.5375675288458217, -1.5811559598821245, -0.5374277920541822, -0.49949848835472554, -0.4461195403413874, -0.545836729737444, -0.5854521262245731, -0.5213141930312839, -0.4057741059497548, -0.4412336750472954, -0.4572073573280884, -0.47925979669687524, -0.5019578987398021, -0.4756104089024907, -0.38752188598602266, -0.4865202178241927, -0.606322744494105, -0.4983777243916208, -0.4708288039694426, -0.41750567114578413, -0.48344335363364815, -0.5354621224196219, -0.44734737532728974, -0.6034309156485805, -1.512860295673268, -0.5878092494955094, -0.523622333468032, -0.50326390640591, -0.663085331282219, -0.5288201666329336, -0.47060340726695365, -0.6233053318143111, -0.3846816942265825, -0.49456509991882996, -0.4764617905769875, -0.3983693395328, -0.6323029548660214, -1.5267379354545993, -0.6085570293628257, -0.46489518047337236, -0.48952909259728195, -0.5582731409004575, -0.561598689099417, -0.4720932238793939, -0.5957586504908794, -0.4399689210097578, -0.5221197684205937, -0.461618815592244, -0.6198289478331375, -1.5266911612134364, -0.557173215773517, -0.5864810716567632, -0.48445824046919067, -0.5785570167222299, -0.5187280255284566, -0.4305373836094042, -0.6246241399009324, -0.4845532131878419, -0.5072612993345328, -0.5902903760769722, -0.6856385024473641, -1.5719717579887402, -0.48678564528244084],