{"vi_exp": {"vi_seed": 3599, "coeffs": [-0.10824301892425038, -0.10201236886128152, -0.12509700331452664, -0.17910513965050112, -0.12426669506964502, -0.1608783393853826, -9.228630340940976, -15.413974590706346, -10.92193529693902, -10.451077597375814, -10.704865660027542, -8.066725101005346, -7.483681522172779, -7.713983164763394, -9.02922284692127, -9.608541441269724, -9.946996125538915, -9.426650435583971, -11.879484065522034, -10.745722087347657, -8.41595582328831, -9.68585937186515, -9.110089938455992, -11.111647132758243, -10.186304498856074, -12.214892940968003, -7.3370666814831536, -10.6213064205842, -8.65699544231218, -8.948492002771811, -7.6727885351486185, -10.380351513606122, -6.606812944871147, -5.56056282998641, -6.3722706029088485, -9.905657101714844, -12.191135874130168, -11.115861492064811, -10.202816062258934, -9.92206557486027, -8.06261388582348, -11.277766796009619, -11.647661213403131, -9.271420655110875, -9.898525711306032, -8.521418728865804, -8.550640117384447, -14.556123406332661, -10.303513265166192, -9.13415391806373, -8.145878278996726, -9.06253658405608, -13.348118644793601, -7.727825392476988, -8.889685914913862, -9.377828820190606, -9.630962100556342, -7.221255339863265, -10.296061638256806, -10.133185124828298, -10.135970337784256, -8.225033729526448, -9.979275762065175, -12.179817051474183, -10.164576987111602, -12.250092194043503, -8.690256325809104, -5.382621399284708, -10.437211759611193, -9.601438619604473, -11.989181253395001, -8.953753850340702, -8.449370388414867, -11.415742949539554, -8.174576482820463, -8.51846526928733, -10.800971755368625, -10.079668868696166, -10.650078037853877, -7.477429627587888, -10.347010565087505, 2.7009378831973465, -10.038463792517591, -9.171820789083878, -11.842551111903743, -11.638260020252147, -10.511944593396448, -10.323583589706253, -9.278509824777286, -10.489306748050348, -7.324611752480366, -7.994220704905936, -11.16843790040569, -7.627577862765489, 2.8976816608418696, -10.608434878957755, -8.89780408227393, -10.79802700600808, -7.433089641326431, -6.607817382800719, -11.34866882423036, -11.437286585792478, -7.732718274322627, -8.142362308815699, -8.481659239058553, 2.87934844516103, -4.270335694353387, -10.799632972375527, -8.216879774484399, -10.76464033402489, -9.571262814902923, -9.316647156996607, -10.063998235737861, -6.046047376258066, -8.819172650755586, -9.73880351108481, -9.419941461585838, 2.969548068659039, -8.430552622532236, -9.447387220982261, -8.499768536882044, -11.305247724288547, -9.538021859787378, -9.899526353614599, -9.327022511912832, -9.21792783353827, -7.887645291785438, -11.02448714615478, -7.407276053338064, -10.254247391850301, 3.2846272906206835, -8.465388205078472, -1.5487478683392402, -1.5610484723643736, -1.561813809845089, -1.5331812072809583, -1.555092742713768, -1.5505648490692876, -0.4831951239778639, -0.568059320143563, -0.5363305112818817, -0.5125755398365806, -0.5379036444768057, -0.5461104023776194, -0.48477085652614216, -0.4954391392515933, -0.5057345313929666, -0.4757179915378459, -0.6551521029064129, -0.5088501785686845, -0.5800762427288023, -0.7536876885350795, -0.5266247318587242, -0.49475256800248496, -0.5629594836087953, -0.6433020832462087, -0.42880386989632924, -0.5416334688761196, -0.4479437490773057, -0.5015967274183283, -0.5351907172365552, -0.3895015455755353, -0.48237073452206275, -0.43001153303409445, -0.439073388007738, -0.33838226216746137, -0.5692216963112956, -0.4080615340148202, -0.5100537922767121, -0.288712064464833, -0.49708335842194934, -0.548673745930628, -0.561377464003067, -0.6009375855208989, -0.5409553854884758, -0.6311024834441691, -0.5259807620833252, -0.587545994624605, -0.5191410977736843, -0.3892042787001204, -0.5158391672381987, -0.5345802414008041, -0.46574480545661423, -0.5331198394691946, -0.6965232154612373, -0.5385177514019354, -0.48119565097542394, -0.6242017843266273, -0.5227811179793734, -0.40122839970434887, -0.5468928887529164, -0.5899279642107678, -0.5384989571297508, -0.46269604603193537, -0.5392054683436532, -0.39651623541491726, -0.5330981341514633, -0.5616575158201386, -0.5624926426357443, -0.4972064858166134, -0.5281208582897645, -0.5043263730400057, -0.5637276536835939, -0.5245225316036961, -0.491477091672051, -0.6976645973422987, -0.47872652984219816, -0.49012123393587087, -0.6322799992532526, -0.48445458903293886, -0.47651523834341253, -0.6078719289560608, -0.5402806936103826, -1.537567360430488, -0.51615036610405, -0.5131926131851626, -0.6540910709562888, -0.4817296325946431, -0.5988175623377624, -0.562816814742481, -0.4960987044582119, -0.524146659694827, -0.5387793675542933, -0.4180185350743708, -0.37764799847052993, -0.5547785200360915, -1.5657620139141488, -0.5237662436627823, -0.3110559478110617, -0.5012339897268767, -0.3372792990332705, -0.5161602771477333, -0.4553441396420879, -0.43834438173221796, -0.5376730020541175, -0.6407639803025839, -0.4402647749069171, -1.534622490589369, -0.5753055512403797, -0.6081415937444656, -0.607294603953941, -0.660921565644404, -0.3450646035213253, -0.5019166723679656, -0.539232304752606, -0.3693859370637687, -0.5492091169917473, -0.5082195986812954, -0.35290635288026745, -1.5558832512840506, -0.3515243414108169, -0.3886094969467017, -0.49839235279636185, -0.5746399892687113, -0.628847360452346, -0.5910812616049042, -0.451718960480171, -0.5482727297031601, -0.37190110741605764, -0.5239171458557319, -0.3781457558564989, -0.49219704791614316, -1.5745155479640636, -0.39225564438424354],