{"vi_exp": {"vi_seed": 14894, "coeffs": [-0.3679186711932879, -0.32451872239535184, -0.30632060772353736, -0.3306642700627434, -0.3026458308013151, -10.9509076292506, -10.148721598531806, -13.586231842239332, -9.795370815897623, -13.620200699736793, -10.378981446545536, -7.708231510543308, -9.423689039954175, -8.43220894858582, -10.672327485966903, -10.629284996442692, -11.049144354450759, -9.566440563007616, -8.779470608939505, -11.602665538119847, -10.213862285365765, -7.963382730249018, -8.500045929686783, -11.26904390306169, -7.120993150193015, -8.46567150483014, -10.032183965135646, -8.517808001851096, -9.103802954886154, -9.538216775473758, -7.423257587568085, -9.059300504721405, -9.498889022676174, -9.658422868355421, -9.826056813303438, -7.022797478162206, -12.57210241391141, -8.47133994767723, -8.94384645168736, -10.614431245401676, -10.921104459040832, -11.494287362787874, -10.832069827200453, -8.66692784028844, -9.324750831500388, -9.09575188523998, -8.246838363309738, -10.778034551010562, -11.276526507400598, -12.276605185505717, -10.384164752092808, -9.538122411184505, -10.394126326856844, -10.654511395102787, -10.00332545670712, -10.011111948129484, -10.040468367762436, -8.831760139525832, -5.653113900073531, -10.42634988242811, -7.676367084849808, -7.6863426709223805, -7.946214652244302, -11.108639195635657, -10.008818478306416, -11.150621813049346, -6.973524514955633, -12.115448130303129, -8.818761118322499, -9.486224595350816, 2.605638044474225, -10.338966844171727, -8.079636504825396, -11.913239857408929, -9.03740910334603, -11.166692699493641, -10.790486539223842, -10.765373203194992, -10.193107602035397, -11.276075112506957, -11.27419728445285, -8.287779308018568, 2.6681562404351675, -9.45704480146219, -8.691087838871505, -9.753997241251136, -12.154341426026582, -9.071287734260533, -7.76303537450365, -7.572681275604514, -9.830492711704407, -6.521785938323291, -7.442220743612338, -8.19105037551897, 2.6308210961479834, -10.748489097906926, -10.09669324738551, -11.475076564454303, -7.087053038466892, -11.162043615923332, -7.707054723582471, -11.762466200992353, -9.042917004849413, -6.890072464182737, -8.256344985925766, 2.630527165879033, -6.729834421260648, -9.031604267170133, -8.876354908468585, -9.093743454867507, -8.715696265567273, -9.471828403378689, -11.902989071170339, -8.754934141806476, -11.326446969305762, -8.795969319619978, -9.836495208100551, -7.075723175552541, 2.604086076483264, -8.32439822968428, -9.84267597648929, -7.670149663606266, -12.48600455732265, -10.825824994851546, -9.060159497072553, -8.920460046076576, -9.964588982426699, -9.441311054341133, -9.117646576554032, -8.675718444659694, 3.0311363650838135, -9.404782283686984, -1.5471147310186384, -1.497708300104261, -1.551766539074643, -1.525868906103962, -1.5534330529986096, -0.5032519494223169, -0.41407371331314136, -0.4835698339841949, -0.5618471561474138, -0.5697534973125922, -0.42820869491615643, -0.5377889830633373, -0.37298216643071835, -0.4938393299155378, -0.6205517926373338, -0.5408343495592716, -0.4435716818403223, -0.6256853238176927, -0.3432331367070731, -0.61873621067711, -0.4769894452649361, -0.5306862753969215, -0.5713189861633919, -0.3174915919743382, -0.4784936175868099, -0.5696547983060396, -0.5132423195047165, -0.6393762631106282, -0.4371603705714619, -0.4082146250481549, -0.4881639551513367, -0.5346590744075986, -0.5519913793794405, -0.40105700871940164, -0.5911881373220864, -0.41595704216052876, -0.47678948660650644, -0.43112779228952763, -0.4275331721099463, -0.37623399295649534, -0.5546395463391082, -0.6271172551952935, -0.5503507586426041, -0.5205635427586499, -0.6906319591018633, -0.596117899341041, -0.4693961463358877, -0.4744418350735423, -0.49974423051583644, -0.5525262808992077, -0.4408301392620389, -0.4591432714740672, -0.6114495143961362, -0.6300884920492031, -0.5551054649332835, -0.5652116735310332, -0.458236698477098, -0.548814018417908, -0.5664349162246146, -0.55885684679188, -0.4807632200562162, -0.5507706274373635, -0.3501648107944097, -0.4468183493813521, -0.40475539938092125, -0.4026278092508062, -0.547507289487711, -0.5487693112116659, -0.5264210864763216, -0.43804399534927174, -1.5644778762252423, -0.39402254605526205, -0.40887673581977396, -0.5162559974280385, -0.4597086225441449, -0.5435851908406721, -0.39515198016738373, -0.6136992993155617, -0.550138946932936, -0.46298108330837684, -0.41229708921726826, -0.42742763089446784, -1.5729411574364192, -0.4322775419095183, -0.5277492624705526, -0.6203443246162004, -0.49715196983646665, -0.5629977623763598, -0.43854885034334556, -0.462451840043021, -0.4705012287388569, -0.5296643628817586, -0.3981328337510108, -0.541125352935551, -1.5530080166867426, -0.5443938703852497, -0.5332341022506111, -0.5387137590091464, -0.38450503471534336, -0.49592454419877025, -0.45626841503160337, -0.5696827433657589, -0.4853908425439444, -0.5392321158318226, -0.36803867026364073, -1.5355560191291546, -0.46370896319482624, -0.4801877449389568, -0.6162228096542114, -0.5179639694129421, -0.5441817362062196, -0.3321640575970704, -0.5481929878616202, -0.4273664057969014, -0.6065296285609963, -0.5712238083271508, -0.44336281097380364, -0.5136066217066757, -1.542786970868691, -0.4454246668672698, -0.5378454483026404, -0.572990073355448, -0.34795266631881033, -0.43942223308535916, -0.6122505204669635, -0.5231966634226892, -0.5485857166463572, -0.5130989370527012, -0.47374202761560347, -0.3502752480026354, -1.5679213656278261, -0.5211062919566698],