{"vi_exp": {"vi_seed": 54313, "coeffs": [-0.571130770878494, -0.5811335023783929, -0.5734307823293742, -0.5804905519881093, -0.5864832245734913, -0.5984725880351645, -8.733095778343923, -9.32159616800154, -13.033234857263217, -11.91728448086005, -10.29949353633779, -7.9837596161439635, -13.231501306323397, -8.355868935385876, -9.142070539741637, -9.067423688151905, -8.36711783901629, -11.032122631704993, -9.131078097555466, -9.55017785117228, -10.01935782621843, -10.820811086246099, -10.33566669228795, -11.377171162614205, -12.68655099197669, -9.762413857453993, -11.484956218548671, -8.796667057470582, -8.944746418025984, -10.461999421451567, -8.11586813704747, -12.526530515746055, -8.646345387188381, -7.363429901008936, -8.509206766766471, -12.94899276414752, -10.218798220315447, -9.570348410470292, -11.081397202866416, -12.605622288622174, -11.215279293420135, -9.195429653345007, -12.438671441105194, -8.081295970893269, -9.621906036898263, -7.202362579634174, -11.747171807663722, -9.539810658585623, -9.559166436597968, -10.465800228742527, -13.79470313288951, -11.206094475435508, -11.855826495219398, -10.461304046747438, -11.071668738326046, -7.85300424919277, -9.314652341886134, -2.551274120593519, -9.119340380659505, -9.860285128673295, -10.685503511070996, -11.383662875861006, -10.485730187607967, -9.83854833093682, -10.496273596169326, -9.029485513083856, -7.200375066595269, -9.414103903367318, -8.05684567663963, -6.288653490147386, -6.3612037808808015, -8.59173496211788, -11.517658024004449, -9.081318545806162, -7.671810526251224, -9.382195735298895, -10.022209037157777, -8.66240673481896, -8.981731466198772, -5.521246562201475, -8.876245828282165, -10.096209437273957, 2.1301823434906235, -10.766603823482042, -11.51170297909697, -10.98084054689776, -11.190904846877846, -8.62258228678006, -7.967945683796741, -12.227030487968117, -9.543785641959014, -8.733247460872478, -7.499694297551274, -6.546439674106227, 2.066645356462035, -10.83527343121212, -12.207258294611089, -11.648529535698211, -6.902080545020061, -8.19875051180888, -7.91905068351512, -8.552176766342068, -9.591658980682796, -9.29240326103189, -9.443705051219117, -8.419697950217666, 2.00095553296957, -8.885573149708058, -9.025161934037566, -10.24556467745703, -10.093805693138135, -10.911541559525638, -7.793572048579113, -8.752173907043732, -9.98877154742983, -9.260560132785141, -6.344707817336721, -8.994195938545655, 1.9466212883455027, -9.60478778007471, -10.095694129650347, -10.029171110799005, -9.733328087836332, -10.515456373019529, -9.889792911153055, -8.54213375232423, -9.60307352334002, -8.785517812064569, -8.592017967889744, -9.74785959382859, 2.005541298904718, -8.932856332222341, -1.540692007499142, -1.5469705106110616, -1.5532806232713234, -1.5363239618508444, -1.518385381481748, -1.5276609802572965, -0.49213079463242365, -0.6426905505187581, -0.4973460006129592, -0.5524802382028104, -0.5714791848017515, -0.48582486560566557, -0.6267052066270806, -0.38958990747144284, -0.467638661925789, -0.6559649392694296, -0.6093864667876204, -0.5800779276421109, -0.36171625064742363, -0.5338513766388506, -0.4802421546856217, -0.5271757431129381, -0.5584073595181324, -0.5132147492931192, -0.6126852845067229, -0.5721473574956483, -0.5878460783678467, -0.5475648584817553, -0.6098423021257886, -0.609264628040333, -0.4278181075417174, -0.5131815258694055, -0.6267233597524988, -0.6238031749362126, -0.6101887640858004, -0.45683679012872314, -0.46218912029890685, -0.5968977629829099, -0.4578251052421954, -0.6006302542983293, -0.5591778032869168, -0.5128057074245669, -0.5408913828499801, -0.19809221978170785, -0.5429290249660567, -0.5407594432996065, -0.5953684627830607, -0.3203068657415582, -0.48105695039514573, -0.5829878924207885, -0.3652632394472165, -0.540069417210874, -0.3937630186331466, -0.6690831439219563, -0.5303588712582357, -0.4347006468525903, -0.4847446974649349, -0.6270587503491922, -0.6350222853557279, -0.51757228286923, -0.5492645273259114, -0.5439453469299288, -0.440468824718726, -0.4072721503879661, -0.532560548391167, -0.4339313867259924, -0.48384405783463347, -0.5367387466683112, -0.5354501027970084, -0.4537050059221347, -0.5482994625812431, -0.4841255590314344, -0.5927063652919601, -0.5131678046138196, -0.5891374310605932, -0.4322267017021495, -0.5002437753986636, -0.43484382753138723, -0.6249138751674447, -0.5000018225852589, -0.61195625901659, -0.4164009663420804, -1.502566112299767, -0.6510638261104064, -0.44278149738198086, -0.517376364979876, -0.5973095191805391, -0.4468051066498249, -0.5663364336760534, -0.6815078992154642, -0.46321481821821386, -0.5218464445369752, -0.38150517127256195, -0.6005963983121845, -1.5483532341773951, -0.5017581347191928, -0.5212854843554298, -0.4882951784554841, -0.5292362057093865, -0.5563509502550482, -0.4342177681579752, -0.31285009377396156, -0.45340829787729253, -0.5759022140792069, -0.6653488567586523, -0.6091444589017059, -1.5570543349712607, -0.6010860526603554, -0.3792160781979393, -0.5312357386984283, -0.5711680241547561, -0.6440373916497241, -0.5206246856669955, -0.5456638125111681, -0.4070404232199804, -0.4673413642528427, -0.6332448054581722, -0.49973066318572057, -1.5654243291138643, -0.5171496624077007, -0.37492099484759295, -0.37186603755288133, -0.5820294464832748, -0.42649037037025783, -0.36085760108007914, -0.5140323615079095, -0.6911921403116935, -0.5426058713261546, -0.5721812296932409, -0.6751784439743059, -1.5796927284960316, -0.5190711796998905],