{"vi_exp": {"vi_seed": 31514, "coeffs": [-0.28478882381374554, -0.2876236164028985, -0.30724768745081193, -0.29305791197109327, -0.2883565959085715, -10.8804801728673, -12.620552389091253, -12.172194553499029, -10.980849797555067, -11.960992954626242, -14.184768058049174, -12.68549674160901, -13.345260144266852, -9.586984908906748, -8.744861941618739, -8.856519854219211, -11.274997784738375, -10.806367638921941, -9.428840068667265, -7.461734029349463, -8.158215615057918, -11.620278874203384, -5.69334518535585, -8.085411025666648, -7.735160105018427, -9.050020113991778, -8.618185492507095, -11.049139342714764, -9.536919825195291, -9.075255897400405, -11.643293729556841, -9.222527410069835, -5.706720903353223, -9.021507994379046, -10.122403858627706, -9.88281465941407, -10.398431469675558, -12.878019161709977, -13.509251991179562, -8.837619872545647, -8.615108191153814, -9.196189579866584, -9.984856319144077, -10.270760581761408, -7.5987019169512555, -7.311695220804883, -10.38761079992647, -8.079064536635649, -12.49063113102634, -9.256347046636032, -9.92023403194459, -6.758637356664075, -11.780048087045357, -8.949651973729262, -7.947932677811682, -10.120692871289815, -8.160706938038405, -9.350587614303128, -10.171958495480029, -8.245958464113702, -8.713769496945059, -8.670806532570632, -11.381526250306361, -10.554319077319876, -8.586430899364895, -7.856814037050926, -9.261061782126003, -9.087120242126407, -7.9372163978631765, -7.127912175146924, 2.584715214189912, -10.797706106023098, -10.42670226360144, -8.360318357061876, -7.128574376862081, -9.172692923111615, -8.781789979234505, -10.510201189546658, -10.277868846133257, -10.193180790945188, -10.76346199331318, -7.924163129878867, 2.6033819143804626, -9.964735158881906, -10.644954972918661, -10.256089521234388, -10.764975068550882, -8.877280345169597, -11.116994051683136, -10.908685332197392, -6.978492265524293, -9.538220698711603, -12.650438136698638, 2.6306742661285334, -8.933841565594555, -11.76920809352781, -10.772233461589002, -12.485578803958866, -11.208319809795888, -9.461820003214072, -8.523877074796586, -11.037847516837719, -8.774806233123034, -11.083977537081966, -9.35700651345247, -6.561017420645711, 2.5614931679172033, -8.678300097435175, -6.026676149243754, -10.401920387666427, -11.526456468539427, -8.889706370225236, -9.934637960283718, -10.654213861284367, -7.599669997614386, -7.603458412568696, -8.48013816461238, 2.557878682527468, -7.432657216132554, -7.65065142399105, -11.20791654657354, -8.724448610083195, -11.023296322146958, -10.445611946996266, -8.452643760198136, -11.427432078541226, -8.653148476884347, -11.010794962661983, -8.436785623737263, -9.47726742093292, 3.4078078806846093, -10.364904360146, -1.53444014860359, -1.5592726377369164, -1.5448724913728744, -1.598982135758135, -1.5703430052688294, -0.5885615781927076, -0.3334567595245138, -0.533382711815659, -0.41941028278327086, -0.4382872473120803, -0.5214044530067559, -0.6021809667628018, -0.5332402594936013, -0.3882373163175191, -0.5656938481341677, -0.48208552039721664, -0.4785565495233747, -0.6356278646090806, -0.5637716568808672, -0.6195348816687503, -0.4224825535179047, -0.625662674526389, -0.5993359577916751, -0.4122928867474719, -0.4930224204200634, -0.5240060371198232, -0.48013086734489974, -0.6186127381322252, -0.4695914083475463, -0.5184422709614694, -0.617383438158596, -0.580866527005893, -0.37001008874915375, -0.5673765995329219, -0.4746967994257879, -0.5265944990958765, -0.40766593575120247, -0.5353163978718726, -0.5660802024221088, -0.47916432272908804, -0.453314017509532, -0.5647684344333649, -0.43956424809482336, -0.5788825597944273, -0.5551813944564052, -0.5039881593367627, -0.44968606669222144, -0.36454156822684025, -0.6170485932221131, -0.5603290598115346, -0.36063310783786995, -0.4638067248296569, -0.6290005619958108, -0.5839279163359323, -0.6416159906247515, -0.442335180974801, -0.39687094923766364, -0.6491605431588982, -0.52287130630021, -0.32222388529094365, -0.4958082147464273, -0.5518750872432286, -0.5430776857948788, -0.4721353547518299, -0.5287551988817789, -0.5929604396472983, -0.5665330790221902, -0.5389675568833547, -0.49696297389301175, -0.4942330440377141, -1.5409017243170828, -0.36039018001867135, -0.4903116968914465, -0.6019351418989014, -0.37023369200936823, -0.48172241370691515, -0.5113812678697904, -0.5424765278118712, -0.6336450398183444, -0.5049696897765118, -0.4998043613502519, -0.43962462434623434, -1.5483024026128134, -0.5436605293092942, -0.504857046074267, -0.5504085725639473, -0.40543444946272433, -0.525085701692434, -0.507483240051972, -0.5921736031298933, -0.5899685879919158, -0.47072047214719537, -0.46243085307590637, -1.5627802394689405, -0.599542387942581, -0.564629450451926, -0.5861733002912611, -0.5818695875651063, -0.5388157324185662, -0.47774320545754023, -0.40741476352604516, -0.29167209905293895, -0.550458442980889, -0.4832037446570841, -0.5787932302681902, -0.3028424388058847, -1.5209373070268601, -0.4557752498332175, -0.6833484253365278, -0.5617518116619196, -0.6577527660510354, -0.5725599472523485, -0.5759280514168763, -0.542492912314941, -0.43258011711856625, -0.6150348558828191, -0.5348738197846614, -1.5246700071459385, -0.4789933742393819, -0.514229206839028, -0.5426507726763151, -0.4999641102397843, -0.4480329163378922, -0.6213510890851944, -0.5256173738799077, -0.603803988078817, -0.5086033286534081, -0.6069546928267843, -0.4974489746570131, -0.3118409258911047, -1.5591742198259857, -0.4846926521948723],