{"vi_exp": {"vi_seed": 64767, "coeffs": [-0.5903364959187898, -0.6167501133466762, -0.5992116333795694, -0.6089381420352123, -0.6004803888434819, -11.300135279426511, -8.422208277295145, -11.703701819876322, -9.534071805335095, -14.28274316859225, -13.940673774853694, -9.466202114892452, -9.575387959358988, -9.481264938300505, -10.89026654358302, -13.067819495485452, -8.977313896239194, -8.872573460608884, -9.200300094575717, -7.747901742388117, -10.711015857108967, -8.610834813996679, -9.881648216719041, -9.46212298162187, -9.018723427627197, -10.394004678197351, -10.133470683581871, -10.66758838748124, -11.035537031836633, -7.640453335790395, -11.812486062278492, -6.307154123193885, -9.83926630913268, -5.667690643296461, -11.850695390870015, -12.662710615036245, -10.271059056736904, -11.149604650555277, -8.819835091037906, -11.532013783040586, -8.65811075818828, -11.997982304728922, -6.211825665550961, -8.73545492758932, -6.506578454909591, -9.083574470588143, -6.133883646796582, -11.146994012706896, -11.639973057426765, -10.448644202415343, -10.321226961210428, -13.26776344497598, -10.452956929630007, -9.766133521275446, -9.709168932526222, -8.84097658080829, -8.112283588789388, -8.455825294609957, -7.7144084901516905, -9.874931780040331, -7.895948062314594, -9.98048825190827, -10.3160021571937, -8.380506690058944, -10.469382932619045, -9.539545309474766, -11.519797865929544, -8.62840177090694, -9.800705248711399, -9.167353484447009, 2.563779774557467, -8.613474230091297, -10.42147560754734, -10.900307745369155, -11.256026875522705, -9.034683063204623, -8.956180861027754, -8.435907307825921, -7.433661236975797, -10.07435336334607, -8.719317260161871, -7.85793491342201, 2.698500769760183, -11.26436402737251, -10.11193132793537, -9.713271167684526, -12.18013570054691, -6.291753679343731, -9.402291384164705, -10.456980286054998, -8.443725834082533, -11.305746648617951, -11.451788099913658, -6.284304376436857, 2.764876124768789, -9.760421829231237, -9.743992426120887, -9.217722915735798, -11.01576957138833, -10.933234922051716, -9.875979809495378, -10.961165197586936, -9.266681278139279, -8.721838572287236, -10.462714650301333, -10.49592944458356, 2.868025499248623, -11.447679778314114, -9.808808931051363, -8.381656557922858, -9.393951302510796, -9.239756607297668, -10.835866733231565, -11.101687246263985, -9.913138135654297, -10.539250112325737, -11.088093410504625, -7.824041264836972, 2.9867405062451375, -11.745921868738929, -9.107517185154167, -8.582582052925737, -11.39528016165514, -10.246880434723753, -9.142443557078908, -11.299654649054137, -7.75623778696115, -8.981576217714382, -7.082518320667068, -6.948531066826937, 3.363296565343577, -8.459574093910692, -1.5454300569467123, -1.5292847532254024, -1.5454421002460093, -1.559679777927637, -1.5127752048064114, -0.4126575521787907, -0.5656198975851314, -0.508538898207262, -0.43982375312645444, -0.6478071722713044, -0.5930934792787037, -0.4993040571908506, -0.45970994330071135, -0.3913592963536585, -0.6454690845177853, -0.4442201363728828, -0.6094890425096574, -0.5995749337092168, -0.40913848467665703, -0.4743042587429565, -0.42795850390142337, -0.5379010059995034, -0.5767456856892389, -0.4677006153545032, -0.5433955051669123, -0.5155807430524033, -0.49111308316342794, -0.5303416641719382, -0.4843045600043642, -0.5298005425777846, -0.524571388408527, -0.48144606028115666, -0.49584763263753473, -0.5855828291979976, -0.5883767087681518, -0.44247911156977177, -0.5395290215923271, -0.5725017363290786, -0.5119452250349583, -0.4818092009930457, -0.47166383943312035, -0.6452824547132324, -0.40282738796735945, -0.5177876828721394, -0.5218266321788534, -0.4801506271636468, -0.367169274992146, -0.550959578086201, -0.42178116556911704, -0.41357157289924223, -0.3768603857085795, -0.494531478528679, -0.5010463480870302, -0.5800518131558504, -0.49871626227078836, -0.6195366035166581, -0.3966152487450634, -0.6103646926972071, -0.4155578078774722, -0.43131922343514956, -0.5968549439640964, -0.4163800964062009, -0.5852121990786706, -0.36598606151423363, -0.3426860455820793, -0.6136690927505858, -0.5076144768510105, -0.5139420971209382, -0.5152320407425581, -0.43777651501783904, -1.516122789019675, -0.592931366729943, -0.49172080940247836, -0.5223815954069123, -0.4569548108572378, -0.5297058899617596, -0.3391307437504864, -0.29680700593102416, -0.47286677089068846, -0.6023999996630025, -0.43327466214657945, -0.4609302320249745, -1.5417034462266996, -0.5133621074108646, -0.3465548515523921, -0.3260518971517262, -0.6002589195178473, -0.5219956982010232, -0.4328947940766124, -0.531634717712886, -0.6323580741715422, -0.5624163191651531, -0.622016622014695, -0.4518727132593289, -1.5534576103936155, -0.5566089417786382, -0.4722515719638912, -0.2653007367400619, -0.6082371121242194, -0.3260702975837074, -0.5503965568016346, -0.5031320788547458, -0.4199264879771357, -0.43146075422390817, -0.5606514388444138, -0.5175527303193629, -1.5701324597499375, -0.5122911751624073, -0.5211064817210218, -0.4398853256853786, -0.5477473625488016, -0.4199198987361664, -0.6235166311068059, -0.546313061743305, -0.551592387668224, -0.40853740183922344, -0.6150472960162965, -0.4600210278447569, -1.557023244965643, -0.5306689953791974, -0.4847175451573442, -0.4216673817806381, -0.535476526379135, -0.5089737689343111, -0.5062931964212917, -0.571593067061295, -0.6111604616526738, -0.4768744479252852, -0.27983842730314573, -0.5652346806095773, -1.5544357954810155, -0.39515126470310774],