{"vi_exp": {"vi_seed": 22146, "coeffs": [-0.044126655548427915, -0.07774313956604025, -0.09089669906832608, -0.08930898558824238, -0.0642224876112875, -0.07395945227216877, -10.326306526019001, -13.068702187157392, -11.322863554635385, -11.796217873170505, -14.382206080575596, -9.885612808215777, -9.625264283706677, -9.446223163783582, -11.170834228013215, -13.285147129446205, -9.464581231243303, -10.825253030086609, -7.827822234891383, -9.73579408765044, -9.884113623054192, -9.094970422912146, -9.01622924635698, -8.215270141736717, -10.19670580162631, -9.85112020624836, -12.032998536459935, -9.6153198422116, -9.829762801750196, -11.7184826289902, -10.41880989617474, -9.881886808476333, -7.577684585046118, -6.235467903775652, -9.680974812907241, -10.459026963086277, -8.850585937965658, -11.921644746080101, -13.623959641955276, -12.266907799601498, -10.790189751753536, -8.961148473338199, -8.96059708902517, -12.78387846900756, -10.609024451917508, -7.697942242215354, -9.50751437598417, -8.886889660440156, -9.92409580287096, -8.766857517399831, -10.345249470174613, -8.8127822251985, -9.063557052393026, -10.299218193067578, -8.47688508498794, -9.280832421353017, -7.886836763728368, -11.140005591408372, -10.937088854948062, -10.262562205198373, -9.937020319521023, -14.028800477815507, -11.200361366879859, -9.617904307645812, -8.322319662367203, -9.799324914945139, -7.805319058626858, -7.625972888001156, -9.615032932330125, -9.05666653437151, -8.787138611439977, -10.707038843760204, -10.882062097048868, -12.547190099114456, -8.01832424773554, -9.24375741934302, -9.42094673921372, -9.15043475560235, -7.773563882099393, -6.503149797380782, -11.482594606627135, -6.6826453055342165, 3.0713473591574267, -8.726854686756456, -8.770847412481867, -10.566353831956322, -9.134272188390714, -7.606853154776116, -8.163492191044503, -9.525515359545436, -10.589895851036799, -7.120684585124167, -10.754717369691598, -9.786214462595742, 3.0918335930164145, -6.895219873222415, -9.64248111381359, -7.435379093526273, -11.138814762899292, -10.480844122080287, -6.550224382347677, -9.619982227799241, -9.4130200424322, -11.676812109272952, -11.293139520648468, 3.0829981936020747, -8.820048745158259, -10.625827390498397, -8.728739862473784, -6.087088259520286, -11.343752994855564, -11.359002218590664, -11.15790668964552, -10.372689167283411, -11.863052468774537, -11.475300680504501, -6.13322593088175, -4.443281435949674, 3.2187533593369397, -9.569050660325633, -8.658782080432667, -9.510228056754391, -11.250066325121338, -8.712448556835687, -11.177626044232284, -7.611449176199772, -8.736946866743681, -10.342526444387326, -8.564212904670132, -9.859696501543263, 3.7308835865795347, -9.347759475605207, -1.5409596984826335, -1.5840128403373785, -1.5605535598145228, -1.5612091724993145, -1.4815237906460403, -1.5459230651912446, -0.47153592865578264, -0.6913154720571699, -0.49707390162847515, -0.5688548979353903, -0.5602258855002763, -0.39389314490301147, -0.5219229705312636, -0.594593260602385, -0.5543509505924308, -0.4758360379424286, -0.4521555094965113, -0.5208156640104782, -0.5119365448885494, -0.5005232289949284, -0.6203918267371722, -0.5372719593862741, -0.4505002676348501, -0.43552565500056484, -0.29997040216389054, -0.5245675870691799, -0.40699371110655147, -0.444694733104363, -0.5576258327271809, -0.5845318114178666, -0.5133551908068766, -0.6838888070209375, -0.4984084516100152, -0.4717422717401832, -0.4383267000998623, -0.3738785621754688, -0.4707154704689716, -0.5535330098609282, -0.7238372656344088, -0.6282162919177969, -0.48994734488237773, -0.43777902477052727, -0.43672863830699954, -0.41536572828840823, -0.5813568876822517, -0.6042848767344222, -0.5152540761030087, -0.5168457708628836, -0.6400149776714789, -0.5744431901015201, -0.5814042397675652, -0.40658078993489133, -0.4755032487725819, -0.4913216502081133, -0.6388970928015091, -0.5175092724709794, -0.4855818241361587, -0.5498508745748844, -0.6148095528353159, -0.3401819552433011, -0.564507634768471, -0.3876785093367562, -0.38498184408152814, -0.6386566092510023, -0.46465678861118853, -0.5663310819369568, -0.5535664523438125, -0.5715640444351497, -0.4897755836506609, -0.4437239435493218, -0.44921086438253377, -0.4835541475994607, -0.427423621862573, -0.5795106321750122, -0.6944702388552181, -0.5893390998283192, -0.501830171311153, -0.5399793795140199, -0.5131192144760386, -0.44235982797080153, -0.5797627744754159, -0.37120909727065043, -1.5228579464772543, -0.5013699453988911, -0.4924504087750894, -0.39247988273853457, -0.4012354377316368, -0.5260252852356353, -0.3785776442577761, -0.5192504580356012, -0.5585505276660488, -0.4541724600046196, -0.3979018168244603, -0.635072042074243, -1.534014986426253, -0.5203126546472673, -0.5219852178638276, -0.5171478242986183, -0.5986925936996303, -0.3210923529194226, -0.5698186132804445, -0.6310667398267403, -0.2596466687987993, -0.4931290910010449, -0.504797550916356, -1.5586702395811842, -0.6504988641983872, -0.593973341297795, -0.4274575536060188, -0.5616306004870144, -0.5823013190762956, -0.46993261362122585, -0.43291915996750896, -0.49609431214919886, -0.5902222844338395, -0.593070679249999, -0.2777486415970358, -0.5498200604278961, -1.5139377886251757, -0.4062002760609296, -0.5800297865155184, -0.519414186205108, -0.3029509942108644, -0.5168977969552109, -0.5409677381803156, -0.4955001104913145, -0.5666207614675959, -0.5829643747077138, -0.5431032709990234, -0.5744386654762622, -1.508165908438228, -0.4153549986705405],