{"vi_exp": {"vi_seed": 7380, "coeffs": [0.2255932324381863, 0.240796312514021, 0.22514338518532337, 0.23139552173872344, 0.2166574000033674, 0.22410334276877228, 0.23078707088689998, -14.212413063367748, -9.94309606465982, -10.47412897599741, -11.906449748001535, -8.604964688444001, -9.138745343376014, -13.060061475692567, -10.218922683737919, -10.540728693361856, -9.823538356676826, -8.926671186181308, -11.573636001515501, -8.643682148488962, -9.906171195650026, -8.284239423960845, -10.619752741357877, -10.316688443641823, -9.145304124218613, -9.320678340692236, -9.45962241973898, -9.996676213400896, -11.6176550334237, -11.116749088831325, -11.996597441170985, -9.35376424657703, -8.856802274501325, -12.608931376086623, -8.920811182267036, -10.524952436275079, -8.09696884454839, -9.148631574122437, -9.468486989599366, -10.882208699894687, -7.516100823710618, -11.436758616263559, -6.8549540699303035, -11.106497917143724, -6.426224991222055, -9.06672310668872, -9.923354629079233, -8.940989771271433, -9.383693140682034, -6.230567384397751, -8.834780913240456, -7.758113309128867, -11.504201671007511, -11.34464616352664, -8.603217289557232, -12.566479361039537, -11.526269879407176, -9.651668175344097, -7.997606381807626, -9.468808712029656, -7.824283853501004, -6.880565565143204, -11.372760114051133, -8.489789175048973, -9.191034539305521, -7.053096094556156, -9.637649819799986, -8.614470912383238, -6.594231672802678, -8.508872375516352, -10.828681108772281, -8.285471960260484, -7.353000921618636, -10.327390346104783, -10.3122928037364, -11.560989094028777, -7.911943234446206, -9.625473792258612, -11.106074599794766, -8.89758253724451, -8.996040733834413, -8.857178442864969, -6.3811249385606565, -10.161125630291725, -12.307282510153165, -10.743268095920634, -9.325001315777453, -7.820636532140524, -10.040722657823467, -8.272737899595558, -10.267529446336185, -9.745046598122475, -7.997266167262895, 3.179188278232133, -10.330296816032366, -10.131959525770972, -11.191620902825326, -10.483409780112062, -8.572814440103262, -9.047100522253107, -6.254138300738008, -7.305651467559579, -12.188288993105566, -6.84896364401912, -5.760360716803254, 3.2632079176450803, -11.86739889452221, -10.90559421394927, -8.175106839306261, -12.356005414428965, -11.843421106209334, -9.080246515899065, -9.25240108180584, -10.4352576421146, -10.326169996968725, -7.7577952854185055, -6.88926280790659, -11.799756211464906, 3.4236849696557745, -7.99264649120818, -8.794458322985022, -8.125323849415425, -9.651540914814188, -8.692068269647974, -8.245481130658446, -10.05794678289579, -10.376053238720477, -10.397222829369623, -5.465974387283557, -8.260429982858795, 3.693087044112466, -11.592624943199754, -1.557036291005159, -1.5537893128134814, -1.5421814024769125, -1.5326395488438231, -1.5457208305164307, -1.498339717658708, -1.5712140182072198, -0.6258517834414344, -0.4958178065684038, -0.5644003912671602, -0.5474342868076705, -0.5921981845593192, -0.6132025403052934, -0.34523716368070456, -0.4668712905127178, -0.5624178166922147, -0.5050268177122099, -0.6317799680148405, -0.5573854713820743, -0.5452569878997318, -0.48529506188017385, -0.6125052779707344, -0.46207913645935295, -0.5507877309210456, -0.5017360261463276, -0.5914306261265668, -0.40888308520911426, -0.6209047667671579, -0.6168633006021816, -0.5080778817845171, -0.6486236967525066, -0.40942109480777933, -0.4660987668274655, -0.6023696360593177, -0.5898019149618031, -0.4510010010572344, -0.4647328206106368, -0.4747715303420705, -0.4444759119460631, -0.498011652782909, -0.4676253369578787, -0.756582402368892, -0.4026534006605974, -0.5248422457242388, -0.461129181980076, -0.4716782680575498, -0.4806149656964595, -0.5051909033969472, -0.4933366908512832, -0.42818855015612795, -0.45935389707271257, -0.5937728355508829, -0.5566865671916105, -0.517058814172005, -0.4660553606988007, -0.6833845980746289, -0.6528742786759296, -0.6456633723959377, -0.5432452916113067, -0.3751967918157742, -0.6216693532946803, -0.45127089289847305, -0.4890598032248743, -0.5773128856752422, -0.5148493309925998, -0.260921003872875, -0.5299713526927061, -0.5558722232213404, -0.42577204443059075, -0.5591761431231963, -0.5345942390100915, -0.5038060586769249, -0.6139464011939622, -0.3861377770079515, -0.530338648871852, -0.5015159618614422, -0.3997202623999145, -0.4757297433935091, -0.5895458814428106, -0.606703239975227, -0.4402897223748962, -0.49646765964056927, -0.6626605932700079, -0.5381438534532044, -0.5503129356295843, -0.5875233459516422, -0.635246668185862, -0.4435621847913012, -0.4981895608433137, -0.5184308572498272, -0.41330366273632824, -0.550115639998718, -0.4332073300747623, -1.5360926306895828, -0.5136214549787825, -0.45812746473777477, -0.6480213250468582, -0.4417253661103275, -0.454720127121489, -0.5966370625756371, -0.4824791218397121, -0.4855919259525096, -0.4833779491590574, -0.2683163119235179, -0.4478507783784474, -1.529240269521233, -0.5764959214759947, -0.662457575263209, -0.5415163575063655, -0.4766966732940226, -0.5517924633863945, -0.44359994674537573, -0.603621729692875, -0.4521436533511843, -0.5163852243811059, -0.4546177918490684, -0.3792017963554859, -0.5294788347907718, -1.5365061363618977, -0.4981544628292533, -0.3592283074074978, -0.45522737849861794, -0.5056368204986883, -0.4959727412516525, -0.4759247022668788, -0.3812628234580761, -0.5561284275851026, -0.5950192501758952, -0.6800239259680715, -0.4332424878754563, -1.5373636286445092, -0.6211704264979443],