{"vi_exp": {"vi_seed": 47715, "coeffs": [0.07267706934895699, 0.09173017322095811, 0.09157919467787665, 0.06722265450276636, 0.08755967050609514, 0.10062159756289632, -12.510433529259476, -10.069504985050393, -12.608088028016754, -11.915044496979887, -13.583564392930732, -10.348205704494033, -11.179537963504837, -9.84929198108738, -11.350865545317752, -8.004975272405447, -8.00233249552417, -8.450222680484206, -8.379740431405429, -6.965069830009523, -9.115056447859894, -11.136618510193438, -11.542904922310779, -7.932844515424087, -10.314112759279565, -11.17215442901542, -10.844155712093826, -10.385772534721998, -9.297133351242312, -9.459581206508648, -9.213991406647937, -9.816095384063898, -7.0460529416536115, -7.752144157325314, -9.563956080220557, -10.391225367874613, -9.595450312954634, -10.473991709176467, -7.6206307872645205, -10.27197750821659, -12.618829661145044, -11.60622941872662, -12.289340952485908, -8.582764033522228, -10.351887519261645, -12.027936977409311, -11.735808490822803, -8.947104035156718, -11.259601258212353, -11.601008831194733, -10.62481874533612, -9.45175232223208, -11.356578550523901, -8.255948180066333, -10.761878536902072, -8.433450243424534, -8.13842139111939, -8.125630524909225, -8.38696685744317, -8.932493687354114, -8.586308991081378, -10.160469566636237, -8.084074395597879, -8.085428990231675, -10.735931530048463, -8.880709225175616, -9.824877310661558, -10.590718987739205, -6.772075679931026, -11.31776764330083, -11.136588574180925, -9.386596690951096, -10.05054213300306, -9.816051520981864, -8.87066586339134, -13.595055025554654, -8.994452921206335, -7.399866195919638, -8.161122570805844, -10.327945600194093, -9.364792304151928, -8.86629855625738, 3.0964177622040543, -10.608982388207545, -12.104996328291561, -10.66086255033472, -6.558303321274343, -6.089064034188322, -8.551312261735452, -11.698068734542638, -8.631570780955167, -9.597674420025008, -9.875881700445568, -4.084105592404357, 3.168341153782046, -6.2332875078113075, -7.591578655707744, -9.149629552931346, -10.963558420118398, -11.064084427273636, -7.684971353896052, -9.801706062984376, -9.959965472215483, -6.659314550762359, -10.879138863179461, 3.186019970916372, -8.371953403541758, -8.061573659089957, -12.064445630185281, -8.821105033883956, -11.857543046709337, -8.399035070846939, -8.354583743467147, -7.461838726843244, -11.290946664738032, -9.779914105839518, -7.04532488834128, -5.484638570308364, 3.3121333925773415, -9.350870886387376, -8.713325187487191, -10.241306002622741, -10.940764992714978, -9.163459666771276, -11.226216854294732, -8.371368220194489, -10.988661705632293, -10.894763540317982, -11.647015330307388, -8.548000506637102, 3.909611944047717, -6.967043925871547, -1.5451214314487616, -1.5302348451771084, -1.544232992831697, -1.5690541499486503, -1.552917087112863, -1.5201103673599725, -0.5279830798622762, -0.40950477044527983, -0.4268742712507494, -0.5834697346383438, -0.3690369488271172, -0.43890018635015393, -0.4146945252389894, -0.5776146979965268, -0.38274341319309874, -0.35891717321083133, -0.4208439538582015, -0.42944363889981624, -0.4725649418201492, -0.36161078141652786, -0.5008079178593933, -0.5725669300521458, -0.486992024301806, -0.43122687995272824, -0.46305959203171276, -0.5465715729838387, -0.5604769386111345, -0.500144393687521, -0.32855264026570097, -0.39130234871400565, -0.43989791428778924, -0.49193907296874684, -0.49967710016567324, -0.5804827009077027, -0.43911144000253216, -0.45981009536072476, -0.6746781215612515, -0.5315008405321369, -0.4980159330575451, -0.5763577585830922, -0.5754673129721734, -0.3601131216228227, -0.5567639170863885, -0.41115265061062134, -0.47911898227502425, -0.6247355159654308, -0.514488635658659, -0.3299099161314944, -0.5566531777827668, -0.5623055670987045, -0.534063709025273, -0.6222374522028684, -0.493944597570651, -0.45797895078288353, -0.4533699811269953, -0.45352732693569114, -0.5883873142051024, -0.5443014347546347, -0.36301843132635814, -0.610106822141998, -0.5262913021427525, -0.5318812997057908, -0.4503589423958208, -0.4744929562514807, -0.4940165719311312, -0.508934881912222, -0.5692894936662841, -0.6098315675357276, -0.3756345304444155, -0.5581652719419473, -0.6170390801036227, -0.4903700225126493, -0.5663599039743648, -0.5887313250822022, -0.4726816604867373, -0.5879218293523528, -0.42605727439158914, -0.6610664777490841, -0.38832449937241137, -0.5808890627352512, -0.5328636687251362, -0.5523682262114087, -1.5324954322988718, -0.4302795058982817, -0.49085685275213164, -0.47115076709614534, -0.3502142138244363, -0.4140195207675004, -0.5228095107978693, -0.5633007246173904, -0.44320637284385384, -0.4261755338189819, -0.5902982093141244, -0.5486818941878848, -1.593104003529865, -0.5947224735123954, -0.5178968363729319, -0.6040003791672944, -0.5453282600682988, -0.47919685965212844, -0.6231745705491956, -0.5612095376777912, -0.589272768010841, -0.3165882365931041, -0.4275212428612424, -1.5376660901173378, -0.5355996988552042, -0.5670705948994624, -0.6603235485569713, -0.6237006003286057, -0.5405760420139943, -0.4697841831666259, -0.4472647394733075, -0.5068645858891161, -0.5615126669782557, -0.3987605222549793, -0.4165004307546403, -0.6023250068554797, -1.553464552370979, -0.5891418763370536, -0.3685690744519871, -0.5520558619572236, -0.5581984221305643, -0.48466212639112943, -0.49966694659445665, -0.5028207747897614, -0.4969561298616936, -0.47343655764614667, -0.5777899375648503, -0.5276111351724299, -1.4933870191054226, -0.4487041756369506],