{"vi_exp": {"vi_seed": 14374, "coeffs": [-0.2920895362170462, -0.2895178082272896, -0.3070776590770952, -0.27748089428146044, -0.29779588316274386, -0.3040196325249894, -8.049112998464121, -10.055537631157089, -12.463934120121296, -12.010755671983182, -11.815315981670677, -10.645082394312274, -12.146690689256106, -10.135349235109103, -11.310898605975705, -10.959254526341653, -10.431330876754966, -10.09758115224087, -6.3213713304281764, -9.596654518999054, -9.559522493215757, -9.54520269459769, -11.619704725487, -8.556537421511058, -8.670948489814608, -12.662991938748958, -11.288979570203631, -10.157003044220282, -10.4712500439355, -12.182345582831397, -8.296991550859111, -9.555341065048056, -9.670543263890986, -8.599078754387481, -9.364224032743177, -9.121476068125048, -10.574871171865237, -10.261527027979797, -13.489646016747246, -11.320598633656875, -5.716313246199929, -9.209509041081091, -10.554745154949332, -8.174316391487643, -8.635645336411716, -6.066310178334387, -4.691316825290895, -8.590287405782234, -9.619781620779403, -11.58726115828943, -9.063518758833567, -11.221783317171264, -8.17748820790625, -8.397054417851429, -5.392117225853539, -9.04486162630934, -9.63666934554448, -9.243223095674782, -6.441885813615887, -10.606388039107484, -8.821164234424167, -11.003839120919569, -7.781325820616523, -9.896973021005854, -8.879967844298156, -7.893173164833238, -10.000374306209645, -8.248913837692525, -7.6106814501234386, -7.967479070131772, -7.398169780455399, -9.950513272445331, -10.62105796876845, -10.380834304144285, -10.15841480879123, -9.09324624500066, -8.235158339695342, -6.705576068631669, -10.277221133341275, -10.55799092447553, -5.474776592948991, -8.957523197651444, 2.4036620951947243, -11.829403925985547, -10.856826347058432, -7.6468989150592055, -8.11654105920286, -11.080860689457776, -7.74387815752404, -10.205375945752898, -8.109869093402393, -9.71272210289073, -7.2733683679404795, -13.203733102887949, 2.9973665515408037, -9.885380599019022, -9.024266926968153, -13.126305087050195, -8.047067272770434, -7.70456033683241, -10.36729802931941, -9.627062383617332, -11.59938615458711, -8.438024792656314, -10.646606848318191, 3.012762593812587, -8.86981264366344, -8.66534356265399, -11.08826160291415, -10.018287375935602, -8.541734885292849, -10.395194978879037, -11.017142534084005, -11.2054238396258, -12.007015102845386, -10.992377457715374, -10.737535572127658, -8.871293355756679, 3.2176756127692485, -8.48724546179115, -7.8756550300836405, -10.814717685526448, -10.465399764088001, -10.980159390637104, -12.445950220609163, -8.238225812865059, -6.720762870186337, -9.15871342289004, -6.536010927775845, -9.079736371806371, 3.667554451700293, -11.255835564376357, -1.574628558292306, -1.546034682226825, -1.510930306476263, -1.5190261563434004, -1.5558936168689543, -1.5848460580438388, -0.4702950849631882, -0.6009538835089948, -0.5116637731003933, -0.42314213185777055, -0.4938736590574591, -0.5908361712931935, -0.4803411356243076, -0.4182731061160596, -0.5401656458135989, -0.5458167312426646, -0.4228184532612312, -0.533295204220297, -0.6010214271447011, -0.5530132382267122, -0.4955180254319602, -0.399840950705811, -0.4159099369605752, -0.4652117970606831, -0.5987059092158298, -0.6066689323872525, -0.6278601865118325, -0.547296270130047, -0.6457177101488926, -0.4617746413387477, -0.3094057861886258, -0.4760620109106663, -0.5760009146985977, -0.46190417701969955, -0.2927847600462355, -0.4944564234419277, -0.487965273137479, -0.4562188043541835, -0.6222823704424977, -0.559690279676391, -0.4396995400051318, -0.5582696639950253, -0.4531374794125674, -0.5228177069447758, -0.48910802383046487, -0.5763917135038809, -0.5361461804154601, -0.5377209982772737, -0.43380385356089474, -0.5677464034825281, -0.628371978845922, -0.5085954146636821, -0.41802629605743796, -0.5222251714583064, -0.4974384479311614, -0.5484263285024831, -0.5701368035503656, -0.45416192872841754, -0.42562561998452686, -0.562628201859494, -0.5514956915073518, -0.44785892199410776, -0.39672525716430285, -0.6302980109564845, -0.4674144251994277, -0.3932496297864279, -0.6261460902400184, -0.5232463548535485, -0.5520239363528299, -0.4918519026059194, -0.6132094953374927, -0.48144632505427676, -0.5406229212408296, -0.5235550308939914, -0.5434904177715744, -0.5429301468817865, -0.5105918113471041, -0.5419709688181029, -0.5182516967514383, -0.5545995732816463, -0.43481356387012227, -0.6037517643713274, -1.565777429804855, -0.624741682922849, -0.35497947280627656, -0.4592752545867903, -0.5011659002682984, -0.5645580407617271, -0.42200843660800325, -0.5427851148702605, -0.5041970590738905, -0.5183022913312354, -0.47284766728654254, -0.5439688941074148, -1.5732715983080539, -0.554244723904075, -0.5858338503787066, -0.5455991721473357, -0.34768236233011535, -0.5410363419379649, -0.5520361266134326, -0.5460681932410706, -0.5569671234382472, -0.509389690320044, -0.6450525926477094, -1.5552087347706316, -0.5855830198203485, -0.45929407481291207, -0.4216427520101681, -0.5311607301950582, -0.39905451405138037, -0.6407834119360373, -0.47836245755083445, -0.6562816160247351, -0.6177902624432388, -0.5584067204067634, -0.5349590202260824, -0.6309657188863007, -1.538978508112691, -0.5418895209706358, -0.508683276256877, -0.641742239740666, -0.5162141885868826, -0.5115328072388873, -0.5637096228893452, -0.6123312498243817, -0.5670354090748848, -0.43769276525094214, -0.4897967587095242, -0.5014740688140896, -1.5417327560162126, -0.6255026910073487],