{"vi_exp": {"vi_seed": 23207, "coeffs": [-0.051113101694387306, -0.08423169125156936, -0.0708104687072351, -0.061652560911669645, -0.0848901162187189, -10.4810546981518, -10.404041920007716, -9.998592585657915, -9.39830696836573, -9.628708197009107, -11.565672091232921, -12.556747748774377, -9.84857417595874, -11.573137280892723, -8.043547210590702, -11.788023339880008, -9.550373421529036, -7.0415769810780136, -7.804095382828791, -9.029141120459796, -9.770584161880873, -8.50318579710896, -10.005045272017288, -8.77453011489559, -11.935924343888283, -10.605335148248429, -10.359705053470517, -8.998094722258697, -7.686626821187116, -7.887426714024934, -10.631701592256123, -8.452497142599327, -7.6265633589802215, -9.806198620490086, -8.317671748928072, -8.564488525133061, -12.810159060456131, -8.290108155856105, -10.180532601812866, -7.914702968308997, -10.713992864565963, -8.597564339151639, -10.422699731664258, -11.262468520578828, -8.31482901529907, -7.993406496791222, -7.48564366388677, -11.677429071201447, -9.516316722143873, -10.162108902887255, -11.179329859764628, -8.429116144949953, -11.10783444853072, -10.537855329091833, -10.52039674408877, -8.720149917454115, -8.695987112547817, -8.051474552613469, -5.362692462198778, -12.202750794831228, -10.585600728297402, -10.641129434967587, -9.57360689316978, -10.379746428480416, -12.267875006258224, -10.493023835123747, -9.015035540373923, -10.375122038856382, -7.1652927677792935, -6.975427279106201, 2.773390541064787, -9.362581938276572, -9.750595665019146, -11.095090977709296, -9.69829853031275, -12.66259861656989, -8.988509355502297, -7.328473071102047, -9.577937297458275, -10.089536342359091, -9.880460673312916, -9.057798070869492, 3.0002182700919677, -10.180568895845594, -11.064055209985169, -12.819292496315283, -10.469459900069364, -8.950554895113656, -8.742108616080301, -9.914820546333043, -11.672693651780772, -10.379628900524802, -7.937271549719675, -9.35602819908092, 2.968453373889946, -10.687289088155245, -9.445216817651714, -8.072609624817014, -7.537954369935614, -7.83443114510778, -11.130476488411388, -9.813262005411477, -7.4717375996838955, -6.116875254181312, -5.796351462110055, 2.969526395424704, -6.747231839541328, -9.502920950510331, -6.646189500220551, -10.59510633097349, -7.4916962780489165, -9.918760043343081, -8.25750834928136, -9.897729645873815, -9.88004593338739, -11.568618246623611, -9.350955805974351, -7.543987325409603, 3.188282065249002, -8.182028271121366, -10.307676656697334, -9.331877870713942, -10.64900118328457, -7.019698377874608, -10.5756658883688, -9.11694831026948, -12.624773344912223, -9.597889748387358, -12.541543264791057, -7.656412970582737, 3.666694608313022, -7.6088359477862015, -1.5267707256113572, -1.556282448499821, -1.5305582453128785, -1.497684129975711, -1.5309046867628024, -0.471901173520157, -0.4524410720104047, -0.48018718404641214, -0.573756871529049, -0.6549867934216569, -0.348952709518126, -0.5103757248571761, -0.4845741669289644, -0.5173841822047595, -0.44513050804134774, -0.5162561729163799, -0.4685936807080779, -0.6463770361251144, -0.5542783861718903, -0.4275850853318527, -0.6011318144387126, -0.4915241361011644, -0.6658286636505343, -0.6594753256024056, -0.57449716368461, -0.6387694753146811, -0.44142793909582123, -0.27773553189530376, -0.46327506269018426, -0.5727593895084093, -0.5228639585501472, -0.4726659255956243, -0.5225341058163749, -0.5498439822964405, -0.5446675818085958, -0.6304079993683431, -0.464355061803973, -0.5215865112417801, -0.4861836083591829, -0.3544735658497556, -0.677606427285432, -0.4680122628124579, -0.5328389813688031, -0.44484939988214905, -0.5790309585852133, -0.5563427183546639, -0.5727240888992345, -0.46206998518497344, -0.6352351715987669, -0.5191205324823158, -0.49261132479547287, -0.4794700777539087, -0.5115899209200657, -0.6070961952624884, -0.4746413447283848, -0.5967451556290907, -0.6186567794451573, -0.47923072071071665, -0.5856315443346507, -0.4917043082817496, -0.4381287343721445, -0.4292904112655584, -0.5057128351894108, -0.4391376617992347, -0.4743997952394595, -0.5528203968307056, -0.48005095975916157, -0.49197553386680587, -0.5748848932810754, -0.5046658532754956, -1.5254668832386413, -0.45487343048879925, -0.6186027987040581, -0.5794787279905327, -0.6036261063459435, -0.5551414422333628, -0.6558364694725904, -0.33957103964318497, -0.4001313627711568, -0.4633510598838993, -0.46117379495147776, -0.48908202842922355, -1.5187128554318603, -0.45380941999597346, -0.5472795793933599, -0.5378499923479703, -0.6352847211590984, -0.44973960351046943, -0.41390704759894237, -0.5518704901988188, -0.5237102512203976, -0.5267914806378245, -0.5131383241277848, -0.29988476869975633, -1.529007206253144, -0.4498312908039113, -0.6040529550891253, -0.5993587256351209, -0.402254520137487, -0.494054008328421, -0.6929314089287685, -0.5717741149066717, -0.5343085897803969, -0.4808759662593096, -0.2975395622735513, -1.491994300588846, -0.48593951705827965, -0.57476619901141, -0.47554309124779004, -0.5263446852108711, -0.5144613885356087, -0.472398059370169, -0.5237367738168596, -0.3834666887415728, -0.5918292270920222, -0.46876861230581124, -0.3753661785295373, -0.36266974055703943, -1.5071684964823464, -0.31404872574709924, -0.41338455963802245, -0.5746707935091682, -0.5624313670870309, -0.5069560611814493, -0.6412184109843081, -0.5138708499886752, -0.4972124065324479, -0.5266937213363748, -0.5038759310333535, -0.4760990782147005, -1.5580620199328123, -0.47373994899057625],