{"vi_exp": {"vi_seed": 33419, "coeffs": [-0.008856375746832911, -0.030221265883984175, -0.031736725519088384, -0.022796613224985836, -0.017815695547189772, -0.03802798454892195, -12.771518571441167, -9.005092368066045, -7.838740811989268, -13.924274543939443, -9.778378125901202, -9.02887632626512, -10.021326036483753, -9.125268431517219, -7.77638789978341, -7.1876985658989065, -9.072184589919456, -8.478859171776547, -9.310633292749262, -9.886187975938844, -6.089876382434717, -7.752137540719946, -7.966432325565313, -9.02133303141678, -12.780091237695082, -12.435834534453674, -12.85539295624547, -11.261735066310228, -10.963789025202223, -10.312544568113537, -10.490173271122623, -7.050811179930371, -9.846502717930186, -9.28872293874939, -9.21368761506547, -9.111679047876553, -11.777499984932836, -9.733377466788522, -11.197507736332607, -12.840782358781501, -12.434166072665924, -11.329706659600475, -8.798619613684556, -9.800027736596137, -8.319861664998454, -13.205762238189973, -9.664266049520059, -9.37204023946382, -7.551580976477088, -10.038585036131373, -10.146540219429513, -9.638394177634193, -8.126537262239264, -8.963539293854264, -10.70945791453431, -7.3498501667410565, -10.01390958406485, -6.900876455667215, -5.551930317078276, -9.616740373379338, -10.700293526648867, -9.809682891863337, -9.118316931461694, -9.78387665266099, -9.219840362862131, -6.922148305083535, -10.764410887438247, -6.771495476670584, -7.620823483540491, -6.1246612700988745, -8.896549742830535, -8.927418301708439, -8.468804700775053, -8.289623097492996, -10.527417829998884, -8.621817554189164, -9.058193469843639, -10.4215033921123, -9.940563602757074, -8.763479878661267, -7.868836489648379, -10.303769395702616, 2.9169369077336404, -9.899954719885804, -10.3243892733318, -10.628444663318948, -10.906648368270558, -8.281143021395746, -11.104310354388591, -9.184382988694967, -9.459511582260795, -7.115409635356198, -10.669755358443831, -4.768419964018057, 3.004783685073244, -11.123507622474275, -7.934472214765789, -12.568411577258512, -8.948801816240564, -7.761610589334389, -9.742385685838851, -7.720048370706837, -13.395578903441251, -7.408282021015858, -8.951341572304612, -9.9926622089376, 3.101630635055386, -9.216182798701514, -10.139501689435633, -11.607226182973456, -11.75987646716831, -11.905005618285099, -8.79088606179636, -8.343545596548683, -7.208241018927303, -10.374826494834782, -8.272716514147854, -6.6649107374815815, 3.234024912550635, -10.46644897862199, -9.888919639548392, -8.89697112336137, -8.57145261382831, -8.804008334989303, -9.44408299590767, -8.856690085336897, -9.33770102792449, -7.560822185623683, -8.730313320243484, -8.120914679157908, 3.6434466304508235, -9.259521240948194, -1.5423684478133264, -1.5917538106704614, -1.500048364990543, -1.538458178060791, -1.5734324323506965, -1.5325101892092967, -0.4621876731066349, -0.40845318134937847, -0.4079009501984572, -0.5565658379050153, -0.6471993150135962, -0.48132986669223515, -0.5511038645567796, -0.5933633763599288, -0.5229890129952951, -0.4338219580729162, -0.3692487980536165, -0.5392537797088068, -0.4678451950166951, -0.606056080421608, -0.44073685455814776, -0.4620654578084532, -0.5864264714904813, -0.461888513033752, -0.460592538064306, -0.5616578359266419, -0.4309176389176423, -0.5267128407844842, -0.5138360597486217, -0.6067522498374323, -0.613201252483537, -0.4980914581610157, -0.4169176750589448, -0.5700466304362373, -0.5084499824546038, -0.5220052278670344, -0.5708542758913278, -0.5635755273641636, -0.5571889783385587, -0.45655430905805106, -0.6206535523204206, -0.5143168670943611, -0.560230735247059, -0.4465692433774607, -0.6205296989571318, -0.4692009145506226, -0.5430723606232959, -0.5107057395093277, -0.5616694178276116, -0.5758152575301533, -0.4891244412457685, -0.5832126774320684, -0.456782723508865, -0.48029118882144073, -0.4689877728860368, -0.4846167487589, -0.5669308932821818, -0.6601096191370719, -0.6084133001511013, -0.6470887858462787, -0.33991928466149934, -0.3640074226835282, -0.4675533644805492, -0.6271862789325382, -0.36199843382518965, -0.4678515539381341, -0.5332400555474094, -0.46681619967776167, -0.4931160268361864, -0.6205238444046127, -0.5327658013861478, -0.44171050425398606, -0.6022395260966448, -0.5946965427954368, -0.4575267998370365, -0.43354354350490776, -0.5186784297226539, -0.454653406800916, -0.5386842556887217, -0.3584230927089592, -0.5892014266878665, -0.45690143090351326, -1.604503016837254, -0.4618633878667323, -0.545833027535501, -0.5629757663657102, -0.46728881628824803, -0.488243333630852, -0.546384071254381, -0.5304394736661495, -0.6009448212082572, -0.4428762138807975, -0.5119012594518974, -0.5946283826147906, -1.5534587499736758, -0.5567220398581975, -0.494480385719822, -0.4875756795038793, -0.6713219841765041, -0.539380193371256, -0.4170557592390305, -0.5131825254467731, -0.4550228037173526, -0.5957654784309305, -0.44514204347885566, -0.540132351070391, -1.5427194892528415, -0.3426509305831191, -0.6290125755433489, -0.4484606504515806, -0.5799739690402546, -0.49153140557852665, -0.3729808006428043, -0.5581627325686809, -0.5952785678289898, -0.4348430514735856, -0.6175945311094412, -0.36852985478452416, -1.526245426581775, -0.514106490369931, -0.5486451262523042, -0.4889963171309401, -0.6092455228218642, -0.3892313731139546, -0.5617039050591474, -0.5744767724985868, -0.6435089400725783, -0.4944846961057103, -0.51817095859441, -0.33760778104913686, -1.540577859898947, -0.6286825912694691],