{"vi_exp": {"vi_seed": 38405, "coeffs": [-0.578710617507029, -0.556908212308545, -0.5471601278040169, -0.5699817672847216, -0.5797014597577704, -8.828468718813937, -8.235811023659478, -15.249772643943512, -12.847636314536587, -13.706529280869729, -11.996291901039669, -10.466999815597594, -10.027016272902438, -10.852390120398509, -9.894505819179022, -10.868367665413189, -10.00005752166102, -9.848997145788422, -9.30908194188748, -9.226869404201665, -9.369288048033326, -9.567855012200003, -11.101748186180144, -10.928071753854937, -10.70223282097027, -10.302307490244324, -10.872299135329019, -10.175039173577439, -9.652093252942693, -9.83486242268309, -13.31450235771643, -7.755162120071067, -8.505180261148276, -9.475690660773314, -11.311025295464209, -9.583333451888912, -10.42747485168542, -12.909315149098802, -12.596120075757629, -9.528299529083023, -9.174757217261286, -13.060945390230982, -13.491579663382856, -7.208949137915495, -7.44162228293105, -10.164103752893382, -7.134797026369073, -9.970161061100885, -9.396217454453017, -9.29555788593215, -10.285856523092974, -9.55403238362287, -11.83306160036814, -10.906086385533962, -9.404386171562079, -12.63430991244888, -7.7016860559818525, -8.46121347118407, -5.999729186466415, -11.280397004219997, -12.768927164551803, -13.976757517451553, -8.933077395657167, -8.222830115610412, -12.0091032111096, -8.380471695041633, -11.216263262404622, -8.983790554800997, -6.232090655631093, -8.679696112122942, 2.1259737924032502, -10.614727948148987, -9.044386849938766, -10.251709172039137, -7.860230157902378, -8.954131365551524, -9.931813030998795, -9.270779004628105, -8.405737405679101, -8.174118100443064, -8.30273020150025, 2.127199626600822, -7.000528986466005, -10.240422469589545, -9.275091066084322, -8.746520959393061, -8.10926521680305, -9.148505938635003, -7.137813762771125, -10.931636817843518, -8.350244602083043, -9.555246209302755, -11.864402249947874, -6.2667508456674055, 2.4592933046053194, -7.862661257317888, -10.21976348282693, -11.214578620451354, -9.143913868134597, -7.206649089308655, -10.223925332137826, -9.197572435126029, -11.074989887547899, -9.551446676969185, -9.733784484960468, -9.854084364104908, 2.4883562443827048, -9.338460016584875, -10.369911754142073, -8.76025836247415, -8.623121408523591, -12.118174003828797, -10.488110332174605, -10.099330571617243, -10.674606984477752, -9.734277184312717, -10.273657835400373, -7.7956006283712895, 2.609007778096483, -11.98273984340022, -7.387201778139652, -9.975632861749798, -5.313116394999584, -12.015424740439576, -9.869336182068185, -9.18885986745091, -9.659897165539327, -9.47786282404969, -11.280272301080949, -11.201906654915362, 2.864548974795123, -7.293988589427851, -1.5307383199358633, -1.5118366202278148, -1.498843365842357, -1.5528297409404, -1.5507045097718255, -0.3262359472661208, -0.2872366863807874, -0.5758696451587713, -0.4806455717147903, -0.5046696648083869, -0.5392108536196373, -0.5182438448037874, -0.5506031678390335, -0.47833999088456575, -0.5481377038870695, -0.5953465250775979, -0.47190894780715636, -0.4397707708661177, -0.6127152410703364, -0.5013034159585121, -0.36886364098021585, -0.585156055051083, -0.49146543871762327, -0.5224192109522365, -0.3689931473294886, -0.49412005172605944, -0.4188359963006956, -0.4462448988037349, -0.5630910251129332, -0.4536667781306481, -0.46706418997585086, -0.5168792265178214, -0.3435324227721857, -0.47425934091886496, -0.5757234152623034, -0.614393878767029, -0.5612400299172384, -0.574812608245271, -0.5140644998346806, -0.475985961941014, -0.4110683211322607, -0.5681770347775706, -0.5628251193504246, -0.4513008814246127, -0.5895366776151155, -0.6002891349091052, -0.5274169336506913, -0.6078851379390127, -0.4295949288312467, -0.4313062529900711, -0.5484507620813865, -0.4687577391646451, -0.4736745786294991, -0.4507662141905039, -0.49135865088808817, -0.5934720066770597, -0.4088993319327957, -0.5427907814819137, -0.5725401642905256, -0.5191093208444683, -0.5303010921500061, -0.6104201565140972, -0.5013270545907818, -0.5769819142036117, -0.36527422534767007, -0.5625517012694792, -0.547101008062895, -0.5445260978580436, -0.4495758206007894, -0.5197787432984781, -1.558609512629052, -0.4482820528045876, -0.5016368792326925, -0.5190509505596924, -0.4523290418406697, -0.5849702465275736, -0.5266181461476332, -0.5408806528962395, -0.490252931850409, -0.5284319634713437, -0.5114750890577582, -1.5439041443591572, -0.25955953497111495, -0.47174346480883445, -0.4736483339038245, -0.386339474019827, -0.43290230315973754, -0.48831340150224695, -0.5847777472993105, -0.4548758820386859, -0.3470579910920961, -0.5546633049001436, -0.5139951675595735, -0.5641263955344783, -1.5446644994779928, -0.42839753778759365, -0.49162166636368854, -0.6898841782266829, -0.4389367954607385, -0.42373555704789756, -0.5701637608462761, -0.44558763778240135, -0.44151087827648133, -0.6193131696322418, -0.5608659992919283, -0.5066503541998095, -1.5293693024004145, -0.65446374236559, -0.5061282829385289, -0.5618044627569418, -0.5081271515536304, -0.4585491695886092, -0.5261537332865946, -0.4546917721695638, -0.4490904108543898, -0.5928750186436821, -0.5529608356679467, -0.5658279064551257, -1.5247603823423088, -0.5383011223283871, -0.44082714258728906, -0.5251801207747689, -0.44011998803319363, -0.6585428216603884, -0.5896948534531369, -0.4148642611813474, -0.6770780829892583, -0.3560899745313191, -0.4486442218992488, -0.4273542131686586, -1.5319174023367166, -0.4894591274399578],