{"vi_exp": {"vi_seed": 4990, "coeffs": [-0.144957211915039, -0.1439982387013773, -0.16573147214886544, -0.12607537068515415, -7.886585531274257, -0.15579170098758502, -0.1591669007773564, -9.38708830419316, -9.290409934787341, -10.515918427025207, -10.827392646773946, -9.628266070308939, -10.76233572549032, -10.172110777319014, -11.898087587259147, -9.951035526905384, -11.64757933999943, -9.056946397685515, -9.186833557979396, -9.684413788201399, -9.200607023994921, -8.152086596723015, -9.09225838116451, -8.368687218234813, -12.917696560575171, -11.762587587605351, -7.986334656495748, -8.803396499244505, -12.429390111414172, -12.588694751517739, -8.986375553658412, -10.777579239150176, -10.275389813820771, -9.561752574474829, -9.683278118646829, -10.076179049089188, -8.536695299477172, -11.992675721444527, -9.841142192009366, -9.726884588912899, -10.614349541030577, -9.558610393411206, -10.028897524849082, -9.668493658901196, -12.988731256487931, -10.60710784047468, -11.042227289920396, -10.479236547937836, -9.38374954309358, -10.899921978323604, -9.29672282904262, -12.58766184491677, -9.144966695292739, -9.800096610583552, -10.262557890079929, -10.559411725585482, -9.14076810451304, -6.903599687406449, 2.6678538453821883, -9.977036172621435, -9.372004780631999, -14.20806890471912, -12.64244040806131, -10.800833129918962, -9.569334989025366, -7.094983298997886, -7.982995948047241, -11.07982423378439, -7.421913420107351, -6.967875516445148, -7.870490296100818, -10.813938027676503, -10.841341105633605, -9.439301106875266, -8.184442894695598, -8.138462472253046, -9.596075363837292, -9.779767624957362, -7.470263863566545, -9.81616639625595, -9.55211605822636, -4.204301338895991, -8.472709574131379, -8.126741669796019, -12.219722012028777, -11.300219756453776, -9.721633167150918, -7.80948273831288, -8.029137088078745, -11.120525927543722, -7.460653943685777, -9.98777497063349, -7.254157746587412, 2.590252892561855, -6.538530198660908, -10.63285911191212, -9.318629482459247, -8.25030361458907, -9.496479793288419, -10.266318777990932, -8.147254062706493, -10.972142586638538, -9.492634622783331, -6.300543302460462, -11.037837473771745, 2.6162926730404545, -4.998096682906126, -11.748211196942442, -9.606600457310433, -9.710634228052323, -10.406827152149967, -8.702808216166025, -11.777334728148157, -6.2224456252510825, -12.138428981853883, -9.15549763624401, -8.860755009013191, -6.276547060169796, 2.641962704950178, -9.776862447983058, -10.331581496955165, -8.012527456601216, -8.99389653680427, -12.375529804663689, -9.259848190838975, -8.60523094746681, -10.477818190981095, -8.309293584629257, -7.999567327310057, -6.502306155773684, 2.702530382716647, -7.629653461731467, -1.583963999634463, -1.5491015081823023, -1.5331577199836603, -1.5394080416570963, -0.43575995730197525, -1.5564770805696075, -1.571926393076674, -0.5675925742195532, -0.40082961770626935, -0.38312845254467837, -0.45016584366749335, -0.2836703795503922, -0.4824620858875048, -0.5283508082711075, -0.6529496949230034, -0.49661024190604236, -0.5451571799589865, -0.5821772256533285, -0.6514726392861018, -0.6703196971557293, -0.49418396186488833, -0.49094362080635995, -0.4544367846424818, -0.5589913274539154, -0.6528464676325351, -0.6060803671827817, -0.5526649613745505, -0.6162676273460019, -0.5943027678922705, -0.6085803979657044, -0.39375975765588456, -0.5173020027954516, -0.48499338562533006, -0.5593926884798529, -0.7010872406642904, -0.5126444464747268, -0.6033292121576922, -0.5924627471585882, -0.4075036694515139, -0.4411453045298852, -0.4239328742138705, -0.47332757970660644, -0.6190668934312293, -0.41134118877109255, -0.6058359047235515, -0.48449158758686517, -0.35890396264378954, -0.5008861960497923, -0.5872358971397897, -0.4873607193325011, -0.49854764928469947, -0.48434460208206875, -0.45803343548952113, -0.28459829088681543, -0.48186382595840593, -0.4704152841430581, -0.6456461437768696, -0.5166305923224034, -1.5122634614666035, -0.6642252993794154, -0.453557192592162, -0.5259239080898239, -0.5359851034231902, -0.5608815208278284, -0.37920592080685317, -0.48676632720447677, -0.42517888876314747, -0.3537666610965067, -0.5250859058738643, -0.6045123733009536, -0.5749162434338037, -0.5129715572478704, -0.5803617630830712, -0.3715065523692513, -0.4625488045654622, -0.5280416001873712, -0.572331100033209, -0.7084696581452716, -0.45576113273946406, -0.5122024680993778, -0.5750441515751636, -0.43494237787016105, -0.5357169100039908, -0.5024847449387237, -0.4602154734316853, -0.5080219386865443, -0.5784572175088656, -0.38054451663679323, -0.4922094792100458, -0.5456503706661814, -0.4945641981533115, -0.6447943433731169, -0.585491750730257, -1.5286528504386931, -0.40920090780702917, -0.423862367534009, -0.4678813208885818, -0.42556171853240965, -0.47196867652549307, -0.5233980657874171, -0.402782923892233, -0.5842198241946159, -0.5512818988743002, -0.4802827496196631, -0.4817964893100896, -1.5389036414888393, -0.629835317456956, -0.3260493723244858, -0.6218327816376624, -0.4866256221383039, -0.4178147979767232, -0.4547813902529453, -0.5087325997787612, -0.567081224366843, -0.40708783137944077, -0.46338867565819675, -0.5575640240649637, -0.4680393542663648, -1.5529735052580045, -0.4929629849266315, -0.6038593461049317, -0.48229223043779634, -0.644095677194128, -0.6753773715846211, -0.6236509211774819, -0.3852618435547932, -0.6551216522149539, -0.40781355972157945, -0.549928620648167, -0.6298867012980893, -1.592813433881199, -0.5372489313676712],