{"vi_exp": {"vi_seed": 18056, "coeffs": [-0.25132944773147337, -0.2454911472895331, -0.2589374571386135, -0.24383059170355495, -8.894955145340719, -12.915626800513193, -9.614688679885314, -12.145953288305364, -11.954650764652412, -13.393301870657126, -12.052910841427087, -7.315418009931834, -9.429215229993481, -12.466693917812742, -11.960154484464388, -10.196138092365558, -6.886962401966872, -10.037892704795915, -9.618573725756107, -7.5834789570030035, -9.008429543864507, -8.377420209274579, -12.171691518102813, -10.508985711204746, -9.864119794199851, -11.214224521893307, -7.1855709396322895, -9.971855104553823, -9.653463826087025, -8.58950972477876, -8.42711046297042, -11.19373639416007, -10.910359663722616, -8.460724697444308, -7.699652307524121, -8.370252602697985, -8.672108467317944, -8.54530034276203, -11.70561049401953, -12.104920917352938, -9.52339868917457, -8.735016281545994, -9.337741645747968, -11.387937411287915, -8.4821475136841, -8.88431511547707, -5.926191872990646, -10.71742162841526, -11.064686553751379, -8.831020239207872, -6.579949741686965, -11.72689822675784, -12.801555933665126, -10.853022477382178, -9.189082421159593, -10.794831655042113, -7.686594126155991, 2.971657965871735, -8.422502883748466, -8.110831547366466, -7.79674054375192, -10.520580509779139, -8.435568874559927, -10.065482761701421, -13.03369062284676, -11.580518868816522, -9.613908331746808, -8.962863709213737, -9.191055743821492, -8.115276994554582, 2.7966199708347306, -8.61329567444394, -12.187254175704744, -8.849713675496785, -10.845327375596279, -8.20682297418798, -12.80352964363648, -11.28896296060575, -10.61693077547139, -9.813112971725348, -7.4224278445194685, -8.428408699466372, 2.995116368248994, -10.816279803962164, -10.258287806102418, -8.801192477888966, -9.7580665870643, -9.94133908821696, -6.190559344785004, -10.719616661384674, -10.101267330362392, -10.467186649917002, -10.74743606236238, -7.752766140629689, 3.063916266103637, -9.544969071656647, -11.18774114715279, -11.82450748942207, -9.48940682931012, -9.221189922265935, -9.562792699559902, -12.242511339180812, -8.590167489614164, -9.517580152552366, -10.274743900153037, -11.199285611881548, 3.173260078929118, -11.40055342046261, -11.31960540430575, -10.272685663824753, -8.847100206181636, -12.737111006175978, -8.955226583923714, -10.115778782925716, -9.819123745099798, -10.98289151796443, -8.554017933771851, -8.229352594132601, 3.2874514898264096, -10.117573755710918, -9.897891524420842, -6.172006928563967, -11.285467285344248, -8.995537520106117, -8.921581072610733, -11.37424699814823, -10.426928437857933, -9.808276865950802, -9.810793465084204, -5.562185495561082, 3.7147619630767044, -10.026292193568134, -1.5401944331549524, -1.4838529517891, -1.5473376348874448, -1.5451976387711248, -0.5337805208058578, -0.39949364948823596, -0.5014231030863702, -0.45778659966405194, -0.44344677255766063, -0.5860079063584284, -0.48234365974519006, -0.4971572575449148, -0.35680373751548106, -0.699142808178519, -0.5168861678376121, -0.5554412912238933, -0.4505608130236327, -0.5404159406274704, -0.5420031192753463, -0.48548109242153414, -0.4820456942601945, -0.5576147956562796, -0.49576661012900175, -0.5916531967556612, -0.34061034088568287, -0.4517005318853939, -0.6444769595412111, -0.4735214890482094, -0.48269330944386823, -0.47397996760308847, -0.5815020627722152, -0.45570581410152033, -0.551683562251879, -0.6313178909051554, -0.59590417971587, -0.4964633122120863, -0.45523987675200184, -0.4612770081203094, -0.4670026964418191, -0.5975164172658184, -0.5267191721810127, -0.5465984372065914, -0.39512848240676934, -0.5798565688357811, -0.6136219721361648, -0.45456276833002623, -0.570422913619699, -0.46281208947890945, -0.526792991021564, -0.5029150519336147, -0.29852792893961094, -0.41735043609007255, -0.5795277748102056, -0.570034729132861, -0.4544223870554823, -0.6139238293426639, -0.43036380795497303, -1.5471574941993145, -0.5169319579205506, -0.5231953372725778, -0.5721271146147895, -0.5302429757477136, -0.6497513766878977, -0.6179643368419274, -0.5567304514730068, -0.5362335428553584, -0.45155217471611625, -0.5668960616668277, -0.47480151785111124, -0.49707855674941903, -1.5510631648329694, -0.4751261312846262, -0.6374862523705093, -0.6160897905094526, -0.6135243808009739, -0.5580644420829339, -0.47475460584318335, -0.6119300655647395, -0.5245861854358235, -0.6340328888299772, -0.4700647824449982, -0.43265485879084997, -1.545796015419106, -0.6058650813921176, -0.5960546210724027, -0.5488644323833324, -0.567740876475935, -0.40606568592658515, -0.483952053559228, -0.6623696485581695, -0.42092695564993043, -0.6480933930474161, -0.38396518145118796, -0.5445106490703151, -1.5358583738289608, -0.5441424217547094, -0.6312312628898421, -0.5421388326720595, -0.5481101240623099, -0.5681758882465864, -0.46849243541645375, -0.57468254846926, -0.6241200782283528, -0.4741444357963951, -0.5633551257091002, -0.5607611032489241, -1.5121350109956904, -0.5140903478705366, -0.5641474980661506, -0.6139398247400684, -0.5555485442596234, -0.39637117290207124, -0.6541701889111113, -0.6936667024537618, -0.6262993308054257, -0.5995957375304265, -0.43291749868968266, -0.6369688922159472, -1.5484683584197687, -0.5870916462390622, -0.5686216969458077, -0.5349871691742721, -0.6072861802404208, -0.5389713231870915, -0.5753970074971935, -0.5211274593622277, -0.31957528027693555, -0.5454896321492982, -0.5368982294392161, -0.6034401749112378, -1.5763959805429202, -0.5231445947078436],