{"vi_exp": {"vi_seed": 8977, "coeffs": [0.05779092473269616, 0.05159729882087266, 0.056893822810452285, 0.027712370525932933, 0.039180019059286246, 0.08605187689881376, -9.977093122735955, -11.549604168631793, -11.607710173765563, -12.173785187105908, -14.530066837871196, -9.357436006568923, -7.693143382241864, -10.945509981303845, -8.68631072586035, -6.958402615039203, -11.582332091807885, -7.530202440363561, -10.288429145824866, -8.460289253644026, -7.999607738312444, -8.31204851124078, -9.194047622071395, -8.362674578362766, -8.190178561287894, -10.189550230308596, -13.113214370742604, -8.645164979656583, -8.491049238079615, -9.223355973293087, -8.383144100907202, -7.792774737944638, -7.16169381895759, -5.3316887384932645, -9.649157278010598, -10.290624523525445, -9.26293642155445, -9.833582532094832, -9.711869487310201, -12.984715706826792, -10.01520569546356, -10.053673898524396, -10.12834851274655, -9.686407982579604, -10.092388064978504, -9.673515241348426, -9.926751524847298, -8.525934877244636, -9.617991584282294, -12.56377372926778, -12.23847924509289, -9.32417493550896, -11.96817581766136, -12.391452082865337, -8.031209498334341, -10.1541404378633, -8.921318371316397, -11.272406109529696, -11.484242201119052, -13.010046896823164, -12.002564435892234, -8.757087753340727, -9.184279110228593, -7.972655569783074, -14.094010077429848, -8.847061037330274, -9.510627051848399, -9.582550091767898, -6.333626459501075, -9.448349271053145, -7.22219152690218, -10.91102452176066, -13.097303018464082, -13.333975090534594, -8.91390675271191, -8.990427496975654, -7.749232374035772, -9.57931551676862, -10.294577256520235, -10.175093582410797, -8.0081401522083, -9.829290237799778, 3.0767165724977623, -7.3623876682973535, -8.726377025099183, -5.941071307205627, -7.903795431625196, -9.508737868539294, -10.674375981597596, -10.411726322208121, -8.178713706156191, -8.696665346583533, -11.391018659604812, -9.1599550274114, 3.0701522482436236, -8.990412360070419, -8.515211126735393, -8.022700938539815, -8.329549156228602, -9.019472552805585, -11.009158719287049, -7.603809325391347, -7.514873601163351, -8.353048187665966, -2.178156602504829, -9.523432765252778, 3.2436711963741085, -11.33930537549941, -10.245700924937882, -10.575548135451232, -7.2483887636492215, -9.677551873920368, -10.152929081088365, -7.962952394091536, -12.34072020712571, -10.069455400973885, -8.603131980508245, -8.794645506824104, 3.2725548872101484, -7.80879139807435, -8.161309350817179, -10.917050145702149, -11.251359691150599, -7.504764367301184, -10.90561796435748, -9.108644344608964, -8.918243724049004, -8.712774364273159, -9.451255793723119, -7.5541442378157235, 3.7198484984039943, -9.762644973870493, -1.5426689728950302, -1.5307466890752657, -1.525133109931122, -1.5695525174701734, -1.5303614674996255, -1.5426154397669656, -0.6432458049762406, -0.45023877006377394, -0.6482481433309517, -0.5042833763947604, -0.471645171482684, -0.5692871122507647, -0.4047350848504124, -0.4497373759115667, -0.5524181543878071, -0.5687386162276431, -0.4602551521803915, -0.621156509107543, -0.5500055626998193, -0.5001606367252788, -0.4925885320927369, -0.5216035361900226, -0.42665962335600705, -0.3515075670721416, -0.555444224301896, -0.4532754018972582, -0.6131707422474495, -0.5041002191986945, -0.47721093143276155, -0.4250886001417203, -0.5735397096508205, -0.32645455258739214, -0.5174072014507893, -0.5423855288892775, -0.5330938647136123, -0.591834759692201, -0.5683420355425441, -0.35920417134085547, -0.23596350333776236, -0.559835346238989, -0.3889721196104624, -0.5615519801231368, -0.5652239721123575, -0.51780368428499, -0.5781668283824637, -0.641598598462209, -0.521459540549437, -0.4915890332042442, -0.43530581893239334, -0.5002389995459803, -0.5295709677381414, -0.5778576777505936, -0.5406339964595436, -0.6653781700692315, -0.5821153630120588, -0.5012826912294036, -0.420897543902849, -0.4598540120117877, -0.5340762669283959, -0.6342185531867636, -0.5704408535459182, -0.41013308803472953, -0.5479376502351695, -0.5963745930439976, -0.4457220707493403, -0.47205973819858105, -0.5261120903605588, -0.5821031717595064, -0.4204603516290815, -0.6083314175429538, -0.546756034381201, -0.5361235723959208, -0.6653384346369206, -0.5678806648237772, -0.5176812923607796, -0.6130632946725713, -0.5289309199527444, -0.40293896433941856, -0.4864965297217161, -0.5256672194186878, -0.4849791804305151, -0.5010089939733239, -1.559466854311472, -0.42802858591420684, -0.4836162602626052, -0.6028910390815725, -0.5926904456475429, -0.4969925120991458, -0.603975356988524, -0.5708915120052565, -0.4789381879244158, -0.5040130821580048, -0.5416234622096104, -0.541473991722907, -1.5473707759594393, -0.44413855828898746, -0.5825001535980028, -0.3335267149904389, -0.4080389647478071, -0.5112415163582574, -0.5595526279728614, -0.47292894429431853, -0.45863420546959255, -0.5030377676548622, -0.5930922547824945, -0.5466455098262508, -1.523376704757941, -0.45025290462839884, -0.469916890600124, -0.48533704116649246, -0.42936962057498, -0.46700272165395934, -0.47278024095461313, -0.4250462241190489, -0.5537814486794249, -0.5462792623957883, -0.5663445798504871, -0.5135608056938574, -1.5729903902699205, -0.5386410540394861, -0.648131278330849, -0.5608419169822413, -0.5117851614889474, -0.4730097530451509, -0.41652009508387355, -0.49051590587969307, -0.47840429438991616, -0.49225460377230856, -0.6387131590229326, -0.6239533127720185, -1.5396078061491199, -0.42869336600630487],