{"vi_exp": {"vi_seed": 9015, "coeffs": [-0.32917561261579753, -0.3233656510680598, -0.30477771086423394, -0.3310436489551141, -0.2994735985113846, -0.30824882501275397, -11.5820288282595, -13.063558946919777, -12.429074913089634, -11.659149150078909, -11.558745135268547, -11.305149287759999, -9.787761449310821, -10.241822651537534, -11.670369175528307, -9.90468485324828, -12.037876593731715, -8.622642195090169, -9.180567588202559, -10.847543192022417, -11.186483759828704, -9.480100042883283, -10.278290279699034, -8.875314270751177, -10.99480266831564, -10.558175351461283, -11.541078786102334, -8.241894719171468, -9.601916099851323, -9.955088532578788, -9.781744283299759, -7.861105549723306, -10.212719804950801, -13.420465086718794, -8.40165771147216, -8.752104840935775, -11.380059988963515, -6.530660232052274, -9.403362405023422, -12.751315981927931, -10.123983701631762, -10.82958814193812, -11.817099793519192, -8.672501959732987, -9.352889050207656, -12.150632544783468, -8.189849977725043, -9.953849986239522, -12.922687678619655, -10.645940167401548, -10.664589017116468, -8.908978759431193, -11.113851684445175, -9.417066131830659, -10.001731593862102, -11.489858203018622, -9.066007962710733, -8.668041035450276, -5.449722134819331, -8.928404005887629, -7.430759094410055, -7.228518509585935, -9.359362178445041, -9.879605750531875, -8.36137652910663, -7.199324791282565, -14.463480559729987, -9.002502801508205, -8.90144717950701, -11.635845924425087, -5.339669969127239, -10.455496744709398, -10.669296949820497, -12.469188141095643, -6.06083301063539, -9.666309833343801, -7.609254152664939, -10.290763270416294, -9.649688971164162, -9.717906802634289, -7.8753728963323955, -9.521793292123549, 3.313841979731515, -8.377538847640798, -10.131577131448186, -11.38520354697819, -8.581398380049725, -10.663494785477445, -9.071352084008206, -8.621888877871998, -8.76633606117244, -10.564357253750213, -8.56885494245637, -8.078057917643378, 3.3566425509831816, -11.774129477811705, -7.865910969459231, -9.59945339413325, -8.959033129350733, -10.245125360613835, -9.414767130055138, -11.476049673885944, -10.033831663706255, -11.246980803628636, -8.571397376845443, 3.3508429093502032, -9.810719018441786, -9.40921604970898, -8.480233678015221, -11.185932137019055, -7.464782447781007, -9.81684280424402, -8.941369583738258, -9.143201315322404, -12.601634948503373, -8.051979851987348, -12.120656834729925, -5.609932939544331, 3.4874036399698243, -7.587520444147491, -9.88225116116901, -8.550552897858353, -10.235193086992826, -10.87913759671315, -11.276363227441317, -11.706245535378647, -8.063539097802146, -7.286196650346918, -9.7452546069776, -9.525801607666358, 3.9952095742004112, -11.060121812176446, -1.5000346166311167, -1.5712904316880296, -1.5394399345912093, -1.5694797665892695, -1.5460852493359596, -1.5471466976763106, -0.49148209064210446, -0.5418835691214877, -0.48943306846025825, -0.5172541627972008, -0.5664664422114176, -0.4435519246495221, -0.445446175586785, -0.369629099516168, -0.5330646827676676, -0.4030141133547893, -0.5771842662754693, -0.4446014457808373, -0.5583889169373745, -0.3668436704994148, -0.5941242143340939, -0.550968667371291, -0.47368464984116987, -0.5077705440305724, -0.5937797231322012, -0.5785539720860531, -0.49290588388610657, -0.5120041112758477, -0.5920548939774832, -0.5761438097341852, -0.5943400828723594, -0.5314512038130789, -0.6607900393409809, -0.6038358625645847, -0.2441102708920381, -0.525177453226563, -0.46367605984083515, -0.4294506347331477, -0.3885104215712302, -0.550699139365344, -0.639643011865802, -0.4525137303458197, -0.6031340118624714, -0.5632628385777859, -0.573454523873844, -0.5190275853427002, -0.4817611076986852, -0.5332605125558915, -0.6254924613907723, -0.4360169938715, -0.4410272959428733, -0.5046365134594025, -0.44764344456178273, -0.5228303318572308, -0.6967678602356333, -0.6236220259729564, -0.4392807217748776, -0.44224922685791396, -0.37832075128627723, -0.5965184816266579, -0.43730599578573515, -0.5357315469231568, -0.6151611237907446, -0.5710930455687534, -0.54213360632995, -0.5015553745320168, -0.7184673434742808, -0.5170698419204403, -0.5329203211379249, -0.5124448387633156, -0.5874409277628846, -0.44009417317112165, -0.547330696015079, -0.557275614670214, -0.5430216546537289, -0.705626545973833, -0.5681660908755732, -0.6092564345713968, -0.5296383312921954, -0.4368807760137268, -0.48000352084613745, -0.4510985300647483, -1.5018265959485955, -0.5280770707154516, -0.4742561571121855, -0.5323868545749496, -0.37685996728441634, -0.5596141038171438, -0.27123975201061934, -0.4570242148356359, -0.6225871374690457, -0.5455846188963686, -0.5755918100587101, -0.48870042103222927, -1.5603554011916898, -0.4735367259664412, -0.4051183136376546, -0.5765041675244874, -0.4956594424518438, -0.40047036981491907, -0.4019985647392496, -0.5596035054436258, -0.6225179092260488, -0.546958167145197, -0.4748692981355494, -1.5680071176686063, -0.534315361484396, -0.6074126632786478, -0.5905895796300535, -0.5347639377690208, -0.4085083538659996, -0.4829002385023463, -0.5554387164656813, -0.2935838892304603, -0.4468414592009029, -0.5297638579954494, -0.41005183707267545, -0.4481242356412219, -1.5247610962334996, -0.7191712085843663, -0.4846007894741687, -0.46431317471638284, -0.46233113220166505, -0.5510415171660662, -0.5008386284046115, -0.5561364948840462, -0.6499513233914358, -0.29603940080725494, -0.5479025071229824, -0.5653659753051266, -1.5642877653420821, -0.5365558100672465],