{"vi_exp": {"vi_seed": 10802, "coeffs": [0.04869415311401309, 0.05224093038757931, 0.07293898985535312, 0.04964330403782693, 0.05947621194908548, 0.069884087658569, -7.754293247101445, -11.833921105336113, -10.449924863416207, -11.192958785222906, -9.557846180368136, -7.851834641104468, -10.752199502552864, -11.691071384917157, -9.434279264114316, -9.357095578597132, -12.418652736651836, -10.652055250392563, -10.702912629463565, -10.806839842494659, -11.31739438012648, -10.300450139602765, -6.932958195036757, -9.274963087281805, -12.38997830838082, -7.481693117098126, -11.69775241758705, -9.586491522405886, -8.261831118266517, -8.153457993206883, -10.848211537926707, -8.482266874459887, -10.654581654929656, -10.368656859417696, -10.891338186328065, -7.20767913220787, -8.413160571317258, -9.527272993167276, -7.418409036598579, -10.952598313573102, -9.014431381289093, -10.362019638991514, -9.800221114342156, -9.767626988645652, -9.78163658402097, -9.677941576808065, -8.935896845855279, -11.322435595835373, -11.839689468726379, -9.827068818311671, -11.688050240713546, -11.521021369717863, -9.776781026943482, -11.553658912936372, -9.823190725027208, -8.651681398984682, -9.702032963536528, -9.84913244310241, -8.136176279650005, -9.284373207718014, -8.396952599367195, -9.134897095406329, -10.20574815950586, -7.597546493599396, -10.0256074382706, -8.879747971517181, -9.842336858919326, -12.671948295397728, -8.604628063515689, -8.400635006124142, -7.511689894050686, -12.147681783334358, -6.137578474645794, -8.065649792686377, -10.90627119442291, -9.54981597450623, -9.830473943667819, -9.386777477520589, -10.21945604913199, -7.456704667491902, 2.8977917675891027, -9.755913760829353, -11.302086469003141, -9.331060588607375, -7.163671816521617, -10.421796269217745, -7.892977060528487, -9.163290964920378, -6.800333696235031, -9.303587377958191, -8.964757456060367, -10.279051531811684, -7.7332379185004365, -8.480727384085334, 3.0045436272131716, -12.20404377518747, -11.989463671823428, -9.124858634582345, -10.982593023209862, -8.215843928326423, -11.691565473100729, -11.314697531694275, -8.563154729949671, -10.414202021238541, -6.695981849008985, -5.21587211822523, 3.2405770537346794, -6.596667361184385, -7.104310765983181, -7.086044044547852, -7.0462333357312135, -8.989333999355964, -9.660938019133063, -11.384940615066586, -8.223008339036236, -8.586327011970083, -7.383157232461641, 3.2627355273633905, -7.595076260799865, -9.477108967772304, -11.267621171402707, -6.7334841171497635, -11.279184083888678, -11.522611229911709, -9.634434707991543, -7.811964241165631, -11.493096120502864, -9.224451438149776, -5.160182943625301, -5.195123357154919, 3.5959345472580426, -7.823860258684168, -1.5303772067047927, -1.5232978145270413, -1.5674738322382833, -1.5603086185032884, -1.5302074242497803, -1.5240021403955617, -0.5639582622669252, -0.5487740775803923, -0.5693850914183799, -0.5185871469417946, -0.5814294540665227, -0.5383563634558459, -0.5438833832093085, -0.5320812147668561, -0.5556169502135364, -0.4709573482301092, -0.47781101965597844, -0.47697320116688013, -0.5901998226558004, -0.4743308286401559, -0.587668241351944, -0.523543311375557, -0.5782727269987772, -0.4363178126108336, -0.5717851206828883, -0.5674597143403293, -0.608992044075248, -0.3821657663479022, -0.4464283423812293, -0.531932111730644, -0.4366058427048084, -0.5450985552183303, -0.4944790557974498, -0.4992308147048217, -0.546242857216851, -0.5731214857288105, -0.5166350823158568, -0.517289627037228, -0.5148691928321729, -0.6418254197855994, -0.5411744454000758, -0.4795242551529531, -0.5979858680502446, -0.6274773977730802, -0.603183939038047, -0.5566245822153426, -0.5258276474964251, -0.5998026559426998, -0.5469757008154018, -0.38180803925352297, -0.6189052992023919, -0.5256348279959825, -0.511124201994201, -0.6077958156240066, -0.5190780746116077, -0.3737521366286455, -0.5092494545059095, -0.6296914760926785, -0.4270139206315757, -0.5988071470676165, -0.673143084579383, -0.32355746044794903, -0.6804452165700134, -0.518222699873184, -0.5352591288723377, -0.35645935414336866, -0.4927103221338893, -0.5280340701914051, -0.5808312433286289, -0.5436971300044509, -0.42133667254327556, -0.5086422375700504, -0.5561817855421243, -0.5857385093762205, -0.3372044871066425, -0.5203638874797286, -0.5373931007821838, -0.5849172070294615, -0.4844124576655234, -0.44283868282449185, -1.5447523432104646, -0.5489412185223397, -0.5594839703757362, -0.4471130975848918, -0.4512832597169197, -0.4565187802121424, -0.5384971398857885, -0.6612149017014899, -0.49525168804359787, -0.5696514863578791, -0.3930676072134625, -0.47495076910140843, -0.5703079859450456, -0.5339051256759776, -1.5356820839316387, -0.6338607458047223, -0.6229776118327266, -0.46654601694619563, -0.6376920797327509, -0.5378219296291837, -0.5268711688325817, -0.516493841579091, -0.42433184330083984, -0.6888832043760403, -0.5282214700016015, -0.5318173866689403, -1.5523011947865752, -0.5477313587248795, -0.5549934769305584, -0.5380697715316449, -0.5490879815656139, -0.535906482618158, -0.5013608304693622, -0.4747057981466683, -0.5198458193087242, -0.6060898761735748, -0.36140413954050976, -1.571412065850841, -0.4719056717427337, -0.47844237298346015, -0.40423151105255656, -0.5915545016697487, -0.6116182717165387, -0.6532009692902261, -0.45286641207313083, -0.5025588452691508, -0.6010902919966401, -0.5846941572959882, -0.5746817232575548, -0.4713532138683601, -1.5143744742090814, -0.6015057016970284],