{"vi_exp": {"vi_seed": 44658, "coeffs": [-0.12438658373893569, -0.16269976686920393, -0.19454243614826494, -0.1858934824700481, -0.16820338657869188, -0.14531983110125274, -11.705804325856041, -9.158302632066864, -11.835927057919802, -10.842611293978615, -9.07123898859261, -11.638645822768403, -10.495902236793036, -8.411769189896194, -10.786720691726467, -12.604525268437618, -11.871767285482276, -10.848073652453973, -9.385678826872478, -10.563927595381001, -7.234996332102288, -6.4006368919510095, -10.191919354587386, -8.375587427232436, -9.58828465048315, -11.439366634459894, -9.824884344697297, -9.665728541445686, -10.512135571091612, -6.837218333347068, -11.55459678082337, -10.671023747123423, -8.970486604122202, -9.613675323443276, -8.961451970894625, -11.429567382955844, -8.518766424650272, -12.583341766396678, -12.629956036361348, -8.861657051343663, -7.938567542407012, -9.779417216413394, -10.191495314564431, -11.283870016202851, -9.968303637677124, -11.922877389857803, -10.938567849218309, -10.334864891647825, -10.661831192757353, -10.686527333062807, -11.317523753791649, -10.654928272480008, -10.510667133135883, -10.184654791290882, -12.199207163098873, -7.1213948797421756, -10.057310988908267, -8.028249070410194, -8.98461014165368, -8.249334554492624, -14.800094330620807, -9.479029855749614, -9.356926499044826, -9.820346908275067, -13.003677691759847, -12.16386455495435, -9.64934533891767, -8.049238238900537, -9.730297861725813, -6.062137573455728, -11.127747069869962, -8.966471554301592, -10.31242520315388, -7.574853206986084, -9.016394798437236, -11.376660568938423, -11.816208388603146, -9.742078048796799, -8.768974243341962, -9.746540260518042, -9.293169201300067, -9.347475218155289, 2.985215362817355, -7.479191051935081, -9.210009457592365, -6.9907713721561775, -9.38100923184697, -8.65745214576351, -8.545404787332583, -8.461620430772967, -9.855849228395202, -7.75945696027316, -10.341910285272256, -5.4550134418654315, 3.046979077699726, -10.144240554833258, -10.812237566490307, -9.182428783148234, -11.324331485159501, -10.532131053350234, -12.879950346354706, -8.398695184708169, -10.960092083814603, -8.408936337134342, -9.05871621035726, -9.112547072005263, 3.0963681602065742, -10.03009076953979, -11.197054051641214, -10.683258351355962, -8.45280363952965, -10.043199519801846, -9.892326180801172, -7.980907547474212, -7.437848693560489, -7.890587392570819, -8.840621125616911, -7.808735813593158, 3.205314908239358, -11.345267369131589, -8.940198713442983, -11.015320305245156, -9.458887547131967, -9.590389578390319, -9.769093150573516, -9.786677786539597, -10.387750314165158, -11.708465162764266, -6.723330284223773, -7.9018655377908615, 3.603383573343379, -7.954605655993954, -1.5039795500806223, -1.5302275500955629, -1.552497888800824, -1.5530315755125947, -1.5586227976222446, -1.5250370103769235, -0.5711981048859268, -0.48790637258049574, -0.5535845095749056, -0.4254978497604894, -0.4835477432936761, -0.5187375678844472, -0.5014689273355123, -0.6303972762016748, -0.6962555192814534, -0.4457004247447928, -0.5216510291778725, -0.3714281315194458, -0.5014431248248106, -0.3514305898497662, -0.4790395751498099, -0.45231509686411026, -0.521786501620223, -0.5579963845954341, -0.40891893376671534, -0.6187179707069428, -0.46791719653695646, -0.5210203425906696, -0.4924247663803706, -0.37479863851443523, -0.5916480630227507, -0.5578223250163309, -0.5839208217703697, -0.41762781631999835, -0.5909238015651895, -0.5215538673276985, -0.4348414482007401, -0.38559098575395134, -0.6190586848638039, -0.4824448619133212, -0.40447620610841917, -0.5656710003653038, -0.3730417807594248, -0.4870736607332598, -0.5268708239475183, -0.43492886671052605, -0.4553776925498755, -0.601820869158767, -0.4299398342524494, -0.584131438753017, -0.6132548136971767, -0.5232956993207264, -0.3854681321487639, -0.6300770671848976, -0.5909894761620553, -0.4488866258861839, -0.5117237985694774, -0.4514877682802582, -0.477289896084561, -0.582068529356951, -0.6007478203586466, -0.591777171820844, -0.30198120241099236, -0.5076499658651087, -0.4889680755255562, -0.46558436066057857, -0.5039238495795008, -0.47874884733386236, -0.5741270040884673, -0.41421009375187695, -0.618482383419109, -0.571462423825331, -0.3508861587391513, -0.49057549167834535, -0.5148915812335552, -0.6401964111991166, -0.6151640942936121, -0.5806911892513592, -0.5705199381047822, -0.5353671548377001, -0.4818080642896865, -0.5010495188104701, -1.510594692236104, -0.572838263005854, -0.4417113620576661, -0.4264629937967566, -0.5101177956722852, -0.49507327024614534, -0.523221950838605, -0.5759438405204745, -0.5388829675590437, -0.4101180876066461, -0.4329814337673966, -0.46759715274464014, -1.5431053440325573, -0.4756627627093672, -0.4611198860311251, -0.5119030150404817, -0.38491487247894807, -0.5786382861252314, -0.6442007994283852, -0.49271121486412606, -0.4889869652919126, -0.5244426062877245, -0.5259154777556719, -0.5585620164187728, -1.5512601662657621, -0.4256518563896313, -0.5038027380914377, -0.5841209160928977, -0.3996792801371635, -0.44525410321668374, -0.5515737991167465, -0.47138413967848863, -0.43380109268042283, -0.4221864980754857, -0.42094042312865365, -0.5424850876151831, -1.533580535563707, -0.5556973104882535, -0.5557275702158748, -0.6117536653076149, -0.6487915855171779, -0.5462099180114518, -0.5313719475836814, -0.39378783717712834, -0.6325853681652363, -0.5166958087244848, -0.5497427808813494, -0.6296709424376566, -1.5805608535488949, -0.5100683739703833],