{"vi_exp": {"vi_seed": 37245, "coeffs": [-0.3025103662504461, -0.2727438381213819, -0.261721430255839, -0.2712145470124702, -0.28476574079500955, -11.133209432210077, -10.270018578335518, -11.119653658107012, -10.742145112191803, -12.841250853714365, -12.162013995209627, -9.572331753591152, -9.39382504670688, -8.995249396238261, -8.496456497671302, -10.732249983726895, -11.658447620820924, -7.390053066776888, -10.253462321783578, -10.595223018589019, -7.972335856427081, -8.023428476371535, -8.919739056380326, -11.442065102825035, -11.86741527699727, -9.725841659478695, -8.52132594706191, -9.890527656782755, -9.819111111978911, -9.350138649199776, -12.382018031344279, -10.219692069765383, -9.802045169656616, -8.765732826283932, -6.810381652580693, -7.1163254688744635, -9.089449630578741, -9.669232137289141, -10.032933135719501, -12.375597198208, -9.775302531546355, -12.203387108089263, -9.169621161711046, -12.50595124685198, -9.345806209316262, -8.393251254743621, -5.844798552713894, -9.363125881000746, -11.058307010051232, -7.500268165638711, -9.633532433780978, -8.963431684790185, -9.749144661803502, -10.415289570801793, -8.358176078428896, -10.851426191494756, -7.161913244736695, -8.436124326807196, -7.239644099611996, -10.17291914250354, -11.11598920658923, -10.162417166215509, -9.451169955286586, -9.781828602562685, -12.024812313955477, -10.79809453763972, -10.545408653482195, -9.316373701687068, -8.38062543318932, -8.48856048862849, 2.571632519302217, -11.017122492716524, -9.086304669818349, -10.453838673449274, -9.402650561782744, -9.956967982880856, -7.646916690665242, -11.528137714961218, -9.949137675504089, -9.289692528787155, -9.754378037664777, -10.274535177694974, 2.667692698482733, -9.789629053700137, -10.502322263728665, -10.756645168112476, -9.533677749711073, -7.641256562549629, -12.202484496643153, -8.837425133336106, -8.842368839036535, -12.163326884923551, -10.321673614851893, -9.786654342690081, 2.745042925835085, -8.550386151488295, -8.864441903294914, -11.483164354517864, -11.995464216256735, -10.949542275775354, -9.564420576954983, -10.487130429447873, -7.502010263164548, -9.840910936487802, -9.260528831281922, -6.632800577497944, 2.7795593309672686, -8.40033199786208, -9.044550414202515, -9.091601984174723, -9.503722367263647, -9.763401329393268, -9.365258053266645, -11.415937107221918, -7.953988378372346, -10.58468772250185, -7.906122094070934, -6.729305836603811, 2.821295530693792, -9.923667825104422, -9.770382200158169, -9.518103236580469, -8.8290328220511, -8.584524135359592, -8.839745378684094, -8.597971796458479, -12.023026334948474, -10.320077687739833, -8.58828825238011, -10.013290928666109, 3.1351955578233794, -8.91261518785868, -1.5601224915723624, -1.5285436803536434, -1.5727802216026694, -1.5470280714190072, -1.550978930401599, -0.5712755896123229, -0.5633539726659917, -0.5117007186904361, -0.5610001339474316, -0.5065857720122634, -0.5333086064789635, -0.4532853712408946, -0.5253685791605845, -0.45987213643799163, -0.5105016929596654, -0.5496612830950063, -0.6313063408373207, -0.4934139141172456, -0.4579888533433131, -0.4275493399956606, -0.5897688234972359, -0.4809165301928275, -0.3870057410609842, -0.6961879669992671, -0.5705599695856259, -0.562387708684561, -0.4461756324827614, -0.6205047684560077, -0.37998778469803013, -0.5902899298297636, -0.4681659316157101, -0.6705673284110837, -0.6360534502264977, -0.4103474287107742, -0.5698973325684407, -0.48774282844157846, -0.6336347712315855, -0.5138869633261565, -0.355019714802264, -0.471395244135872, -0.60863688729345, -0.6560922854056692, -0.6600363479832413, -0.6016657646543987, -0.5185230897030061, -0.49326171034037836, -0.3686007984406803, -0.6152642898735631, -0.46392293522404776, -0.4037390739529093, -0.6309291762474757, -0.4397265788022819, -0.5706565591526863, -0.5371818564314105, -0.4212813017579977, -0.439677477689882, -0.5138118527665662, -0.5684169964708427, -0.5958737868112352, -0.6242601076960108, -0.592215773334902, -0.5116259395156013, -0.5804516675606473, -0.5221288587595693, -0.4640005958080216, -0.5206401739142922, -0.4258536220135104, -0.5930284728805151, -0.43356687515179526, -0.6807788640758085, -1.5333724438408616, -0.6057161387925817, -0.40234875492968175, -0.5364149575377941, -0.45283420196655555, -0.539653274546518, -0.5097069413076482, -0.47860104896013467, -0.47826932094288166, -0.6192762491500702, -0.35984603729466896, -0.5142317085726927, -1.5680772241522587, -0.636164241780179, -0.5720014111093552, -0.5822203894403468, -0.4446213706990173, -0.48841754959175726, -0.672752068348414, -0.6172004096286997, -0.5081933014996072, -0.6370594229294052, -0.5553866660315924, -0.34788813764162896, -1.5599882363972637, -0.380738472671581, -0.45576199398961215, -0.6724277552847787, -0.5187442566077204, -0.6122426697300017, -0.5088510177738814, -0.5599494059632124, -0.475561741772932, -0.49497053861752427, -0.4766680049251893, -0.47264962622560475, -1.5488681886600486, -0.435002497222588, -0.24800286115200695, -0.5953894055001158, -0.5787277540831098, -0.6570039263510147, -0.5575711827841936, -0.6172155905734079, -0.48764313721972674, -0.6273540041789427, -0.5530601463921747, -0.6112993849702699, -1.5183971223744999, -0.4946847873019239, -0.6500962629370343, -0.5510946535873057, -0.43975523565240815, -0.4118331421678557, -0.4880970612525402, -0.49294977714444704, -0.5457735881054157, -0.5616312809495857, -0.4404073237747178, -0.4203932768501026, -1.5438032156619879, -0.5437986532098809],