{"vi_exp": {"vi_seed": 48808, "coeffs": [0.09018829060861405, 0.1320936602369104, 0.12441961726983543, 0.11194427524288182, 0.13593726436896084, 0.11149520599135816, -10.271619320996143, -9.410296857180475, -11.03585112175278, -10.023107323460234, -11.696196260413075, -9.182127283770788, -12.98707022191141, -8.774823349822666, -7.662187582297651, -9.136294152197868, -10.892503595357706, -10.282066356099978, -11.24070850143633, -7.675583094737839, -8.483560895500554, -8.962371141746411, -8.860988085922072, -9.518454938221378, -8.072112696772765, -8.44775299378439, -11.395105200951592, -9.45715914402454, -9.174549058407909, -10.550347533532273, -7.475356343554638, -10.60468458840369, -8.722288597487134, -10.19203888618781, -10.254018943193692, -9.637598460832187, -8.13302786258387, -8.581634883573114, -7.692851324088597, -11.852850298640208, -8.800772094592332, -10.949003837332569, -8.597282503872437, -9.865293261008448, -11.113224012595554, -9.87807750660709, -8.284996597976685, -10.755346622423076, -9.572781757800655, -8.851036344602772, -8.952472823832114, -9.874480988815623, -8.90986979341625, -9.447159891184299, -12.105383875707382, -6.9046130373673185, -5.969895160964313, -6.566138125460699, -6.128931953384281, -11.56907018430595, -10.158791662385577, -10.389770441198914, -11.34223955910166, -10.890628619716173, -10.452062150159515, -9.31371802698506, -11.074211504248115, -8.812167936352882, -8.455167536210597, -7.278047729104367, -12.927013373678637, -10.579912638385448, -8.873442851645306, -10.005859474669618, -9.860108167661624, -9.808780836027093, -8.646524781005096, -7.535282508785214, -9.942424864352173, -8.630222305436574, -13.629510064615372, -6.580564646990903, 3.0697448678616808, -9.95111110563197, -9.342422278352256, -10.26728995691656, -11.494869633891367, -10.600575259168219, -8.767784515579034, -8.360352864002149, -8.514080651402077, -8.212282968940432, -7.16430887515434, 3.05559336296984, -7.49789075606018, -11.421698719075732, -10.539041696099915, -8.614405300499207, -9.464715717209305, -5.807340929547986, -9.415851980535168, -7.06124716715886, -8.917963723757238, -11.248427047835074, -9.037799891821575, -8.783958531533042, 3.216589766810116, -9.385652499965804, -9.548658490145362, -6.329595366400611, -6.471463403403466, -8.670346373249156, -8.082999380421478, -9.403957343235364, -10.682804491857148, -6.152072914894702, -5.568899097568311, 3.1725855450944227, -8.40785978180264, -7.290803213416619, -9.522644100928018, -9.491093846102734, -8.068978628755634, -8.353859376523232, -8.572046514781366, -9.5891435549071, -10.671878821469551, -8.423618753397452, -9.027555673434083, -7.576046627375591, 3.6694129347497526, -8.938128731286977, -1.5378667705695974, -1.5409019689462493, -1.5309773127340325, -1.5949665595256965, -1.6157172797216166, -1.5258401499286838, -0.5125293397858326, -0.49341012952366153, -0.5373443491280868, -0.4947678494239058, -0.6373098705557998, -0.5635943831499727, -0.5623902351996671, -0.5237193075944384, -0.4307706329636567, -0.558677497158193, -0.5380501180580475, -0.6152594438536326, -0.6494874569447638, -0.5106825347654289, -0.45285478789961214, -0.48148611564875704, -0.49236547030700417, -0.5439193463220755, -0.6323408851983545, -0.48338089033685566, -0.5985266994613161, -0.5174101178963297, -0.4810316075897243, -0.542472385541469, -0.5124405314514147, -0.5018525544680651, -0.5169232189425694, -0.46609113772343874, -0.5767335757220934, -0.48147680189961484, -0.4442661322119875, -0.39216713206970205, -0.5585980834222252, -0.5478382595322062, -0.3895241927901699, -0.5415417769718219, -0.37733557738201384, -0.48906083250101173, -0.6498724255666558, -0.611850033814454, -0.5083418026363916, -0.60680138161459, -0.3791448714897873, -0.5496769623218823, -0.6183560665360103, -0.5023404374070805, -0.596858844967766, -0.4453928211698743, -0.6540123603782193, -0.5962381519458393, -0.3714711161623612, -0.5363735811266873, -0.5148936696318533, -0.5291251116610467, -0.5827033078522309, -0.5641274366941427, -0.5063943655230004, -0.5564798407168732, -0.3511304513101382, -0.5440261869400081, -0.4506992432711682, -0.4913468746154169, -0.540098733847137, -0.5499293128417688, -0.5697871432466284, -0.5283967242639293, -0.5208293554264308, -0.2730681148444851, -0.5827938380812016, -0.4962524023680596, -0.5098123482528837, -0.4881602048386962, -0.44940624218949193, -0.3324788095022423, -0.5474142584959923, -0.487533344875741, -1.5657316813674194, -0.6431809137284742, -0.5920429519222147, -0.6258700212864566, -0.4084091081546872, -0.5048978191319216, -0.4995399713041007, -0.45645151121206745, -0.6061261385332968, -0.5215298820275518, -0.5015475750330973, -1.5070090613043756, -0.4109828766032238, -0.6094832289132203, -0.5625744660921224, -0.575631228671396, -0.4875338248231952, -0.4613041141468765, -0.4306549129625077, -0.5520326531025712, -0.4441565492346096, -0.6216484713359652, -0.406014827322583, -0.5083093624698398, -1.5025632726180205, -0.5179965311564803, -0.5748856611674409, -0.47576158440241334, -0.5374921244653212, -0.4048845911941715, -0.6027104197261038, -0.5488156511935705, -0.47340322282820974, -0.584445765425519, -0.45281665508103397, -1.5920182146776738, -0.44292395080280655, -0.5868933034495387, -0.501240416319805, -0.44721333511574574, -0.4454316933704863, -0.5150318940309512, -0.5772127527425741, -0.5419788327828944, -0.45355074639480425, -0.5916488487785116, -0.5295997798655988, -0.5828124697259305, -1.5330561146530892, -0.4490139729280651],