{"vi_exp": {"vi_seed": 14583, "coeffs": [-0.1877406328156831, -0.19172992781370224, -0.19267804703450991, -0.2017061166077635, -0.19355284517964297, -0.17583725655759408, -10.563589216686209, -9.404466711387366, -9.690169782921178, -9.735946486392038, -11.75327089888204, -9.707563280208625, -11.007856130654453, -11.40388395925264, -9.328401609602968, -10.618651825909131, -11.14066677390462, -10.555240647812793, -9.871374347434287, -6.892598376854822, -8.954101436057682, -9.867946853525133, -7.554226522238862, -8.745829606771675, -8.931700889913218, -10.106196128977942, -8.866501803123676, -11.765777595810906, -10.208703091626399, -8.509273147926525, -8.799664633480011, -9.719482008095692, -6.6568277375213984, -8.766935493104116, -11.221016693418843, -10.06056727126451, -10.631999695534772, -10.924213125919591, -11.20652747239691, -7.415295415008134, -10.681185364984765, -10.872108368136312, -11.902502435206616, -10.785062713745633, -8.428264452074648, -10.440005805993087, -8.426216381782536, -10.454383654118363, -10.391105478979398, -10.985181382661255, -10.420565680608927, -10.363787400474674, -11.599773217447758, -8.792306861175888, -10.031269367907486, -13.100030383578542, -7.862220753115519, -6.455425406495864, -6.568412238740347, -9.188656599721787, -10.121240380662723, -9.267388858177801, -11.119241957296895, -12.24860130884531, -11.585606619468447, -8.058512655816417, -10.126310386626301, -5.7612053087140005, -7.685728703043918, -6.791465561089339, -5.935883279281353, -8.858495463890282, -10.211512289173207, -9.737617055359404, -8.134956034070479, -8.670493053572246, -9.204764629354715, -7.867670448055283, -7.395945592248064, -9.968122227600066, -11.62282557683969, -9.426686121847753, 2.8029102560424013, -9.524961895378548, -6.049953480354756, -9.338201057789314, -8.035063757333798, -7.361773603334629, -10.162278352914852, -8.913437098663199, -8.117004847666049, -11.15462251888766, -10.141397972534886, -6.684450030724579, 2.8859345705826454, -9.283628950404742, -9.774513021313055, -10.988009675740209, -9.974372988751787, -10.195226089193117, -7.391925046337721, -9.267839685149985, -9.270024520898202, -10.866990317010478, -7.55417399949544, 2.8997829746296464, -8.461627664829805, -9.028240823987275, -8.350928032466816, -8.715503302084368, -7.778200172318814, -8.183229867534305, -10.118611469177614, -9.942042450577198, -10.488817709794995, -7.031518405655835, -9.652700801084517, -9.775568539613433, 3.040241106255452, -11.588046228414207, -9.735626392609063, -9.373116839863622, -10.573633252832536, -10.094886303324621, -11.672755189404636, -8.500094224922703, -7.69150909039862, -9.621376152186462, -6.711463057893714, -9.20414509571937, 3.380024586282523, -6.653392591289104, -1.5797990385504528, -1.5299713801776857, -1.5548586424900568, -1.519109169106678, -1.5457971801260848, -1.499117927757063, -0.4714390442341123, -0.5776411491918574, -0.5399107949227779, -0.3270662778599796, -0.5719147616167354, -0.7191365947582946, -0.6098027331004439, -0.5355083931559572, -0.503915587156052, -0.4706370456916221, -0.43796602709668603, -0.6282602651939794, -0.5046075165623599, -0.4146952954149824, -0.42582095616029236, -0.4950025990821403, -0.5359428172124178, -0.5041128817282147, -0.47308885088969804, -0.5329755716194858, -0.5648585375252412, -0.46687247814794813, -0.5354426889940247, -0.6349943090305886, -0.459313452336953, -0.45944665356267284, -0.38200674177020216, -0.5074368950091711, -0.5497523235559577, -0.6120815220784751, -0.46378671945814526, -0.44269777614148437, -0.5776116804374836, -0.5234523950843643, -0.3851706879374388, -0.5159180906164604, -0.5805549060693038, -0.4860935754273807, -0.5590091723617499, -0.6580080952462225, -0.5506733052495091, -0.6067404779609636, -0.5461126431349749, -0.46981190670948375, -0.5565712287069218, -0.5478830917054606, -0.533028596812056, -0.6115390134170294, -0.4365852334407943, -0.48017187524601973, -0.47696665552099665, -0.5552384881081672, -0.4743682228120315, -0.5263329701942835, -0.5318508823411653, -0.5789487000793204, -0.471473859012874, -0.5371593419064546, -0.45800026792917087, -0.4405660650995101, -0.5369117750800697, -0.3930100127433017, -0.6299527292663157, -0.5275287437168701, -0.5310905114717877, -0.660405266996118, -0.6089143941513422, -0.43003874934045194, -0.4521220518742178, -0.3534870901517091, -0.4289715687055646, -0.5282004645151035, -0.29487940752345276, -0.489590485782405, -0.6663646781345847, -0.5638157711562324, -1.518079655978064, -0.3379301737282528, -0.40292789450356475, -0.5585869227552935, -0.38998958986101323, -0.5228794525841066, -0.4604823132846676, -0.6307234670171469, -0.3672308648055111, -0.6373755160668961, -0.5158782058933722, -0.4524437765205785, -1.5003766436454493, -0.44447568922560243, -0.4902358640869456, -0.49376130019913533, -0.418211461635688, -0.38387299629589083, -0.5394026089098869, -0.5340961792572868, -0.49241082601940506, -0.39034420545536186, -0.5728151864263904, -1.518345569006291, -0.5074114791751784, -0.47074365302267485, -0.42799864582450864, -0.6309962618171572, -0.57307623375275, -0.4824821668320294, -0.43651550345917073, -0.5107143925526674, -0.5571443499993551, -0.3988836362258034, -0.5538703668364988, -0.6363945477993761, -1.5026590355462501, -0.632741648149919, -0.4009074485429601, -0.4908333448568041, -0.5401362564490098, -0.5218788620184965, -0.5259654193619293, -0.3520750920353941, -0.5937705869946653, -0.45855111494521117, -0.5124097390793786, -0.5685806560755248, -1.5249175447799894, -0.45879326897837636],