{"vi_exp": {"vi_seed": 348, "coeffs": [-0.3773768736939604, -0.3697181683197427, -0.37733899545378463, -0.36863450206746734, -0.35917747174946196, -9.97055837679305, -13.035590563104739, -12.92908371875026, -10.255898049395833, -11.390229191124003, -12.743746115440374, -9.451241269990469, -9.522170138300035, -8.437952280568473, -12.584724791281323, -9.59512526973632, -11.240971248724822, -10.068644303543733, -8.780573400700487, -8.938449706697993, -6.175318750912691, -10.62046131366158, -12.098675478979464, -7.945133433508635, -10.661344881644068, -12.137169682528128, -11.714919760574514, -8.620578699015182, -9.467650927359692, -10.711455485273268, -10.04124405253442, -9.105338354865994, -7.968368158022493, -7.189590111597046, -4.2346953053112655, -11.90303146384501, -9.054518058320877, -10.99943899632077, -10.55963655759939, -10.993275718341028, -9.195455951351413, -8.655538922404107, -10.400207637823607, -6.102412212855748, -9.822212282406412, -7.428453743461013, -8.003601315845719, -6.006884577721582, -10.145572786969018, -9.402584498926817, -10.540683436543564, -9.913765416323711, -10.591718564527534, -8.10852686189869, -9.544426788376915, -8.890375659281686, -6.689701225228948, -11.40304056384412, -7.116564187043111, -10.91834498060305, -8.848349381178693, -10.733064629547773, -8.271667523664906, -9.586553592946755, -10.728603306079595, -8.706272195693373, -7.283090447879324, -9.701710351683186, -10.897421644625691, -8.53393463917693, 2.613320047982407, -10.276945243012749, -8.360838545024384, -10.748284399528378, -10.02316692234373, -10.322664755942816, -10.808181056838027, -10.587761774545674, -8.04778007970694, -5.45016202387028, -8.64350478501244, -12.407842935275454, 2.8031218504462663, -11.776926051178519, -12.561534388057577, -11.600787583230943, -10.265684637529962, -9.256998311991877, -7.592955112609272, -11.002156072313605, -11.691957778001374, -8.987209927181333, -10.689431212031286, -8.811519456340417, 2.902913921696537, -11.833329363968486, -10.19426457226532, -7.371340386194143, -10.88340083618563, -11.098831357036811, -11.5840402207377, -9.57101226804802, -10.257220463320067, -10.282972470263019, -9.02664240552733, -7.843794932365262, 2.9283881907787355, -7.038485229894489, -10.108528821006603, -9.455349768492542, -8.501618633355031, -6.308957927163851, -8.978640807155621, -7.853055196035617, -10.65561070600174, -8.943403162618969, -8.929530638819221, -13.635375531913091, 3.1036033501580618, -8.641979937924704, -7.874335973085826, -8.561682588904786, -10.932152168751507, -9.326611801633184, -8.796286080697012, -12.149840053451994, -10.195707911155727, -8.443482976250955, -11.34144884898768, -12.515568990361496, 3.552790376721759, -4.959935060713867, -1.5703275355424648, -1.5504941846327016, -1.5481905754166727, -1.5093796018660397, -1.5517015648605788, -0.5051283163383236, -0.2307836401319458, -0.366241093267893, -0.36097765263578657, -0.3261507873035501, -0.5188924733639488, -0.33148097181513114, -0.5321787305083941, -0.442408375602384, -0.37072500725460916, -0.5496328174882117, -0.47477729107909805, -0.5783159937064241, -0.5241830801652633, -0.5719979333856627, -0.5153853661347625, -0.4028239889998368, -0.4680833649650745, -0.5992019382404422, -0.48840550665166294, -0.5025876508971019, -0.4705341747506918, -0.4593316084377636, -0.5186250549182236, -0.4641574818367615, -0.5509404507949431, -0.5848106861870414, -0.6041424241020877, -0.41550995323255385, -0.5159716421803813, -0.46628941475222624, -0.5424168356316897, -0.5098653650722281, -0.5402997884094777, -0.6493561216191317, -0.5909763501930222, -0.5026960281574735, -0.4548858751142122, -0.5543294840706371, -0.5194912355854475, -0.4443222741316314, -0.374728817762106, -0.42998678848749244, -0.49600076578741215, -0.37346352408323535, -0.6009014526685754, -0.4963790330361328, -0.5342790666132181, -0.4664082732488108, -0.5182090251285778, -0.3273651362835372, -0.44172197078490355, -0.5760688293319858, -0.42566537189225595, -0.5795371598980407, -0.5500076533741218, -0.6323085421593371, -0.3198282554326705, -0.5271545198237082, -0.7419985447979007, -0.43965962639539274, -0.5086331718885981, -0.5838714215848231, -0.5835175910701005, -0.6199450932314746, -1.5200017069072904, -0.5378233834781354, -0.3726434421376868, -0.646507520654561, -0.4101775751614581, -0.6548712498731938, -0.5914588744969488, -0.5641253562437091, -0.4374756224961038, -0.5347243741198441, -0.3200532028894916, -0.5828778033058708, -1.5428291731917838, -0.5154233175082974, -0.5822845699403508, -0.45217719359378655, -0.6803723247294879, -0.38957388208723526, -0.5832674480057412, -0.6488637375134654, -0.69341412324229, -0.38005712478306314, -0.7013262496886685, -0.4940502775698549, -1.561019855795799, -0.3489079202354533, -0.5342672876775862, -0.4787187405294307, -0.4665434722500466, -0.5121376471522336, -0.6712940987824177, -0.41242086584564813, -0.5079144295167807, -0.4813387133489945, -0.5376963243511717, -0.5429932034033853, -1.587995397211765, -0.4818534868403151, -0.48583957970958874, -0.6447755218097969, -0.4754899892678885, -0.5048899827240003, -0.3687571199761078, -0.484723677185076, -0.525547003341484, -0.4493485721086785, -0.5948727638221447, -0.6313580259982181, -1.5114904175226858, -0.4772238651482444, -0.4374585519522255, -0.6170228376883553, -0.5094953408957597, -0.5377823719318947, -0.3407937553935521, -0.4611268276716487, -0.4222973333728546, -0.5466392733492765, -0.6193571553442717, -0.48375585279147537, -1.5072215884792544, -0.4165586178625321],