{"vi_exp": {"vi_seed": 40298, "coeffs": [-0.2735974149768006, -0.2457403773191718, -0.27603319567366225, -0.2619870455447196, -0.2803459680678087, -10.170861895351656, -11.022884986087975, -11.225658231373302, -11.026825550797911, -12.194631555591908, -11.953393226214091, -7.9956028321929455, -9.53010270803508, -8.884163993640584, -10.964593990966423, -9.071078880516811, -11.748101767521847, -10.16453661446501, -12.045046856561214, -11.42142300746122, -8.501911064840789, -7.528376221506594, -8.401032707991313, -6.824539837025966, -7.501466548835373, -8.717532005090371, -11.53288382213768, -8.54332881856442, -7.847835609859145, -10.242079015540993, -7.859612053895997, -8.230697429882213, -9.894940157135858, -7.4151903158200705, -8.307073910980998, -12.02526564907018, -10.235688635791433, -6.127423969531833, -9.95298224412377, -10.915006550608972, -9.0483011966601, -7.380213951488891, -12.279010164004898, -8.467372967524947, -8.574958318504748, -8.036468301669407, -7.821893496572064, -9.176241439006413, -10.13108182246922, -10.424526201925863, -8.906499970084246, -10.50283199726617, -10.627151797358277, -10.782762848242648, -9.450410912499041, -10.101234527756331, -4.953731342330482, -9.50233987605341, -8.38192043644676, -9.832339952259682, -10.397609304454354, -9.058797666392028, -7.6607896474166655, -12.117417553941078, -10.236902413701037, -8.72916969395659, -9.68834607173354, -9.712550704932363, -10.5321050808687, -12.164314639206598, 2.6341558784813333, -9.820709920601113, -8.835769278998463, -9.303132445249178, -10.729647886784987, -11.817031061037252, -11.362269604655674, -10.828124370546497, -8.932307295991144, -10.587459647651034, -11.866039676619344, -6.248916158118413, 2.783890685881919, -10.14639297882226, -10.630679007937674, -9.217099899469648, -9.22450464739544, -7.384420706338355, -8.187368565996149, -8.396562125189387, -7.637369119413403, -7.6392162836191755, -7.070197846147585, -9.386143949007685, 2.826884497616277, -9.162079619629603, -9.880803787160005, -8.862882705077396, -10.74949574030081, -8.889703759092486, -10.91630163721329, -10.866004106408733, -9.006264920645643, -9.763533882667884, -8.951748645956878, -6.1616227562305435, 2.977674615508428, -13.039791077176725, -9.0404293502915, -7.672945507798495, -9.431515429018905, -8.913348796927272, -10.901001444595993, -7.891297185443886, -8.354645985900776, -9.07269219396569, -6.366482198757681, -7.244670026788063, 3.067013134077433, -9.927137128687473, -8.29437615206965, -11.111634236802557, -9.210995280181605, -10.289871731766162, -10.698379654763281, -8.209843251446022, -9.224367545970827, -9.757416560805938, -9.353230009934682, -8.022130948289552, 3.566705351231968, -10.506183361456957, -1.4925030402508248, -1.5440523765443956, -1.5741804374226516, -1.5070592225990431, -1.599398111773856, -0.40768466582008833, -0.4331188962194822, -0.6573100084140963, -0.6138258551189675, -0.6948109967868112, -0.40373177448279, -0.6069456832898955, -0.5415823006920032, -0.4405564384107471, -0.4805434473333508, -0.4470441289232419, -0.4656443850238204, -0.6268181512962002, -0.38212347834720467, -0.44092813399093056, -0.6150047516752727, -0.5708218238257173, -0.5800336547166098, -0.4292662111625295, -0.33333120603998007, -0.47092057532081893, -0.5910024954461575, -0.41860145636525214, -0.4975169909211062, -0.5684922942786292, -0.535702629678431, -0.4806396986579907, -0.34231433234718284, -0.3810045871192059, -0.48686954737652294, -0.40270554196548863, -0.4790862810569958, -0.5657930222653568, -0.40302444593890324, -0.525644298301418, -0.4590634913617614, -0.5407129635906298, -0.49319217493537276, -0.299537751473303, -0.5252816686498494, -0.6208997701363498, -0.4763228285643752, -0.506756311181511, -0.44726986960458676, -0.446237310982563, -0.5260444610710409, -0.6132253729239839, -0.5156571879025375, -0.5234867569727428, -0.4142371578033442, -0.62345134749726, -0.49556581359403795, -0.4780085361591736, -0.5667106565223925, -0.5253455146197071, -0.40914560355741236, -0.4360421294644204, -0.35389369667273674, -0.41463520308253576, -0.5599413384500697, -0.6063259522487353, -0.58574374847013, -0.4836499509555384, -0.4665096549828322, -0.5265777512898547, -1.543497581491107, -0.4049453958791975, -0.5068091218102665, -0.4671502201478425, -0.42271949871980974, -0.44679474582422163, -0.5285893005015669, -0.5244921991976932, -0.4708759019707701, -0.44677534872817176, -0.693379487397778, -0.3702465359410361, -1.5540478015937864, -0.45914789558327623, -0.3614579241736193, -0.5529465938517447, -0.4679727928092904, -0.4699977886007993, -0.5880434847213393, -0.4307949588333735, -0.541665295500179, -0.5623175723003894, -0.45255203391489796, -0.5320489605614355, -1.5557074288959305, -0.5951885495252472, -0.5030789344165325, -0.504308930130269, -0.4664895745789455, -0.32997666066042397, -0.442068478835087, -0.4160460150337428, -0.5070464209742123, -0.6299603164946199, -0.3950037296951336, -0.5469686036832692, -1.5520132170000247, -0.6563834725667627, -0.308804550001613, -0.562741235756248, -0.3768317351695082, -0.5583720261612442, -0.6385345291330521, -0.6795975562312914, -0.5322992511110267, -0.4817807195208772, -0.3117019055459615, -0.4134106251296138, -1.5772504167604775, -0.5993324901573923, -0.5289701516735279, -0.5353476406658519, -0.5195641500100162, -0.6743716313106173, -0.6644147291681117, -0.5022703041198454, -0.4077243956927901, -0.5732290634624952, -0.4339914032061616, -0.43413405283417666, -1.5447685972060463, -0.4456665727311421],