{"vi_exp": {"vi_seed": 32710, "coeffs": [-0.08599538354568957, -0.07014768911733385, -0.050985220835933966, -0.09219411728678883, -4.384082532997534, -9.714151128763477, -11.338756289284781, -11.956989311887641, -11.050290955872763, -12.313645447394192, -10.777496405333942, -8.037582492722757, -11.648301832612583, -10.248694748576627, -9.6276658378987, -10.872991531874321, -11.01367902353869, -12.30395142441409, -10.754901948112048, -10.914000041952674, -9.49471926307676, -11.790285887017351, -11.83408026770584, -7.194653851546473, -11.547675640646904, -11.334799397504945, -11.783458000636557, -10.797851921532956, -9.689682431560916, -11.03025314159241, -10.797947313891953, -10.31070162683096, -10.063445014648954, -9.561961327749358, -9.663988934424365, -9.723788443900094, -9.169022978052206, -11.551003007689447, -11.826357370335963, -10.82631536745508, -10.010254629747825, -9.913494307395158, -10.708954081102442, -11.074770524538984, -9.364494233457558, -11.685112130067298, -8.986842216278529, -11.935998841331402, -11.180934828398744, -9.627368231963667, -10.867299751869536, -11.040181852805055, -11.01358663916818, -10.832044125832793, -8.35513760020403, -10.212320461298924, -9.34576984170295, 2.9869168106131676, -7.707297744355369, -8.361676472857681, -9.176127547227606, -9.042293423747399, -11.640116691744677, -11.953907666651464, -8.96407648452073, -11.537967759451096, -7.944566994790057, -10.905690117625655, -9.04068689414817, -8.556423237983806, 2.8776391297254893, -8.542695677524385, -8.768479040964571, -12.321230028968396, -7.436196851575393, -9.809576036752338, -8.073787971076719, -9.331387129266705, -10.399069270166045, -8.924985023430024, -8.744081866098567, -8.691663473248326, 3.000747391659177, -10.523236125070115, -10.18864376754042, -10.015153650692326, -8.053807218043223, -7.484238973963394, -11.537780731905446, -9.827383091763597, -8.266024545809062, -10.52085651341105, -8.563535744949034, -13.394193195817532, 3.0502934151933268, -9.58836122044274, -10.742870283099885, -8.031401741023814, -7.945477106067581, -9.340845881332646, -10.51778023872556, -10.32435654201816, -5.434162280031481, -9.708016103830008, -9.235647247113846, -6.269954770465053, 3.1054810165380444, -7.850430434153621, -7.8859554273492325, -10.340126620925949, -8.38008875220091, -7.874949992701744, -9.934420790391904, -7.98604513879874, -10.728260701085924, -7.632879498905088, -7.778709943738263, -8.188260680543632, 3.2440932965480465, -8.004208854031289, -13.92659780122889, -7.428255067627181, -9.070680623433816, -9.242046536795577, -8.053838657938838, -11.840767796091791, -8.430068369610801, -12.174928229531952, -7.03036109859944, -7.321530029988889, 3.7216419996805, -11.779715937836372, -1.5567927106938706, -1.5120228192325351, -1.5612193936900267, -1.5263846547108724, -0.4683920757077514, -0.4744281333422311, -0.608037289686036, -0.48804025429716075, -0.4444780416206163, -0.34150381655235296, -0.4718085898086314, -0.5062549034395594, -0.48261530943485365, -0.6044622633566562, -0.5507846622857949, -0.53612359369455, -0.5499956216526861, -0.5957351977775074, -0.48445584004667663, -0.510110422582614, -0.48637311277038425, -0.5951182103301894, -0.5013246833356344, -0.48763063706276366, -0.6007777369282382, -0.4070122538163654, -0.5018682918764148, -0.570569793104441, -0.3846086029272939, -0.4359791616967838, -0.5144749684964129, -0.6090322733765892, -0.5968625288367553, -0.32442137505844454, -0.5424901700496323, -0.4730413623478211, -0.5508741262081366, -0.5571816157611833, -0.4212040742011632, -0.5590487691294062, -0.6129190493090277, -0.4718040808927527, -0.5471822717816982, -0.5835254308180209, -0.4289758271371908, -0.38992789375968573, -0.5076543350121611, -0.5495760149901943, -0.5143547105410298, -0.3576592246490533, -0.5284810040119734, -0.46069160219089866, -0.5826283090488342, -0.4925830716534066, -0.5857608050501814, -0.5353512569155888, -0.4883075621997747, -1.5119443363472562, -0.4764897171132452, -0.4932464344309764, -0.40761898792071427, -0.36588815524368984, -0.5074188899112768, -0.5699472640803372, -0.5982723591397202, -0.524218515348847, -0.5842916110440195, -0.6313781275715498, -0.6038218149056157, -0.5948999873014866, -1.552286235179288, -0.5697414548263322, -0.6128001916664458, -0.48932657087382075, -0.5985883660590358, -0.476061013147754, -0.44092193887516445, -0.5657131314737327, -0.49567919694360096, -0.3011358040038828, -0.5500316963524537, -0.47691732604393944, -1.5713597286022352, -0.5835294078920543, -0.4103657826073841, -0.399753258989517, -0.504018054480467, -0.3495721999706423, -0.5536230825508135, -0.5161207673055503, -0.5223208425836127, -0.43626281229699587, -0.4947671682014136, -0.5396907511003964, -1.5613301967063307, -0.4522719229506603, -0.4553953635932922, -0.5261945830767673, -0.5639191404172513, -0.5843072535101457, -0.44040844787476663, -0.6612818820305715, -0.6135246334431836, -0.5092399947067312, -0.5637349396599842, -0.608514013566724, -1.5069663349210773, -0.5873026065127424, -0.3613745051154629, -0.527116059139668, -0.5851102479749591, -0.5498521819752931, -0.6436445702214745, -0.39297604043574774, -0.5768911399612555, -0.5052428082420093, -0.5443140889652113, -0.5525106366510483, -1.5450316172823806, -0.5935860567013653, -0.563228124919391, -0.5061095250080183, -0.441157299476979, -0.5759639787391372, -0.5912485423835936, -0.6257645971604544, -0.5651481681671, -0.5993742134169316, -0.39203504061124944, -0.4083014824597951, -1.5470490267017238, -0.3554415369293125],