{"vi_exp": {"vi_seed": 2838, "coeffs": [-0.5348467293346739, -0.5344367370665194, -0.49871401257112175, -0.5518011435956869, -0.5337085996805769, -8.272731729056575, -11.646667908317514, -10.643456327541625, -10.90648751330084, -12.644887067491313, -11.223818385846915, -9.64494250143377, -11.70128542271171, -11.196284812278458, -9.385471291243288, -10.491674334614904, -11.058556274003863, -10.254694165033298, -7.715126641727579, -9.283476432478688, -9.93771946944572, -11.521992867715767, -9.466245420501902, -12.02762652993036, -10.703608627358868, -12.189573062970158, -10.579439833643116, -9.863633858446446, -9.955872751292164, -9.773779019954839, -11.729530350831213, -9.202467665465077, -12.35087963340955, -10.66644602294381, -9.188891425210711, -10.849049775750073, -10.646100802516898, -10.15233740917422, -9.667592082105179, -10.716838130169911, -9.963961366383913, -9.583870531287749, -9.707750485469742, -9.979037702296479, -8.899922983732436, -6.242118259275803, -8.017773013410343, -11.579692282642354, -11.867158329891543, -11.44627299499137, -7.6619863412721125, -10.71302417272053, -8.831700172636474, -7.200954790114006, -10.088870770832397, -10.593407108926117, -12.038363313719778, -8.65862481154107, -7.896720061420684, -11.688962270478791, -12.251386255805047, -9.12567826975976, -11.305218095954029, -11.278988564429032, -8.41249114932068, -8.726052529106983, -11.945031325447722, -8.604094111616567, -8.710764293128419, -6.196349378803245, 2.0917312814769975, -11.251470915687369, -12.086462051518753, -9.530821553927993, -8.950347027195875, -8.633076036938354, -9.654360303218665, -8.48835054643634, -10.46467574419214, -9.473363885662605, -6.592276597530003, -10.663252782725943, 2.1431390888699187, -8.79791147520181, -10.691024784187197, -7.3575011778375075, -11.280215056124232, -8.049506827509704, -12.255352116368186, -8.634268228054465, -12.949704249878332, -10.409087571276983, -8.000325428648724, -9.217821688613977, 2.0916825515803747, -13.051617869327822, -9.047086598526267, -8.536886291247203, -9.81669605238365, -8.911644279735714, -11.326172470768517, -12.305979855732405, -8.553453848804512, -9.872309344404421, -9.873845005552967, -9.086544788189247, 2.2293763105373454, -9.403429541821046, -7.225209059527982, -9.112383976947424, -9.1991362077705, -7.078248990360121, -8.030368381171218, -8.987790981516747, -11.770159486854393, -11.633466597782524, -11.133062108231341, -8.59135555163906, 3.1735400382258674, -8.992953879686464, -8.745225190581213, -7.236590022531206, -10.181658428765314, -11.279150497722185, -9.8084157991358, -9.559409436899747, -10.246257996504418, -9.102636304304063, -10.705945006178702, -9.763136269903711, 3.653764138925221, -9.63301479015486, -1.5289881537174088, -1.5260621714184504, -1.5205721059925195, -1.5476401731178961, -1.526905108641672, -0.5061973487069406, -0.5804893191139942, -0.511591445589584, -0.45785030894683376, -0.6105960240737217, -0.5264450545309141, -0.5314761390929691, -0.24570461432803234, -0.4808969373980588, -0.509293448891989, -0.5367116766154284, -0.577933886660669, -0.5031239541799435, -0.4450650767134718, -0.428811590723104, -0.5385145978031611, -0.6148705291810251, -0.5749630566715417, -0.5386060423918754, -0.7098202264065147, -0.6079509942323494, -0.4487315897813285, -0.5192167494325395, -0.5397787967711023, -0.4740818516493242, -0.504187979291902, -0.5704034159079413, -0.48659099459741045, -0.5492947336220682, -0.4787794754329034, -0.6393795761952467, -0.5175980573854106, -0.551350468161698, -0.5696551217276099, -0.581363416592404, -0.46632815220033447, -0.5882344328659284, -0.5478548057644008, -0.5506322746116247, -0.5681588772151273, -0.5291831792062692, -0.43802321840594927, -0.5831849873782491, -0.5033624747974063, -0.48823983570222795, -0.4863965264870888, -0.5022861230206926, -0.47566168290808647, -0.5558676143025794, -0.6056512999453761, -0.579411157482009, -0.6643636862860465, -0.43583863311653404, -0.41034611677041494, -0.6149056358541315, -0.6282735916237507, -0.39961529548145214, -0.6011775022016438, -0.6127272491579895, -0.5310132087370043, -0.492265897877733, -0.5315877481282161, -0.5075454467406114, -0.46038323093831424, -0.44987877299000256, -1.5136755700078233, -0.5663883325010346, -0.5372561246710791, -0.5101491889886026, -0.5764463668133327, -0.5240892571576242, -0.5413442318225813, -0.46665231660414086, -0.583859912834503, -0.4840094226743901, -0.5869089477408799, -0.5043914531170038, -1.5325168716000177, -0.5715984024348497, -0.5638821132425474, -0.47784252456366416, -0.6162102542825739, -0.569919383624625, -0.5567894432063839, -0.5162340388692224, -0.5300296074433603, -0.5998644660445763, -0.5534845803862679, -0.6156719895551181, -1.5392908280003832, -0.5086262245119023, -0.6711633148487125, -0.5036234058838391, -0.4217630245801034, -0.523912977912124, -0.4319236661880011, -0.5751249373819806, -0.625146270580139, -0.5809254659742166, -0.5332431831703596, -0.4166170369228743, -1.5525288456072568, -0.6012867409161706, -0.713771376318934, -0.4801584182223035, -0.48487034527991757, -0.5021551617248332, -0.45697397980498733, -0.3353740211561571, -0.4788491964477202, -0.5370214094305803, -0.6175749717444899, -0.5775387476428775, -1.5291965041374245, -0.35374470232400096, -0.30350221028626934, -0.5762299015395861, -0.6975786312907758, -0.6628799568472331, -0.6631518479524954, -0.5142522070663068, -0.41433908569767114, -0.5390233973231965, -0.4765744888406931, -0.5051433704735434, -1.564379728030123, -0.4192021155488175],