{"vi_exp": {"vi_seed": 44022, "coeffs": [-0.6058865583197828, -0.6123926579197674, -0.6166254890311876, -0.6232908588212478, -0.6002178656941857, -8.954793599473012, -12.32695270491607, -10.118033592445219, -10.79994866377596, -12.905567470084932, -12.594337184430454, -9.694785414192381, -12.151218974134807, -9.931465523490418, -12.346574300410648, -9.28496611668613, -10.238303483166108, -11.506344495371405, -9.829268405443154, -7.890684037704409, -9.261492559206422, -10.512534616469257, -6.343824850594835, -10.051396303565165, -10.277119062932016, -10.10562920168951, -11.993645651205565, -8.956207795108021, -11.088109902396042, -10.554658958839392, -10.523187226839342, -9.66652901965442, -7.780684943866826, -9.042951784027807, -10.248188124989486, -9.690951006530145, -12.168131584157235, -12.029915856752027, -10.264296039876044, -13.076568311175357, -10.320656577217736, -8.275795672880555, -7.894920511793993, -9.943137550715344, -10.001272455291215, -8.60262087699997, -7.167520998288765, -10.068568966534013, -12.29809267475347, -10.609694725350884, -11.9974266933185, -10.567591407940588, -7.880164791818019, -9.363821544633982, -9.287323666331586, -9.613018662795055, -8.752878169001926, -6.8068528621276, -8.397627178277457, -12.34031533200616, -10.436584740894212, -8.74384385338835, -10.211150884131191, -11.607709242344917, -7.885612978460471, -11.038520937571523, -7.697178360374033, -9.417743753157088, -8.091386758363992, -10.661753542524293, 2.086532217043683, -10.194416306654746, -9.222457403129159, -11.475380189493027, -10.882895459023615, -12.265833932382067, -9.066844969553243, -9.305570013750616, -10.501051755092416, -9.929357178104102, -9.437598813919363, -11.109576072289096, 2.5472213025915327, -11.746275564710418, -9.988850524072316, -13.349088275832061, -9.905194982413471, -9.86241492403924, -12.32679112643547, -11.769083941118671, -8.609618030473857, -11.961017031168737, -9.036085558958105, -8.610129906777408, 2.659000464605655, -6.768527499635881, -8.850568570596309, -12.804998165981113, -10.192897467888512, -8.020844065124129, -8.501747464834299, -8.724619584831071, -8.317859616288006, -7.151195594557359, -8.795228915028753, -6.84508282189884, 2.7807586825920985, -8.73385998747601, -11.183702523133814, -9.93395309590172, -12.674199291136228, -9.744371945617884, -8.746084785081415, -10.469749238530655, -12.950688023814617, -8.194292805656886, -7.5940399036301445, -8.41973948317709, 2.85719314469951, -7.138605509199541, -11.022410659698071, -8.714655232815858, -6.896062169851452, -11.680343607731032, -11.337042572344048, -8.971415220082745, -8.872270524083026, -9.389594651576605, -8.738324778245245, -5.1037056721894345, 3.5046045848337304, -7.619642587800901, -1.554881333435034, -1.5567123585651335, -1.5724608791275765, -1.574136276156812, -1.5062347795220432, -0.562501397812738, -0.5312639785181763, -0.49247636489355595, -0.5727663301118883, -0.49514481077589234, -0.5119731707706564, -0.6097118493267125, -0.5054406077858927, -0.3849971372017109, -0.38376207738532747, -0.5504014336411643, -0.5417934278422899, -0.5853770117125874, -0.5727687319795064, -0.5187783941302814, -0.48550045829098876, -0.5572677767337628, -0.4605944967419374, -0.5217707477072032, -0.3524702610510162, -0.49753665128226027, -0.4653268677016525, -0.5017340384850416, -0.632693264258719, -0.3895009577569399, -0.5370726960852861, -0.5122888789104744, -0.6801662442188458, -0.4368773451660071, -0.4932024195013129, -0.49506317838639935, -0.5694227342765207, -0.6447063091277554, -0.48780005145770167, -0.6608256090547882, -0.49780802735986873, -0.47894065060841395, -0.46089766586182745, -0.6137183103963686, -0.42463575158348216, -0.46870226054413444, -0.4978885561577907, -0.5260286167872749, -0.5196559616811025, -0.6242555398454036, -0.5189718843165028, -0.45185248126393485, -0.5462931509714698, -0.3712664051837404, -0.47491463226293956, -0.582251124850937, -0.4014572626948919, -0.5245439592220325, -0.6517704955868451, -0.609329229769802, -0.5686918260539352, -0.5165476576566972, -0.45700532905980873, -0.5103685249972876, -0.5646864428135187, -0.5488051848561788, -0.47082240035106326, -0.4183543462426897, -0.5940612243559578, -0.365225817921441, -1.5423033029516287, -0.5292670975102844, -0.38506329471030154, -0.6110507126408029, -0.4793945622088576, -0.4756537571582457, -0.5488427937326111, -0.6173481922164912, -0.5521593195457014, -0.48361650096753406, -0.5659322654042909, -0.6530715180871675, -1.5429896063611588, -0.46646089210713587, -0.6972206050360551, -0.502879390775405, -0.4415456596072671, -0.4839612662455057, -0.5035489220525783, -0.48107260139835856, -0.5783850631262636, -0.6115837531888837, -0.6725761101912072, -0.5048598137953133, -1.5636860552800975, -0.40742775866124165, -0.6023261496916914, -0.4754447387300632, -0.46446665360417844, -0.5121903491386971, -0.37293666541182074, -0.6130027440997081, -0.6218876061769609, -0.5407544235441504, -0.5578004004930027, -0.4890283247899923, -1.5459837801710632, -0.5925282388375773, -0.6702702428477885, -0.4913068058534372, -0.5439500091733365, -0.48876440724885556, -0.439432028731398, -0.3735045108529978, -0.6224124030740713, -0.5681848694002093, -0.5077105533300004, -0.5677341281991044, -1.549895264728494, -0.49733918768591306, -0.5911424434869597, -0.47942725496804345, -0.42222230580576026, -0.5161479342020353, -0.5302385645622401, -0.4070893711907576, -0.663665162866016, -0.4976049969536237, -0.5639169931751908, -0.5673170789243166, -1.5807276378993267, -0.6035706732168232],