{"vi_exp": {"vi_seed": 1908, "coeffs": [0.246205639056657, 0.2528935366808971, 0.2604803330632073, 0.26207621935608655, 0.2501504121768082, 0.24909621799092388, -8.994521060160883, -10.776785986872852, -13.27130331149308, -11.767407204157701, -11.604135667960579, -8.139721428568413, -13.012393493519525, -10.657105144394448, -9.934323989707686, -10.592354977269748, -10.23802835026289, -9.617915960254377, -11.237329187685098, -10.974417681320201, -7.740034172900442, -8.146873633767429, -7.502857515075335, -8.473616540850909, -11.236215797745746, -11.743398145180313, -9.872670330164231, -11.185065679714445, -11.690338218111968, -10.111359302621189, -11.356078318839346, -10.740211670546739, -11.274401069801597, -7.700767083996264, -9.386304681586878, -9.116131540447267, -8.190072431497748, -9.570144697951207, -11.493377587187299, -10.195264237536586, -8.929161767361643, -9.83266077664131, -10.49368827349249, -6.699260456027074, -8.200238805034308, -8.018954321658704, -10.026302104383616, -9.912342399352116, -8.518013874209949, -10.993677346383475, -9.472182248063739, -8.995244162158333, -11.580231323008787, -9.868689590226694, -8.51226765107989, -10.455163756142252, -11.337991494128744, -13.092495711400364, -10.290478098041328, -7.0048098216412145, -11.423634555096038, -8.75785518890605, -9.626644833187282, -6.340546683268742, -6.757977284129462, -11.735200843558054, -10.83576737972082, -9.480173721190875, -7.885764314319264, -9.634125322903877, -7.277055857537403, -9.0567229891302, -9.880571513816031, -12.783359528455577, -11.610980230708458, -11.592931587441752, -9.340267515803825, -10.206269008180369, -8.659094957570131, -9.93607146926995, -6.3146626765881955, -7.447561189876106, 3.2421433293579844, -9.480687567963013, -11.060059827170752, -8.624124016648647, -10.828386797769193, -11.454093578357567, -11.154116644185232, -10.356967671732153, -11.314936300182426, -10.169069651910267, -9.636591973657335, 3.220482988193379, -8.475128717226346, -6.721572922328791, -7.977305540779232, -10.526082889176188, -10.16111126581484, -9.284532738480763, -9.155467188257617, -8.77125574625556, -7.484213334502302, -9.5437241695123, -9.174165773165432, -8.482606751790051, 3.240526243290391, -7.368564295066036, -12.718446383590907, -12.193982557581375, -11.5784836205918, -8.980953743310533, -11.138304403280351, -10.75409511781221, -9.828296177938437, -8.860244740523893, -7.007252338976118, 3.246938189943374, -11.312461379405416, -11.806303011850268, -8.303676737938158, -7.536431721249944, -10.29323424763894, -9.488589219715648, -10.568652341603865, -12.140300122424442, -7.380760140855462, -6.534328171376672, -7.9666837659392895, 3.414133655333032, -7.214816712453043, -11.797202362581217, -1.5484159268772864, -1.553717395575084, -1.5515014802511375, -1.5217512075854394, -1.4901605486274987, -1.5524471941691205, -0.48717210045661136, -0.503241808275634, -0.47468963861593566, -0.6139851520622903, -0.6169179672633501, -0.5251812944611217, -0.6197855016702138, -0.34593201667717544, -0.40157665469560094, -0.4639462993488258, -0.6131585317315403, -0.7376311863294551, -0.5645350609279095, -0.5997496651363687, -0.5508664279346079, -0.4913437817058177, -0.4931264845876062, -0.4542192577092306, -0.5667904503149022, -0.59529157412411, -0.5912229443226501, -0.6228059086317945, -0.4847224692843878, -0.5017268175812014, -0.5798965293988267, -0.5812213693454509, -0.3649850188150083, -0.3962825451776353, -0.5998240169983996, -0.5325913636950123, -0.5455605216873154, -0.45513356527521376, -0.4362131713007369, -0.5555032580201504, -0.5605454854611547, -0.5035811243530285, -0.4575215524307865, -0.40415337644995075, -0.6221349603331768, -0.5514595383400496, -0.5283719769416535, -0.5249136980392483, -0.3231538781297787, -0.6255250890240038, -0.46737971640654385, -0.507942987331698, -0.5255429504820266, -0.6643166792931334, -0.5517369698270724, -0.6194739768146138, -0.6737458128722972, -0.6642312840583545, -0.6174827924764769, -0.528147838904437, -0.45109791458567705, -0.576713951401162, -0.5723485642351194, -0.6024276027162823, -0.4058256472861836, -0.4752264754874573, -0.5136218855651886, -0.5224082602327003, -0.55987671781481, -0.6154180809131075, -0.6041807529083328, -0.44204425602913544, -0.5789468252471216, -0.5636610751592763, -0.45597729007723564, -0.4951453098609651, -0.5015897716215271, -0.4206996321543068, -0.34205757616926147, -0.5633225776196886, -0.5629924617828627, -0.4237850025918615, -1.5081874708243592, -0.5396278591009063, -0.4310862343406382, -0.44426805371748795, -0.4738465157416999, -0.6097445545075264, -0.6645374564781614, -0.524162681349341, -0.6536050142016556, -0.5024539000888838, -0.5469428340070605, -1.5533019342065202, -0.49149356782109044, -0.49673255368250707, -0.4781180541170032, -0.4902452228230804, -0.4612281154611864, -0.34250797388203313, -0.46981745812565223, -0.4286717489269419, -0.5613020837028625, -0.5799357642472318, -0.440816961168659, -0.35320886985278555, -1.5179934942979874, -0.5888730583193482, -0.5283245915359508, -0.5576669999437387, -0.5980319420441854, -0.5225311630321025, -0.6121185670540804, -0.5236816852866969, -0.4924212148790237, -0.4666068529548083, -0.6097268096543648, -1.51382471687059, -0.5795639326061368, -0.5869170460217056, -0.5243604983044254, -0.4528035308398688, -0.46426457302716984, -0.42480574634185203, -0.5170038744531397, -0.484628065013757, -0.4212654473540849, -0.5271676200660766, -0.5631409246572299, -1.542714264815463, -0.5759103788871387, -0.42636736061787894],