{"vi_exp": {"vi_seed": 37852, "coeffs": [0.041783477027389174, 0.03172302868717273, 0.04381015855319712, 0.018573194073731532, 0.0024575846416555434, 0.046171877751485346, -10.746692700859025, -11.508605667676445, -11.087166504900246, -11.814236614301436, -10.739749601727363, -7.7407008273223745, -9.464375859017446, -8.301108161148852, -9.182282687261281, -10.620741183648436, -8.575152059712474, -9.163903163967175, -8.213477377617458, -8.206703829580432, -10.040047756968384, -6.305879751455607, -8.799963285725582, -9.507051430281708, -8.437665522617673, -12.340777849598215, -10.908202924666922, -11.195126915977454, -9.64252896038477, -11.586368569977836, -10.216491854950347, -8.750978887392394, -12.309725132654428, -8.261565925480706, -11.778350110903924, -9.602881456242091, -11.278845374772008, -9.935805058275514, -10.86422657150063, -10.72605850520841, -9.163134614720414, -10.660386505374019, -9.629335552644672, -9.520007718183013, -9.034834365088601, -8.51975088559477, -6.7848182710027585, -9.43977664887442, -11.317789095400416, -9.65821786543488, -10.029051998488056, -10.51135111880285, -10.122703325655023, -9.091698310201636, -9.115366371325669, -6.20924206772666, -10.50421223988327, -11.211938250240886, -7.162221496269978, -10.848899778256685, -10.069612550480349, -10.216606042414751, -8.56522827321518, -12.028380029104607, -8.838739886834638, -8.697614391272927, -9.487555445275504, -10.920128635998115, -11.393888331913633, -10.48293795880977, -2.64966284152157, -9.429534221370849, -12.863582736888194, -9.18402474099919, -9.753705222781642, -10.795439950676965, -10.97705446106236, -8.362479722149098, -7.30935183159419, -9.01303368431751, -11.599801466151897, -9.346736024051069, 3.0179956213280987, -10.471289219348614, -10.0374523675649, -9.68717545480188, -11.519410299354632, -6.814950803458901, -7.635259613519323, -6.8914224622563465, -10.980021262694223, -8.84923736335273, -8.392406120877258, 3.010583312833735, -5.737969446678016, -11.483104815403742, -8.000446378047593, -11.867142420307468, -12.049526229327606, -10.412039887693835, -11.255048281867401, -10.166189153009322, -9.29321112257034, -9.359557080687646, -7.479463928220134, 3.057112081612355, -9.046934992779686, -7.172092973721303, -8.44787335089172, -9.72416739484364, -10.223738085332037, -10.334005866137339, -10.915545516529443, -9.269160485250266, -12.243404658728442, -10.10087272512449, -7.830836909048713, -7.865682719799583, 3.291259219665701, -11.684717580912416, -8.750981307177886, -6.561273202620603, -10.499612681417782, -6.597861682059691, -7.611158512666636, -9.374230762205624, -8.942906008254782, -7.480300368720795, -9.097233768553362, -5.868658381146201, 3.5546229550589294, -8.944480820749432, -1.5356532434034578, -1.568801901804217, -1.5429701098934867, -1.5718825339300804, -1.566600060714583, -1.5150675073289117, -0.5152318205302251, -0.5971027140128914, -0.3247190536579121, -0.6263451184761547, -0.5085441923748405, -0.5482057402907813, -0.4710269117782301, -0.5883113893079824, -0.5282748596563759, -0.44563418727121634, -0.535298705276293, -0.5330233380086341, -0.5734557547188143, -0.4964447918383787, -0.48918927779106713, -0.4409288328578693, -0.6047262049525766, -0.39896568540511845, -0.43349599955461904, -0.501403666113382, -0.49155611218907896, -0.572321095577855, -0.5402793130741642, -0.6289236984185501, -0.4916875192593226, -0.5647679051894622, -0.5660787964505668, -0.49949617054092976, -0.6358835424977923, -0.4350794443989786, -0.6276690613387044, -0.5678452969420338, -0.43584679835080337, -0.4642785605947154, -0.44544169915995063, -0.4754886070482873, -0.5848263828587338, -0.5681070177124471, -0.41874789856092887, -0.4814723952217599, -0.5145001285582634, -0.5291163183680717, -0.5243546147152361, -0.4433041475039234, -0.4606338085834292, -0.3938161464007625, -0.6092141926370219, -0.570310977970222, -0.45217790261701074, -0.5528823134317814, -0.4549347737565225, -0.5989965775979202, -0.505437220608143, -0.6325536520044062, -0.5369702890236052, -0.3664988053586012, -0.437992745188453, -0.6250694974524813, -0.29067429560041, -0.4494436317950803, -0.46976533100816076, -0.5807291000856428, -0.42944480643987454, -0.5346675920253638, -0.7154396573908767, -0.5857173368217424, -0.661013906514511, -0.5030553601500455, -0.6269819588390436, -0.46181476704953983, -0.46232050172507183, -0.5920935762671342, -0.35881020709198447, -0.38515606649800344, -0.6182560323472333, -0.5406845616623782, -1.5493764349806254, -0.552273726600705, -0.4643733605640094, -0.5557040317287409, -0.48650894200633615, -0.43325070678463284, -0.5175954383695164, -0.44019647441034904, -0.48876252484642424, -0.47309671577855494, -0.3648686704616551, -1.4948964467020394, -0.41378770029865136, -0.5609512641211263, -0.57672044547775, -0.5455668848154966, -0.5421306992412338, -0.3687116600315793, -0.5631759341375827, -0.3707600814429273, -0.5985720686342596, -0.6253553773659631, -0.5398000226400881, -1.569275487681637, -0.5415420681653558, -0.5385817246071031, -0.533434561963825, -0.5746374761702915, -0.44556186593476355, -0.5218992142108013, -0.3916516809916568, -0.44041468482656887, -0.5410620297184402, -0.5151055086495783, -0.4955661098925438, -0.5113698314105789, -1.5316409700236995, -0.6225626570843628, -0.46107044940245795, -0.57037538074048, -0.43024107126747524, -0.5041620201705439, -0.6455876378810429, -0.6005997215016355, -0.44239340248215714, -0.41273025068818386, -0.5826271660524093, -0.5415893336811861, -1.5290092102927408, -0.5867727299661873],