{"vi_exp": {"vi_seed": 33807, "coeffs": [-0.08569882141265657, -0.08455958282329268, -0.11623957715612872, -0.10854758037831254, -0.0864832591516702, -0.104366809840873, -11.976377793132645, -13.224459570519231, -11.54734646299796, -11.443647674501765, -11.787510421452945, -10.08051292916162, -12.30757833101248, -8.734306028155162, -9.134773516317624, -10.620956820869448, -9.33178925435299, -12.304057558622322, -11.95466072345206, -11.040198509612553, -9.49063629778919, -8.534382375588331, -6.936981051838161, -7.246546778873997, -7.767288324299721, -10.937820420940652, -9.75886123255101, -9.618390256819538, -11.432064632765824, -10.818266963603516, -10.155295109477473, -8.840500225607093, -12.065785075848659, -7.351266837571542, -10.599350461031081, -10.238947396812815, -10.415809576432855, -10.868069040574639, -7.569095327895114, -7.872979610309454, -8.424850958939725, -8.09238135951522, -9.513641544344743, -7.4523037403819234, -6.763686481026693, -10.13515706972133, -9.664198637552742, -10.092861633635687, -8.362211141690961, -11.677133488437294, -10.501320933115135, -7.206124035395965, -8.09326437804437, -8.298354475409296, -9.538796208093645, -8.299015223814822, -6.221409770947218, -10.23984055303448, -9.894157740574402, -9.90148899529288, -10.871902961493925, -11.717567876889012, -9.094077917040815, -10.427576384667155, -12.01111338911582, -5.508525352583974, -7.3995903526478966, -7.59517115750651, -8.069510849593263, -10.037913476909207, -11.880479416020572, -7.519831577501737, -11.048278324248827, -9.822672462224629, -9.117142230283099, -10.30282995983262, -10.617406027901579, -9.4508980316338, -7.412622880395661, -9.573318992454652, -9.194714164284392, -6.658361964373171, 2.877196609713019, -10.239581484841283, -6.912756437698337, -10.168852451283351, -9.960781780539994, -7.366249329774949, -9.866833616715118, -10.576746535766944, -8.39389092363486, -9.47279349494169, -11.128908851354375, -7.952671321675396, 2.978443610476848, -10.14711916083968, -12.020336234706564, -10.751147380515885, -9.018977668311868, -8.397922849797384, -10.917119620792171, -10.452826910937754, -8.904696826962928, -8.916031718834315, -9.854471425412482, 2.9874583674102584, -6.100050003547696, -11.241127180952079, -12.913314035657457, -6.503872132040886, -9.447773144795425, -9.183636798549733, -8.89288762034556, -7.657900691342562, -9.357676685813642, -6.85289249819454, -8.650725403363104, -9.327103119035256, 3.1755757473337956, -9.824697011882316, -7.205215846214232, -10.889961082024893, -8.389761036230857, -9.8698203805066, -6.797657175164738, -8.816315188608199, -9.795634453725981, -13.645948968605733, -5.948946893212815, -6.997261054836514, 3.676016965798531, -8.732382910884374, -1.5385539041352492, -1.5314511279264342, -1.5590827571562031, -1.545384325334946, -1.530086853793038, -1.5558448913666816, -0.5585353700913259, -0.6303175300960903, -0.6976445267885453, -0.5854009777618123, -0.528942394330368, -0.5699709731327786, -0.5664216155411902, -0.4924333614652175, -0.5146532224038446, -0.5998346109776145, -0.3362760196036919, -0.5051605797452717, -0.5705505269053563, -0.40713733382444917, -0.6357189138836742, -0.46718672229168046, -0.49772468427630445, -0.43791180695096465, -0.536482331090943, -0.4538829853129438, -0.39995916632192463, -0.5152957671861077, -0.6318468397213829, -0.3761149116951065, -0.5227385984778098, -0.5542561311882759, -0.5388139892390208, -0.4894412955988597, -0.534463011809379, -0.45254964859001456, -0.44642105108558294, -0.5659758093043371, -0.4565014630954016, -0.44488955326787794, -0.5554860159923679, -0.474049730618355, -0.47700898666659813, -0.4923377557081552, -0.6180341420093348, -0.3711231174637897, -0.41153643586664485, -0.5277425252141146, -0.4015773573396529, -0.5566786690113997, -0.40099269197489507, -0.33811130345624324, -0.511400770010887, -0.5594618865062836, -0.3940694073698482, -0.6632872598319924, -0.4251225640243846, -0.5416212814043514, -0.615019442429761, -0.4922990438543409, -0.5184069652660516, -0.6571286276544238, -0.50998107894641, -0.6397834115532894, -0.5873674707517466, -0.5100176021131636, -0.37313860698156154, -0.49468247970097184, -0.4525691672634844, -0.555580111156832, -0.5224936390665914, -0.48513916642440913, -0.5941681936153145, -0.4257841511812985, -0.46638234016013513, -0.6435151478244776, -0.5089084195727294, -0.5546077583133452, -0.47815662990714874, -0.41149788184216946, -0.4537841019476973, -0.5709363163257892, -1.564063866698875, -0.627713836567056, -0.33754989333156643, -0.5594783669879221, -0.49260844414464383, -0.39494596081212047, -0.6095785845991742, -0.6846970946244056, -0.320393839983031, -0.5728796732450668, -0.5992880869008058, -0.6098424353637165, -1.5535384806673727, -0.5394350962331124, -0.6501552482792305, -0.6351223665399132, -0.41444538672783343, -0.6754305023638598, -0.4956055131620862, -0.5143620417339373, -0.4402980056585825, -0.4857559650021948, -0.5425235998830873, -1.5442967004738255, -0.4352004473542464, -0.6247145734624588, -0.3741294117521354, -0.40932954544033173, -0.533110448259103, -0.6226351908782217, -0.500873356416738, -0.4541981615721805, -0.40120431359934694, -0.4325441314797376, -0.4687845123393294, -0.5281572831698843, -1.5170423296577908, -0.585950253721468, -0.5002754291712339, -0.3700388577869218, -0.5942738630059702, -0.4915336491658305, -0.4220455474911979, -0.48104126093607846, -0.4953777503592191, -0.5040230933612552, -0.5797986743322731, -0.5446783226380252, -1.5279649075452237, -0.3775602375441473],