{"vi_exp": {"vi_seed": 26982, "coeffs": [0.20182630583924627, 0.1680917977312017, 0.1850199895404491, 0.1794092861916612, 0.2136842064132735, 0.20801312960898893, -8.952527751177584, -8.737618422117787, -9.708058789569762, -10.750370718039889, -12.219824801723462, -7.754650138055647, -11.163022565038677, -9.432264384588933, -9.206393912423586, -9.751773254422616, -9.805778925020014, -11.370439369669882, -9.990419999103235, -9.552484159893194, -12.24489576835772, -8.013033942319415, -9.623440720966775, -9.323544136191828, -12.630388631947138, -10.953936109348392, -10.706910787366942, -9.893016012444592, -9.726034257666013, -9.381489640211104, -7.982906090242578, -10.041795982238654, -10.968867772512947, -10.264963178387324, -10.372401357280777, -7.978474635659565, -8.999368250847693, -11.021877111365477, -12.00903081141715, -10.30311577521576, -11.392630820502406, -9.231719127425745, -9.023958759632546, -9.009112380151505, -11.38824029038524, -12.336313156563037, -7.6898035149386645, -8.20387427060569, -10.71190665042528, -10.484066350527884, -10.082148904968555, -8.58135514882482, -10.552183771225689, -8.100141150509858, -10.158242130264838, -5.846445643792844, -8.59889896324589, -6.240499296244731, -8.551783484281934, -7.952101115192988, -11.256677694896691, -10.4011815351879, -8.681763192469814, -8.423195039855171, -5.9571061745695495, -8.782528549372882, -11.622846512632577, -5.973349348718808, -10.136176929205119, -8.80936268048441, -6.916457651413329, -8.97141820817139, -12.001739440487425, -10.565300517841008, -11.599334097181268, -11.684325120633256, -7.181769767018342, -10.77233248486077, -10.946204474998373, -7.30218671594197, -8.965688669747939, -9.210044817919789, 3.0856321301093876, -7.773794411397387, -9.35031510577748, -9.988784522290484, -9.040001305270778, -9.137309491472255, -9.775583469921969, -7.474867043229713, -9.295246608425455, -10.10612189767369, -8.453736128787993, 3.1095457656644894, -8.987834752396818, -10.869745305861649, -8.815611897545947, -9.165568636685267, -9.642621924297025, -10.936880128122251, -10.420771702828874, -8.405734575109463, -8.973709676236309, -9.231389194934687, -7.821450062984818, 3.1602431060352187, -9.046994006610042, -11.171009561045006, -11.840739287678582, -8.513345769877809, -4.636707946867704, -10.248939410941427, -9.35438218517592, -9.553706888485788, -7.019479280233295, -9.255891590234919, -10.43143984636266, -8.227785423760386, 3.285816651932653, -9.233895367597803, -7.406005865027528, -12.115561477781107, -11.142950056465104, -9.492736003829307, -8.22696330199145, -9.600517764899475, -10.943664980318434, -10.404450539998662, -9.143685468466366, -6.248498131028485, 3.6333848164698246, -8.999161044977173, -1.5352795746637349, -1.5661861909127035, -1.5590703431710808, -1.5526820118043636, -1.5631561291982465, -1.548229668878196, -0.6237120735687232, -0.5754024752356905, -0.6109719722882654, -0.4967277791924287, -0.46218430465471205, -0.5062661692676483, -0.5517438387875162, -0.5740215562563589, -0.4942433180879711, -0.5051772749473782, -0.486762522878713, -0.6026465478907853, -0.4321763933005181, -0.692224943241013, -0.6422772875709285, -0.5221907320012057, -0.5503340796600444, -0.5431873558766752, -0.5412944358109147, -0.374289739480048, -0.6264998497984189, -0.4896587070871683, -0.4668447099285557, -0.42349783521012907, -0.5337306578574844, -0.4500650028076409, -0.4557544705204309, -0.6051513318436091, -0.6122513381614022, -0.4445480604008284, -0.5855105613635903, -0.5628603874609042, -0.5224121855325198, -0.5202666197582292, -0.5853504027651948, -0.28500569851032986, -0.4769356703812036, -0.48136121837982365, -0.5150647955944725, -0.543149788576853, -0.513454471591772, -0.6270258811527112, -0.5940130019742877, -0.6599123353194107, -0.5344195973272057, -0.6358946861496897, -0.5041580957081931, -0.4257146903187815, -0.4322597518303375, -0.5081532782051394, -0.588362030258199, -0.6212782288811735, -0.5127881617836084, -0.4844687449317543, -0.5667951737214219, -0.48035151965961886, -0.4663024032056214, -0.5084346568414332, -0.6012454139551027, -0.5617084179299744, -0.5837900033367476, -0.38019648762581193, -0.515531711494463, -0.574153584419723, -0.4615208909038581, -0.3109488656266716, -0.3778351094089687, -0.4538148988745257, -0.6431995808006069, -0.47434862603430833, -0.4724825499672203, -0.6214514166349034, -0.5707654404160425, -0.5029898993369643, -0.5826734572361751, -0.5828207426297308, -1.5256730207869371, -0.2941783505167962, -0.6357314853472654, -0.5708149144306297, -0.33533729845056204, -0.4125988550085562, -0.6200288296435703, -0.546744522524522, -0.5383176230332342, -0.4691551022262155, -0.597500208376896, -1.5346701688762177, -0.434437897573605, -0.3986106069771187, -0.6434938547966722, -0.49160029882368733, -0.5557892522342603, -0.4705865064204864, -0.5178385883154157, -0.44916505669086565, -0.39317461616566524, -0.543485221037591, -0.6198783917335804, -1.5852303857529633, -0.6582347854893688, -0.48473474941897987, -0.5645545074998991, -0.6001911487661069, -0.41643162597337874, -0.6876294490192553, -0.4687021668257034, -0.6389829964562648, -0.27213807285653385, -0.6344232643344205, -0.6018141678029171, -0.47754799852799346, -1.5034371260844825, -0.5279000806524163, -0.5105056328590292, -0.528618259690741, -0.36938389639491775, -0.4795700862757483, -0.4970443343355399, -0.3721782652757185, -0.6031914988088737, -0.3826878967766578, -0.5834710516311079, -0.48405424205288594, -1.5226531422455014, -0.5026081254657007],