{"vi_exp": {"vi_seed": 38402, "coeffs": [0.0767364488874369, 0.035037289755591415, 0.05880966984365071, 0.062409568553508016, 0.06243059402399994, 0.05519442248544856, -9.875064283614737, -13.337618408007538, -11.67249729551213, -11.95874073601342, -11.16731303827339, -9.366976655917563, -10.569774140735705, -8.476258045540737, -11.414741613968756, -8.111725327536911, -9.633793988189685, -11.905486496448829, -11.832485865400082, -9.681938035578467, -8.638838690736042, -10.178110148171164, -10.159675057928277, -9.852479664031135, -9.307133697408121, -9.303106654665582, -8.147438629267803, -8.004415248441967, -9.060223259117063, -8.489872201892895, -11.048167137834342, -12.556264402722963, -7.494006969919575, -9.201308839055294, -9.115926766440538, -9.509314042082565, -9.802644747854533, -10.476067490504494, -8.628154787552399, -13.433171271867995, -11.64785996301314, -10.059268126240923, -10.35543589255643, -8.654926437281302, -7.007011187403633, -12.393625770395643, -9.277965717991947, -9.091375745529664, -7.812296420094345, -10.072484342473818, -9.86400653240995, -7.451926106182031, -11.621075039350265, -8.632325524243468, -8.98494846523027, -7.5184841880500155, -12.644186361549407, -9.499294733534956, -10.83156910950969, -10.708594976013048, -12.185680328001581, -8.056404520123545, -10.184489109565611, -9.834617014152354, -9.816476634802683, -8.93182932942704, -10.184296017373216, -9.238099617522964, -7.901000451361802, -7.854515050862767, -7.525113343554341, -10.312952745533265, -11.52405246673954, -12.34178915004349, -9.818477883489154, -11.627384068870363, -9.370364749980098, -7.792244273351914, -10.66446209727155, -10.029767854632833, -7.730885040094956, -5.394583162644633, 3.105769027333962, -10.136256773047233, -9.61366336792699, -6.108111537510904, -12.166566151829251, -7.92622059074774, -10.42347382952593, -8.094250346901067, -8.626411249597231, -7.935937145452946, -10.452495801403261, -8.02557148899279, 3.11300168230787, -9.243480997091078, -9.316836306865753, -10.799495060243004, -9.319555400986493, -6.927968402327975, -8.915239205984646, -7.310055248661058, -10.098305765847646, -8.480402969294783, -7.749543640889065, 3.1186483831175287, -9.953567291139374, -9.036069528273796, -6.359488504531931, -8.863271661936503, -10.131013389615196, -9.782332981508718, -9.700223983409154, -9.554121364004356, -12.998090010820802, -8.347756364003994, -6.234909259101787, -8.6903553683612, 3.315511396017378, -7.46986672098246, -6.896011286088844, -12.914561283665408, -9.186358573088643, -10.725542398978757, -8.48196518031028, -9.314896635756103, -11.059126299599761, -8.269848909839897, -9.59511485953967, -4.831620307925453, 3.7681337213417874, -7.521024258017578, -1.5375363326252127, -1.5335120616343136, -1.5783901704547116, -1.561654286099602, -1.5717949997585616, -1.5437599987117927, -0.5941185478292367, -0.43605475640214847, -0.3111270739545216, -0.5209687092970509, -0.5442906161032611, -0.6869059194873796, -0.5024126598314621, -0.49754647843855615, -0.5001178320904915, -0.5226113740129278, -0.555339023803016, -0.6197339682062386, -0.5159536555379497, -0.44720350679591137, -0.5420279918030889, -0.5781021926414485, -0.5853168198606001, -0.47133189841099804, -0.4124917377998514, -0.4747368310005983, -0.5999560474914347, -0.4536230482362668, -0.531003287457825, -0.4963661521772392, -0.3057400388129843, -0.577618927210229, -0.4212173492229558, -0.5882962460834545, -0.24521163270162166, -0.47019868851072394, -0.48949491527176564, -0.34773060532761285, -0.4269071375355653, -0.47939689041501915, -0.4106859407031408, -0.42470516580445095, -0.43525444170379307, -0.487938326289376, -0.6094722208723522, -0.5476911933596795, -0.39937154224855576, -0.4828351311496348, -0.49514517721573126, -0.5736387223901225, -0.5754268010004904, -0.5536089292587308, -0.6354532458172317, -0.42120833346523245, -0.5190323419699653, -0.4988197818228245, -0.5250827383915775, -0.5353528087685242, -0.5902182651361406, -0.5452095048179142, -0.5144408045322493, -0.20040334079629296, -0.392148433509822, -0.6522324908942825, -0.5273878932278875, -0.5303695012667293, -0.5866958822507212, -0.5398195114665715, -0.45721831886128644, -0.5239576613444515, -0.36772076608233856, -0.5329922983034561, -0.5012851872221172, -0.6606203671650903, -0.5309554177958605, -0.5960130639717087, -0.5277305984354763, -0.5689537951573168, -0.5841816247820618, -0.6046130155782552, -0.28354035755896956, -0.5508853112945278, -1.5063762607194249, -0.5457261921524516, -0.5315276061949787, -0.3287064732280071, -0.5838492138038892, -0.4555635636902723, -0.5757461460783354, -0.4783527796415006, -0.5271445312570405, -0.5535289310539176, -0.5495039925502382, -0.5147960820582537, -1.546629786493846, -0.6471876270893907, -0.5376010343906973, -0.4085042349101442, -0.4888465823947065, -0.6030783850936609, -0.4612285368081507, -0.5600027964511786, -0.47675854872417306, -0.5468783711220341, -0.5708635928351664, -1.5555640577367822, -0.5323946782788146, -0.5352213957219292, -0.4684425369461387, -0.4300277242533082, -0.35592227120839137, -0.6146107486755319, -0.6241759318128206, -0.5557876715038648, -0.5870750255064189, -0.35295904716350085, -0.42988206330354317, -0.5501469806166889, -1.5445899898306679, -0.4502484161594914, -0.5139017713305576, -0.517688437106654, -0.5078815773028167, -0.5189719249813223, -0.5738505518268069, -0.46162828363608754, -0.5612096197945465, -0.4290155680878129, -0.699952308018352, -0.634289828320079, -1.5488035497152013, -0.47048269563902834],