{"vi_exp": {"vi_seed": 49206, "coeffs": [-0.16382957840784634, -0.15488910971886527, -0.13249219426768075, -0.17442878436558035, -0.16269750580630138, -0.15074176523576188, -12.386052965003687, -12.48890322731245, -10.958752390363667, -11.755591107057057, -11.533835278524155, -10.201928296115197, -10.333895586428545, -8.081215778848927, -9.363065110407476, -8.943209818803684, -7.911765574130641, -11.193008229503768, -11.205414095112555, -10.741408568860448, -12.804325410535537, -6.017320186247203, -11.775002671732826, -9.65837494577123, -11.349776318470607, -8.976271090109252, -10.018302884734945, -7.8530566593637126, -9.862646494554179, -8.89715133786325, -13.01223835951787, -10.901600090908689, -9.76748296743568, -8.273604372258422, -7.7643280117699005, -12.512598704482782, -11.319962644829054, -11.464285382669534, -12.916392403621392, -6.57163551642322, -9.3270622738988, -7.772179361484545, -7.4890023639262475, -8.283320489296331, -7.860073218601945, -9.277646112764252, -10.46794916081995, -8.190644590087722, -10.492228317542505, -10.013887118240786, -10.48693892441293, -11.68429970534136, -11.923257161670655, -9.892164854252492, -9.368172281927643, -8.881175236457182, -10.592429643278694, -7.004450375607106, -9.325896393010403, -10.460494364429696, -7.594928215959401, -9.571215651507801, -9.328226946953098, -10.515999045069101, -10.842887359371227, -8.406003432447214, -9.709692041968523, -10.385842308124168, -9.155540300449198, -6.729453235923478, -5.650687819723297, -9.597002235724766, -10.72175740946967, -10.722068532636817, -10.061492672310026, -9.311072703933585, -9.431891286988161, -10.72326053094841, -11.436269252279807, -11.11184449775189, -11.989178080246853, -8.28995309748016, 2.9120730133675874, -8.563401885037013, -10.263944741727123, -10.93443904339714, -7.628100605798402, -9.571190952361452, -10.660605870333391, -9.298483870163054, -11.33096410274095, -11.039878502179164, -6.259358478799094, -9.04978624391489, 2.9528525374555743, -11.190229398002769, -11.093886271512973, -9.172624378929553, -10.390400459794753, -7.6195443522975905, -10.263160873562027, -8.42956879435357, -9.015863840304949, -9.002020256840797, -8.689169405831189, -7.0513965941508125, 3.047374679691243, -12.496627380938147, -10.842206721812488, -10.810263578442155, -11.212441684442217, -7.459502227191883, -7.906994845862048, -9.398214778938701, -8.928413079330426, -10.962353543944415, -8.18293146299063, -7.828153787906801, 3.1374528300694506, -9.682442151365088, -10.92717556061327, -10.903707051245739, -9.708329800014129, -9.545592407539512, -9.983527315895701, -12.32603530034822, -7.682373842622351, -9.994784003860776, -8.899828605579746, -8.798542965355082, 3.6188141413003554, -11.502217842520068, -1.5401334810326415, -1.5252162539772909, -1.5290862015017936, -1.5676394697075045, -1.5712146857104186, -1.5629970965244657, -0.35252334188547035, -0.5875914861889151, -0.4636214456569723, -0.6603842971383442, -0.4792722002724708, -0.4288044641724089, -0.3516775134246415, -0.6859377993305934, -0.506686176466769, -0.4030521753314347, -0.5543912797879863, -0.6180471346270612, -0.5194981052463035, -0.5398866632402985, -0.6331106032713534, -0.46705512528040194, -0.4790744933005433, -0.43853604446666294, -0.4483686988514459, -0.5274162240837577, -0.32516767579052025, -0.4096628708967846, -0.43610056320011, -0.4413127963904872, -0.5130540943900596, -0.5446826591503934, -0.5822369044262751, -0.48955628871378215, -0.5567439892348179, -0.4176534606165662, -0.43973312666788233, -0.496709131295766, -0.4677516089521537, -0.45409720336430137, -0.5391090082977198, -0.5551646323787908, -0.48400968387450577, -0.49592598597022924, -0.5301170533887445, -0.451675599420312, -0.5904816751052173, -0.518058496756072, -0.6175075705804062, -0.6184570573992884, -0.4682191754129104, -0.6164090596921309, -0.4157048570289702, -0.5812418371785665, -0.4806390694776626, -0.5671993025972961, -0.6088970242456988, -0.6328548141257355, -0.5727577934848681, -0.5428358154109653, -0.39482258793986325, -0.5540426785353673, -0.5257550512910731, -0.5480861861911549, -0.28958749337522255, -0.49848920356637344, -0.5129279502932778, -0.6441484013437024, -0.4830914670620611, -0.5122246594258464, -0.5823169139269019, -0.3439086297066237, -0.40910853388848517, -0.5655522737766525, -0.4028777594435601, -0.4415663158220026, -0.5084161987635639, -0.5914470020372089, -0.5195249017896777, -0.5924511074796187, -0.5180266537223728, -0.42569990998509377, -1.5625447289747376, -0.47741892993517615, -0.5001449948674446, -0.5332441496263197, -0.5745082519569017, -0.5457252081056765, -0.48094004330635237, -0.508107738400917, -0.5153879757655895, -0.5458715493779412, -0.4139401204599738, -0.5441698956711434, -1.5672989559308879, -0.5494216172945563, -0.5935406019945371, -0.4417374622871095, -0.5711491285712272, -0.5507285677479802, -0.4831255070935278, -0.42687438985004716, -0.5649615890291799, -0.4931210429809965, -0.4834775412318515, -0.5593196564048675, -1.5753306363485367, -0.5065949105392614, -0.5090732479095416, -0.6117756954066974, -0.4933739689207459, -0.5033152079841298, -0.5615330263111884, -0.5173755666291184, -0.43108836974940207, -0.44367415885707684, -0.5609919029006339, -0.47335206289152554, -1.5540741720094786, -0.46271932458129444, -0.46938001609020347, -0.5014865614952536, -0.4277868340723128, -0.5084682336116965, -0.6107384965625253, -0.5447470909967042, -0.5187463597590765, -0.49457549504361376, -0.6001701086275808, -0.5074276751051647, -1.56949361891286, -0.4699945469028374],