{"vi_exp": {"vi_seed": 43489, "coeffs": [0.3284356780617373, 0.33050374808452926, 0.35205313947014016, 0.3123795222552931, 0.3199702201789294, -7.077751619172768, -9.562055390042342, 0.3596974647989305, -11.932477011952422, -10.689593438200516, -13.288954571128148, -8.347603984613151, -8.767128743134082, -9.859162509189023, -12.76839140812851, -8.793524978907783, -9.387814098452187, -8.905935991779355, -9.111274942084535, -8.598222315710803, -10.054007938023377, -8.987471929714584, -9.83672173363143, -12.37445092004922, -7.224321718025557, -9.445210675266981, -7.899486196093782, -8.968995772340824, -7.8047867098190755, -10.034961002368178, -9.187761041476646, -8.86605142163378, -5.993667544542847, -8.292972866445936, -11.891227794442603, -11.789047810476454, -6.963410097227065, -10.250512054060456, -9.673461471155713, -10.143659004611122, -8.132143246498865, -9.68292707974315, -7.256853789260724, -9.3674118830147, -9.394136721065, -8.840040645714142, -10.903787766485621, -9.174980690953001, -8.984265162427679, -6.661059466744335, -10.610968692387532, -9.463990837479491, -9.03042513869349, -11.264594568353711, -10.15107962297492, -6.325268456957759, -12.307001103213782, -9.75471915591318, -8.03142090675539, -9.86583212266484, -9.516520089765816, -12.22825761968397, -10.047474669839124, -8.276070238366101, -10.350748741089586, -9.530232682282293, -9.889318415149408, -8.83896595143827, -9.669460486252206, 3.1812353637577506, -12.689443377359689, -11.464189467324594, -10.42777281631696, -7.451157979181102, -9.42172092815742, -8.346690056662807, -11.293991461991713, -11.421769474453429, -10.292497155267844, -9.807114829330793, -8.52916334077746, -6.707973123937938, 3.1726490637171714, -9.956102930391557, -9.367451670177147, -10.851956774819358, -13.623958910275546, -14.619322305059013, -8.221600534376254, -6.907175171324855, -9.883543181938995, -7.926237314337833, -9.30400932607433, -7.701064251941368, -9.156017088970712, -10.243745150870474, -11.830133533611304, -11.109057185271004, -10.299835834290333, -8.378692899002338, -13.255696763991693, -11.165054264419696, -8.372955208207777, -9.218164467417328, -9.086487592705609, -8.608146543415774, 3.269939878870649, -13.031709668485343, -12.624769043312813, -9.882998953499657, -6.719460965017524, -10.835912220476406, -10.703375473218985, -8.12649748011509, -9.00049128435928, -10.588094679528753, -8.288751078028262, 3.2602068560432396, -6.34967698044846, -8.4101777569636, -9.34007030486387, -8.798242593999003, -10.180315061689948, -9.29229887521481, -9.787653938478618, -8.609693872216914, -11.077552275840638, -7.468649058622288, -8.867961267848644, -6.534866123813708, 3.8034842105154985, -8.157362227188203, -1.564497239723822, -1.548970662197836, -1.5718295983068753, -1.5538503387107017, -1.5460949760408225, -0.35505188110784064, -0.49059635447547884, -1.5354697210563908, -0.7031035420123418, -0.5168235140338464, -0.5666724713943172, -0.46039282149687644, -0.5924459030368303, -0.378674898472986, -0.6148000483473864, -0.5804503072010112, -0.5206169295276892, -0.4935268520656611, -0.49328255054240583, -0.41535999710613225, -0.5669318327353702, -0.6435217398205025, -0.5372829868249905, -0.6205315675382328, -0.4244823742364117, -0.6049336353137685, -0.5314724628763162, -0.45217214428378766, -0.3599217049691717, -0.5116353125787464, -0.34504013910229864, -0.4945615721910716, -0.6454661823529941, -0.557031528772446, -0.5970917142848445, -0.4762618992042053, -0.5380030584397654, -0.6537672086877413, -0.5183814916096622, -0.5773968351197312, -0.4908706410036809, -0.6656085285339202, -0.58636316891104, -0.4576678702580551, -0.5294553230890319, -0.5967822833616467, -0.4738118636023913, -0.6022597221216347, -0.49922239795340606, -0.35582541262114226, -0.48642134470161164, -0.4958416747755848, -0.5724913107947697, -0.60219239021365, -0.38386359449800067, -0.4342249030047694, -0.5498726014029696, -0.5073480799229111, -0.46686811006853557, -0.44895562936410255, -0.5235113548766998, -0.3992756615915897, -0.4868217810685064, -0.5087175137076332, -0.5093557028467589, -0.40769564516060425, -0.5014972387765467, -0.5651771597672757, -0.5138989825527107, -1.535135300112953, -0.5120663820692782, -0.5031524585652137, -0.5300357023577932, -0.5476700176032557, -0.47590517626052753, -0.3674925262208728, -0.5389573624345727, -0.6406747220052026, -0.6196692555274563, -0.47031257717726477, -0.51087933287572, -0.583145840032619, -1.5341858654943095, -0.633052884045068, -0.40511164885192236, -0.6841137425968022, -0.5900759702610886, -0.6221204949073714, -0.4144490263066095, -0.5685680325591453, -0.6445993928020771, -0.4816554609963174, -0.4911639395830651, -0.44783533731380043, -0.46147711657933255, -0.5128482595982539, -0.47986657679546285, -0.6431515047668684, -0.5148213280801139, -0.5660472120625266, -0.5950206108146803, -0.5452699315843105, -0.5697618724788036, -0.5525188658822567, -0.4689995515199832, -0.5335175319112095, -1.5425219371906915, -0.4318100620067575, -0.6358065971721392, -0.4886680176423996, -0.5574069161718326, -0.35622901526542117, -0.5515611150777708, -0.4144696874612272, -0.32885617837558395, -0.51711107616543, -0.5214121303578936, -1.5205150015293016, -0.32671473448645344, -0.4540973027878435, -0.38895259262869303, -0.4874691325942717, -0.5387700736900085, -0.6071881054390111, -0.47057972939958376, -0.5548240565678897, -0.6763497756635166, -0.5349571360426439, -0.4276830116517589, -0.5084361825936778, -1.5097685452573375, -0.44113937842970946],