{"vi_exp": {"vi_seed": 27754, "coeffs": [0.008317127705400244, 0.005073761456955365, 0.013225027576530407, 0.007176308750924044, 0.011677345729899782, 0.004501144701474125, 0.0049283939094154575, -9.513047026005863, -12.691408782026977, -9.509543708516993, -11.861106475406162, -11.369070545372592, -8.930361893291, -11.299319765777923, -9.994113181124408, -11.877973815292425, -11.474085731748707, -10.008999521704974, -8.518521937470508, -8.703511746257886, -9.76409905380879, -8.035790528562924, -9.745652452089008, -12.656693145109896, -7.533854243793456, -11.646920664487284, -12.137467733023744, -11.189624432261784, -8.631243075095377, -8.45511249746262, -10.01423713326608, -8.704726087845316, -7.0553687769208215, -8.869569410649202, -11.274491766829687, -9.95830022081837, -10.910182689462964, -10.425463177138363, -12.82561299328708, -9.742322328458714, -9.3446718624132, -10.611498746222484, -10.334237433314412, -8.94916837990543, -8.745545423144003, -6.887060513896641, -8.827029762038057, -10.311463446148183, -10.348795087238377, -9.878896281376397, -12.114986076491515, -10.66258027212466, -13.430374660112022, -11.095949101413272, -9.058548927792788, -9.846891927787489, -8.478333752145161, -6.607073460731893, -7.218055539388543, -10.158772123229511, -10.268753697075619, -10.405944164069464, -11.605195907395835, -9.674351166800848, -10.901969839323003, -9.817974862903329, -11.11982288742807, -8.741292792249924, -8.452771159735669, -7.730925226069423, -10.608457542535394, -9.64810997119072, -10.974981360975352, -11.234257101514178, -9.454376718897711, -8.771206442750318, -13.502776326641316, -8.587866951672153, -10.571980827599933, -11.963111733812376, -5.9410382839040805, -10.672921871365416, -6.922057006364135, -9.236290147519473, -8.438312877115086, -10.57242236281199, -8.867147925285117, -11.429465101990786, -7.279688502971195, -10.799560774733875, -10.764879839515906, -8.107690174446482, -7.096243560674292, 2.9653611990532434, -9.873187671581789, -10.169141851431656, -8.43815904695578, -11.785239424554689, -5.671807017291577, -9.179023877045857, -10.473213480657565, -8.508492137897498, -10.081653179726297, -7.135112250045365, -9.010821061318186, 2.9759380977829473, -5.527457177587342, -10.885501408974138, -8.327752152704893, -8.839102199584087, -10.420436358298518, -8.4940980632894, -7.785781108092091, -9.05463096397378, -9.20854769413122, -9.528263815402722, -8.089609682680218, -10.80930662412586, 3.1735485247826483, -9.702484517292666, -11.000136162211133, -7.071522052628294, -6.752055435301472, -11.523227913999074, -8.847532085057402, -11.00144597898406, -11.090809752244434, -8.943206824591604, -7.6279525836263735, -8.751061006510797, 3.7042883492697407, -9.48297806911193, -1.5622864948532427, -1.5219950557497874, -1.553169393560075, -1.5440529946209838, -1.5356097830134918, -1.5272109253733326, -1.5345919695225414, -0.4542614955858898, -0.37464452494832334, -0.3744443078861555, -0.5932587917006604, -0.4597366242327582, -0.5012061750127175, -0.6079355231418618, -0.4301110387701067, -0.5033811301043304, -0.5861916528329767, -0.4943195868893596, -0.38769936233508373, -0.3795741623161719, -0.5106588049055204, -0.4637841048131726, -0.5470152894145882, -0.5786444476319846, -0.42801006967969935, -0.7075574637741339, -0.649771276919602, -0.4809228004085991, -0.4519021681803753, -0.4843127137795824, -0.5943077040678219, -0.6082044877488202, -0.4709909406817065, -0.529760726898189, -0.3833749207081153, -0.5950466435430196, -0.5845393277142206, -0.5394226217020784, -0.4229964727787073, -0.6189816342696233, -0.6390655027667768, -0.4374998187240398, -0.5624326165808068, -0.5153998165714713, -0.41323707398764403, -0.5388201574115073, -0.563654766840099, -0.5091587985186306, -0.45550684280308634, -0.5496283137936006, -0.4701344472054525, -0.5284108261375782, -0.534867812310244, -0.4770791775872855, -0.5314527628287117, -0.6390248747548777, -0.5281467487363185, -0.3907248018276747, -0.5127977458893107, -0.5463700832292133, -0.5390898728308149, -0.3406317478906748, -0.6459665663259457, -0.3954067942555566, -0.5548438507068038, -0.5075142582289135, -0.4982830646910085, -0.5321173910010463, -0.5202743422232466, -0.6137286129632435, -0.4382682458278713, -0.5243305590300973, -0.5372852527867075, -0.5222727800087582, -0.543928048875186, -0.497764053607303, -0.5520265657638285, -0.5504284691749316, -0.5848384896078193, -0.39786716669576183, -0.4779930204615305, -0.48640443581345594, -0.5628938497376829, -0.4493951043635575, -0.6588003752848022, -0.5641178855088023, -0.592349030573592, -0.615838497403796, -0.4017350184338848, -0.49280733563334894, -0.6168763593041411, -0.677039265901704, -0.4809539866459079, -1.533737784093769, -0.46205255372042375, -0.5601664509739199, -0.6725667534489891, -0.41174819205814867, -0.5032322776542817, -0.6220996046234234, -0.4819228542497078, -0.5216703053988616, -0.5979113016778964, -0.3885233293669158, -0.5151394391502885, -1.5683088968812124, -0.5240809847081033, -0.3946227869049037, -0.34073446997090234, -0.5707587975682684, -0.6247953915000478, -0.5793189628249185, -0.19217733339517074, -0.5016657401244028, -0.5251480706013925, -0.3203831303433143, -0.4672247329076127, -0.6230841971483942, -1.5359007157828948, -0.5668811954234398, -0.4743770844419702, -0.4853194979172852, -0.4529029402594545, -0.458549933030413, -0.5867844447435804, -0.6195554159257565, -0.46862076045287754, -0.40034612405142467, -0.6027480648250576, -0.5294531144193632, -1.519634261454241, -0.566352265128123],