{"vi_exp": {"vi_seed": 23205, "coeffs": [-0.6669602723388267, -0.6628030617690638, -0.6482824465192224, -0.6499811312139676, -0.674328831335444, -9.034008473996725, -13.06709781440732, -11.61943399346739, -11.473693387951764, -14.265699622834019, -11.525780020108712, -9.794872797568997, -10.274012892672124, -11.147785192445266, -9.481194507618797, -12.913400490661083, -10.427503220650745, -12.640697106292784, -9.281712493330405, -10.484200577866542, -6.8708521047517435, -8.907768903585445, -9.73461852287626, -11.794623906963926, -11.208509910825391, -7.818449891696205, -11.07928237065363, -11.911871393560675, -9.133527263005565, -8.782101079450243, -12.985416672907425, -8.892783850290279, -8.928253898247338, -6.794045976023649, -10.448582110401807, -10.184036631855765, -12.254711197230284, -10.428751926191348, -8.547755146252001, -9.025946019587463, -11.200457676523735, -10.662200370202463, -9.154822228087003, -7.274740559566419, -7.384918218203095, -10.063242866173528, -4.4367436097667925, -10.04672284014265, -10.315299676611364, -8.713722543633581, -10.595248542804553, -9.164936688563555, -9.111612925220244, -10.12035160985171, -10.954415774428254, -10.316320795229222, -7.431618572624787, -5.621038276220934, -7.112700944114642, -11.676391550764086, -9.554438428769608, -7.814692645765485, -10.474268367286701, -7.480684969501953, -8.081961198492934, -8.392509318588294, -7.1886943940597945, -13.227257349246159, -12.836278003304894, -9.885380413580114, 2.3544782180476895, -10.44632579559619, -7.93201202392803, -9.481056265424343, -9.159093107761342, -9.730528136522322, -9.017386558072202, -9.599384780812894, -10.995390755737668, -11.251615798450969, -11.123784594693994, -9.058327439407622, 2.606003997285666, -8.84918902406587, -11.636365634410545, -10.693136223656651, -9.516672266250778, -9.007647110141937, -9.934264872224295, -11.455044225540906, -11.67748839766576, -7.9140181562214265, -9.936520227427819, -10.664545519865063, 2.6243178992988097, -11.026313835096312, -12.45928769209208, -9.398326733079385, -8.780641574935045, -8.399455160633543, -7.906835994190499, -10.867278720621108, -9.259694379943886, -9.835154906970441, -8.01251306353773, -5.519123281520811, 2.633133008173055, -8.15378286779843, -8.587779574938022, -9.437976618123786, -7.588202656293476, -9.84724704715721, -11.150171492112058, -11.959261023433031, -11.674929646145578, -9.029234862222609, -9.864113400564872, 2.621117869867297, -7.3593601826691915, -8.19246969879235, -10.479466250949754, -10.962691644005146, -6.8803793058035, -10.016352533347568, -8.581126554002205, -9.891733857148779, -9.43842862888101, -8.517509939222018, -10.367607116840956, -8.213303181315991, 3.6363141604563336, -9.649636201552061, -1.5076386783402076, -1.5430060245939692, -1.5729074443309035, -1.5560183954576032, -1.5620153556692205, -0.47832661117691083, -0.6019268386358295, -0.4171830614297624, -0.46327953362115526, -0.6072930334813407, -0.5268588083021117, -0.5792599360938703, -0.421565833851079, -0.6115164432854898, -0.6082957536980951, -0.17176871104032707, -0.5901107241661656, -0.5738580869729961, -0.46957830634835673, -0.47563027473492114, -0.39918574377636934, -0.5728012085599714, -0.5716708808349492, -0.6167023433363615, -0.6212982277745479, -0.3300804039253315, -0.465798516247625, -0.5436349146290864, -0.5482163639844362, -0.5479206704729723, -0.6032070919828912, -0.5998500851684867, -0.18087042831089248, -0.4981370426080432, -0.5418724707868083, -0.3356966901527008, -0.5140108130405734, -0.4840823368771513, -0.5078051142446706, -0.46374021765033957, -0.6869483119936198, -0.4877424855762109, -0.5236544361484035, -0.49518411036380183, -0.5082792782168378, -0.4855221184818083, -0.48943142677769447, -0.5939010927534162, -0.5719768683527132, -0.5362028871924658, -0.5171224046184936, -0.3228000032628934, -0.43355706030435326, -0.6049432481046205, -0.5273376060464559, -0.6558771515691002, -0.5226314551248087, -0.3116924187849729, -0.4947851054792254, -0.5498675099729433, -0.39407694252898584, -0.43429145815645365, -0.5131691249207198, -0.551728384774148, -0.47680605785712327, -0.5282315139331801, -0.42072037735161266, -0.6120848905175154, -0.6181639495319178, -0.5496889575602398, -1.488351618601218, -0.5833448203738404, -0.4661703912238166, -0.47684049719305377, -0.5204795049073276, -0.44221719502461726, -0.5187758335063252, -0.6347985908611752, -0.5064802597326178, -0.48730319506080744, -0.4169959507885265, -0.5287356630763174, -1.5294641167646277, -0.5265088634686277, -0.3954832041465996, -0.53357133155608, -0.4583264451764105, -0.5858650753160464, -0.5867296086459609, -0.599059846397119, -0.6054440186927054, -0.5774334051758278, -0.4815447211462847, -0.512704831337895, -1.5442701285864018, -0.35989071511242193, -0.5360147820237524, -0.5964944024489145, -0.31661211799691763, -0.488871194107914, -0.5511056130096212, -0.5124653377034957, -0.49734689393744475, -0.48080587434728805, -0.4258019333341318, -0.483808058122517, -1.5541823022655632, -0.5309147840732178, -0.6444131149623314, -0.3996214019802007, -0.3665070613591308, -0.4591739503962095, -0.46692619089826803, -0.4941140253682193, -0.4887189528202725, -0.5814175917198682, -0.5008693302856289, -1.525416766072247, -0.5029256092452392, -0.5082226524119499, -0.6571854830593268, -0.5628353654650977, -0.5650468535832323, -0.5878865864801285, -0.466196053236458, -0.5557593403107832, -0.5871499034482536, -0.3610806331119371, -0.7972806203982723, -0.531803330035325, -1.5463892231081693, -0.6852663868679724],