{"vi_exp": {"vi_seed": 50300, "coeffs": [-0.13817544387252534, -0.14702111930043152, -0.11195132137540012, -0.15067093677239568, -0.1298969448464913, -0.1434027008577767, -13.252092758976824, -10.769399862235309, -10.976979860038288, -11.34879286474589, -12.336290868609614, -8.423735149344754, -9.334969535287314, -9.41804631702991, -12.274705975399664, -9.012083462513708, -9.841332325008562, -8.340454652328782, -9.376984271926228, -11.66999008329962, -10.321231897401653, -8.633961393692623, -9.310521072883843, -5.4636360193665015, -10.98104243483867, -13.683845883689953, -7.983846069081925, -9.808387298906093, -9.436957549093824, -10.52160817101997, -10.711841732945473, -9.01845221868409, -8.194526494234564, -6.924461555810223, -9.07412509426023, -9.908929319998796, -7.582785594033016, -9.662982254477486, -9.341707226286061, -10.532377811812626, -7.373909573847322, -12.51499780328556, -7.507388559565245, -11.254462070799866, -9.054997100803606, -11.36294878114241, -5.848555939632936, -13.210053187913944, -9.940524923912921, -11.333142899489046, -11.44977268986803, -8.870953979647615, -10.082506739676566, -11.050864994186202, -10.845372873940391, -10.167391800178656, -10.440708616390706, -7.199780679213087, -6.109595108504859, -9.692093553818804, -9.967669264738449, -9.684527192014865, -8.584084695059467, -8.83106054857871, -10.798316293571677, -7.946813523357447, -11.237169389499474, -9.20779782449603, -6.083134092485308, -1.3088502118460577, -7.600200529493845, -9.577789190803713, -10.63599237046796, -9.154574596468732, -10.211756904979948, -9.429225377203876, -10.432831218778341, -10.723633550242447, -6.241058518553989, -9.113986687758988, -9.057444812344293, -9.267941821676695, 2.820149076034791, -9.427217400434213, -8.905928092527933, -10.621193055550908, -10.091971152653752, -9.59858891672241, -10.647148829586337, -9.507008545784878, -11.140003628481328, -9.59875661464209, -9.35734929029004, 2.79711689710483, -8.150234866893639, -8.899753746928658, -10.231180587781981, -8.303159702298242, -8.506827874066579, -10.678985098953028, -9.352123007635443, -11.610739110779514, -7.789841608320906, -8.667777522242563, -8.924920883220668, 2.8485084790125472, -10.925588382078034, -10.58423711679054, -10.224012953109051, -8.972882718934358, -7.05990997475111, -10.669155032650606, -9.302885872839381, -9.018641405184907, -10.284604921752742, -7.220716139438057, -6.72591161860866, -6.28312843967613, 2.9465283855715376, -7.96958093354146, -10.162787168620941, -10.093741433930822, -7.795971965425544, -9.482262693433185, -12.352951863239008, -11.504139381472127, -8.952457141736218, -8.088657835969544, -9.293473204358602, -9.487524583431483, 3.381977079563093, -8.747464119243816, -1.5342631669804143, -1.5599455800244253, -1.487804926330682, -1.5586497411130436, -1.5760863140739636, -1.469676181732673, -0.5022780050882331, -0.5401309182889595, -0.6601106067632345, -0.5860638108490114, -0.4101882115486139, -0.39108311458963035, -0.5243104203860921, -0.6488912764422168, -0.6294126733243367, -0.5418308712417477, -0.5783183958078898, -0.6007795305773399, -0.5231218658205357, -0.3199201442988042, -0.5878661146596931, -0.5756957988149197, -0.6975441237270215, -0.5875187469329296, -0.48400550312637947, -0.6984143074297889, -0.5753867095308208, -0.3528418145549368, -0.5239703714567508, -0.4077148219978211, -0.5488935587530526, -0.542250762052267, -0.5728699324235008, -0.34434315925365333, -0.4608235197849358, -0.48304123772575985, -0.5317427080383963, -0.5405491131836324, -0.3403916239901092, -0.2546328054432335, -0.47132262678914455, -0.6130416406551026, -0.562528648574403, -0.5445384046842264, -0.5413330023945407, -0.4462935260887602, -0.29224066856069164, -0.6774440025559954, -0.4284656118630117, -0.5056995020681104, -0.6384093910814449, -0.49025897243312017, -0.6460850932375467, -0.601035427267743, -0.45578143787239755, -0.6128277946824116, -0.6198177260410319, -0.4543769130235891, -0.6649125926194317, -0.5667439121773319, -0.6058089559661586, -0.5422365535923341, -0.4070057888140878, -0.48947092818580407, -0.4180997638530271, -0.48920485531530694, -0.4664338637713652, -0.6307562581895727, -0.5508965006983044, -0.6492859816095815, -0.4967052705794462, -0.49936430960180733, -0.5625234299243862, -0.4706670796630644, -0.442751802084383, -0.7415983480415494, -0.5645337963972948, -0.611364095692632, -0.5037026427448869, -0.403071418952348, -0.5256499156759841, -0.5248992128590203, -1.5259576990974235, -0.6282951241009669, -0.5845837488741679, -0.5024184112735394, -0.5633552266381315, -0.5221792800529599, -0.43453269781502474, -0.48694614719320833, -0.5874632278812364, -0.4038019179169882, -0.6356157267279227, -1.5623163613785302, -0.33657833556687095, -0.46801662330042076, -0.5267005600332083, -0.5650007815289179, -0.5302143604685354, -0.5401187187446012, -0.520093594367928, -0.47118683022868507, -0.637231440748241, -0.5275623468756151, -0.5259294096165529, -1.5103844374488948, -0.4698882630723108, -0.5181219521714949, -0.4816609834192442, -0.6311085084086205, -0.4229122173840623, -0.5466678199580884, -0.5401049975923318, -0.5885808378034009, -0.569648047874521, -0.5521589433703822, -0.5002448363183856, -0.6520525694103106, -1.541483686788179, -0.5409559893307253, -0.5351146789283254, -0.46377633372819854, -0.4892185432847932, -0.5419627710530744, -0.5610076502820305, -0.7049507871225241, -0.49719662058518305, -0.4221119297990247, -0.5233472704075939, -0.6047843216862377, -1.5553804720831836, -0.5198290364815783],