{"vi_exp": {"vi_seed": 59115, "coeffs": [0.003986791876974784, 0.020216284357695454, 0.003949795336052556, 0.019000360392559375, 0.010881173763724519, 0.0337031527477178, -10.037394816598601, -9.357298330010687, -12.831604765296179, -12.13348499556112, -11.397222942234983, -9.515599412973952, -10.907204948378675, -12.480028123075007, -10.787134303576117, -8.195503551644927, -11.95800811000158, -7.389910467285539, -8.123317474594916, -10.973516797429525, -11.85721325185242, -9.452045184411244, -10.30186633916299, -9.550813289364845, -11.740906395773411, -11.464191753348368, -9.711504087025418, -6.595449819422417, -7.5240117967121565, -11.606082508539528, -11.129777029630583, -10.836566192938214, -11.641476629895458, -10.452420094859137, -5.316248828039298, -8.729497371802935, -11.329935364159022, -10.044456489855941, -7.688806016845743, -12.626742880424443, -9.822498983062104, -11.237196780112603, -7.782329580373844, -8.422928277178913, -9.84924260144967, -9.315175420734734, -8.990361017776205, -13.308868688968651, -7.668325539465837, -11.816163253335928, -7.234681955665806, -9.859604883704238, -11.224717373258462, -11.348398334219677, -10.211430768181241, -8.057974596235729, -9.23869584745855, -7.92857317856078, -7.78913821322182, -12.028535185809824, -9.310953809657056, -9.839537611357262, -9.573313552886049, -10.399215697509415, -9.674043017619619, -7.739637575986855, -10.5175101686554, -11.540464503677033, -9.145006144914825, -10.17389558909387, -9.048356324901192, -9.39862715605964, -10.697557763707952, -9.753203104058771, -9.854873318625208, -11.113651929763408, -7.326595448236994, -11.478169523251887, -9.815919735693159, -7.453353429116368, -7.963819800064872, -10.82330699883855, 2.902363807513752, -10.55554005837463, -11.222564644701011, -11.31232149864769, -10.058398281614478, -11.449641068869065, -8.332157317070031, -9.023106172391078, -8.221390138586939, -9.64554341745337, -8.666510940336893, -7.993903315538303, 2.877948987055158, -8.811277648848936, -10.73839066159275, -10.736099381081383, -7.58842508658585, -9.3209148314417, -4.8543877520334995, -10.037431462912432, -11.87345207425932, -12.562520563323554, -7.636394582074288, -6.483178119492637, 3.0055644368144017, -9.547444535595469, -11.24397243524795, -9.095894940697097, -10.276368121853888, -10.800820928370467, -8.11781115300006, -9.629106830232768, -9.099041949181576, -7.53068623768395, 2.834792232710958, -6.993420452185047, -1.0223794461671964, -10.719114982694714, -10.004247612922542, -10.43290757821055, -7.397162313353495, -8.697621851511265, -10.182164033808915, -9.813093338459264, -7.928748738394013, -13.293704758163855, -9.074907043906466, -6.068572549508117, 3.6856659108134497, -7.173372696949898, -1.5339962328117893, -1.5444860317414035, -1.5600122041736841, -1.535549102394781, -1.5463113734969072, -1.5350966556840857, -0.4217430837936093, -0.4227157381721275, -0.41037246854301734, -0.5202388882506755, -0.40380219376949245, -0.44127086190369114, -0.5977232781586069, -0.581565019059425, -0.5272515977053989, -0.5170481323362747, -0.47622886178027257, -0.3473104015629217, -0.5155559892233716, -0.39846162009734193, -0.41531929690904384, -0.5331694992375001, -0.32016152899101713, -0.49461250852922367, -0.5886734783863699, -0.6458845573915588, -0.5504129144960972, -0.4498918566035714, -0.5094683137831296, -0.5039137149229425, -0.5650930285573432, -0.5422957059077318, -0.589381166280783, -0.4325072606402033, -0.4337152900579773, -0.4735440904565463, -0.43469798856660885, -0.5943436617082934, -0.41870853053638146, -0.5235905040408408, -0.5451470263963292, -0.3929020222381468, -0.47637271981890744, -0.6062645188406676, -0.48307842108084026, -0.5388831457495199, -0.5222781836626788, -0.5058614649971857, -0.48257913634533856, -0.5250191662282706, -0.3764386413741855, -0.6722063340079715, -0.401207559883586, -0.49401930791613147, -0.486733449712878, -0.49384637525081243, -0.4886315986951489, -0.5532047794070184, -0.486169445254785, -0.5578163564025787, -0.5777313176044242, -0.5152953603530792, -0.6126475539463639, -0.4200524452346692, -0.48637501656939636, -0.49176173435136744, -0.6561436957935366, -0.549421866550729, -0.5336331608788488, -0.4444468135738545, -0.5797109110120984, -0.4952164278907191, -0.42982312655617233, -0.45093716766367287, -0.2819881640120493, -0.6341182852050421, -0.4550810762429172, -0.6962398496684138, -0.5899766545890408, -0.48329043533792276, -0.5086110649545318, -0.6336066409494423, -1.522257137757391, -0.4866040993896401, -0.470873942645671, -0.5569504459043513, -0.4599700079871405, -0.5898666659047908, -0.49962984448947084, -0.590196564023318, -0.5306342344022994, -0.49928800438946275, -0.41654012552601954, -0.5496334393439277, -1.5497172879066592, -0.5374959857102151, -0.6134443688044823, -0.5545087655770796, -0.6451506876522284, -0.4124110562372425, -0.40212800690669076, -0.46531090743381953, -0.5504971754031925, -0.6671950947934393, -0.49957980823850556, -0.6506486161130608, -1.54071826296518, -0.5652563397640609, -0.5035264225422927, -0.32431767253808486, -0.6159900682628691, -0.534494532652141, -0.5261357932513369, -0.6827569781244471, -0.5465589570597142, -0.5967835023846096, -1.5057954946935708, -0.4920402188079347, -0.5465538531376855, -0.3446951153960919, -0.5796208535784995, -0.4120353160137787, -0.5078839910519507, -0.5051537634979538, -0.5070927525321661, -0.5490166747387775, -0.47608917634314457, -0.5106736915028002, -0.5387154486699954, -0.4956006814239165, -1.5241397813500623, -0.5562253156217699],