{"vi_exp": {"vi_seed": 50807, "coeffs": [-0.841190102898748, -0.8595724469986666, -0.8596398876709824, -0.8624298204727416, -0.8587277979219978, -10.717103499631914, -12.183042560004916, -13.678555142648104, -11.616282406487805, -12.67540470593906, -11.341916656457611, -11.4151936821908, -9.144616216545899, -9.855304863735503, -9.86622194241148, -11.446443264890075, -10.157578227858366, -11.609601529072245, -11.416986967502828, -9.130251345116559, -9.802595499834773, -9.487603516632923, -9.245984212229533, -6.6619915767700695, -10.588871477197499, -10.985082804107284, -12.207688122682077, -10.59583041305075, -8.310834241686361, -9.003973371004179, -11.759219043119105, -9.074925624424438, -9.756666633912427, -7.967582549223904, -8.505688485041976, -10.75817681224385, -12.196452841356637, -10.714412134797122, -9.388340093679984, -9.691439890753843, -11.917790131057695, -12.11214805237229, -11.68394794722875, -8.796428482210654, -10.842600080783171, -8.859528317396421, -10.771722001646605, -10.368471116636236, -11.808924079149335, -11.462141838073666, -10.44618781876637, -13.08350790238501, -10.602693321895487, -9.314130475532268, -10.652830475489601, -10.319386205171666, -9.208662015430662, -10.176603295705878, -9.692698820734478, -10.689165571108107, -8.065650502164809, -11.863513225948207, -10.156000581007232, -10.32592717069973, -10.073037219084483, -11.14611154738966, -10.100121036431798, -8.31691082623475, -10.216941352952638, -9.060065000267526, 1.7379609377663245, -9.696791174978793, -12.743000484913889, -11.055344075564355, -11.326531535366891, -9.908708967204804, -7.523908413103738, -10.165451582254738, -10.787546666749542, -10.16697585523802, -9.664579929543557, -11.3422085690673, 1.705900934291167, -13.139637551598657, -10.455529368993293, -12.105506837334833, -10.388951962119696, -8.058036902524554, -8.687942276501692, -12.216176242201213, -10.881807883595148, -10.179905894715905, -10.478275251151617, -8.641234481344858, 1.6475457845236365, -9.74967105692679, -9.720955254702737, -11.689489961153123, -8.459739536786117, -8.706053376163101, -9.943566902211302, -11.03043828805671, -7.064704780849321, -11.01815633679838, -7.484054242633193, -7.592515340342518, 1.6288632807964427, -10.373119480231075, -9.847237891407504, -9.610313392427669, -10.223179476396645, -9.41002372746718, -13.832699821874858, -11.637802124835254, -10.012464573453185, -10.864030971952902, -10.803668800808847, -9.10954129018591, 1.5288627696210042, -10.40184021890053, -8.574786242838256, -8.746274619147506, -10.288324429302712, -7.968978284957607, -9.159533643956804, -9.81217758529112, -11.485144578966201, -9.69387383290745, -8.101934677158672, 0.8460117172728436, -7.831149733360335, 4.500570047462233, -1.5587179714071409, -1.5528607156704428, -1.5555591256659982, -1.5334397520282264, -1.5311354645978812, -0.5137542667843883, -0.49708025106315545, -0.5382581937351542, -0.5494051258228271, -0.4853342488512209, -0.5395528267693872, -0.5002957679632272, -0.5486118639981219, -0.5702376035662574, -0.5020135962696691, -0.4779533265467189, -0.4892518385700634, -0.3989489345181645, -0.5043075834142313, -0.46797684633767533, -0.6734950345571101, -0.6509134959993046, -0.6298196479036321, -0.5180406765482591, -0.5711576750063163, -0.38275122809155077, -0.4119513037608361, -0.3910426455560241, -0.49738689053918017, -0.583092358181, -0.40739647552776254, -0.46844254605447955, -0.57657586474642, -0.6676253900076791, -0.5278260295472393, -0.5778507197207764, -0.5545540464310553, -0.45235791609084197, -0.36077580057950276, -0.4507285294617885, -0.5459712274982309, -0.6693134490221125, -0.5186682971212917, -0.5608445647472491, -0.5746276533384354, -0.5705073182153977, -0.5310374839664965, -0.4587146592434741, -0.513489286607519, -0.5493371138298705, -0.5513332052159743, -0.5622910585016837, -0.4018323496620556, -0.5610516038927751, -0.48171249234294944, -0.5422576870698348, -0.365411183588516, -0.7010882824142634, -0.5581817700362413, -0.5475550823256793, -0.4421858056307371, -0.5492329617973818, -0.48241458440508356, -0.5116729293147187, -0.44375004257651984, -0.4839658878059686, -0.5094767889480013, -0.433686630869926, -0.5007204871245008, -0.4613168686137807, -1.5371667975646326, -0.5289287360379381, -0.41589700087115483, -0.595580923095053, -0.3667296937200324, -0.6274846846928118, -0.5369677972065152, -0.29395285425140705, -0.5805333054268162, -0.4457174170998149, -0.406043289557566, -0.5535901576316751, -1.5422832320112247, -0.4017994446747291, -0.5851269049033587, -0.5276092808708751, -0.4982295065844086, -0.5101316082196481, -0.5438767611168767, -0.5747777491948151, -0.6209310555094164, -0.5042099553184298, -0.4479795212783444, -0.3270028933344379, -1.543667606850168, -0.5011341827348068, -0.43194007914215965, -0.35015325441011763, -0.5541481884531143, -0.2851194349247881, -0.6070358312050226, -0.4681079789079542, -0.3553161958965499, -0.6893954540328086, -0.5292430915435851, -0.5848395504791378, -1.587671255127146, -0.6885187434970853, -0.45187618142680386, -0.46397699009382853, -0.6402552033071706, -0.5008137296323955, -0.7170263645147892, -0.5341510669084275, -0.46586265618049694, -0.3624706787076548, -0.5924595342163332, -0.45258010667673076, -1.5432226172011239, -0.5583196547000957, -0.4659703053460928, -0.506651675630506, -0.4374114775698857, -0.5705965870748954, -0.5281647008861335, -0.5677827946052166, -0.5592306856052043, -0.5522065841324122, -0.48946351340441147, -1.2756739126606915, -0.4976429250867374, -1.2556369625752604],