{"vi_exp": {"vi_seed": 20750, "coeffs": [-0.21098682522378978, -0.22970637835814933, -0.20703800269050301, -0.23818791817418655, -0.24492412181617557, -10.029857059710755, -10.154461973429052, -11.486138441815886, -11.409414011441726, -10.20551916525518, -10.230011171815972, -7.1837728199173, -11.06712584106883, -12.393250949483011, -9.964232772457642, -7.960251398705289, -9.862432220322656, -8.158706578227779, -9.697137887684063, -10.435146078792346, -8.598612584757735, -8.898714934163213, -9.648277706556327, -9.301772966298996, -11.594335635272907, -12.683030275021002, -10.477110375061908, -8.351166016150117, -5.760778704874214, -7.858226620767223, -9.997140178309266, -10.276772901593988, -9.887256253414392, -8.272618239156966, -8.093657256907285, -7.9694962723408835, -9.201877880124776, -7.393610493786584, -8.112158008975712, -9.375606105744046, -7.074813922891793, -8.252537132989714, -9.465431409455007, -7.988033613899205, -10.262014751436926, -9.136611678802678, -9.02579104111088, -9.75940845650317, -8.587892972224259, -11.536658317389104, -7.394969578473952, -8.978821712660485, -10.275234224763498, -7.587241840629697, -10.903594590545227, -11.009805238758698, -8.73002672046549, -7.7903585764339205, -9.533716880821403, -12.738376011019911, -11.248543094257798, -6.340801127806302, -12.960990739613468, -8.054697560172206, -12.114758371078679, -9.83395440136372, -9.339468847339711, -9.376826172336342, -10.225372503496166, -8.98860916809844, 2.798580677431955, -9.84534327982456, -8.835809419478442, -11.43928776004291, -10.347106770443112, -7.8102526609204945, -8.5929108536715, -7.812619865348303, -11.26376058726585, -11.525676201915894, -8.514853192704356, -6.590918901924963, 3.013853895772706, -8.88395826061646, -8.345398468899937, -11.017849600909445, -12.130563863728495, -9.444919568969517, -12.108434239763508, -9.90374738496602, -8.197182563462258, -7.16995363874816, -8.478161907935405, -8.84937529370231, 3.098208820000228, -9.184503661210718, -8.17984789779669, -10.960932697331954, -9.66515523569892, -11.008116823057662, -9.848530134051856, -11.9091686085141, -8.650444348730352, -10.672120756527974, -10.152680590855589, 3.061595716949986, -7.12656987195116, -9.401521862197871, -9.047209912855772, -11.458049845093903, -9.794095222845684, -11.345239595811194, -9.482014289287553, -7.328995421387622, -8.616330510602541, -8.468562336193894, -9.593021825374638, -9.397708740776567, 3.225996426044878, -6.537265180423837, -10.683384268629382, -8.360271577229804, -10.454169103860227, -8.675497142778864, -11.423477268939381, -8.27340587816666, -11.080545916445077, -8.257390009197636, -8.148991098700797, -8.746608173990206, 3.662689657028079, -8.180260419116701, -1.5119960130595718, -1.5400294830107588, -1.5680108685675929, -1.54567521345512, -1.5725811772403226, -0.55497596050172, -0.4687640736885161, -0.3489329759093904, -0.4481644516744094, -0.46999896664544877, -0.46136015352734966, -0.5303908998149548, -0.583659723739261, -0.5362472684065485, -0.5726200795998925, -0.5027423858499717, -0.5566720697453217, -0.46249934799938547, -0.4679655097917408, -0.574118158355342, -0.3184378312502749, -0.5295028205568968, -0.49559121506012793, -0.5133584865293292, -0.5373261803253979, -0.5629971321510867, -0.499925514700237, -0.6021102068400065, -0.3992704907104854, -0.49569926439334333, -0.4659599038874604, -0.5423652135843648, -0.6464671808575883, -0.6309238411621283, -0.520934748502926, -0.5384007546786321, -0.4398655959366978, -0.5173774357685205, -0.5157847289784077, -0.44983694681186775, -0.546155376821865, -0.5573566533523368, -0.41784060920662447, -0.4661434493417909, -0.6689984977080884, -0.5896171973540716, -0.4123761130644402, -0.33037550263657856, -0.590722623122996, -0.6663624104635422, -0.5085439187299002, -0.5105068525669452, -0.5385728581388022, -0.5106203144118691, -0.48701479057099023, -0.6055272477231813, -0.42731812201003533, -0.4139796853741148, -0.5273212119085421, -0.47422065325290713, -0.38720932209049785, -0.3160721263014585, -0.6711642662181213, -0.5706032389000034, -0.49480159449574573, -0.5659979646744642, -0.5091281814764069, -0.5746375476245024, -0.647519812648764, -0.5435724986080676, -1.5112021234430215, -0.3501610605303681, -0.36924852149098614, -0.4679559657885447, -0.4204887954765088, -0.5019989661295311, -0.5042202562433894, -0.6374911625583249, -0.42881905080729565, -0.5594030232130005, -0.45135944460197164, -0.37828763549588185, -1.5075066066145748, -0.5231407736672984, -0.49747279311558956, -0.5267028141304309, -0.6109236703685395, -0.5055841215556577, -0.4268057736351088, -0.537590321238414, -0.595726262475825, -0.35747629041708134, -0.5069467047460469, -0.573188485257167, -1.5351694867360628, -0.5045449538510953, -0.4462314734494367, -0.576653107485702, -0.5712545277809475, -0.5359599947210417, -0.5363957926472859, -0.5562270359356923, -0.572329406215482, -0.5216570351750334, -0.6523548563616663, -1.5259974718962428, -0.47176344711343476, -0.5430063038498093, -0.4624712493261103, -0.6109885973393787, -0.46960259807424765, -0.5409401047222497, -0.4520546206984753, -0.5221552344877916, -0.519172676784782, -0.6390135074616824, -0.578365963162609, -0.3882073562306207, -1.5294507833769588, -0.3403883042597965, -0.3843380585777814, -0.5297942024845033, -0.4929703202505349, -0.3082374783776453, -0.6469011657218087, -0.4710441936818651, -0.49856928542727996, -0.4692132922890747, -0.5548416617755938, -0.4350841559677929, -1.5759010549026093, -0.6034774946032676],