{"vi_exp": {"vi_seed": 42962, "coeffs": [-0.4054135104441414, -0.43087571292237353, -0.42551364005309067, -0.43105576788610317, -0.42079935630197574, -9.315728171810903, -12.159644326302613, -12.372386680640002, -10.05815226903315, -13.11633607679284, -12.785775685378935, -9.61021269030573, -10.390843232337662, -8.624203848360523, -11.876753921872812, -7.995222410626828, -10.449794074245816, -9.805749743989626, -11.503072101964058, -9.738908043932097, -8.04383515970075, -12.212041688834306, -8.162595161004369, -9.757395287765808, -11.87500267769495, -12.452161479628694, -10.862675698357876, -8.34339269294847, -11.421917407621638, -11.734488922495085, -9.579406194356732, -10.741216622908336, -9.370418715053606, -10.351804633305582, -11.529618512862996, -8.157958202653717, -11.466911894836446, -11.538857058871852, -10.381386458405672, -9.926651461819521, -9.682829744539644, -9.048008151418045, -12.65683148508969, -10.581865891260254, -11.509384090656031, -8.179600530830712, -9.009505919917661, -10.79666132228984, -9.975943671610837, -8.363186007152038, -9.173469328338788, -9.017736599178733, -7.770720356250359, -10.003015430246444, -9.04051034041159, -9.08471690048978, -9.801674532978545, -9.25881297202993, -7.676029495552633, -11.3109363613707, -8.945212684491395, -12.06065896598567, -9.722508693992935, -10.067996806838694, -8.385504566237543, -6.989715904607378, -8.688414563391376, -7.503792668457977, -10.149716168981366, -10.169040156673912, 2.4122915160586453, -10.19943188042458, -13.115329865133543, -11.943043697138323, -10.938974885238942, -9.325752211501479, -10.463775456498665, -8.654310870923888, -11.798672272778767, -9.610510447772679, -11.139836488501551, -9.428465871251865, 2.622378327770863, -9.844363408808983, -8.93948222807429, -7.631980911669868, -9.71038686293442, -8.240450927015653, -8.090037001993226, -10.865097306546216, -8.708564315257275, -8.872487561730868, -11.496722842578611, -6.329303475374809, 2.6543850171969363, -10.471237938835703, -10.05693498339768, -9.3111692816017, -7.662553537382423, -11.63901948457746, -7.935855658971557, -10.717342705645738, -11.45499182446927, -8.599561190899053, -8.281460819384769, -6.8529000102783, 2.9517004806006506, -5.429091218014116, -9.81958882606099, -8.324617901884318, -8.550451232976924, -9.298754051731198, -9.493021203991237, -9.38391798380574, -10.072957650515894, -9.071361901331246, -8.194100548867095, -7.81066522346367, 3.085643100146478, -8.837563458575767, -7.585238864185338, -12.458966216317336, -9.14036806155448, -10.393987481099384, -9.531780968619067, -9.671852931672507, -8.162526236821941, -10.065101201099122, -9.082302141411022, -10.345197400792609, 3.5110457632973935, -8.81577711833858, -1.563495443676496, -1.5466008927950519, -1.5362693124363047, -1.5388040874205182, -1.5797428477144442, -0.4905724259017561, -0.5173602183872774, -0.4900726185106708, -0.5533235905144168, -0.41137542888399947, -0.6087252338080874, -0.5013563506117262, -0.5489879333237541, -0.46939022312388784, -0.4695451508012204, -0.5340660098372447, -0.46628387939871885, -0.7086037069842579, -0.5145094681003654, -0.4859215668152717, -0.5486576561316853, -0.42665834977786926, -0.4835064352468939, -0.4403357110572638, -0.5738744306115724, -0.5875184285129587, -0.5303624338595002, -0.5440947630652534, -0.6174270137155848, -0.5704342519872133, -0.4990558307602393, -0.6491957782925752, -0.6485396091514809, -0.6303311134393546, -0.5801597627557912, -0.4800175344666101, -0.5989833812869787, -0.5196427833324687, -0.4952015876736878, -0.5822374349047048, -0.5235778292036571, -0.5375225467519359, -0.3675208420056704, -0.47464874943093494, -0.5624795710747105, -0.491341263519679, -0.429337356035073, -0.5156111313793263, -0.4240393960812003, -0.47786589722048267, -0.38816044543787015, -0.6061690902470617, -0.5103097605062051, -0.5023473933244417, -0.5855722178991204, -0.4879442784366264, -0.4472636557375439, -0.36329399590473327, -0.33956171272907026, -0.34493299073372513, -0.489853984482479, -0.5393720520963821, -0.6402526438606201, -0.4626845502399618, -0.5945465369939826, -0.5316201470634286, -0.44145393071889033, -0.5017213878489977, -0.6069029536217642, -0.48429795126496955, -1.5376500375492028, -0.592153253272777, -0.5323176053704821, -0.6625568433077291, -0.6226888999680974, -0.4613258107324489, -0.38891764555095165, -0.714191006252698, -0.47417732470894197, -0.4348070099771018, -0.34550155386522025, -0.48533126225229, -1.518369446214403, -0.6076677519073947, -0.31119807202884114, -0.5157344851337472, -0.4096496356408459, -0.44832605230269534, -0.4458773123434218, -0.4752562950045937, -0.5513079283871145, -0.454443754199746, -0.45204750613183936, -0.45754176411662906, -1.5565743822632236, -0.5461275077392242, -0.41630826455912495, -0.40128835035489546, -0.5448028006706095, -0.5730531437022256, -0.6824510792781645, -0.4121318055870797, -0.5670417954918113, -0.6481943152656432, -0.5881542627680122, -0.5592889823881749, -1.5506260208523386, -0.4338351887429828, -0.5480325604713506, -0.4845093067530409, -0.4313749484698903, -0.46929402062816605, -0.48384609063936346, -0.5668711166091482, -0.5108189113796415, -0.5779144439882182, -0.5447293699470444, -0.4516863325471351, -1.5006807552239967, -0.381678172816373, -0.5024838540414432, -0.5224129889922834, -0.5057357058768001, -0.47727322559562324, -0.338308629367566, -0.5762213132627632, -0.4824707326455152, -0.5534730578745789, -0.6305249185843046, -0.42640689830340295, -1.508222083678891, -0.4879432766818928],