{"vi_exp": {"vi_seed": 32823, "coeffs": [-0.2690218721769478, -0.30560254898371303, -0.2712643654594897, -10.245197090885291, -8.964372171117974, -9.692261644512197, -11.73333598812203, -11.632020404995728, -13.10220875696853, -11.741960053820206, -9.907611263241664, -10.023614810863528, -8.53922553283194, -11.976217337111146, -12.703532732479234, -15.340757684591852, -10.424568234376874, -13.133525115435441, -12.446635866504632, -10.9469366177821, -11.255906608318222, -6.764045041889087, -6.829098862722287, -8.467935338278574, -12.047885085822665, -12.289722662634851, -10.585436600709393, -11.652206710705906, -11.408411906033653, -9.789550558379137, -10.593633855122564, -12.56241231579951, -9.478509665878352, -9.072343624316833, -5.695806610430382, -11.086347889561257, -10.892180022266977, -12.455237738147538, -10.45485604832515, -11.765975843126718, -10.47117884275794, -12.26057252649504, -14.048940329938185, -11.25946377649855, -8.127756544305333, 0.9908453082568324, -10.232438582988346, -11.947435872506142, -11.083236395973662, -11.23898770606285, -10.926406989612435, -10.898310279253957, -10.924985536095122, -11.225673222942834, -11.25016844197551, -11.057977748565632, -7.846467923360959, -5.4173127588544, 0.40326744541521314, -13.166574154575667, -12.450315929894685, -9.990705629474203, -12.477127570279851, -10.582876237437867, -9.800821867207532, -9.595809586727484, -10.087304420729135, -11.228397457557303, -9.096180542029222, -9.447624981502546, 0.3117660051755515, -12.24212878675936, -14.025175743707454, -11.413277269464109, -11.54266948364632, -11.139776298808865, -9.257083206583658, -8.796066918432063, -10.854299072756543, -9.40696012223161, -10.480321683623636, -10.519291710039711, 0.3103758515975287, -11.918481361751473, -11.074213377113615, -13.573001975094646, -11.203330469123053, -8.918129427969117, -9.748951163730998, -9.813753012220014, -9.746788930496026, -13.444567600476116, -14.024451845716067, -11.174002256870184, 0.35760441569909074, -10.644266195843464, -11.7909822539093, -10.28453417488988, -10.007184652414217, -9.951606884896197, -12.267055683500974, -12.443998133657622, -11.679209103930223, -11.90771027201659, -10.46707327861791, -11.43640413903293, 0.4792742255013331, -11.322352241801381, -12.824626699705028, -9.518604762490138, -11.890175675587217, -9.613092079910924, -10.965099765900089, -11.312107886157023, -12.9498020761207, -10.645897002804558, -10.295099164708963, -6.898742354747136, 0.6309858927868272, -10.891561677213023, -10.042470102916033, -10.62948696914789, -10.157387710764226, -11.489164224611242, -10.250333775350471, -13.16401306457674, -12.868942805809626, -11.150458074054619, -9.315791157704771, -8.784020582418469, 0.17612127489494758, 1.9347545645333208, -1.5173515380931373, -1.5293459403764866, -1.5249858592598016, -0.49056615135374915, -0.5167581221464786, -0.4747375374553109, -0.7330455122912567, -0.532554603136558, -0.43265772497125893, -0.5082107405053322, -0.4868820470844774, -0.3445208640922281, -0.4255150610862812, -0.42498359353190573, -0.5107175098667812, -0.58976864772393, -0.537541877757887, -0.6615098044997938, -0.23577689560107898, -0.5229749685712779, -0.5887589334842404, -0.344691238575142, -0.601498150690299, -0.5584773787819726, -0.49571478133460173, -0.561758371830799, -0.5429323995380606, -0.43493498034487144, -0.5515148510446953, -0.539987894887007, -0.5151771475832716, -0.6759064241757254, -0.582345010135771, -0.4772891566183933, -0.566951307419546, -0.5024047230758079, -0.31013525219324306, -0.6378589413337762, -0.4999487897217067, -0.5701636963971592, -0.38114175607906436, -0.47065747378847483, -0.5979683507337455, -0.5742420242098147, -0.5302103108082763, -1.5502254491516745, -0.42616290306919713, -0.35911493038174697, -0.3152634857091095, -0.4272991898833667, -0.524107007818321, -0.5277128830103218, -0.24398417025801647, -0.6651771286585401, -0.6661903203100539, -0.61903287630259, -0.23202394058661038, -0.5570694107963763, -1.547717104357669, -0.5146840454689571, -0.5176198177228795, -0.33043199037550613, -0.6311100009182038, -0.6340893435344572, -0.4387649593037914, -0.5717822147069348, -0.6058056755135686, -0.5577157938987576, -0.579210724696429, -0.5848714488101833, -1.546382162818215, -0.5653067689487138, -0.7011566745199426, -0.5020523953804844, -0.5655491325803197, -0.5399726561218876, -0.4436157186854573, -0.47249816728801214, -0.6375830915124251, -0.5393119020384006, -0.6232410323078229, -0.5341656410535613, -1.5554202692541566, -0.5333891727319051, -0.5700206025757087, -0.5184868423676148, -0.5095104913200702, -0.41925258453294817, -0.47394898687206966, -0.48559735069215515, -0.5113390314146579, -0.48921603189286883, -0.5745916193072613, -0.3410271580517075, -1.552018807918857, -0.42748674729724345, -0.4319963677950666, -0.5319712500501631, -0.3951048996728474, -0.4959894952531988, -0.3748230632331821, -0.5680622924492978, -0.5349132447368419, -0.42398873095183903, -0.5285505655307463, -0.4663613567138378, -1.5456881900888093, -0.5426821388004784, -0.5030587037197416, -0.5059837651680945, -0.45852450639453973, -0.5118723295984061, -0.6615826393836391, -0.5363100094864225, -0.575838360520305, -0.4406718584983816, -0.5005075693605265, -0.48467097368208456, -1.535074840664592, -0.4844141615524535, -0.44913818499656694, -0.3323672306086781, -0.4782964335769241, -0.5781366924577052, -0.3598637999439485, -0.468515648684105, -0.5276466276764712, -0.4737481438503303, -0.4965119853637674, -0.28931418804876136, -1.311722081444796, -1.0307139985457854],