{"vi_exp": {"vi_seed": 38444, "coeffs": [-0.10177356752261728, -0.10946635819868519, -8.87651962255703, -10.78594565852193, -10.439249393731135, -13.374019498917812, -9.790259879351416, -12.81545602563689, -13.304618947416076, -12.704994396218705, -14.267895956180512, -12.003516061755747, -8.41285364558982, -12.047924129599597, -13.510058765369804, -10.667544759392442, -11.73570360403974, -11.688919355144929, -9.787196208060783, -12.459303857511891, -12.237285273439214, -11.294909848210892, -5.569843046549485, -12.684390804469889, -9.240949223726528, -12.220649124495651, -10.733320546433381, -10.251314268273669, -12.86072658857553, -11.212453516025843, -11.008030329545534, -12.008505079026673, -11.835161001873882, -9.22536948612907, 0.964874484963382, -9.606764330288579, -10.965224571465741, -9.476355884832365, -11.147213269220117, -11.41296345461758, -9.963159444899777, -11.278585980364833, -12.034747099031755, -9.18211104511881, -8.593368653761717, -10.361647824606539, 0.7501220617660134, -12.201865386202352, -10.9707351721605, -13.488086544627752, -12.497275343100942, -10.402478113873503, -12.559164534522148, -10.858779379597456, -10.418103226732631, -9.021922480685133, -11.624765912562845, -9.37007471150211, 0.5112383661050608, -10.287753731582832, -12.377696919663835, -12.23916149471851, -12.201124442102989, -9.44569532804851, -9.993498390102756, -8.274138600656626, -6.980190623791911, -9.826435562987085, -13.56018707305043, -11.082148725065098, 0.6832152074022149, -13.4916417012837, -9.69171930313682, -9.945510249302808, -12.180259213090036, -9.96692151799832, -8.162617797131986, -9.414279331843545, -11.58274699137093, -7.76380597628857, -11.927775180724696, -8.56285461010704, 0.9361063397245786, -10.959808074765963, -10.745947776740877, -10.337533215455261, -9.594689926647968, -10.967442704693472, -9.813404052156452, -10.449661836117254, -9.836140393444644, -10.144636929081077, -10.835296207714634, -7.105125610185246, 1.0116653200900407, -12.440547890769325, -11.10607826435903, -12.215523355644656, -9.342115523097613, -8.869890102214992, -11.616230740170037, -9.586373044539558, -9.825245571306093, -10.512980376287167, -8.647132335578103, -7.90196682234721, 1.0462167912423534, -10.26991943331429, -9.47370565587948, -8.385477085462295, -11.021462346281787, -11.590729468864346, -12.056846578991772, -9.183371337607896, -11.175605965032078, -10.11427435708341, -7.45961033579237, -10.014039641359888, 1.2555104110148938, -9.59327228901106, -11.783323991203051, -11.973530018085036, -11.531707928023323, -9.146457626869186, -12.610299864616586, -10.689010219040355, -10.222382609718213, -9.676085369235603, -11.274243669343996, -10.260010256979081, 1.4311427223082165, -10.156810185520051, -1.5360590095974334, -1.5343572962039187, -0.503674011479614, -0.6009537482273699, -0.5456560519542483, -0.6546748764629915, -0.6052054616569582, -0.5669035242459414, -0.477819564087299, -0.4846648498342771, -0.5210158375881905, -0.5861384478967119, -0.5887649442514267, -0.540341401558035, -0.5293401589308706, -0.5928819362391061, -0.6528901201258256, -0.6168813053684243, -0.5927758588465322, -0.5750039092492932, -0.6183246565184624, -0.4734865338083305, -0.5892545390199954, -0.5973606153384994, -0.5664425512467232, -0.5599954614117292, -0.5718057335394513, -0.468802996431739, -0.6804656707914156, -0.4772170437128088, -0.5823383912746555, -0.5031295300795061, -0.45403375084300635, -0.49019590555933323, -1.5451141456055537, -0.43733294679826973, -0.4771407545379387, -0.3871405868686872, -0.5304171742274055, -0.47603669022072664, -0.5472012794587858, -0.5748542901459204, -0.56034888010849, -0.5365850204919322, -0.49728922761255107, -0.5317437417253629, -1.4999609192166363, -0.579798536986812, -0.4945049662589564, -0.5829712344067487, -0.5729710915671142, -0.6083584080394859, -0.4875638340548877, -0.5932110877348913, -0.5942857292838923, -0.3915016949931588, -0.630068005070181, -0.5744048539579998, -1.5114602105891406, -0.5165553384627689, -0.47161939600869657, -0.42704586050231214, -0.6076726863495238, -0.4860392099479226, -0.4962866109848412, -0.6266498326823694, -0.35190704928411204, -0.4539309644213132, -0.5935507676376914, -0.4588873754916996, -1.5377564283846439, -0.5885870996411458, -0.4642016125696647, -0.5023558652453812, -0.5538547267678491, -0.5832536865615127, -0.5250406627620507, -0.5061617911848645, -0.6097316323822938, -0.4019035663492193, -0.6774250184889344, -0.4783591396332137, -1.54133276983526, -0.4840673063267921, -0.641081818928809, -0.4825687670724057, -0.44749477027635326, -0.4793669523842161, -0.5288883564598292, -0.38464674748417316, -0.3506779735978819, -0.56629239232446, -0.4958154489250977, -0.4482755023473996, -1.5709470380333574, -0.509115783034409, -0.5257050799724715, -0.4022674967667302, -0.561616654642556, -0.5052352309258593, -0.4593425704917223, -0.6005258702857672, -0.4267170502195167, -0.4950092159128569, -0.42534390951636164, -0.5469465963842518, -1.5693512210902127, -0.4661805862923598, -0.44548591471765064, -0.43487174955082264, -0.5371271643522227, -0.5342564198382531, -0.5647755489928709, -0.4061540262048904, -0.6802568509746867, -0.43300355364494664, -0.42516888121974233, -0.6318807358044444, -1.5131971235308448, -0.5960544597267591, -0.5185398794844075, -0.4843951419633196, -0.512534720383246, -0.31449889020593075, -0.6115978156320767, -0.5688442116264282, -0.5008284172103907, -0.5873182615863647, -0.4626607758318274, -0.5324368175768666, -1.532423845470168, -0.5667143086547899],