{"vi_exp": {"vi_seed": 27092, "coeffs": [-0.38866537352756436, -0.3868245583008102, -0.38338735589361156, -10.66244558308527, -9.399994623262716, -9.712401708781142, -8.728041445064914, -12.63785864392732, -14.43578322397736, -13.478188928032278, -11.091450281236739, -9.83873254041178, -10.219433922581075, -11.584059732600547, -11.699251431185186, -11.38988557668876, -11.593477286313375, -9.698830678797664, -11.518643711058107, -13.53484295552359, -10.647284053222137, -9.828432209102505, -9.426992822165287, -10.914480640902484, -11.555304203076911, -13.57996321127187, -10.62232415482851, -10.30124983971373, -9.599643701078024, -10.698521216590509, -13.673084391991328, -12.754141186216161, -9.516259048377513, -7.257429292881805, -9.427798736762563, -13.387937214016503, -13.332508232434646, -9.336779428806656, -10.5024249400748, -12.199537556255116, -13.00819373003466, -12.316361158601813, -10.859807892006685, -9.028399493689781, -10.825670298046097, 0.8559941765448379, -9.688341864615433, -13.266201526990978, -13.501203892340174, -12.835578561858593, -11.787740723756361, -12.805784392549205, -9.075794565317016, -11.114290639144285, -8.396886777977619, -10.614078763646013, -9.383430401769935, -6.855274875145715, 0.24194290580170083, -12.087813262124925, -13.209425028883153, -11.78626627308524, -10.849613128227116, -10.770445285989155, -10.197922249441795, -10.998079677958106, -10.407051034448985, -10.502396535121271, -9.618461237360766, -9.696524066342736, 0.11222631256805415, -9.530646955491912, -10.073096943044527, -13.063480978613104, -12.489249107413258, -11.845587975296919, -11.614784879291877, -7.504552793068156, -9.708561082188115, -10.020876691161096, -10.21101902627321, -8.048413831316862, 0.07312817066608207, -9.364781728732538, -13.351695263510745, -11.683251701380316, -11.540541040052556, -9.839442148118701, -10.372783190789264, -12.651555290603909, -11.163216847000953, -9.570131086848757, -13.360201483433483, -11.22238907159555, 0.09923419349610493, -11.206459995669805, -10.877148232908118, -10.006507679225075, -7.7044429103415055, -10.221769574763151, -10.139769843532648, -11.704953958204472, -12.940624159915338, -10.230161979769099, -12.76607896758549, -11.035406743320003, 0.7883143227371421, -11.957100336758488, -11.63163695886165, -8.604611676426522, -9.0542169838483, -13.036162672090152, -10.552376435030395, -12.142544909919328, -12.785126366888148, -11.360838218195292, -11.623079613561682, 0.7586150311633261, -6.602772596523209, -12.345742441201866, -8.389203468726619, -10.361612723979862, -11.87989804301786, -12.336610568095105, -13.383848293834546, -14.323825218632331, -12.011414533128834, -13.167383190988057, -11.203543676553739, -9.868851935076242, 0.5635260111744679, 1.902277235709586, -1.5838201884329728, -1.57071557553518, -1.5431849583837933, -0.6231530907899212, -0.5723370152351237, -0.5691117208083798, -0.4946368117499436, -0.5583494994239782, -0.5018371376286906, -0.6072077787756107, -0.4995089271066651, -0.5147048619167569, -0.5154921092584913, -0.4930531247016595, -0.5282531897145589, -0.4924573438039429, -0.5596764477688725, -0.49168628705985956, -0.5896439013726885, -0.6272011287746498, -0.20478688022813912, -0.5226247443145731, -0.5464520309406058, -0.46185019697745733, -0.5584804291076036, -0.5916082046853016, -0.45651027571235214, -0.4939747307629543, -0.4437718698998136, -0.6342445597982259, -0.49794004258653063, -0.5728757808820072, -0.4166799272227805, -0.4703470036741621, -0.46386813730078696, -0.3570582475121, -0.4623155134662726, -0.5853379046259679, -0.4606071644620463, -0.5861661615455984, -0.657421335660894, -0.303114981825581, -0.491863031193897, -0.4861071892229173, -0.5550120627717046, -1.5430244606767667, -0.5360730179597066, -0.6427357745713447, -0.46856532859959077, -0.34267890295543485, -0.4811053109973442, -0.5054996229734692, -0.4059757526367393, -0.5575442433498978, -0.5382871770710626, -0.581763152558692, -0.48614609090373023, -0.22338060234266707, -1.514684816179074, -0.49452843281724584, -0.6008539149326808, -0.585853694039772, -0.5731020502043369, -0.5546581894504101, -0.549590478069338, -0.4825537569538947, -0.4027332783753565, -0.4180340598602035, -0.46732280347158495, -0.5230487759802384, -1.5373388902232579, -0.46987896101829885, -0.5981724686247468, -0.6331909613318645, -0.5843956763791397, -0.46617723712681997, -0.549457271661956, -0.3812783787011196, -0.4582246492966376, -0.5536688748608247, -0.5249364890558966, -0.3928034934490898, -1.555000856162833, -0.5918468686731175, -0.5960024817675394, -0.5145990996456679, -0.4769258190932644, -0.4184601124005388, -0.37398187443140407, -0.4877468502800696, -0.620631890376242, -0.40675964440151235, -0.418321237074443, -0.4113143150119077, -1.5316896607086632, -0.5055357037857098, -0.49821027909374044, -0.3225897937149314, -0.4074615347557512, -0.5421170633487369, -0.41424213738547977, -0.5202321940634006, -0.4601756832257649, -0.36598578861682, -0.4878638534445507, -0.4542782133710937, -1.5146081583302982, -0.6428555935184783, -0.518299699257186, -0.4950448138550212, -0.44808617221274727, -0.5932211762118574, -0.5354558377831522, -0.5488774478708937, -0.5141858506350612, -0.5502400504113234, -0.580978664792104, -1.5538187983959477, -0.35267934681011265, -0.38998263031151487, -0.6090225698427969, -0.5636367131837164, -0.3767720053842677, -0.4614997098923361, -0.49247253427869586, -0.5386149013095239, -0.3343217115269199, -0.5704379937397873, -0.5584308411468476, -0.5603143465634871, -1.281986831659783, -0.9768995049144455],