{"vi_exp": {"vi_seed": 39253, "coeffs": [-0.9444327718571761, -12.504366118403796, -10.434564107867354, -12.00576623111148, -11.468859035310137, -11.911792695429176, -13.508577579744562, -13.658363078520201, -7.860136911821408, -10.07572442434799, -10.14626917291169, -12.150021934045014, -11.984092808819453, -10.151415195566651, -14.878559659725408, -10.768293936989473, -12.435929744080527, -8.97564469692809, -12.574157036028248, -10.749785405205136, -11.650170078718181, -8.898797393052009, 0.8924193556154865, -14.201109139918836, -11.96667620605214, -12.21333937371588, -11.980873899891906, -11.906197216721992, -10.176108572679766, -13.049003447894664, -11.161677709579447, -12.928887858272779, -12.58679370979664, -9.479400054134537, 0.3336744270483852, -11.33100591466088, -12.04293010541786, -10.246300086083961, -11.034781033535944, -11.4568983369021, -8.487941346829968, -11.322512303763174, -12.477730709264032, -9.49396085048183, -9.25956660263508, -11.914447128293025, -0.03413949443684833, -11.065924298873629, -11.007128032550293, -10.637124350853513, -11.870485138366632, -10.596607609659348, -12.092016014402665, -11.050458360730982, -8.569468927882614, -10.072617333909275, -11.917954281075119, -8.416882616315753, -0.17860986684541588, -10.916785651749514, -12.708860019472645, -12.218695260334592, -10.402233928699056, -10.452934065826247, -11.434435625494379, -11.008691257669515, -12.401057236011175, -10.037785514089215, -9.766220555642878, -9.076602151674532, -0.27130588524129146, -11.883126698209704, -12.78317262113414, -11.968339549965707, -10.490353161800126, -10.653313490948008, -9.658339378020726, -10.397859962303869, -9.794648404042455, -10.655380708979937, -10.759181816570495, -9.722665766164663, -0.2757302662902996, -9.844122028150263, -10.14895363427531, -11.662486778424807, -12.544859125276377, -8.043432769784472, -8.285474935889207, -9.95141887803973, -13.815838463481237, -12.376119815997816, -10.188449892557696, -11.674226636494323, -0.16554430588432392, -10.648513619222705, -11.00845250296701, -11.94384094901763, -11.356310161916198, -11.519292043955332, -10.263116060205098, -11.229723348249603, -13.043791322208607, -10.408951526923111, -12.796432746406534, -8.744909209994976, -0.1751174880226053, -9.651120421376474, -11.991337484497794, -11.625665930014343, -7.7191559648380155, -13.20459623451017, -12.370586542545395, -11.792956075301554, -10.875776612505252, -11.758808672043038, -10.277937407239303, -10.662254346825542, -0.08641995095340695, -10.128616623227092, -7.868733582971212, -9.894447457637478, -10.811573537159004, -11.492801358088663, -11.566567823311845, -10.70748606901746, -11.866582327836381, -12.005528849705472, -12.182982738501531, -11.610622022513235, -0.3024872479098122, 2.99102043376625, -1.520376764189629, -0.591560122155751, -0.46447458387304763, -0.5460238751598293, -0.3549489540741086, -0.4755645493965867, -0.5808268324194343, -0.5671122719150472, -0.38256430898312066, -0.5168606596428414, -0.5036645820831763, -0.5919764155381058, -0.5687764872386305, -0.5278366365999417, -0.42915651550212475, -0.4288615866719246, -0.429982282859884, -0.5812713896698347, -0.5340025625370498, -0.5649198152250244, -0.4582956658433002, -0.5832391434319921, -1.5732268909719702, -0.5436494727076743, -0.6000306074957888, -0.5769026725767151, -0.4812790856275806, -0.471308429939257, -0.3943800562007473, -0.5912599505167065, -0.5730191985855542, -0.5161938110064167, -0.49829123851724255, -0.47901238338903657, -1.5460343633266629, -0.6238186525629026, -0.5331321336986139, -0.5870615255218935, -0.48703074859215767, -0.6052980033110783, -0.44969095511104196, -0.5908616787284424, -0.4413294399262133, -0.47734483012746126, -0.651165659817904, -0.445803372037374, -1.573709968941329, -0.44676557292446145, -0.5669491757468738, -0.4165953870561165, -0.5295867369639393, -0.509393774622036, -0.4318018559992261, -0.5229773196442263, -0.4714199027090553, -0.5223017577604778, -0.7235374597860448, -0.34245712192785477, -1.6251246332918459, -0.5883478677664817, -0.5526526599418082, -0.5201425866339198, -0.5960952568255152, -0.5237666435762215, -0.584338935287294, -0.5395284562774405, -0.42838040507802405, -0.6036137053997261, -0.567841172308958, -0.44859952128851527, -1.6160960179103743, -0.5240673726243025, -0.40552668150297116, -0.5783006936458949, -0.5026285832417742, -0.3212188028751317, -0.473702318210027, -0.46044905693855526, -0.40180310870079616, -0.4478085824864035, -0.49590065622824037, -0.49348321791618155, -1.5229483665034105, -0.3277487221468757, -0.5468238956683468, -0.5014066297849771, -0.39298293852208616, -0.4845460152907398, -0.5492222552381634, -0.4554188833314977, -0.4469077730479462, -0.5345032980129526, -0.6067269265697678, -0.6354804806046573, -1.5042867890365452, -0.7090118550954317, -0.5708680549436524, -0.6149261020278428, -0.48105773641769634, -0.6139641021560186, -0.5730139288779464, -0.5395088575640193, -0.5372499684671921, -0.5379169464330282, -0.5997283688932467, -0.5404900605626723, -1.5515687783127916, -0.5070378747432905, -0.63102378612092, -0.5344819467486828, -0.5797673265444753, -0.48021688540940366, -0.6296235596898265, -0.5025325605194461, -0.45897414727322533, -0.5485889769743719, -0.5302918513052463, -0.467239783516004, -1.5320087530418764, -0.41967197635677855, -0.5025517743525457, -0.4934454567523803, -0.37265066292193083, -0.6270271779513832, -0.401252881091263, -0.37448385354722036, -0.5667737644918625, -0.5230153941441233, -0.45350268954427875, -0.46564261846775207, -1.283353987301103, -1.1684208900675221],