{"vi_exp": {"vi_seed": 41578, "coeffs": [-0.5323334262975422, -0.533482817549744, -9.088500042209413, -11.17980114004587, -13.000789065034457, -12.227443430616168, -12.946126043599387, -10.804579082229864, -12.586387131727953, -12.445309886143017, -13.962970286390354, -11.275355796738742, -11.647125993940579, -10.829148173721935, -11.385404512847867, -11.730237048943188, -10.401641144322188, -13.1062490026365, -11.360248683596975, -9.829747293357151, -10.399498591052275, -9.476872813309159, -7.53037989445143, -7.834083805464888, -11.534677729439812, -12.608425427680192, -10.054819864495311, -11.948553047041592, -9.337850990849487, -10.86895726069837, -12.442946533295975, -11.60458714630707, -9.805997631819226, -8.041798541959224, 0.6463420554742948, -10.899725723753852, -12.443227176901006, -10.625961840869435, -11.352189706297354, -12.526443665945266, -10.92484249909175, -12.779614313743215, -13.206938375982691, -9.176488417287633, -10.417204653104807, -9.775471846017942, 0.37995660503762746, -10.397738691251917, -9.417094241609005, -13.971280146905995, -10.360697210988969, -10.394897909352302, -10.237018169317967, -9.940255456158908, -8.694604157785257, -10.918564622069566, -10.689118444616868, -10.609563547378684, 0.13360482590429182, -11.212613522804984, -12.720690656740159, -11.232877935611672, -12.735203851433642, -11.565728380079431, -10.18211150409562, -10.437503682127158, -11.110456694637968, -12.534312462621132, -11.679808837745883, -10.831862080114417, 0.23312299794147048, -10.800349052901613, -8.684582160739486, -10.449115213899542, -12.468449939027817, -10.258027083008752, -10.13722548998723, -10.357031396504619, -12.237914616093637, -9.968018895564512, -10.90394289589986, -10.821871867038594, 0.34150797063014887, -9.993308150013737, -11.542960668508616, -11.224996561387352, -10.903011940727456, -10.17075232487673, -12.212687178039962, -9.804943600973665, -11.031043584072302, -11.909219766090189, -11.287758892922591, -9.188498394123371, 0.4406630446626174, -10.893014345353958, -10.924351618659667, -9.950389053295979, -9.751110399343455, -9.331246348086259, -11.152631568662716, -11.193390051191972, -9.836676319744734, -11.236798606590732, -13.215735455342942, -10.291212482358077, 0.5197384323160869, -10.058649097751688, -13.244848746209483, -10.604347704903065, -8.531152887929762, -10.953862650130896, -10.511588308356194, -11.440489160261883, -13.24026082341172, -12.941164387854913, -9.70214949170987, -9.884016253076577, 0.5635782700320866, -9.901245759686848, -10.639790956638883, -9.603058396347, -9.543276995005431, -10.027511507573902, -10.81456768068295, -10.688371021371626, -11.469903182318228, -12.066071954985723, -10.089397633206184, -11.892556307471741, 1.2096588745812473, -7.532154430200066, -1.5818661577041622, -1.5460818477674292, -0.4277594521727888, -0.5391407405046278, -0.5265932361150698, -0.5469938513682054, -0.5822739943154835, -0.4994564814919797, -0.3994372835445188, -0.5084071158141741, -0.5838877453745855, -0.40806009353154205, -0.45473566898218476, -0.3903025449137604, -0.49454414804557173, -0.48383888078925086, -0.47494109031276455, -0.5433187672832452, -0.3486204254353925, -0.45840169198420533, -0.534906590129696, -0.46513557826356616, -0.6622841933386974, -0.3737018686471016, -0.5747933267199523, -0.6429085063777613, -0.4649084421696598, -0.34642867619560247, -0.4463793963798478, -0.5357365876138429, -0.42140240865871254, -0.5678314457373552, -0.4148830515826389, -0.4389031754452801, -1.5505419282131552, -0.6162799002156051, -0.448445687725302, -0.44795684710246253, -0.5184471873942886, -0.5459240554943181, -0.3558864747804104, -0.45754659174311746, -0.5409912127570203, -0.4578966628682621, -0.41301659207922525, -0.400106736234389, -1.5204968654970215, -0.4589200819509357, -0.4263200128383388, -0.5603356104913259, -0.5299610516292255, -0.28958057837728773, -0.4512200152919853, -0.6043904340232843, -0.4430097457052562, -0.5159516250353806, -0.4040977355931317, -0.4093324228136233, -1.5506481708853226, -0.5019813696545997, -0.39814977308675564, -0.5034804728368844, -0.5562849887726389, -0.5409269911820044, -0.51368715151874, -0.6283513587589795, -0.6585960139354777, -0.6690035154117239, -0.6279771692829451, -0.5963796352059226, -1.5516349170543573, -0.5385250805944365, -0.4262220512737966, -0.4991533389290567, -0.5513877587615206, -0.38609379911438996, -0.42757578707250354, -0.5761388617295784, -0.45768762512508154, -0.43681339671172004, -0.5010532836122112, -0.45928659180130743, -1.5140787462956455, -0.3338564018482118, -0.489073484798797, -0.4856202069501049, -0.4953378723433368, -0.49972567523820405, -0.6159609089512502, -0.612510607506042, -0.33044932753267225, -0.46765895143190633, -0.4941007310003024, -0.47289408708478226, -1.5551763965161889, -0.5312910314636117, -0.546176030640113, -0.3565600929690214, -0.4879783585603849, -0.44069234774907845, -0.48285735449738515, -0.4493198594033276, -0.5081714915751633, -0.5156573910607354, -0.5476549593546265, -0.5608111133280131, -1.5251713352185716, -0.43850379591654665, -0.43915128101163575, -0.46537977696626415, -0.5540066910772184, -0.5548576429485242, -0.5460862931433458, -0.44589182124736804, -0.6452523935603027, -0.6822315446152564, -0.5722243488456681, -0.4776875481355413, -1.5090283465663672, -0.5780172612264619, -0.6297443981426468, -0.48530507842118337, -0.26851035928818756, -0.57686027628731, -0.47176828354921313, -0.42597795919684794, -0.4806229961344054, -0.5511759875899509, -0.48599283718164754, -0.5196031097547285, -1.5390910324417368, -0.41163424558558637],