{"vi_exp": {"vi_seed": 54599, "coeffs": [-0.0032867758275457255, -0.024669494236364938, -11.290530140016585, -11.086739888396272, -9.553083698404437, -11.322967888816663, -11.240504053251605, -13.260161295298854, -10.869087400169278, -9.50831080032022, -11.219941602290273, -9.781585445812217, -11.770590636138378, -11.591175934678532, -10.876986935467823, -10.99515306607937, -12.422630298211242, -12.852347563986225, -10.519291504725965, -11.53226508995762, -11.13074274105945, -9.49580349925176, -10.51298118669565, -10.53425277099128, -12.36920466515348, -13.197062204353092, -12.067395642657948, -11.269754568554882, -11.971742761776321, -13.013000078471913, -13.356945789838766, -12.940710431396246, -11.574275548958457, -7.782648090192352, 1.1218035414588396, -10.400315186569994, -11.7874760876975, -11.011087338632334, -13.818077244974123, -11.508168998431154, -12.325578860362889, -12.889833975627774, -10.899693028169262, -10.986327785313495, -6.781693979651818, -10.17573264152844, 0.8255503323406118, -10.827594448538989, -12.471090314704915, -11.792685646845069, -12.561532062803531, -10.89776699593874, -12.32968214002855, -9.297803213593264, -9.315398627851811, -10.006331706373313, -10.128484374912443, -7.682151580162485, 0.6395807682060417, -8.436618444683793, -12.696965891586853, -14.699243680121832, -11.16047728672084, -12.83437831625787, -9.467236286020658, -7.645926590921172, -10.669328148159225, -11.147875268994124, -8.18503785969726, -7.790710491989147, 0.6047339234553304, -9.646415468519288, -12.078518096133912, -11.166002571875048, -11.943764627795018, -10.391071689717254, -9.12951693161497, -12.014966743654014, -11.207592360078667, -11.603924129541491, -11.216789292019746, -8.95968058315961, 0.6614667499055944, -10.984854917090308, -12.474190738788902, -11.549613500725263, -12.30630270641392, -10.891969499656376, -11.501235822637456, -12.04388503452335, -9.636140965421145, -10.170380648450779, -7.9899809016821, 0.6685146603372135, -9.951480417751304, -10.099439794326749, -10.113995788331499, -14.124408459616387, -9.652360573407265, -11.01811606526243, -11.315369936180158, -10.546781718351696, -10.812611093162198, -11.686006118296499, -13.200965665879652, -10.706661399500002, 0.7411220949740026, -11.918514181641203, -10.575733751315735, -8.745718276448125, -10.742302012821105, -10.763863743831058, -12.604892582309402, -11.881954969894705, -9.73293696457816, -10.67943466898445, -7.586130368034695, 0.7146835957799399, -10.067539193179663, -9.81166259129104, -12.476223176942119, -9.4307241403594, -14.08210007829473, -11.68134064665983, -10.926648928747046, -9.296144392242754, -12.662592299684155, -10.970189892914316, -8.458450701160597, -9.96806422290872, 1.1393285851859953, -4.316570727494004, -1.5396273425541867, -1.5371167947622049, -0.5440030258285762, -0.5795921018092621, -0.49574996633387, -0.5038198937392122, -0.48056575622485953, -0.5380148889626443, -0.4397569445696471, -0.49030354899211354, -0.4222276988204199, -0.46550925045992053, -0.5513077457848556, -0.3581381577604332, -0.4601632062975451, -0.5860449196946534, -0.5667488378582689, -0.36003221980693967, -0.5565669252981585, -0.5647509057201299, -0.43061700148588355, -0.3531023058631, -0.48753195083502976, -0.540540442533494, -0.5796434167651094, -0.6021516216782403, -0.6114964933495967, -0.5671001541860974, -0.4881325418843861, -0.4911469902578993, -0.4170000244786934, -0.5290938185715554, -0.5239214765764892, -0.3838285439779974, -1.5489678920301684, -0.5200192351018201, -0.5326652853945332, -0.43288374195446716, -0.5965472507129406, -0.5201339800744527, -0.584154959484559, -0.650313439849901, -0.5015193644650028, -0.4696557982979264, -0.4663398777586049, -0.5465034182838449, -1.5405606901856055, -0.49867539625708135, -0.6386160944606754, -0.3040666365105333, -0.5180885114738897, -0.5069645605807813, -0.5890331059472518, -0.4212192610552757, -0.4197052827318269, -0.5022876950170363, -0.5241088594478218, -0.4935369418431487, -1.5709831543480113, -0.6018270971082488, -0.621849260180234, -0.7149595524892648, -0.5907739942584395, -0.5917485055167315, -0.49028542711131634, -0.30075097257769295, -0.49676755650164744, -0.5312187957431749, -0.39028896616109005, -0.4463287322038376, -1.5286336350196708, -0.5284736270242526, -0.3791289945677248, -0.49349869075213304, -0.5432503863747862, -0.47849495110926593, -0.4353479932595033, -0.5013967459592827, -0.507798021478523, -0.5842176043261117, -0.5244065336243872, -0.4416136760178444, -1.5650770471447422, -0.5340014342714241, -0.3631354255560562, -0.4768982144551205, -0.36076682829007695, -0.6024637188063345, -0.42372364226434517, -0.6507675636854796, -0.5514387029163955, -0.48626489303919646, -0.5377615867575765, -1.5639144012448114, -0.4568415289590934, -0.524383943264018, -0.5246083979570153, -0.5919728698394258, -0.3264663993174279, -0.604367534973439, -0.57024495076304, -0.4524382378608298, -0.5553687067180725, -0.43184929370316566, -0.5498002385916215, -0.48612366487119185, -1.5545688294791755, -0.4020072926475347, -0.45327189851121147, -0.6219215786327654, -0.4763740380756531, -0.6483994744324914, -0.47896063610714024, -0.36870538003224157, -0.5587886594068939, -0.5645653391656505, -0.5391977789901773, -1.5510334109349357, -0.5117071915220982, -0.38874283546949373, -0.5200149095249798, -0.42745280448488815, -0.6467672850143039, -0.4453990003332572, -0.46523713795980703, -0.541050344060824, -0.67246250514424, -0.4217728938655305, -0.37156785868299874, -0.4679494872079509, -1.5538099327479291, -0.3416997232162959],