{"vi_exp": {"vi_seed": 27197, "coeffs": [-0.26107015241812104, -10.512531435391287, -5.418194189182376, -11.213194310394833, -12.267453916237743, -12.858768568956409, -10.647195116304259, -12.223038162062188, -13.240332211613786, -11.16219487609746, -9.351269578203258, -12.589537526272277, -12.244387459610364, -12.035519677232925, -11.602919408815923, -11.814966245130456, -12.85184840838501, -12.004539542023107, -11.20156327725895, -11.35258030543996, -9.833384762468748, -13.451675182028186, 1.4968084669077035, -10.436533445592767, -12.925999354247315, -12.34826695001761, -11.38342453148211, -10.950190994450214, -11.522334010906345, -10.394186088349116, -12.962777782579915, -10.27157409820803, -12.850510991242343, -11.948256965994837, 0.7962561509818561, -12.310229384363332, -11.318464590231716, -10.817918087259853, -15.141505594214424, -10.452524188113863, -10.839120085730263, -10.563135954603428, -9.792929697661242, -10.388418120546847, -9.979223079088262, -11.29699686689975, 0.5925966791936614, -11.021794647085429, -14.141293987779438, -10.835270558372418, -12.412101901841073, -12.407618016006973, -11.685640976732099, -10.478698886360132, -9.800405959628886, -8.477751974115632, -10.845226546846215, -9.083713060557022, 0.3394995501462025, -11.742434174973745, -12.306611309589531, -9.669132297147238, -10.127683951042558, -13.267386618282904, -11.7200380864635, -11.710458494739372, -8.375226043781284, -10.756478467030854, -9.834781051148367, -9.939056000100255, 0.43144925787101807, -10.966188248625645, -11.57459268545055, -10.303906588729522, -12.388199254458208, -9.967944799119762, -11.643397173580095, -10.652066766741548, -10.04241516216083, -12.443744168544143, -12.737152663241744, -8.168931064966877, 0.5483657401347736, -11.495310225910234, -10.118622752591461, -10.57539711494196, -11.362881268934249, -9.114107245423089, -13.636393945744555, -10.35259802559182, -8.995670399057966, -10.890041823331234, -11.154986766418043, -13.142042795809509, 0.9330859392262676, -11.335607766829723, -10.132906221037267, -10.215669747355435, -8.971815276277734, -12.51946462101002, -11.254938279184067, -11.679471990054418, -12.017484677341278, -11.846781155624141, -13.088904405214992, -11.957539857725243, 1.0491804002022809, -10.365142168506532, -9.463159433755246, -9.792650882968832, -9.66462799345215, -9.292603578715589, -12.408873692692985, -10.875576628519003, -11.578853525962913, -13.865391845806112, -9.384469820496886, 1.0116002639685713, -9.659700244212267, -10.521546407421077, -9.879794074382895, -8.949245055162836, -12.330756623859706, -10.550329018845302, -12.589270339248491, -11.756101316284115, -11.832892842299978, -11.440729016108266, -8.61965545024929, -9.305774004965933, 1.3661384434560842, -9.124892728816993, -1.5312906179390104, -0.45638788442512984, -0.663649148848865, -0.5271010368140202, -0.5531683404325188, -0.5064790690428743, -0.6143256164136169, -0.6658252519561972, -0.3691600381445409, -0.5208188232758123, -0.3816898303401838, -0.5592672660192857, -0.5773123348449446, -0.44221166626819786, -0.4662689714795219, -0.5882347925718163, -0.5566324422107346, -0.34443609219081195, -0.4204821494160097, -0.42178721174265, -0.47899621421263694, -0.6736550881012702, -1.5887944729294825, -0.44860100554717164, -0.5141587021069842, -0.4171773657738473, -0.3553406608649254, -0.46441765806895596, -0.5820352517205372, -0.34741431071069145, -0.5122362682534568, -0.5286496508270415, -0.515962897049201, -0.5180703644905209, -1.5571738061736504, -0.28449889761463604, -0.4460169619394434, -0.4226195107200214, -0.46853066683457006, -0.5212044732245052, -0.4749832320141243, -0.32571203598133, -0.5674990094085771, -0.5466257644412981, -0.5282363360293423, -0.5397635793800473, -1.5625840747597368, -0.5632799982226889, -0.5527912162355757, -0.5444774061450909, -0.5309012797671571, -0.5690952084964275, -0.5068568306529616, -0.4555010045081445, -0.5839626543264574, -0.43320729656160506, -0.4669309514488474, -0.532423137472647, -1.5462636868809099, -0.4566175917590152, -0.4154162394093311, -0.5950538289704422, -0.49198565908286435, -0.4312110400316053, -0.6050604030721966, -0.4235310768354701, -0.530896904400286, -0.5736347620047011, -0.4689009770920207, -0.5128251353073908, -1.5525539049039128, -0.5271687133855149, -0.6042223298229832, -0.5697825241470225, -0.5515155875420935, -0.5819893633445566, -0.4866798926864151, -0.48605046637513327, -0.4378594466334788, -0.5046246761734069, -0.45038859175327556, -0.506670138202579, -1.557805551400291, -0.5886606034099188, -0.5971887899416427, -0.5703230143191255, -0.5762015527491523, -0.52646237643929, -0.5711442774716207, -0.469330525219341, -0.5835959839456346, -0.513028661581077, -0.4688262212183432, -0.41933869860267503, -1.5374485116692702, -0.5539491827977571, -0.5071449336258891, -0.6008938327959993, -0.5771724813272511, -0.5297060397620874, -0.4804370937243422, -0.5209343767541146, -0.5112053948204504, -0.40244893044620655, -0.44975655152340765, -0.577504395735299, -1.5262643031357803, -0.6029989055674401, -0.4933248638724276, -0.6225377736242208, -0.5952955317173019, -0.576560935256184, -0.5758139962023583, -0.5309835882881547, -0.43131858174702115, -0.5348964861547271, -0.5267756721106764, -1.5832715633828651, -0.29849044459884555, -0.4672853220872717, -0.3774806804083717, -0.593372209104786, -0.5459742921624942, -0.478446762701309, -0.5313395828077505, -0.41340596186225226, -0.5912418723854675, -0.6494871631727184, -0.38309349861403963, -0.5475986394089456, -1.5117746090236666, -0.6063370089042924],