{"vi_exp": {"vi_seed": 24932, "coeffs": [-0.878716075937196, -10.040608189720409, -11.516441408462809, -13.540254178180003, -11.242905398793079, -11.17034072322351, -14.05371319351227, -10.647284920726365, -12.151879783902405, -10.946612598061755, -11.944132547800228, -9.943739492781615, -10.168588079817836, -10.687841730260327, -11.584262425540434, -13.016595289398813, -13.268786634867345, -11.511182492630088, -10.65131584954818, -12.69018702626405, -10.604509468042249, -10.592430263977723, 0.9697059285322243, -12.667397723096093, -12.409677825672615, -9.98871520122544, -9.099137153439214, -12.575184428496307, -13.057997688930786, -14.397669775531943, -10.86768881110487, -11.131251143514476, -9.781131132867195, -8.614483158342779, 0.470384629332575, -12.412176368164273, -13.005593499425096, -11.727359341646551, -11.012078375203243, -11.063672278708536, -11.132493787567542, -12.813268417720101, -11.156953652779768, -10.678071319713627, -10.984483230436014, -7.419032166532089, 0.0990874835680067, -13.950092622170226, -12.407939374246478, -10.627836906859548, -12.273639885166432, -12.872401009346, -14.182900543353483, -8.998470159402359, -13.044813969517657, -11.382616094495178, -11.359673325009245, -10.837030617228537, -0.08512150919519265, -11.604071274639548, -9.692649671863858, -12.97564571230599, -10.923196775192087, -9.803813663420073, -10.34578600434343, -9.740330835808663, -12.302822324787275, -10.047700452453078, -10.216747848963388, -7.942029278737644, -0.27656696139118686, -12.505866568949992, -11.722947901992116, -14.395230907282563, -12.578375960774295, -12.923807310808838, -9.319379303185185, -10.051149663918052, -11.220872501664429, -9.409892523192495, -8.933605500994688, -10.695566638431695, -0.20512026191015642, -11.961812314324758, -11.655759796218438, -14.127189354640588, -13.041988465871594, -7.767653921942397, -10.547969415885994, -11.058088997217377, -12.420381936544755, -10.580637455141016, -10.308426705339826, -9.01831254045711, -0.08447001204794857, -15.339960625757405, -12.466681627014035, -13.128316208349279, -10.13910275879312, -10.00038095323178, -11.618471034377858, -10.624371082207015, -12.357719439823125, -12.795806466757991, -11.467386352652575, -10.202493791473186, -0.0709108970320628, -11.486355650480746, -12.667020293230921, -8.956931839256123, -10.141776455613568, -9.372814714916274, -10.34736675773618, -13.136171175163366, -12.847180378691805, -10.177930202406996, -10.649281791958597, -9.338271918108962, 0.02932402856613411, -10.477130603617276, -10.834276765206674, -10.187075822126445, -13.763753735891326, -11.898721482165831, -11.265699327815968, -10.781177864658932, -10.592254061894526, -9.254337673572595, -11.655735315930404, -10.510679827029925, -0.15481843147549096, 2.697407327856036, -1.551735072694364, -0.5491648616914107, -0.5668550120516083, -0.5398775770973495, -0.47328599767487733, -0.6006762881211646, -0.46623011631900724, -0.48295757148017915, -0.5557014308559711, -0.5460805363842763, -0.36581140108056265, -0.44244758910808357, -0.5707006842014833, -0.5719470414549185, -0.4777203622279384, -0.511031772828088, -0.45454131479250004, -0.5019625770918352, -0.550124176130885, -0.6504586848484607, -0.5021599393037424, -0.5230143524981292, -1.515260233791445, -0.4461304336874035, -0.5228047610574864, -0.4950194646707077, -0.3871150176347986, -0.45342513798471273, -0.5696171414280368, -0.5545293895465068, -0.5011846634708056, -0.6451268864758969, -0.5198352747015726, -0.4739314978326477, -1.5111141394661742, -0.46435293098337976, -0.5907607986548615, -0.4598273512882971, -0.5504610076385047, -0.5267378870137454, -0.516562030639017, -0.45797482845109594, -0.41032230461191904, -0.5102161449716086, -0.6019236366086389, -0.48638808584586873, -1.5164053005882017, -0.3726349997507227, -0.5337175545688719, -0.5225824617771221, -0.6111271322554466, -0.40571339557198727, -0.487459213756832, -0.5070963176776125, -0.5579320186544185, -0.6374416644472907, -0.3583640513754663, -0.5055900285116499, -1.5621268953642795, -0.5678351445315953, -0.3719059505695006, -0.5768666522801532, -0.3879290726276419, -0.6770970318475988, -0.4958288705611538, -0.5021233409393223, -0.5152468634262558, -0.633455865755078, -0.4707884792310313, -0.4823607170396884, -1.5802113623500555, -0.5560366275478482, -0.4585236113396781, -0.5362858946335266, -0.6118090399257469, -0.39251171958545383, -0.6873035530591396, -0.4546512204162129, -0.483528366724713, -0.5071077118841639, -0.4146411020435143, -0.536051216678829, -1.5443889639230663, -0.4560584455595819, -0.6092513610708208, -0.6472270048470318, -0.44140515648439443, -0.5405307440709904, -0.5127031377071096, -0.4837640140356556, -0.5778798275572479, -0.48620116144734515, -0.49780357377141765, -0.5867066347333919, -1.5591487082650741, -0.6268558919591083, -0.4613520309635717, -0.5352360508051338, -0.5362465919400284, -0.5583828168419207, -0.4123437051407591, -0.4423189285862959, -0.5338119022044937, -0.6306835546720325, -0.40774916788124493, -0.6279506623753797, -1.5419635838796575, -0.5260183639308513, -0.5954254050052352, -0.46765699021298224, -0.5869227722479815, -0.5083863103409285, -0.4507740131224239, -0.544202684334954, -0.4602450743026424, -0.46907363349058007, -0.49942242620893984, -0.5578585412829948, -1.5291101239176421, -0.6483558505229463, -0.7494874500858608, -0.5373812643112287, -0.5274333849962158, -0.473358622601738, -0.5078452540528855, -0.5915592770258344, -0.5397955564841812, -0.6083037421962747, -0.38639094673939495, -0.46419472229159603, -1.2754437891781738, -1.1436788000869722],