{"vi_exp": {"vi_seed": 19931, "coeffs": [-1.3431782175909088, -11.728815567559067, -8.657760954269337, -12.342976494953191, -12.109399046257447, -12.599654521487068, -13.010937878679176, -13.367348854247158, -10.815677699389566, -11.56623881743308, -13.798336582936578, -12.757917396135232, -10.076298285910893, -13.59630173916626, -11.785750822571762, -13.969013458552977, -13.977113240994742, -12.786546191987858, -12.742080319707826, -13.147831309369852, -10.976924474262585, -10.308941973007546, 0.6310178455147961, -11.637599391346697, -14.259532663290583, -12.701525332640937, -13.433728837570275, -11.113078196135529, -10.858752767917618, -12.22267563776753, -12.843872811962294, -13.202946236231732, -9.939959816320801, -9.299201126565857, 0.0011406596626089747, -13.55276248809864, -11.354469322292811, -11.270165230978607, -11.661415477632094, -13.962374891914047, -10.544117951398016, -11.528401671111963, -11.278221893148377, -10.75863653308728, -9.913218188893062, -11.2027905689766, -0.3969687996486646, -10.845203892367694, -12.70202978008111, -10.789894539735673, -10.519685758523732, -13.173947438058688, -13.788861533193483, -10.467492338078197, -12.541736365601652, -11.99475331599137, -10.901951770472243, -7.3187126619791245, -0.6102704014916742, -10.930784381401477, -13.161000312392138, -12.791621617439644, -11.563956263694488, -12.434332731633326, -10.881617412516535, -7.779491351163021, -13.01224212729331, -11.334896544610464, -10.897840528676374, -12.285409630487177, -0.3687476566187281, -10.568746646106357, -12.37317188929452, -12.050803775817622, -11.349173894383798, -14.87113486831745, -11.0086642353008, -11.321300572308159, -12.052479070089976, -12.051584002924905, -10.680919082447511, -9.124430494173287, -0.38954521732562364, -10.39296939242338, -10.828300876978185, -13.553136051344294, -9.230435096867586, -7.238259637544193, -9.947010072429174, -12.277006058977937, -11.86905646521524, -12.231718054590386, -10.412082094446479, -11.177378455303904, -0.30951424521746546, -11.90251603204386, -12.377319507710402, -11.941956441705928, -7.149194695624229, -8.694131068718383, -11.6482293473593, -10.030224746311404, -11.623907330216605, -8.857511654552503, -11.781049066483329, -9.774730509888208, -0.38553146492164847, -12.283606006148585, -12.236582876153612, -10.288592101865216, -10.601151198942928, -11.768600730024557, -13.937482902692699, -12.877128927534011, -11.684432408945105, -11.477584901327695, -12.110163871536269, -12.858955348424583, -0.23877439381203328, -13.140230944754585, -8.401594586336879, -12.867314222507847, -11.667851053449318, -12.599190897659415, -11.395859993628154, -12.172720967237838, -12.949050059394985, -10.274092977319924, -10.822818376136237, -10.240521070895573, -0.6957738397127898, 3.0797422742243725, -1.5565579500371232, -0.6423907921317087, -0.46832269327068415, -0.44332181015127525, -0.36019214001788985, -0.5941175032342252, -0.47128379237994333, -0.4634202779884764, -0.6394691032136339, -0.5280560188247688, -0.47773411736872534, -0.5126066981217386, -0.5346637497334784, -0.6834588944297131, -0.6096805507979823, -0.5449882155118186, -0.39034425285637137, -0.6469568454073525, -0.5743141254506438, -0.6360235197596587, -0.39963971804007425, -0.5503604221626908, -1.5351325738077701, -0.6123505068216188, -0.5715801364488295, -0.6393700209000288, -0.5896888331071458, -0.5132811354502691, -0.4436501392958564, -0.5456630394023163, -0.42266755542100554, -0.4997131269715482, -0.6090361996794953, -0.4201275023055906, -1.5582968157660528, -0.48362594629138717, -0.5056736354935325, -0.44185730694143016, -0.524492540025316, -0.5007910924482206, -0.4698492768785227, -0.5152963164151303, -0.484112009475952, -0.427032406772923, -0.5262770270321088, -0.6190622963786325, -1.5812666982382992, -0.6619304313954335, -0.4920233101475893, -0.38148239094817804, -0.5250000430904778, -0.5269715405201933, -0.5474970381837542, -0.5093129683117965, -0.5007668837301578, -0.5616470616554563, -0.4313021208621198, -0.3912054174684063, -1.5749135250070014, -0.41834195480971237, -0.35728434109577223, -0.6063038209733266, -0.5854616946798141, -0.5977252098248239, -0.5500813978582257, -0.571212292390484, -0.45803045501909834, -0.5636517983218295, -0.49289387412881924, -0.49668831400182806, -1.5372131824057769, -0.5600844475236268, -0.5482023999790538, -0.4931103069840689, -0.6032948963872802, -0.5147543564838052, -0.42529821091915515, -0.6271570429194077, -0.6010848944891076, -0.4717310796163746, -0.5778265504370584, -0.6091956779488897, -1.560002679743858, -0.39757404732792584, -0.41340097659619574, -0.6162466116122935, -0.5411583793276916, -0.5343354675209633, -0.378128516499652, -0.5283587782349983, -0.5546335345158779, -0.47784673130409205, -0.36439456131454534, -0.45061598832479544, -1.5440055981548886, -0.3677674123835305, -0.4700227128383532, -0.6143749951987959, -0.5676209088570134, -0.5352742288417843, -0.5906517618734206, -0.4203234308672583, -0.43583945755297965, -0.34010852885939225, -0.5257691646277397, -0.4658750975331445, -1.5297837737931483, -0.5140094148575738, -0.49416135485864615, -0.6003148589990035, -0.46229015308815213, -0.5887495075091846, -0.5580628997195582, -0.4218591016731596, -0.546217965420203, -0.5103324793414565, -0.38611566345171816, -0.5301889934748363, -1.5313117029047232, -0.5131699025366523, -0.5731756817900685, -0.5683965210158581, -0.6109440710564075, -0.6056440664209289, -0.4110492247983821, -0.6112440542668319, -0.6648858221102768, -0.5344622574371681, -0.3853345499758051, -0.3146675740870474, -1.2747711657491416, -1.2089320581574095],