{"vi_exp": {"vi_seed": 54411, "coeffs": [-0.018232281859057252, -0.007068989385634062, -10.7935293065781, -13.23510958300497, -12.605960406117557, -13.938972997266529, -11.98167867766648, -12.476057796693656, -10.577851705798292, -13.05921689903067, -12.969141121978431, -10.988549280521392, -9.788396268970853, -12.079679633858106, -13.866266134472182, -11.387834374198578, -11.543095730065216, -11.779891002555221, -13.227070218634182, -9.360711800765422, -11.914444562070317, -10.941356934623073, -7.070681475438383, -10.359303797939901, -10.993038522392448, -10.305237324610383, -11.893478424664062, -9.886415970932923, -12.82309854175633, -11.170240248583996, -13.251325809868701, -12.040625295765853, -8.401413188335544, -7.4622871875601255, 1.1394074271098567, -12.32459664783345, -12.838041792027576, -12.106415967701652, -11.942556468771427, -10.671870029717406, -9.45634318670951, -10.555639779196078, -12.6360125321683, -11.178797106032087, -9.619130664944207, -11.729911377572389, 0.8429391097281708, -12.664793517979255, -11.172730035743736, -10.444985222422654, -12.888805595619154, -9.745343159747769, -12.28450059514398, -10.061847155025328, -10.110642541290868, -7.058061700922112, -9.477651175346793, -8.385796250723562, 0.6237078072791584, -12.591992062544175, -12.787812878270268, -9.228723450953805, -12.439637119022908, -11.836085200862264, -11.193463581986034, -9.876666678152894, -11.541780148769277, -11.198025935177846, -9.672353755595601, -7.280185871771931, 0.6237322699783372, -12.067897307607584, -11.635282821413673, -8.117203074195103, -11.464027505035526, -10.23187768399359, -10.282977168408973, -9.513947997297397, -9.349428213206126, -14.054637959638402, -8.407396241242337, -10.171953184395155, 0.7001687293751014, -10.812982408905947, -9.106630900275666, -10.513506358731757, -12.552340284545197, -9.586771370524776, -11.377924460194272, -11.003749536080255, -9.25542223049456, -12.020663239742106, -10.5573338301772, -7.187634459792803, 0.8389446764080051, -10.67052146741795, -13.054276254329407, -13.601884088790186, -10.291471994648784, -10.519050768178566, -10.252573883764162, -10.076125654369774, -11.632868619338419, -8.573093745312201, -8.918639463125718, -10.132016809670459, 0.8783017509212719, -10.354062083865367, -8.38725475427946, -9.657565937938813, -9.214286542855618, -10.158545961035307, -9.554264759901047, -8.598451190547092, -11.80480203816212, -11.667701558089927, -9.566733660864164, -9.855303909250694, 1.0106724145499337, -9.044484855926685, -9.965165632659144, -9.385872086309275, -11.949396636188318, -11.45270520630595, -11.78323331183998, -12.257096365226435, -12.854553102798171, -12.372959376348208, -11.161142304499476, -10.390408173858809, 1.413524777505233, -7.11818695728915, -1.5550063513295294, -1.537197023350096, -0.6143993134047686, -0.41184227460646305, -0.6958564868162526, -0.5754418918988938, -0.24992501832383449, -0.55147431265102, -0.4523294366744573, -0.42326237021171925, -0.5188340863827426, -0.5168411211536434, -0.4194931357171681, -0.6095214935651783, -0.515776042542784, -0.5736484431487298, -0.4765863170928464, -0.5531234708953019, -0.6379962967163213, -0.5183195839878888, -0.4722595661673712, -0.5739124565587438, -0.58867567735973, -0.5128750267695745, -0.4052384797321187, -0.4436262777396674, -0.53082221270831, -0.352575817778411, -0.5197466170054265, -0.5988165642127292, -0.5013543573676685, -0.3767969855326663, -0.5986568981238783, -0.5371315814481645, -1.5468945331197208, -0.4138006291238755, -0.520485340076214, -0.5636650581262822, -0.5957940974726187, -0.5193075838305211, -0.5399910541812334, -0.4955359569649504, -0.6220405889873587, -0.544888559595578, -0.5258770765532726, -0.47750320156269155, -1.534802024043603, -0.4942301711894747, -0.5114303961622532, -0.5389957791254889, -0.5661049931029886, -0.5778705506453992, -0.4612162048503187, -0.3867818186210772, -0.4976836913041154, -0.6313915870108817, -0.5348764550645597, -0.4978346324204646, -1.5534647577217737, -0.5826397488688622, -0.5634032481367817, -0.4138928792941579, -0.595769052866519, -0.46800657103647786, -0.7176484549569613, -0.4226575125071853, -0.43959451242287, -0.558175514704244, -0.39962597824968354, -0.49710917552629796, -1.555846974946864, -0.5283513352628337, -0.5452557705277492, -0.49742703977819275, -0.48776627719397203, -0.4769048924214988, -0.6266194260857101, -0.4475195328185264, -0.47280241812529283, -0.46830162818937515, -0.5281684302012156, -0.6010090288061636, -1.5652335448884225, -0.5184763693951202, -0.4777531945861428, -0.5318797163618647, -0.5500162857798722, -0.5641150101297352, -0.5507855307222324, -0.5726727449284201, -0.3524251490959, -0.5121738806944542, -0.5554666568261168, -0.3698177889524081, -1.5609389604445156, -0.5978130563067978, -0.4693554815996498, -0.5394112817661608, -0.5353051141812397, -0.6196948665464633, -0.5485404337502237, -0.5150417211527741, -0.5583303522132627, -0.543057427088675, -0.5677189470129931, -0.6189869365242954, -1.5765094571431528, -0.523825359887859, -0.5332677277707355, -0.5135389958285136, -0.6425313993070259, -0.4404499281871814, -0.41381520472504435, -0.4401312326746261, -0.435193627785084, -0.6768548166746751, -0.5610638017113955, -0.6110955255423773, -1.558831620307418, -0.511594439571085, -0.4972782207031318, -0.44822947231798416, -0.49850884502663145, -0.6425542995383171, -0.5685835569359309, -0.5026449266166836, -0.5054097276848116, -0.652735433569254, -0.48623027416210324, -0.5203394971745356, -1.5158295008648217, -0.46583111842276126],