{"vi_exp": {"vi_seed": 11911, "coeffs": [-0.11317170524440429, -0.11474712563949514, -9.282409520235825, -10.885573976081057, -11.900726642490909, -11.352769274561195, -12.41867940479315, -13.104158430508573, -13.238314760456648, -12.334340003249821, -10.876115183268853, -10.903131736062592, -11.091771235796905, -11.890178035295419, -13.599012720075706, -14.156276239064134, -14.057259527567725, -12.960671722885698, -8.463597256396412, -10.406848453396188, -11.408584689853965, -10.752447910977095, -8.85889217362902, -11.318187902920366, -10.805577305559334, -8.09616576981722, -10.670600722683348, -9.896760641635959, -9.74211583089796, -11.4285011655714, -11.76150557640608, -13.156894577443813, -10.859274107982564, -7.830475053830406, 0.9561191492710855, -11.37418000828965, -11.510705367132088, -8.68980634029622, -9.193975981415463, -11.640849298760365, -9.979899590352069, -11.148868257675202, -10.658807323251006, -12.40545383376811, -10.175346329289267, -9.799651568520995, 0.6127899098783721, -10.024640302194738, -12.985847936458091, -11.835188605753984, -12.060133568376616, -12.316566068668427, -10.528640917236613, -12.25318016920977, -8.229805317228621, -6.616225371958707, -8.782677038876999, -10.48356476830529, 0.4413831362643056, -14.462656158207476, -9.124425319750634, -14.000250637864825, -11.282316915671121, -11.333699357074027, -11.921560992872626, -7.9819439786943285, -9.851645987354816, -8.861444896532475, -13.10126781894167, -8.862130130280095, 0.49663352076575007, -11.644157536437072, -9.465995586232559, -11.08748228676827, -12.705482488357429, -14.338684862929464, -9.75166318925447, -10.247129622969155, -9.577130698686668, -13.298931511273462, -8.407598743056859, -9.388038144612285, 0.6937622770725216, -9.994432196916152, -10.613631630703356, -11.13812904658949, -10.120779991932794, -8.486292717558118, -8.360964826408315, -15.014853363173795, -11.429772836835209, -9.828295166013916, -11.935686935979623, -9.229107837061624, 0.7680414734195823, -11.2790518210095, -10.370039204355372, -10.84755247994856, -11.661948588516173, -10.164008736209318, -9.567808880093361, -10.941238847669567, -11.872939202192185, -10.030310168278389, -11.506164499918823, 0.7881306851344557, -8.343840801185024, -8.774638327310061, -10.303586559012695, -9.679436826175062, -12.035986272235588, -10.44233213051541, -10.998823640189421, -11.37184932926045, -12.243955384497765, -11.62843161626617, -8.504752597300707, -10.775078870684876, 0.9820619581705987, -12.16227216336372, -9.704599252947363, -10.058064223434755, -11.424058959611644, -12.406200246191327, -12.2796856313707, -8.312173831842555, -11.340332472577085, -9.052630733633531, -10.758130855164042, -10.798288175669416, 1.4080238470657382, -7.9122738133027, -1.5399851541908007, -1.5359685985671752, -0.5760122980080591, -0.616568428195571, -0.5411338769995693, -0.42304233740743974, -0.43096278183195763, -0.47354992839118504, -0.5421948243642606, -0.5398268368632371, -0.5072117983781379, -0.48563142460465275, -0.46057558835260565, -0.5725203435205714, -0.5449520261427311, -0.5550538575330907, -0.5085588972893244, -0.5140713612937189, -0.589558821088048, -0.42065300309486614, -0.49480954847309916, -0.5428961347350543, -0.4837624625024358, -0.5561511644941448, -0.5446406073441589, -0.42477583146061604, -0.33323220489961064, -0.5172532495275355, -0.4937580534057855, -0.5511122131640659, -0.5645219435253334, -0.6631697572001584, -0.5337723151905819, -0.5257694727617135, -1.5713387434964754, -0.4340712487754363, -0.657414887378983, -0.47449823588032686, -0.4566433088577041, -0.37541647405582246, -0.22780202566423693, -0.550403580951731, -0.3428517339171455, -0.406243264915031, -0.6345112464969561, -0.40989439911807285, -1.5684541960213072, -0.49217276941439897, -0.5769405971465126, -0.46266181240322685, -0.692610242574991, -0.5721201602682536, -0.476226793237185, -0.4169627805794989, -0.3782935115047876, -0.5323367807416585, -0.5976250558841099, -0.3234790898847305, -1.4944089110594077, -0.47662989257000293, -0.5948057261016998, -0.47957475316903414, -0.4406692469690901, -0.6081992250560893, -0.3773243500761648, -0.5155176318980665, -0.4447008872875998, -0.5297348505069936, -0.4157738073210937, -0.44016932013530813, -1.4909626504148863, -0.6106342983989884, -0.41592782630333724, -0.5953243687982966, -0.6463613491516412, -0.2931302966478607, -0.49668584658893283, -0.4265357119601644, -0.34076748012734365, -0.5218863647688435, -0.31360542775761646, -0.589439729479119, -1.5726369224125831, -0.4815540226612203, -0.5589494893712189, -0.47754405861102417, -0.5055878607485967, -0.596469255772711, -0.5150230083472199, -0.6909194453170019, -0.48980710328707716, -0.4887307518995755, -0.531547814035403, -0.43246051274955594, -1.5698854573584622, -0.4111517205195085, -0.3405393780948524, -0.5980432605365484, -0.6282252998493061, -0.5621714162017857, -0.4360253409821779, -0.6395218723594217, -0.5601463554879155, -0.4271863226855234, -0.640983631924242, -1.5476052845845565, -0.636306979888493, -0.5921047965887977, -0.38992046456418966, -0.590155872402072, -0.5846124525192267, -0.616380240999787, -0.45790267841504106, -0.6277980308870877, -0.6035461823583895, -0.4302494787517055, -0.4492806657820605, -0.5556654650601647, -1.5576752335853576, -0.5450712292604036, -0.4420337432889648, -0.554527167311684, -0.3818666284405706, -0.36742037350549245, -0.44773011846123006, -0.3840237143542844, -0.6156323520657657, -0.5312330444448731, -0.535973106691096, -0.5458055117109158, -1.5373962232635299, -0.427129177305846],