{"vi_exp": {"vi_seed": 17657, "coeffs": [-0.1775490477059837, -0.19029548251292383, -8.668800048984886, -9.405005310138524, -10.8370705140857, -11.186049047937553, -9.659996748746853, -11.666350626271162, -12.488303837973051, -10.964013722135226, -12.302934845870862, -10.701342368264228, -12.93803319517722, -13.403593151437853, -11.61844965164554, -10.819518808783751, -11.973300790506036, -10.780951871948709, -10.8514738030193, -13.60066729684978, -10.135373111294436, -5.6000791119314135, -7.183436989916396, -10.29296161234449, -12.155122113896605, -12.129100679783425, -13.75697455094897, -11.127100668543024, -10.65522119627859, -9.968161120448546, -11.735679722541532, -10.463169085239063, -10.93962241958695, -6.2726586718846296, 0.9325771713609415, -14.159310004891227, -12.483649126257601, -10.663851394795056, -14.15347222839509, -9.952588283299939, -11.766569259812384, -13.53719282798273, -10.481427952275848, -11.489778482988122, -6.574648745435756, -7.517763059898646, 0.6054081856072135, -11.544425250941893, -10.904114213254559, -11.884930524176513, -9.905651283550462, -12.747707981198761, -10.683237911550433, -11.593164755616842, -10.87402061968406, -9.898159665526352, -10.094012693643789, -7.56259848805891, 0.3646474006835463, -10.952615332212236, -11.057679704991138, -11.41118162170107, -11.876275123048714, -9.01663554712732, -11.62853822498867, -11.929309987650747, -10.967856223030472, -9.91156854414612, -10.657447758067132, -12.24322667399483, 0.4891944789013919, -12.631333938924298, -13.790308352112367, -12.239412953669747, -13.596715965524966, -12.308162247962358, -10.478691244634714, -9.967318447172342, -12.589320622273048, -9.952893508878537, -10.240082071680847, -10.5338562832921, 0.6427312535414182, -9.310918821964277, -10.948979860568944, -13.606338522062542, -11.849280607709323, -8.491454796669585, -9.846128468150344, -13.25651818858532, -9.725458875238859, -10.586025945471528, -11.033501227083518, -9.708881075877578, 0.7187633441968846, -8.229430234957775, -9.688437766925494, -11.833119912901964, -10.463160479929352, -9.650298206970342, -10.148313585991993, -9.531118054406702, -11.542370654197748, -9.863061203696132, -11.202202003220501, -9.869258527583892, 0.8012321107273941, -14.78737081310426, -12.807541200814198, -10.680873181265197, -10.892848231684432, -11.780875518725612, -11.548087437935665, -10.580382608186936, -11.483633886366631, -9.217334860583959, -11.378639948099272, -9.642865013179676, 0.8962001400130142, -9.060917370486584, -9.865722179367312, -12.313575460647913, -12.081949442154434, -12.319543497656001, -12.601580477650684, -10.440539912540903, -10.02581275583673, -9.944117844979479, -10.773002042327839, -12.051168961378474, 1.2633548372533105, -7.778516776198381, -1.5447721185481929, -1.5255887995199942, -0.46257953115384687, -0.5532104856668324, -0.4530188092782587, -0.3869219014154702, -0.5576570054545724, -0.3013719096252863, -0.5204421113696468, -0.5102639932998431, -0.49243393710487976, -0.5583211640721989, -0.6267391871196464, -0.43090722621125055, -0.6041759679294052, -0.47145889955245296, -0.5610231949315653, -0.4674195711819798, -0.4913516530574525, -0.7073206536423051, -0.4856791957967466, -0.47725212962014574, -0.5043641766108944, -0.44461324655491796, -0.4520678563144904, -0.48314616876327027, -0.5828810562086938, -0.5638987960369457, -0.3216621058829212, -0.4573925751602745, -0.4164002223937749, -0.49234663529335754, -0.5233294888352389, -0.5685951871505365, -1.542543111735792, -0.5552260113951564, -0.5856012679503851, -0.6665486366411121, -0.6208155235956118, -0.3981206405948519, -0.6063491572466901, -0.5577306244681159, -0.16403352870828158, -0.39991575910440574, -0.3250476685732368, -0.39310870548615184, -1.5585733276309002, -0.4148771695923215, -0.4877354213168746, -0.5962178189059967, -0.3474484484267026, -0.5071250734402433, -0.5554805835391408, -0.46796633650788044, -0.4664849662245893, -0.5933717334376302, -0.5273292992182086, -0.5083762177482171, -1.5712369095690497, -0.5614286196812068, -0.45950762051048083, -0.4541103774718054, -0.47774782676796596, -0.49212267079216926, -0.5864926787038044, -0.5067414908099036, -0.45118934945333466, -0.360670601763288, -0.4944007055744526, -0.5348660217939994, -1.5858977679880348, -0.5604426227252709, -0.44107887343821944, -0.47132793115094074, -0.5499601860546838, -0.5544404514936515, -0.6216523973179267, -0.6100737974282732, -0.5339022772552212, -0.6026807806533881, -0.6411665183357453, -0.42298863355425825, -1.6038586126287, -0.49493962409105197, -0.39546014941921726, -0.5921542243951001, -0.4405229891431397, -0.525862455960702, -0.5346818685296302, -0.4699229343330057, -0.493921463859741, -0.4458421557688326, -0.5402729895296056, -0.42885748350050124, -1.5589530756426495, -0.584885183662572, -0.5145122842960669, -0.582177174322605, -0.4126076082333567, -0.4953166736302306, -0.4645692035067102, -0.5238629854913123, -0.593684683091029, -0.6356219660055314, -0.5432606489251268, -0.45494006385186025, -1.5478025958332549, -0.5178704389585234, -0.5255426886439557, -0.5266751346837527, -0.5587245786800674, -0.4977825999624168, -0.2952930260187034, -0.48475325805414266, -0.6486935064488026, -0.6055723913047698, -0.48672095577739083, -0.36799666676409076, -1.5324307336802274, -0.6347698264138052, -0.6425004069357725, -0.5102476728492549, -0.5673050666927514, -0.5932652845394655, -0.4169229698868521, -0.4924370508042171, -0.4706451378147617, -0.6306572667163958, -0.5757492442187411, -0.36106894860125655, -1.5640967266125603, -0.39222045250143345],