{"vi_exp": {"vi_seed": 4304, "coeffs": [-1.1780289759584461, -1.1592686286807086, -13.24717373385336, -10.584140837552422, -11.648200810259418, -12.89662625634745, -11.162410100185648, -13.249628294053945, -13.882369008522453, -9.60897254376041, -14.48112106185728, -10.738120372092524, -11.712584394533124, -12.368818827080506, -13.551217784161848, -11.771662288152447, -12.628596313352652, -12.828469868948593, -13.39731775933852, -13.77951966588363, -11.278548322985312, -8.652071821568919, -8.07012902466882, -13.660192095707654, -10.683721174129406, -12.074749985033304, -12.493041459033899, -11.939209671515217, -10.43715466155249, -12.861647774799682, -9.349017267422937, -13.213036660241404, -8.51024209206171, -12.169798113217745, 0.26256387141554977, -12.688693241935486, -12.827368424018525, -12.545687180654491, -12.84133214651664, -14.906794015898658, -10.871897651457058, -14.55934994765614, -11.79984202382216, -7.143542241987768, -9.604019248184757, -9.90025075558887, -0.07603340885825373, -12.73642222204458, -13.12672229623637, -14.202307441638842, -11.533201818158783, -11.324219140707516, -14.380530277898934, -10.387494969571481, -10.361289711455916, -10.074496346126688, -10.801615158400129, -10.78005183923613, -0.2666978486367379, -10.414789421239476, -12.407847648621967, -13.814338663478546, -12.389867814888355, -11.903014448347232, -11.614173389604165, -11.107171040832226, -8.955062102005897, -9.942377419008976, -9.829864760577813, -10.393405218110695, -0.4504990273604092, -10.533017934319009, -12.620888252241379, -12.253061824364961, -10.507992599445888, -11.483392994857777, -7.686445810781081, -12.256509006686937, -12.05342458070778, -8.57479666266365, -10.8776586387888, -11.11374441305517, -0.42255376622427, -12.676625625614903, -9.519955010233456, -11.220907675935104, -12.299046534356133, -10.074305927238221, -12.2630285124609, -12.88771766457965, -10.799566725344654, -11.769252112288532, -9.055394190210144, -11.687503232858484, -0.3345158172014773, -11.001356376076224, -11.704296167636139, -11.322342157009663, -10.0460881406018, -10.298768788918622, -9.33691056236434, -11.463721645212132, -8.816811713038579, -11.951220397103535, -8.952494888699626, -11.333540610904622, -0.3713278450190079, -12.164348020035803, -10.100219253740526, -10.014002826595362, -12.646828601264977, -10.360818882752605, -10.992772609483396, -13.403414130664416, -11.40832281990739, -13.778581669821545, -12.23303134413256, -9.6931030590382, -0.26822853872922964, -11.237236817053336, -10.784441444227998, -12.712757021223688, -10.906656083064412, -10.844991936846183, -12.34653581913486, -11.96856371790606, -11.551457182664375, -11.992564839640217, -11.159252147180704, -10.099035786244109, -0.6539387771184513, 2.8679835129175895, -1.5581686867847702, -1.5561222499856333, -0.5284320247553769, -0.39215749404649736, -0.705760118163297, -0.5760339898750008, -0.5397049429793745, -0.5288509006359238, -0.3440461843709269, -0.5349900771537844, -0.5634764867675782, -0.3457180020392322, -0.20973245207853905, -0.5834735830226307, -0.5140302325125348, -0.47251222619473365, -0.5152939683813631, -0.5126343734021488, -0.5652597592681767, -0.5198093981429122, -0.5519923136287186, -0.4394407767477704, -0.4238742527298235, -0.559330103327896, -0.5097885298278148, -0.5884371122373481, -0.48827371245943624, -0.45232403301601143, -0.49795548633349934, -0.5616835661617487, -0.3533142844320711, -0.6319812544194114, -0.5242858761550402, -0.5966626429677058, -1.5633969477724727, -0.517950662069362, -0.42310251311604796, -0.5915757741711083, -0.5549358317027202, -0.5545197380173792, -0.514669477598954, -0.6342420236725114, -0.5663514095165686, -0.47749963533520345, -0.44215309265800196, -0.44387628361852594, -1.5548908649199067, -0.5249270745053265, -0.5454720938801416, -0.4625704939748941, -0.5107985713910548, -0.5792393572865939, -0.6248539741373249, -0.5666897221235028, -0.6432737008234631, -0.5117106340461358, -0.514462919630654, -0.5476594967246261, -1.5600944261896779, -0.46956444401985714, -0.5265359501422031, -0.6382450307042755, -0.5728644492567077, -0.4239893180174087, -0.4652933170599782, -0.6132133855713424, -0.48141415393765746, -0.4300853623812924, -0.4107869966975471, -0.5529358742613474, -1.517570147054038, -0.526602892360217, -0.5132744145006575, -0.5938074336519205, -0.5312400787876844, -0.3736164572244184, -0.4239085851959519, -0.5991827393161568, -0.4705302378153032, -0.41598959515240924, -0.2656793896445274, -0.64705432186072, -1.5723575587778256, -0.6181910205933813, -0.5693920565710785, -0.6233801040761747, -0.531735078200505, -0.4502780503835405, -0.436818595302458, -0.504495594622903, -0.503381437471951, -0.6084574287876487, -0.4840183128791339, -0.6199227163911065, -1.5424750189235739, -0.4474139404735113, -0.5522293366444331, -0.576444154857555, -0.38765029698515, -0.635980268387627, -0.5388048595247732, -0.607563283591558, -0.535882939870009, -0.567408144311818, -0.47471319134687967, -0.39805013518844423, -1.5420136721835973, -0.5046913746994547, -0.5757447015227668, -0.4888647862084915, -0.5732819941643975, -0.546288240104851, -0.6071466825056782, -0.6435478956910575, -0.5025097726904221, -0.5861566139058814, -0.5766909301716266, -0.5103060158472499, -1.5468707409803817, -0.4928188658782398, -0.487025892009299, -0.5513330722510732, -0.5042279729761489, -0.5570666287966138, -0.5210509066853147, -0.21682312025927813, -0.4599407761255943, -0.5831966028058497, -0.42949656921021584, -0.6021512930974896, -1.216325149033125, -1.2112410055006289],