{"vi_exp": {"vi_seed": 25872, "coeffs": [-1.3696581561812624, -9.249328057697008, -11.724986923610754, -11.705195010949515, -12.151334542831943, -11.730296315794796, -14.420177176539172, -12.053612470023607, -8.818724331668514, -13.065475153939088, -12.632117989844927, -14.564423551729886, -11.474729724904842, -14.507833722329092, -10.72216145833004, -12.330464711325185, -14.799169671025142, -15.265550418985656, -11.96601702009466, -12.55980856862656, -11.972980688089205, -9.243140583344589, 0.6072716273606972, -13.413719431572908, -13.307901564789523, -12.27896827208288, -11.50542801058916, -11.776312341166513, -11.212052840501027, -12.569474925161881, -12.79566348401855, -9.422073996723466, -7.720668528952902, -10.061814160906192, 0.0014060054301579718, -12.396905135150813, -9.662245576212237, -11.345039826339626, -12.162392566367616, -12.398362480608572, -11.962941887567217, -12.438084974378835, -12.909331134300684, -8.94701124156906, -10.505209529345782, -8.74521774794871, -0.36316888157366184, -9.721926772509931, -12.923884211542905, -11.133971048958237, -12.016671998564147, -13.378102323874328, -10.72138243445787, -10.403256754966915, -6.404896964365901, -9.724031347978512, -7.6921788958655455, -10.124282507040494, -0.5546481850591104, -9.544541255038967, -15.17811746442971, -11.907117484845404, -10.552892345009468, -11.794290933657386, -13.023398147380911, -7.7517964580124765, -12.575211427088075, -10.329450992792362, -11.433774628059835, -9.882609225003296, -0.7393136410190289, -10.193491601534403, -11.899233095512411, -12.745320542313673, -13.088840381123502, -12.301629168866421, -9.103699247496147, -12.68956165811712, -11.66657779123542, -11.099028582944207, -10.757280194270072, -9.437549993315335, -0.8596503839396007, -13.090121599442938, -14.895075229685338, -14.422632527405574, -14.821857398973858, -7.875731028447964, -10.306354251450912, -11.888165777877225, -10.554955130624037, -11.642571297164205, -10.36008917480958, -10.234101909245187, -0.7965628743094838, -12.954790670116964, -10.649900074652027, -12.85102567909778, -10.871021033856287, -9.205000177041095, -10.207594147375112, -9.984966029791686, -10.469012580490965, -10.559588601899701, -8.59836746871912, -9.482251226546813, -0.801907784054283, -13.416782963605968, -10.793153512684892, -8.586708049604445, -6.873334725496528, -11.768370892488077, -10.796733508066653, -9.620518305060527, -11.796505285992213, -10.30177359193593, -11.715424508056593, -9.59066036865114, -0.8764549671965485, -9.231057452985706, -9.234487661257829, -11.432372982508875, -10.793731979060546, -13.681081577693991, -9.967252841385717, -11.472803623530234, -11.709169005120739, -11.528050551114319, -11.59594866489697, -11.647506412676393, -1.0871683506375678, 2.8102370622470505, -1.5491795687352952, -0.538558690798553, -0.6377756881661523, -0.4900417469765351, -0.49428145841670723, -0.6554986238689688, -0.4988591969020146, -0.44918421608307224, -0.47075328227391977, -0.5787442983314323, -0.4495814668833131, -0.530680155482865, -0.5195355501799446, -0.6454517453760722, -0.5488938699387865, -0.5692829424336096, -0.542931165928197, -0.600358141396866, -0.6302537372015508, -0.4502535754499603, -0.4759566403449853, -0.6128504663744542, -1.5467376916924835, -0.5112559186676324, -0.4557799404871668, -0.5071684812394115, -0.40741606941495645, -0.49297334102748636, -0.5062766260027401, -0.662941991979756, -0.5183063541602911, -0.4184630132906752, -0.49272599178067195, -0.5214860951289374, -1.5467404813257126, -0.5381544404768638, -0.5363289336698437, -0.571510503200978, -0.47461520089835935, -0.5448762817901159, -0.42635826581390335, -0.5337706063059026, -0.5970180679768172, -0.5954108168965724, -0.5568195722866437, -0.6357545056014922, -1.5271491036522082, -0.5038782454956171, -0.5242222276268315, -0.4427117878096781, -0.5722877348510526, -0.4934613232795385, -0.43567405149037286, -0.5873305415281156, -0.6019325229202094, -0.5694093501777988, -0.5866595080065232, -0.4515833745783615, -1.5192934851320667, -0.4755398401607858, -0.5497266125313177, -0.4954066213599012, -0.6302658441345557, -0.36233799814147216, -0.5302804443581683, -0.5088863246099333, -0.5778776141163241, -0.5663274746364704, -0.41618608427097975, -0.4144374903240035, -1.5545474893501803, -0.35695348651822917, -0.738088724343982, -0.4391597692018373, -0.5089691922012742, -0.39805579016355197, -0.6109838732033772, -0.5408297533044305, -0.5331259345634034, -0.40693449809839, -0.45168253699380684, -0.46845079119016686, -1.5505125627332141, -0.5163366281136748, -0.5502942392640237, -0.5482250503006609, -0.49481332731150296, -0.5911572876434797, -0.6051973378423351, -0.3922558999497404, -0.5635983518040395, -0.5011122047913453, -0.519868838314533, -0.47736982213804674, -1.592469741075053, -0.47990263424218077, -0.4563007665314847, -0.7006566025595353, -0.4952395244257573, -0.2749900748227485, -0.5956654817369706, -0.461494713335434, -0.5820137940399477, -0.5503275701261017, -0.4932952164178341, -0.5095205591092768, -1.5300823081283823, -0.581975668051056, -0.36475189739774133, -0.41032469638303326, -0.3637306644479676, -0.41067785095721465, -0.3183519464491197, -0.45757322923728155, -0.4872826036644712, -0.5570810291518915, -0.4660418378220262, -0.5551928514925054, -1.4889576321579725, -0.44110744941120583, -0.4361011453496209, -0.43532350081409377, -0.443531237488148, -0.2702021545706072, -0.49054860474695733, -0.45276246456315605, -0.4606226268436362, -0.491705756320504, -0.5284329133281233, -0.5292565261427761, -1.1982549332787102, -1.2108829573766455],