{"vi_exp": {"vi_seed": 19704, "coeffs": [-0.5439209222223927, -10.006194470918425, -9.401195022799811, -10.999684617368702, -9.582251062603678, -12.341081580257233, -12.495309003818225, -12.886180015584968, -13.852447053545804, -11.011979318680407, -12.920875419511486, -12.371180599291698, -11.63304924077537, -12.581207939146761, -11.107424876520353, -11.68440557075155, -12.630281050832643, -11.726414600336781, -11.065127296419902, -11.189520562114481, -12.1681781955186, -9.028067440739902, 1.2257432399084653, -9.767182349428078, -12.739851354370174, -12.526972757983685, -10.890587500004418, -13.066860691912389, -9.437208031999901, -12.988643357371712, -13.515214802965918, -12.451645554941816, -9.675458750067504, -11.24095963914492, 0.5623574173033297, -12.424319040403319, -14.38318488641189, -15.2325310584309, -11.980540209547694, -10.813003990461507, -13.222745552133476, -11.071342693676527, -9.60549452249076, -10.665694261462056, -10.342088957448913, -10.394354003905319, 0.28795127707485024, -11.429142541474537, -8.913033190694714, -11.3143123480522, -14.54225721323898, -10.760963774722635, -12.303874164086373, -10.55543394477643, -10.982356918408005, -9.458295197264698, -11.342346094090745, -9.256792807303881, 0.015347745677878253, -12.55825021803839, -11.896272021613658, -11.80099242682497, -13.063756116353936, -9.973499029750057, -11.10050470186016, -12.013372111419939, -10.680097299355406, -7.122700779817234, -10.599715076906092, -13.114738290155637, 0.07325006422599399, -10.368047945754792, -10.324845802261846, -12.209122921550938, -7.885704157939548, -11.090882736666346, -8.578763153723797, -12.744617469811407, -11.456692224023902, -12.841349533293787, -10.145518203077053, -12.094957954552687, 0.20550153466431711, -12.457558406945497, -10.352760136196672, -11.236695798311468, -12.40347836054193, -11.555270002197355, -10.108419305192438, -9.10423763524029, -12.3086060710606, -10.114641058123356, -10.381118751531995, -10.628284945755098, 0.5571868132998634, -12.233252087857755, -13.463695180217176, -10.245648476545579, -9.022862484838384, -10.534217360651297, -10.175384366812448, -10.916967361968718, -9.850913751243372, -9.79634682610785, -16.217212824471947, -9.930885232532294, 0.586385304976899, -9.547100275653285, -10.0504187430774, -7.939993076058531, -11.624255505649113, -9.78228243596908, -11.036066994568255, -13.180461886063794, -11.35181851508749, -12.312219862364213, -10.46252680968018, -10.939717928233012, 0.6960666203312706, -8.482105726063455, -12.01395736660019, -9.861998381238934, -10.707092474168576, -14.509981474824057, -11.669150965589482, -13.49251474021795, -12.638888357190307, -13.118254293748906, -12.073357062272706, -12.903306344097896, 1.2265598712774686, -3.934939954399344, -1.5755335931186956, -0.5304217981266668, -0.5147980764334968, -0.5557835539956176, -0.5309934836640542, -0.5700223892025289, -0.4019892803533654, -0.5720061714064876, -0.46912988741390443, -0.45168454398251395, -0.567909304788354, -0.477786287164005, -0.629910766664334, -0.48769126363055726, -0.5111976923028506, -0.5503166440127922, -0.3711463346467741, -0.5218256969484462, -0.36806849725290003, -0.46326646615441697, -0.5302780145655458, -0.510172203342673, -1.5662031603115598, -0.3965809260910288, -0.4124967179815715, -0.40070399604292084, -0.4554515808963676, -0.4652723008247103, -0.3671805712597138, -0.2876136022581723, -0.5504137312911, -0.5295171745764712, -0.5382878322400696, -0.5376625323266423, -1.62247059410964, -0.5703542573510951, -0.5069405851695022, -0.6215873903063324, -0.4322533573664728, -0.4184707465823513, -0.44444287734791776, -0.4688939746728795, -0.2702306472001767, -0.44318291627624223, -0.6074859439507154, -0.4795120716990865, -1.570746612327152, -0.649226120869453, -0.44048967809536776, -0.4913309365035992, -0.5132836612759788, -0.5776324090510162, -0.46886988023208337, -0.48092157568138044, -0.539659352913593, -0.5891049277234527, -0.6805036569279007, -0.6187680388083717, -1.567690033812274, -0.4103712993391917, -0.390353994280187, -0.6637890498314097, -0.5514636994052838, -0.48697833624688663, -0.550449856717042, -0.6002836255790901, -0.5902646048670503, -0.4682894548360259, -0.5422602606765443, -0.5549245372628584, -1.5671555106357382, -0.5032688056141473, -0.523075117234009, -0.5365953755422371, -0.42432009836033696, -0.5242729118868208, -0.40884839810732876, -0.5331128151935091, -0.6818655188202996, -0.6310767923701565, -0.39626366227028453, -0.6347241744396587, -1.5629055892888393, -0.5894250751276613, -0.5636402310882315, -0.507311502091714, -0.5829434105646554, -0.6309903581579427, -0.5627637171848885, -0.5116171821531884, -0.4409121301104132, -0.6109435645182629, -0.4782044974861334, -0.5481845063635299, -1.5589451618813932, -0.40746670205754393, -0.437701844865114, -0.6012903764426222, -0.5050346689320566, -0.47458471611974545, -0.597006628669663, -0.5778837831736603, -0.5241384227719713, -0.4311046054656593, -0.46105938160965104, -0.5047158850119052, -1.5220001211931737, -0.49414761315433536, -0.5227582312343418, -0.44521774131329817, -0.5606590294205922, -0.5309150036397235, -0.4939765033816185, -0.5718337968534389, -0.4774613442224984, -0.5725888974993076, -0.4086862855971599, -0.5768038625020546, -1.5295843530053455, -0.46066924676829085, -0.48931471350529415, -0.583428023993055, -0.5008902137886936, -0.5179974030798634, -0.5810848115382484, -0.49020431401888886, -0.5613870230746288, -0.5079191529436801, -0.5408259544151929, -0.6139142144070301, -1.578456103847893, -0.5437196237556435],