{"vi_exp": {"vi_seed": 2131, "coeffs": [-0.2764733781738286, -0.2891315002600607, -0.2933579023951991, -11.331970063816902, -14.34595543280212, -12.809066537214054, -10.067434604599883, -12.581583919175738, -12.80022500046299, -11.98015914553379, -12.608295207970867, -15.700125906729312, -10.964303953711081, -13.535231243987418, -10.16229853621206, -12.694589650604312, -11.368509233767957, -13.291049071507048, -12.995656316852616, -11.492211157330935, -12.137168636249163, -9.890692060015814, -6.754362790189452, -11.405640296387311, -11.3847694998325, -10.773497768078624, -12.139868047045237, -11.214695350716587, -12.461154092264575, -11.912883931276863, -12.034496293800565, -10.100632754313041, -10.340002667219238, -11.373327949942865, -12.18397786132677, -11.469776727626218, -12.356224051275674, -12.828919838337564, -12.40925462029916, -10.404628484563096, -9.705438024903827, -10.20817552796739, -11.853276111922023, -12.260482743306827, -6.771554451583965, -8.287692580203265, 0.6174520961551783, -11.531141571439852, -13.121516642552924, -14.192013132246997, -11.815902916583122, -12.503702837123736, -11.748087251844842, -10.373146045501922, -9.712603215864638, -9.849352142524225, -8.77172246351139, -9.381948470460612, 0.3709245506605793, -10.741129222427068, -10.902061428311455, -11.141303256607795, -11.71922161110591, -10.404084767086658, -9.85972609329662, -10.744651791687446, -9.882153351019328, -7.481072231990101, -11.293047652916524, -9.991547829421506, 0.31390180324052747, -11.71103842101381, -12.011713847043165, -10.203139490681316, -14.047499016556705, -10.53793672094767, -8.49005290775687, -10.829595397883121, -10.174209608051596, -8.908286962561235, -9.573351107946939, -8.70783735359173, 0.29360000748747483, -10.294218825944887, -9.309138309769256, -10.382295443856002, -11.431810730738762, -9.362920273380064, -10.030322217535451, -9.12660321186695, -10.313570884773513, -11.64267119761252, -12.9874789223196, -12.335325870826598, 0.35360015656241006, -10.6017161252588, -11.988444567627164, -9.716599705095653, -9.483250672825475, -10.92852015633996, -9.870432426110545, -11.94068147183061, -12.438189485433686, -9.555356632637556, -8.92036481945741, -9.874878561973077, 0.5852222637966573, -11.896750424303672, -10.400898018662442, -10.359735889758934, -10.345629866954727, -9.836585387112052, -11.413961711269318, -11.174253738623907, -11.852895901681404, -11.272613708033855, -8.070142360745407, 0.6073441126317725, -11.763287111092444, -13.063639698957553, -11.675406814994997, -12.346395768308408, -12.26582939132919, -10.62211047336294, -11.115183984027981, -10.859703212995738, -11.91392579214232, -11.239966905594601, -11.800314112663632, -8.422002100984738, 0.0968711585303497, 2.2686787080148423, -1.5718388799176513, -1.563971799631463, -1.568881813252355, -0.402329563418538, -0.3908422908692846, -0.5515861748655413, -0.5545632099080322, -0.6566641567658015, -0.46354852395133034, -0.4796983027433098, -0.4332829297811812, -0.4410482499866406, -0.5988965905061313, -0.5456843407586616, -0.49309773868700585, -0.6189667888019482, -0.596634470398621, -0.6404015127842569, -0.5075865064126731, -0.47569531311597774, -0.5258570790429921, -0.5604900000916112, -0.4663584765032531, -0.5718732983124465, -0.6656593009670654, -0.5693958917898739, -0.4853526120365103, -0.48887651754992195, -0.5229638725337522, -0.6275045444210071, -0.7351093867579634, -0.39400220642721634, -0.5884584364845564, -0.4669845916965116, -0.6019040652854362, -0.5066868667222417, -0.5540340447896568, -0.5232833546466714, -0.592362686751419, -0.5030297985495084, -0.5199433894046083, -0.3452428988325476, -0.4700839302840754, -0.5055146718631758, -0.4096147325944346, -0.5107492116893606, -1.554520310462455, -0.5438790830502874, -0.4066456317896835, -0.5444326622651648, -0.539621143526822, -0.6692040976248605, -0.6183188099738103, -0.4716009156069244, -0.6536920194523693, -0.4737569599681036, -0.6097950654566681, -0.4992724603877432, -1.592420074092722, -0.549193304617022, -0.4240435489471734, -0.485584482653705, -0.40284390903604017, -0.4378793713182055, -0.25225909488757087, -0.40763770303380065, -0.4488090587318041, -0.5311241795747615, -0.35377544493044266, -0.5144139641406313, -1.509684625436231, -0.3307194757893898, -0.3789855888066038, -0.528376628369951, -0.622471208504683, -0.47665298439115406, -0.2912963193850874, -0.578052749770436, -0.4511138299415824, -0.5016567191056903, -0.5413413867185127, -0.5903380260652177, -1.5439468808760755, -0.4935915615319738, -0.47993773168634524, -0.4901429643413882, -0.5503571389983275, -0.49917970623113017, -0.4671746249817586, -0.5465175973741715, -0.5181337133071532, -0.5500089722075547, -0.5261690498716638, -0.5124981121422292, -1.555462542533593, -0.3750046497031511, -0.5573743023064138, -0.5041028026412263, -0.5809077295312245, -0.6002199049326005, -0.4508148907117998, -0.568973336904107, -0.42515111703710984, -0.5127121546222475, -0.5948250272423278, -0.5973390565806941, -1.538476576805286, -0.4041054328895609, -0.515934942240415, -0.5170076624626646, -0.5541369604404001, -0.4464315512154921, -0.5655662190333922, -0.4410744731346212, -0.5703116644916949, -0.7639724108201826, -0.4879646126523789, -1.5644683245166524, -0.5601981344621852, -0.5895878092195421, -0.5199284811331977, -0.7106499838203139, -0.6057712487553923, -0.49801807288999267, -0.5342777780865083, -0.44385692012871086, -0.5091081858702233, -0.44318404686530094, -0.46291780877008026, -0.6000935358455897, -1.2879544916816783, -1.1332897862343856],