{"vi_exp": {"vi_seed": 53977, "coeffs": [0.3347915036578817, 0.32692580757577494, -4.8847105787142455, -9.53780780615376, -12.22439722342555, -11.633194559299163, -8.004947504153852, -10.393090641979397, -8.595151592911424, -13.087772757663409, -11.552063054139648, -9.967223144843844, -12.010828936453708, -8.040888986346769, -11.406758468826345, -12.463870007151431, -10.275222657209666, -12.683628065964408, -9.497616479378674, -9.303136851056802, -9.583968045632844, -9.867586600451656, -10.822184956579585, -10.324564051895203, -12.076374711454758, -13.20047702864655, -13.489994823358714, -10.931319553852072, -11.72508742610608, -14.349390315795183, -11.79202298107897, -10.967912393257754, -11.196189465332145, -8.943726168458564, 1.4099663434079317, -10.118400090940394, -12.232863014248807, -10.335167780871796, -10.381587151953045, -11.085757325509137, -9.79846543416917, -8.456099736535595, -11.694575635354733, -11.6073087684172, -10.966551717363808, -11.130693395564595, 1.1347936167758028, -9.309982390178373, -10.598287029902053, -10.564390851822266, -11.947224017551582, -13.689477559185491, -9.979769039939889, -10.872855406251634, -8.261327445492874, -8.195770399839986, -9.227690269137995, -9.062559253964528, 0.8837874590215036, -11.466250547061895, -11.717714213323138, -10.838354140772179, -10.917588646754481, -10.650695684493195, -10.654125519666612, -10.1089649125333, -8.162695668584764, -6.58116079193828, -10.233372258948835, -8.742540771920867, 0.8443629053243041, -11.179771833840098, -11.520992230061088, -11.574581490646224, -13.025352880193353, -10.665639156013148, -10.501486258618002, -10.832103318900652, -8.513014616701012, -11.618574676278802, -8.034702095129225, -11.103528421707002, 0.9292260473870471, -10.853131926882421, -7.315378476859606, -10.798338864292841, -9.567009836987422, -8.372760568409058, -8.47097754573221, -10.975395519278562, -10.272523539476076, -8.854312897564066, -11.833181260796065, 0.9167781833502426, -7.214240869077499, -9.211489837790978, -10.140211881471776, -11.588312211024666, -8.974348250425335, -10.881251059846592, -12.711864422969773, -11.551150139146444, -11.75773332060665, -11.675368916906322, -10.994615870746573, -9.251102615272073, 0.9503829705449389, -13.137004918915096, -9.178558803000298, -9.476354757794583, -10.653770377791888, -12.31884963624677, -13.999735339809112, -10.813394282217569, -12.384776774229241, -10.112543495130325, -12.591455522932067, -10.688067113473778, 1.0839653290867282, -9.205536672931288, -8.38021697321898, -10.270351122665135, -11.076434365980461, -10.34184326955907, -9.233802226024103, -11.147640815174649, -13.152861560237808, -9.858379155362108, -8.825946788017113, -8.265388659948622, 1.5043994311767728, -10.944633075764068, -1.546458195300343, -1.5443702781064679, -0.6485634389772564, -0.5507008971353449, -0.647288053149955, -0.45359452413540363, -0.5153746766855549, -0.33177163720986713, -0.3753516384349458, -0.614057663003065, -0.41729262000264733, -0.4620047545380652, -0.5740948426782014, -0.4785963453541126, -0.563738466211797, -0.5146307417540781, -0.5945854724349896, -0.5336147411395883, -0.38549918054850796, -0.3600653600824146, -0.5010961108397685, -0.5343339332615564, -0.4978816017095401, -0.5951874455326022, -0.5127136917269578, -0.4554984683435002, -0.5472026625497094, -0.5939782867731105, -0.5972726570890698, -0.40171275755505814, -0.4902509911107413, -0.5161956784508768, -0.5116776991275969, -0.6290616983467797, -1.5391586374552684, -0.3576179465131122, -0.5135548138277163, -0.43924949252498263, -0.5139792303270694, -0.4826490721494659, -0.4019114138734094, -0.4005215138601667, -0.4753628354677496, -0.4860405108125601, -0.45645854256605606, -0.5059036409014708, -1.5485937688080194, -0.500373720171136, -0.5479583155354049, -0.46131188657993566, -0.5715932470810273, -0.6200455742513007, -0.5538950114803582, -0.4455922368076075, -0.3594752213546627, -0.5245251051977683, -0.5312869146156493, -0.50948713226181, -1.5609562251058522, -0.5196864672687125, -0.5054375923874919, -0.5595719794081103, -0.5650573807676967, -0.5525262397149553, -0.35735899683037314, -0.5718576876963364, -0.5806719013484117, -0.39950916152513966, -0.5459547440239807, -0.5533525000316154, -1.5203631114643634, -0.5757299900057986, -0.44321140441928814, -0.6175758074298533, -0.6460897642175989, -0.4776546737511995, -0.5698437895862489, -0.45478003196323413, -0.514225243489193, -0.6268262142153851, -0.534618001409045, -0.6256581301961982, -1.5414855522136002, -0.3954552578002969, -0.04746602013356141, -0.496757624104009, -0.3282775998653298, -0.39723739789471546, -0.5391366245820444, -0.5689312107714909, -0.42287202575922045, -0.5370222986508489, -0.4539642048254243, -1.566466377173663, -0.4691816263786808, -0.4204478031098368, -0.47447093038362415, -0.5332704755350828, -0.5154411141861706, -0.5520720092865079, -0.6042281529893896, -0.3471193500596177, -0.5069433362545159, -0.5559025781482095, -0.5583831429244009, -0.4981811290633684, -1.5487007395889503, -0.5711641747538599, -0.48304773584748845, -0.34070620660638323, -0.5365068433876985, -0.5705117905986921, -0.5553376231502535, -0.5102997867812761, -0.47672945429870295, -0.6329214966043217, -0.4697938544637234, -0.4851601194675697, -1.4983005443934565, -0.5561338355297585, -0.6511277617752298, -0.5145776497153043, -0.584291720236928, -0.5850928807126861, -0.49447396489768186, -0.5367695734994024, -0.6025468180706005, -0.47667561557023735, -0.5209466038769781, -0.4700058345276442, -1.56603236027348, -0.46132464604097956],