{"vi_exp": {"vi_seed": 180, "coeffs": [-0.5365642694541487, -0.5378117017410521, -7.184555916334286, -10.240844657841489, -12.450266982732908, -9.73538922574301, -10.936772932202038, -13.815317171576385, -12.655045668777372, -12.106081307949395, -12.192837866818303, -9.496454835063366, -11.125529985725008, -13.1109417170971, -11.244100534088897, -11.116172806174447, -9.502009262348679, -9.773919068552187, -13.169123127477473, -12.480004505941109, -10.64172838599185, -10.738441803620082, -10.098495273989725, -12.593126529198324, -9.028012676828878, -11.301111668604475, -12.326708240959679, -11.312341158152837, -13.01833851495074, -11.233193585038428, -13.871058085897548, -12.86364642614371, -10.565416207094422, 1.212413264162053, -8.669265170584453, -12.111343740641853, -11.305647504040303, -10.880248894705772, -12.873146432644207, -13.379772572706532, -10.231297959608618, -10.591683657802164, -12.706036107269437, -8.99699233496044, -9.230131250676823, 0.7393246341595311, -10.568490573013268, -11.764612162237754, -13.419255153815772, -14.578674502747312, -12.542792078325895, -10.578572523882459, -11.609937566618493, -8.976138276717439, -10.526592567015502, -9.20990579682852, -9.912251661999917, -9.067068536435412, 0.11053956276689589, -11.839224977049064, -11.007130116033638, -12.529834534563928, -13.705934355456098, -12.79709650497346, -9.377475626190062, -9.806811527143406, -10.127680848564857, -8.84174108355979, -11.759062691263352, -10.947825384060538, -0.0035573115320181284, -10.499875879233224, -11.66921130175618, -11.114769244432969, -12.850289261491024, -10.992350195746106, -9.838759907908072, -8.861894589357425, -7.817007557192675, -9.381635383390849, -9.73493258508873, -10.813405525570268, 0.023356017126886806, -9.929933816793797, -12.751412329926124, -10.171500389236337, -11.766714946148378, -6.4156819602934725, -11.620665598184319, -8.102662168061373, -9.964121407975213, -9.433852797996721, -10.491937492117188, -10.19341308563744, 0.024778840061443135, -12.953561014711296, -9.723329607613733, -12.913747244955644, -8.786288419445393, -9.68309491154283, -10.969553105359763, -11.139019728702205, -14.527154234053961, -12.011429821891992, -10.479131620254995, -10.458280552768606, -0.046587558441828054, -11.472125146710535, -10.084478629768322, -12.983955257212102, -12.418132175019728, -9.643830770349334, -10.558245651563597, -12.781047222493353, -10.002032430252966, -6.6188609961384985, -8.774589276128092, -0.02196638066489991, -11.352345320354338, -11.665320030878414, -9.906919714294558, -13.116004956127906, -9.345394547758689, -10.27266849427548, -13.18337056185046, -10.717827298463382, -9.948381522809996, -8.903327434253995, -9.949423119247756, -0.5839544919712378, -4.737473686881465, 2.294317056256577, -1.5556109073758886, -1.5215313700374682, -0.4024999482011062, -0.5430475914351863, -0.5999750475908008, -0.40928421026175094, -0.47378026536885337, -0.5399067325253667, -0.6172653467652447, -0.47098051184896994, -0.45433141683959566, -0.5458517202697177, -0.5023130477029171, -0.656724497452835, -0.5061938440408061, -0.3686849671377678, -0.5305768471528107, -0.40615950576536963, -0.4253843170760987, -0.5200281589794781, -0.5459058569002949, -0.5502635277699727, -0.5150909752441399, -0.45700313876748244, -0.5354365494565013, -0.5183398375805329, -0.4903439397782527, -0.6168916832659338, -0.45587855249220105, -0.6321417889238309, -0.6991762581243488, -0.4183652943741929, -0.6069629000090851, -1.5456796946132203, -0.5272259416122227, -0.3490715691922917, -0.5993468017972791, -0.450750765587318, -0.5625846304991754, -0.6781562406673021, -0.2926987572387046, -0.534445213154089, -0.5142395502539833, -0.5318226407990612, -0.5476433439662118, -1.540444162068071, -0.5587873980132161, -0.5504777390493704, -0.5793622750124101, -0.4983605828730656, -0.5457465883085957, -0.5327479703109549, -0.5219215048383911, -0.4733371375758098, -0.5320452290994448, -0.3953035416634336, -0.5664893735086755, -0.44161219650180067, -1.5087291190769312, -0.5600148190449232, -0.4852723883952906, -0.36003013406256207, -0.5870037301794465, -0.4995847427948229, -0.3886808340008872, -0.5862262705960231, -0.4542307263434518, -0.6029023802506939, -0.47738660027410545, -0.6381809911085289, -1.5485733298778837, -0.4077340697416265, -0.41342377304999167, -0.5350804472548862, -0.6078472007186702, -0.42768568012309, -0.4392467208557712, -0.43658683726567415, -0.40801546129441857, -0.5201138302623673, -0.4215257390273641, -0.4545656458470029, -1.5302555069621862, -0.529380937821969, -0.4820149341727541, -0.5083622077315418, -0.43648099425499176, -0.29601885887723545, -0.48337262418111376, -0.4510526214801884, -0.5609350832303155, -0.5287891847912344, -0.5789282149599965, -0.5108007699613433, -1.5660915083519933, -0.46016032773757454, -0.5411648667542691, -0.46443003726296217, -0.49869155717882924, -0.5535750249002399, -0.4941193749617262, -0.4693401282566211, -0.36607494122634265, -0.43875317157447036, -0.48406518393018577, -0.5376365647771324, -1.5555459016829543, -0.38906498234682585, -0.4837697407499534, -0.4219253569443097, -0.5429771419183109, -0.5857226122795233, -0.46890473559144774, -0.6221700739150944, -0.5653115749791556, -0.46003974182969465, -0.6372242034972269, -1.5535256735882583, -0.6706931233533582, -0.5151400493536458, -0.5313094299293297, -0.5956492241712433, -0.5353202451665913, -0.4490145026694117, -0.5967879251493918, -0.4858390029175219, -0.4503786155282228, -0.4338357552468735, -0.40756324900103374, -1.2034705730158188, -0.5048678363049371, -1.1834075145119998],