{"vi_exp": {"vi_seed": 27988, "coeffs": [-0.0887529849923948, -0.08192978221581997, -9.265259180752158, -8.450104061140866, -8.626814772033695, -12.368913813486788, -8.331318715611538, -10.976579417171445, -11.051347768528595, -10.122067839023494, -11.484280666665716, -9.684569771757843, -10.45161928043527, -10.66849568908058, -10.386919112542177, -11.060880457278726, -11.510156286274393, -11.436850141628302, -12.858508832683876, -11.418531948868779, -13.583202789812786, -12.226342018998734, -6.822265104887783, -8.677477973809307, -12.065270948915458, -11.765525169183435, -11.982748661471092, -12.866506498202172, -11.963713293650976, -8.075802914140665, -13.236512753955916, -9.739502082732795, -9.821481112539507, -8.796028590597565, 1.0199367603134872, -11.078471404086054, -9.854025720101891, -12.335210688295055, -12.111062089228948, -11.188102157020333, -11.1828302221453, -10.831066343147363, -10.83739295558709, -9.45010936447824, -10.672946666471633, 1.0085074740570146, -9.474610927718922, -13.410490379938299, -9.639992627649152, -8.635229431639493, -10.4612033822425, -13.534162739499234, -11.00627413903466, -12.159307298086166, -5.660764147329014, -8.641900898318564, -8.593528120367205, -4.927223933797847, 0.39836328471800453, -11.073741496510118, -11.636515538413388, -10.114624900964081, -11.785052192131305, -13.919016679035952, -11.78929146337403, -8.000827851493517, -11.215857802684125, -10.672647547767884, -11.022196650650331, -10.326864853459194, 0.24826007679693554, -9.717752575750122, -11.94145150293508, -12.98135639441247, -12.728000018016758, -10.491103550469141, -9.930329204485613, -11.748654257751111, -12.332333655593688, -9.790711170603156, -9.068382398241514, -11.379094654286309, 0.2723341853031162, -11.073887433994658, -12.464295191007784, -12.009145799382857, -7.9787196854758555, -10.58618367421711, -11.184513619910234, -9.771420083522681, -10.867833660593064, -8.962520368895213, -10.387489684898231, -9.968513765663348, 0.19962784920217136, -12.377081203012617, -10.283129110612833, -12.60493879433656, -11.160121324505111, -10.034496040059928, -11.65976891573981, -11.81711050802677, -12.258272160690215, -11.606569068730042, -7.321500424213416, -9.153759049488722, 0.20872791542501418, -11.078267171264132, -14.37594298332472, -7.665571476335933, -11.124607501639254, -10.983630780496863, -9.979592746096898, -12.367640935294778, -10.80578626781227, -11.35719716047372, -9.155110408951222, -7.628954020851019, 0.1250064448872862, -12.338018700780342, -10.009080278008025, -10.114151658381092, -12.124292343207602, -14.754841316947148, -11.448484911715104, -12.293160061811319, -12.161088633179041, -13.593407241050066, -11.825034978653596, -12.154587671351372, 1.132279166026603, -5.723971794231954, -1.5456176245098272, -1.5412217828145152, -0.5455906752951409, -0.425509670009849, -0.4651954801764051, -0.5103638936620141, -0.4510511936918961, -0.542892748391002, -0.5507080287716642, -0.4128660946293422, -0.5717978389567737, -0.6017448001151787, -0.44843731906828255, -0.4730954834880197, -0.5602568857654411, -0.544138971831081, -0.3874353291189391, -0.6136722582234359, -0.4960138350486286, -0.4644797927227748, -0.4628252031211983, -0.4286455343450667, -0.5566544979144393, -0.5158516634750688, -0.5053799034034916, -0.5369673707124866, -0.5426389720058948, -0.5041355022251821, -0.45855305692414533, -0.3977030676299073, -0.5400767982999949, -0.486053683182497, -0.32787276813359506, -0.5177559233898182, -1.5369033485749777, -0.5242828405561761, -0.48624013853889847, -0.5144101821643643, -0.7105821645133078, -0.3516830425760867, -0.45877052798632995, -0.6424075346973167, -0.5267591933129184, -0.6232447343575295, -0.41579566983180694, -1.5180153014180429, -0.607388700626825, -0.526997426356627, -0.5633008614153922, -0.5323787560024249, -0.5278454894375695, -0.5764127486054907, -0.38258118458229745, -0.6240311080667706, -0.5744539124666849, -0.5844701708606693, -0.5598792189616542, -0.31133115786232823, -1.6069320621783996, -0.5061988343898932, -0.4063335727015271, -0.4880560271036571, -0.4968316084822546, -0.5613773893168801, -0.5216986561965226, -0.44410148805215005, -0.438388436483828, -0.5774247650446644, -0.5913304524863796, -0.5281620576745523, -1.5619014774378297, -0.48170403005784185, -0.5196932637977856, -0.532924471494003, -0.6051808237670518, -0.5091687411293191, -0.541423947964823, -0.4944103807065339, -0.47963854735169403, -0.5432965539396991, -0.4752184033297859, -0.5958969246769044, -1.5102459877590546, -0.4603484306699767, -0.488276974127252, -0.568267833617992, -0.4261698540333558, -0.5144650428634043, -0.4510436900791357, -0.5753382486052493, -0.4898294042893284, -0.587456422816603, -0.45905975039734165, -0.5966339490643621, -1.5447042251626546, -0.5173726831249886, -0.4603416110234916, -0.5813018744611673, -0.4901033882574556, -0.6647166243787399, -0.6088516503976301, -0.641179946994618, -0.36567912082093756, -0.4254888022625314, -0.5523223125388866, -0.5989139578800896, -1.5611127573749195, -0.5057412981120556, -0.5931975251467942, -0.5793543327356125, -0.4399803882333643, -0.35745202216242644, -0.5411711098210686, -0.4320304514421446, -0.4656856691158164, -0.47200378725532216, -0.5743531176848822, -0.6265484762502632, -1.5687021194080013, -0.5707950225469347, -0.55437165452155, -0.594460596513259, -0.4965860822674523, -0.602791746038435, -0.4865788309980005, -0.5116148166330062, -0.5065280890576532, -0.5346389731786914, -0.5487784880179504, -0.5847148954195887, -1.5788309952717137, -0.7115643388167933],