{"vi_exp": {"vi_seed": 12353, "coeffs": [-0.2645709151329427, -0.27916196567289864, -10.443314070587261, -11.485376819360946, -9.549751806459888, -11.561069831562543, -7.168500448628746, -9.607590458828104, -10.041312333153334, -13.109018357218558, -11.32789248572023, -11.51244665065132, -11.648024754282025, -10.94925358956884, -12.186945551705572, -10.734319939582265, -10.011557482631947, -12.418159570494831, -9.336814843890307, -11.045416070819408, -11.63297920453514, -14.01196859117915, -5.791291118229929, -12.112745832043045, -10.031636788499377, -10.717250008634938, -11.100667373729053, -13.117212956299827, -9.346891678442384, -13.135247708666205, -12.243828685298963, -8.603920599656623, -9.249053699610984, -6.8581022851667495, 0.8396500205696941, -10.282860397998416, -11.136166102255181, -10.207067715290055, -11.90980693940971, -10.783734432564472, -8.33640437095358, -11.250325814053701, -11.645795219586315, -8.920021422947434, -12.049411960024397, -10.194597553666155, 0.6478624272070481, -13.126578373575336, -11.539152607248472, -11.849619400391493, -9.207738606023504, -9.558353315552075, -12.4956216282469, -11.111623163450755, -11.550395207166158, -10.03287250828124, -9.214744179724521, -8.53200014672709, 0.4299720457731976, -9.853192334079829, -12.022985146589441, -11.403441495399194, -11.225547180362257, -12.625360091454255, -10.459045191586714, -7.456212996338918, -12.012601222019647, -10.528886699091277, -10.356130514115376, -11.753036228411785, 0.5499401547545583, -11.958900839402313, -10.737617130063418, -9.675527989851325, -10.280301353700246, -12.188270920357988, -9.486227799813399, -8.334491205289035, -11.115128914070329, -11.443708718531829, -10.839160758365429, -10.970638123760937, 0.6391508928957633, -9.58683665548871, -13.187083691749956, -11.333724063064855, -12.751712517740243, -12.950399753784097, -12.713296958790709, -11.39525874889266, -10.702329303697516, -13.190901739689672, -11.664244110364324, -11.061216287696388, 0.9641346162249079, -10.218330844836641, -12.01739536692159, -10.634063681635833, -13.539176472805483, -13.095214763935296, -10.820193217227565, -11.140146183762962, -8.470917970833417, -12.258572755162067, -10.743808161604347, -8.954285822350894, 1.0060470387177873, -12.86186433624938, -11.297094923453221, -10.744409470680074, -10.650451008766023, -7.883909328583, -8.463025217905482, -12.243501740462285, -8.221118075641884, -12.077996963722223, -10.851854013763072, -6.942451697256342, 1.2364553045448994, -10.284620206155125, -8.765960488010695, -9.531989931076374, -12.802411415572376, -11.472633449817996, -12.2431013240113, -12.38870252464269, -10.343342725464815, -10.386135337196453, -11.009839777720073, -9.812445162136303, 1.5214905458739987, -9.225347214535372, -1.531332140855427, -1.5203639855666555, -0.5524673400493324, -0.4126689562465013, -0.6790481675449913, -0.5495943726756107, -0.4557159777411773, -0.4838459873697993, -0.452572451253835, -0.5144357627053396, -0.5566897427911667, -0.5419376430617114, -0.595066101248544, -0.4028693816500124, -0.6200063054965964, -0.5271929427744882, -0.4793721054790035, -0.5467133734306847, -0.5233186276898792, -0.5319690238427555, -0.49979638005964233, -0.628874245777053, -0.26719454740634013, -0.45913796973040855, -0.4744016470813392, -0.534986342515801, -0.42965984026757903, -0.6480690591201369, -0.3936794442632812, -0.5581032474587614, -0.5401463855268634, -0.46041917555698014, -0.54416963861936, -0.5754436850489876, -1.5538997364193978, -0.5132667029452432, -0.4191048529606892, -0.37767107584017734, -0.6446228565672615, -0.5848731579020111, -0.4837349434375063, -0.4307442265062961, -0.4908834229685508, -0.5478805745109392, -0.6828355535305427, -0.5733043885924212, -1.6043808719102648, -0.6025321103898801, -0.5759860448699382, -0.44664139020435084, -0.6677900599505802, -0.4986080683100565, -0.4096873924356704, -0.5312642153090638, -0.5028100062036108, -0.6920928451892799, -0.5224724264131148, -0.4712236017934551, -1.5291685400688328, -0.4099607334854137, -0.42910891894361947, -0.40768355192615385, -0.6143117095660606, -0.6009525587282887, -0.5453196304868209, -0.4137454939062986, -0.5099317295183485, -0.4122620311750831, -0.5260017373768927, -0.40819771588998377, -1.5433023776856083, -0.5025293213177783, -0.47141055316195213, -0.6142572748483515, -0.46979823547351407, -0.4521426181608734, -0.5373092566913648, -0.4036120846957727, -0.5285559603691986, -0.5281861612617067, -0.4984948505664384, -0.5288556363395107, -1.5484636144377861, -0.5558232112279119, -0.6119847684801122, -0.5365733054280425, -0.6270361606077209, -0.46662991862210584, -0.5612113694194241, -0.5487027338311389, -0.4620482364055976, -0.5792027192508983, -0.6073810582452257, -0.33680571387811215, -1.5153377992179973, -0.4974676108155659, -0.5311530202670061, -0.41951491261450075, -0.5442555372707216, -0.547680301917042, -0.5211181863104385, -0.3828880045112565, -0.4950800907535195, -0.5310255892425154, -0.5646737582225384, -0.5778598619233526, -1.5669497965084276, -0.44972245363924623, -0.5014219398004173, -0.5800938458026131, -0.39233917491202436, -0.5239913651685175, -0.36560421492907713, -0.590391873117705, -0.5761841318136103, -0.6136331092558912, -0.40688189572765754, -0.6477858463405366, -1.5586217165145761, -0.43878504054605805, -0.4668630465823325, -0.5422182278992892, -0.6288051624449237, -0.5571008220874755, -0.577995453200219, -0.43612200875983564, -0.53020433034456, -0.48297340640390335, -0.5465981990021395, -0.6902434902149324, -1.5305653711810911, -0.44457577572980905],