{"vi_exp": {"vi_seed": 18362, "coeffs": [0.10200052101900837, 0.13155053571483455, -7.388756525237695, -8.641311209796283, -12.829788866560719, -12.545880515694764, -11.293217840060771, -10.915283063808472, -14.39431026482422, -10.745971528036504, -12.218107245362798, -9.501238080669763, -13.639053783378472, -13.040479180088832, -9.515301296488778, -11.787888011366336, -9.45249848404875, -11.889358708996042, -9.780090165389629, -10.668611093619504, -12.980944146188833, -11.949401626607308, -6.9568413197568235, -12.57604862999134, -11.77159281240196, -11.502675712222048, -12.334022055412282, -13.935358423591225, -12.021285994064936, -12.485787458603044, -10.906264633980486, -12.569969248404112, -8.16201660705113, -6.242718423895209, 1.2153528254357646, -11.034254849293566, -13.841101325444036, -10.745229759802053, -12.349534964988198, -13.385712382267627, -9.747372308560422, -13.063262281535952, -10.79566429719182, -10.962750803609449, -8.547899958303747, -10.861939411562973, 0.9186075981069057, -9.916931170304192, -11.648672746205863, -9.719647081109475, -8.99791741594737, -12.690016542248348, -8.83035221541363, -10.593605701600403, -9.179088465298525, -10.507727558185348, -11.25651505982497, -9.81895810995158, 0.7084647380994458, -12.73123229230919, -14.49031916411327, -11.3360325641995, -10.722220975460004, -9.859248533969314, -10.67666231252881, -9.07564907470011, -8.521723171191379, -9.600994491919389, -9.603009496520915, -8.365037518538347, 0.63197497319607, -9.341090961736707, -10.571910672688078, -11.546380114506269, -12.279338686454436, -12.063426364028436, -9.305873026380366, -11.191541397000742, -12.491746405885817, -9.634347951739176, -10.104761448816452, -6.582522228543275, 0.7674583983209992, -9.429469924346392, -11.739487272246267, -10.989549984830386, -11.312979772569927, -12.161559728800903, -9.386428392916475, -9.181668903826942, -8.536410210224544, -8.999159813846164, -8.741974845276383, 0.7514847808409817, -10.784731554827212, -10.689879318985213, -9.441490537829171, -12.586270493483733, -10.19446108844643, -8.734088360241179, -11.556005816210691, -12.443178159926074, -10.881237235746207, -9.6909684203314, -10.846804480530276, 0.8190579236102333, -12.867993824009721, -11.030857653713174, -10.952387462837555, -8.80315596199088, -13.220551705243212, -11.421206762554519, -7.722125307536609, -12.781411093545028, -8.6378983918298, -12.258749501423477, -11.310861276914933, -9.683206351548142, 0.9868686067210463, -11.323246740907972, -8.010153317799798, -9.353759681671635, -11.890604267790756, -11.179953880755296, -11.0773759552087, -10.792450054259593, -9.804955144396763, -10.93759361243447, -10.806293988412474, -10.384770343710091, 1.2131873892511875, -7.321412899005982, -1.5166463917794926, -1.561799421225782, -0.443541816850825, -0.5254946864956612, -0.5161817948154324, -0.6753470117959525, -0.2247616700637952, -0.4965634101008436, -0.476751596161847, -0.5101234952322679, -0.5302653091909321, -0.5377005445929247, -0.6063305791145374, -0.5885867485237396, -0.5947312897348109, -0.48833977389947236, -0.4456071930635804, -0.45151459048873566, -0.4887773398454801, -0.6267505416144799, -0.5612389335991855, -0.5206341024315105, -0.3933436172606985, -0.5809450956449302, -0.5538441076426366, -0.4418364982208395, -0.5371967801540793, -0.48638066944121544, -0.5118525975657514, -0.37212706402136836, -0.5021094794586914, -0.6416793191012974, -0.32646011318840934, -0.5004114925671492, -1.5472535366329834, -0.5629592283221059, -0.5963263720493447, -0.6267377254030392, -0.49824090216619354, -0.5832166849862842, -0.39031959382212983, -0.550513578670077, -0.6686629920874589, -0.6215219829343385, -0.5154605341636057, -0.568000521170818, -1.535925076470722, -0.4904026046144915, -0.47484544770991344, -0.4712044400925529, -0.47762060014443686, -0.453533112630274, -0.5128810596287471, -0.4661913090996155, -0.536843484648478, -0.4567133660485037, -0.4265149894311956, -0.5103577437082123, -1.549166061116205, -0.5373540337066444, -0.6779515252876565, -0.4786415828267507, -0.541207649117552, -0.5977607724924741, -0.6095506354584771, -0.5237381687005676, -0.5392947453882203, -0.46239492225581785, -0.6285410314733184, -0.5095235461144847, -1.5447998789996784, -0.520236732035214, -0.4915553361286212, -0.599303214151983, -0.4120917547553623, -0.5605950631566186, -0.5206616398195236, -0.5786961366541599, -0.5037011337165889, -0.7263716989557114, -0.6517444851430991, -0.2635955290883508, -1.5729261071109137, -0.5687944607781746, -0.5075659985005635, -0.668894277004934, -0.5664743118216734, -0.49811302745287916, -0.3826500153997587, -0.5337450041938994, -0.4652297351069805, -0.5312546407057938, -0.5232386974946378, -1.5157263166133041, -0.5228152587658387, -0.5382459567446761, -0.48288920941349533, -0.5359943764181603, -0.5406268623848822, -0.4530389966242028, -0.5325321968138972, -0.5976696486793897, -0.402728199689845, -0.46292453330988154, -0.5410992432590113, -1.5811155976663747, -0.5455352635938865, -0.5325268918834128, -0.5168884619305892, -0.5933689150856839, -0.5606428725088328, -0.5844834641372528, -0.5860462141901488, -0.5848485245022791, -0.5631287187717523, -0.5666625207662352, -0.3745356135563133, -0.4404290918207782, -1.5382041764199, -0.5861912840104352, -0.5553200270186259, -0.4354723693742571, -0.4766410324800829, -0.43533581952838873, -0.5002651431125441, -0.5929250653478277, -0.5283520298983199, -0.5692883092826397, -0.5735198680170394, -0.3621158407147282, -1.5169036530326505, -0.5128345358540065],