{"vi_exp": {"vi_seed": 55236, "coeffs": [-0.3210950769105122, -7.727238144625918, -11.690954099779871, -10.944053283828538, -10.649149921484167, -12.100390392423284, -11.261806204183085, -12.091273862030667, -12.557829451654325, -12.331097009580546, -12.404916828095322, -9.397019646497093, -10.873171073820401, -10.911741080184221, -10.067255457586164, -12.563352647929415, -14.064779006071053, -12.513198474549016, -10.966049669072614, -10.678025761323827, -13.611721508934567, -8.634291090522026, 1.4086991876863943, -8.5456278076789, -12.469620853100597, -9.889355602715996, -12.052727705969387, -11.28061169971139, -9.395253224611606, -9.632943231918473, -10.988260817639912, -11.382790131836364, -12.067377725533944, -9.185396457927705, 0.835881580605364, -11.252307111849207, -10.310318660929207, -13.8893318198467, -9.44977522435519, -12.680066635071102, -11.513136497840495, -11.841258048887735, -8.00260588734583, -10.78527419957477, -9.432815170564018, -9.823987682079085, 0.5127233738242798, -12.761942225617597, -14.38333427564711, -13.084788278929958, -12.197718115220779, -8.702731469568535, -11.154184019630156, -11.290915079284417, -8.855174175936483, -12.436467227379397, -10.049653005026123, -11.222850956343242, 0.3510975098679907, -12.447675330334006, -9.263211461821006, -11.936276439672193, -11.67427882166047, -13.786913510644544, -10.657258748123802, -9.578144721542168, -10.805708226858652, -8.154646028719116, -11.512750967380372, -9.506424433957772, 0.22109762563681765, -11.384691826065398, -9.09907124928927, -11.287662921203726, -10.945297441694219, -10.362906514175483, -9.370358199538474, -10.226369565547488, -11.30428427084748, -10.959951007275906, -12.111809914726464, -9.491228377311968, 0.27512442485402966, -13.055427850180527, -11.323205568219272, -10.745102356032481, -11.969282983056178, -9.56346379193368, -9.807475265999539, -9.638143794967093, -11.120912956289608, -12.254260382958439, -12.112779725922175, -10.076618266031698, 0.5873253335742359, -12.530782943735181, -12.294768040083783, -11.903708280150013, -8.762177789533421, -12.318737321629767, -9.673190076252459, -8.957984582398895, -10.462974035017808, -10.783898180753981, -11.765153316582367, -11.38198218615413, 0.7320735441565521, -11.699403982250415, -12.76018058362256, -9.059816025831868, -10.384630609332817, -12.861737251878653, -9.815647744876975, -12.851078342606199, -13.454553191060473, -11.44628061799316, -10.5426992898073, -11.561307273018619, 0.8127069277024795, -9.64506022887909, -10.355302144619284, -13.014076515704796, -10.880557470526444, -11.026732943400127, -11.50780251132718, -11.220114373571267, -11.29481872471695, -12.08455406365635, -11.34026699015563, -8.70307411286897, 1.2064732260181654, -10.731567620788807, -1.5431641716019875, -0.5370416382261168, -0.5689258024403353, -0.4565506775706276, -0.5723929834314537, -0.48557137003214645, -0.5488017693548353, -0.45822625402679856, -0.5284632743464258, -0.5801382442374454, -0.607171947741287, -0.5255610208713001, -0.6123738133590874, -0.5531823663084088, -0.48468664178101306, -0.5597743030021702, -0.6480135315173848, -0.5275098874642389, -0.46775523874040825, -0.49421504951539236, -0.6143542195113051, -0.6026686295058842, -1.564431795702769, -0.47811393058453944, -0.4014641143525214, -0.3215625966911467, -0.5538806165710386, -0.47562401867168325, -0.4629127693181342, -0.5579717545604989, -0.3235261541504847, -0.43223302963330634, -0.48423744134410723, -0.3835802879506277, -1.5478724616581694, -0.5545991232257721, -0.4126896909890437, -0.6197932850689729, -0.4384582249805779, -0.5492701246579955, -0.45779985129040085, -0.6175625109476482, -0.48248170187768263, -0.5887237990892303, -0.44241003012693747, -0.5876266390263936, -1.523659510962469, -0.6027154094346509, -0.5602752453988312, -0.5059940654553486, -0.4081741102055782, -0.3330608069727808, -0.6170010133191722, -0.5193000323342061, -0.6078243224289133, -0.5150829695648007, -0.4250169751229183, -0.4520658835388805, -1.54293975749659, -0.5465697503047255, -0.6584281642017451, -0.6073849289531243, -0.5050929146361395, -0.4210482341252512, -0.49704954287863773, -0.5540271180736875, -0.5498057045755793, -0.5049672342930538, -0.6252572460561061, -0.46487267032545077, -1.5099186361586892, -0.44551759557491116, -0.4806108759568457, -0.49783889404633025, -0.49197457216354434, -0.45337255861688286, -0.6034894188713676, -0.41624992768952057, -0.5729238764058658, -0.47672160592616925, -0.5771132919609236, -0.4843288393522134, -1.535769257082681, -0.49120141503514103, -0.4116807042902315, -0.3957636085527906, -0.49698178369126145, -0.4924920983868871, -0.4945660076151611, -0.4637970251288313, -0.6122701617705748, -0.539569095866049, -0.5076229681119417, -0.5334566147669585, -1.5488198818285681, -0.4814442973798586, -0.5949300959846187, -0.47203247037252183, -0.43603423065808283, -0.5310176453263915, -0.5299303267229958, -0.43099921825324783, -0.2905879787715848, -0.48417946925213023, -0.6153035038872428, -0.516800206258459, -1.5506690290559646, -0.5408588187903015, -0.6124434250878715, -0.5486272890093603, -0.414315164458326, -0.6112310865252613, -0.487625001473782, -0.46888827494263735, -0.4794902290593514, -0.4087090927554193, -0.4686382222663156, -0.5623397379183, -1.557277429927372, -0.47807759452058796, -0.4596141888089427, -0.5429833853161586, -0.49384846270779814, -0.6485078197827859, -0.5696384115902187, -0.5593116217681533, -0.4458552808801531, -0.6800228805906076, -0.5511949646397629, -0.34874814134313953, -1.5153508274062293, -0.41546481324916695],