{"vi_exp": {"vi_seed": 25302, "coeffs": [-0.3515785024037733, -0.3714320194942974, -11.54118036661511, -12.040680222976333, -10.974266800977066, -10.740201103258721, -12.196629030387985, -12.398157045308619, -11.982606129849861, -11.262577544309949, -11.86297821147174, -10.699070805225476, -10.99916762860081, -10.13636223119955, -11.46069466804028, -12.669734035266904, -13.780274418811814, -13.648940192433253, -10.203471873333129, -9.05464942277853, -11.982631811146428, -10.482462241641866, -6.111308219618004, -9.579484246373129, -9.480146078766861, -11.100336439037815, -10.840545830707656, -10.80286048898666, -9.852902803583534, -10.636473958220662, -12.842932226519064, -11.584890828820674, -10.120042778347765, -9.4217799959029, 0.7649617731435522, -8.531913766787596, -12.585738984936878, -8.997513129002009, -11.260635747445617, -9.610521024294362, -11.973586090867224, -12.514821156818519, -11.628929989877777, -8.098634382977762, -13.856064806878594, -11.650392699173878, 0.5192331074090555, -13.807667978609267, -12.324696394394742, -10.456982974750172, -10.627354560487168, -11.543401921449583, -10.080518750436394, -8.76014228945248, -8.355702097509843, -9.669103136577336, -13.223789727755037, -10.918799087967319, 0.32560094917773447, -11.115387888885532, -9.892841376490837, -12.368601676625167, -12.91896479318342, -13.07346992485047, -10.090898461958563, -9.648150734127444, -9.279747196683106, -10.175275140365846, -8.409495189943737, -6.625787363181962, 0.4492079437631282, -13.613036346658186, -9.812801226882609, -11.56539150592785, -12.14539228250941, -10.717428923292163, -7.6906232389129086, -10.460276783628553, -9.086728332877644, -11.804748044422839, -10.326682545352009, -9.600958413741978, 0.5846897122479884, -11.356505654446712, -10.739700939668761, -11.1806083747687, -11.636031170162154, -8.291812487867887, -8.581824459821842, -9.401130355677894, -11.75994444454931, -10.29941256374763, -10.874066892123876, -10.91831717628027, 0.6638016082773835, -10.918060379316035, -11.6675350130119, -13.230229856430569, -9.115992804563492, -11.335361391475626, -13.662536263601002, -12.31522360855571, -12.065888150632116, -11.391984120976238, -13.102312466298923, -7.814282708484028, 0.7562421983098644, -12.722276067449, -10.323130650232478, -9.123470426916565, -11.198672604813561, -10.751013523219815, -10.105943538121702, -12.692563439859038, -11.379180899393035, -10.906746611482633, -10.677767622217612, -10.650533277339694, 0.8472599587255839, -9.491669528314214, -9.138446373146811, -10.483390446600241, -9.065544505645695, -10.506799141166901, -10.48363517976473, -14.182394150616616, -14.185800489864684, -12.991282645000148, -10.072834013654349, -11.903839248324873, 1.308849067651136, -10.242195553261809, -1.5342331026597495, -1.5632108182684794, -0.5941090800728279, -0.4623764358891919, -0.50823283183057, -0.4319269919110292, -0.510662989549268, -0.48803323351280375, -0.5730420188151305, -0.4305491035741325, -0.4316665648686855, -0.48480657574980984, -0.6048766831177838, -0.6319255974374078, -0.5098659037804222, -0.5911855520550909, -0.4268417083620872, -0.5924083523848982, -0.5611193475726753, -0.4738497139263285, -0.6825446178598178, -0.4250427590652505, -0.4675179560133912, -0.46082541754025574, -0.48671910447413885, -0.3271772864011822, -0.5515418461304725, -0.5204294311843176, -0.42615950219069243, -0.42979271047214795, -0.5299562012073211, -0.4718209581786181, -0.579612683511978, -0.5344695255564131, -1.519321427749273, -0.5045399097470392, -0.5229531978939315, -0.44438758307238346, -0.5948592677640262, -0.46773183650037076, -0.4434422594049442, -0.5101115468574591, -0.5949194631407543, -0.3622419958271533, -0.5141818428639162, -0.47537283271893216, -1.5363360344960864, -0.47564487857830523, -0.6361940500570555, -0.4788341341790775, -0.5803522711624802, -0.42398197976493013, -0.4615615249107267, -0.40148734138868736, -0.3632249906701754, -0.4761771162786152, -0.5528996957992545, -0.49541083506057115, -1.5555962865758213, -0.5437776024316197, -0.37125747299839723, -0.6603035118142232, -0.48606142219632625, -0.5858189055722098, -0.503795231799587, -0.4041558458888521, -0.4718866791381608, -0.3538818115706086, -0.6840684043757328, -0.49598443739839393, -1.5446134451061302, -0.45491356087602663, -0.6418338468689441, -0.5109755862408182, -0.579482226559251, -0.602415589601744, -0.5055390702262724, -0.47450928365270395, -0.4881498459887077, -0.5106050449540777, -0.5555204957751163, -0.5069608106221145, -1.5217290943360557, -0.6367094351905602, -0.46875108818526334, -0.4445732282982252, -0.5811082266178378, -0.4610471027768239, -0.570616234916553, -0.4402264698336432, -0.5677355257943971, -0.49958895310535667, -0.5527798845566483, -0.5876056752505242, -1.540548222542986, -0.40814247895490363, -0.6478894884286812, -0.43284476594838883, -0.548410672010958, -0.4827392738037717, -0.5362900193095113, -0.508198810086717, -0.5445575512077327, -0.4952630837641737, -0.5163732207106532, -0.46071343041719753, -1.5211311440292354, -0.5232955426383029, -0.32132914224259806, -0.5592920687275231, -0.4490696888156391, -0.5956850730623191, -0.5539378691965008, -0.372441742060658, -0.5861787567801181, -0.5242206672068906, -0.44862272650639673, -0.5782923010790934, -1.547211422304103, -0.3782954999971615, -0.28779665417273803, -0.6041076006956689, -0.38908484608497873, -0.6237943101604366, -0.5204206390927455, -0.6397439496843467, -0.6473289777228762, -0.5123679130167195, -0.5601059084083458, -0.5478262826974721, -1.5679487166686592, -0.4407237134674375],