{"vi_exp": {"vi_seed": 9881, "coeffs": [-0.3330727591723169, -0.3168488186754969, -9.685608333207677, -11.426947771231568, -9.225613669969151, -12.38773409234247, -12.520914880789388, -12.277320506773167, -12.181722629506105, -10.176938008887587, -12.61905689362651, -9.704881845412048, -10.968471262000557, -12.529602888086677, -11.74885090089111, -9.373482543008425, -9.582216166251065, -12.788511637961392, -13.137978005708076, -12.318725334866876, -9.122738726216197, -8.416531517231782, -5.315890813996213, -11.14290891204527, -12.735843310559753, -11.705697154951405, -11.96715509159142, -10.74355505226312, -10.931287156513378, -12.833308839342706, -11.95647242781543, -13.919610735702502, -9.872624576856449, -9.398750253684238, 0.8173352428467713, -10.413870892645724, -9.266963617120453, -13.178278143000663, -10.079760785649393, -10.810919731369818, -9.792717181799635, -12.768900024004488, -9.34342403123942, -9.807397567235856, -7.855003461481364, -7.976817023700121, 0.47225389633467324, -11.547409755203425, -11.98058885764099, -12.108068901997724, -10.624771997741378, -9.820444441727458, -11.61189250540723, -11.203521512868612, -10.436906752363965, -13.279117721325893, -10.280190406097086, -10.499853579899522, 0.22029330461176724, -9.441030312204331, -12.979367643298529, -13.45836356397993, -10.411302802212527, -9.549548115710236, -9.418205736606884, -9.146119547398857, -11.167761502325643, -10.232720057076786, -12.168337641070293, -11.97291837548317, 0.45115393626836603, -11.497474298485722, -9.94178764167688, -12.746893140850228, -11.421507980194887, -7.8529831922530455, -11.462812177909031, -9.182775335790012, -10.397843821961496, -11.81759069123122, -7.866190118010378, -8.86967823599054, 0.6669647478428441, -10.625562495518276, -11.817502289542187, -12.066657871946312, -10.463404443785752, -10.155239048390706, -7.923537508317789, -11.942630543669747, -10.829310492102804, -11.484506353703814, -10.796794028914736, -9.545747014858359, 0.7176726639902946, -10.15636650580752, -12.748273166861678, -13.72243216817772, -11.190830599414754, -10.122832669657173, -12.450514158854034, -9.932127264098364, -9.55032264713477, -11.231385483917704, -10.453220482216366, -9.139300279155547, 0.8491817274012754, -9.424775523130366, -9.114159254793382, -9.745157767922098, -9.627433781393359, -11.310915529198889, -10.465424883924808, -10.2265650773024, -12.523443993164074, -10.82012341906863, -9.214258001158987, -11.806664154354774, 0.9231764443909043, -10.387841061044933, -9.392985400655324, -10.929332848149613, -12.244856687218576, -11.653534747130044, -12.678141816967468, -10.379603518705965, -11.070960430388132, -9.228583513114735, -10.342105952987822, -8.971056130014977, 1.3831051231029858, -8.147975312941297, -1.5629498066991931, -1.5314587170498848, -0.49459190265635955, -0.42737562287118436, -0.36785338522897354, -0.5556717426919102, -0.38875825094455574, -0.5213240996366624, -0.4398591112514898, -0.38320574251388684, -0.5597680467366634, -0.5495302341284303, -0.5140244414002564, -0.5108418143215442, -0.42798792138595737, -0.5587141521349132, -0.580970897574759, -0.6282206491945157, -0.6214078135733584, -0.4556056836227388, -0.4725759134846181, -0.5520717509824001, -0.5616318261816725, -0.5838314815687842, -0.410742707230455, -0.3734797074253899, -0.49781099168823756, -0.5868256114909047, -0.3873494228689442, -0.582430618239614, -0.5526776915867582, -0.5958212865508374, -0.6155062432538487, -0.5178443460165831, -1.567021206775948, -0.5559758142247627, -0.5905829425674457, -0.5603620871189517, -0.47855135580829955, -0.44127781702512725, -0.4248446144221438, -0.6103793302486038, -0.45888734189756436, -0.39907442978769975, -0.5426944648976149, -0.5490850854640691, -1.5099546133760298, -0.45285237250752913, -0.572486876786283, -0.6435105592998609, -0.4349483381395177, -0.45239307321210537, -0.5411294106563088, -0.360706838136935, -0.5844729237943106, -0.5669201516761688, -0.5242542011332516, -0.2675925012271154, -1.5547537249405994, -0.49435365487119, -0.6108731178832647, -0.6001010005422457, -0.5243957896603703, -0.48930714730746905, -0.3453679452053705, -0.4503251609918827, -0.5600353482311984, -0.5145582593925112, -0.5221763014011197, -0.6307102221617465, -1.5568213113447424, -0.5490785611797617, -0.40254225133001303, -0.4194640304456738, -0.4617862701694936, -0.47788272166128204, -0.4783333828611708, -0.5083570736287824, -0.5042056860590123, -0.5677875853000225, -0.5138624995205197, -0.431520267879123, -1.5412083665295109, -0.5305876116236382, -0.48554198495838247, -0.5519658960772095, -0.6086106272370734, -0.5019584873645423, -0.43753745686342077, -0.5429698297460408, -0.48485871342534587, -0.30274936205733977, -0.5301102740009085, -0.6011463702755466, -1.5538696292787206, -0.5576531355345394, -0.5664191110946393, -0.39454061779625865, -0.7111017017078649, -0.40455932881810563, -0.5116296791764019, -0.6199886795263435, -0.46765605453118175, -0.4910070482270206, -0.5325022871488632, -0.4779219845519636, -1.5695120702648881, -0.378350779836248, -0.4685109211272532, -0.7382949027099336, -0.23307128496905793, -0.5629417530495754, -0.4747481874962173, -0.4351101950070072, -0.6011102109592101, -0.57006474532352, -0.5923156738191169, -0.523757832083206, -1.5429924724461623, -0.6098534577571273, -0.539640806330206, -0.6870187934808701, -0.5162253244225267, -0.5023494955273158, -0.6422931899222425, -0.5137073274056998, -0.479910025495314, -0.47659497734054473, -0.3749985124420514, -0.48555621950791394, -1.5114365831305379, -0.5999140378286777],