{"vi_exp": {"vi_seed": 7556, "coeffs": [-0.9907737748010904, -8.16439070150128, -12.937857815732814, -10.77909819809681, -13.796801654780637, -10.582524304073214, -11.360510840163782, -10.658385674361968, -12.505708520094434, -13.273950790553913, -9.885242019814623, -10.084130778310573, -14.029398652713684, -12.154001852558272, -11.63348802270254, -11.392690646109333, -11.716129161020381, -13.976794673295647, -12.879290347878548, -14.07712795208443, -12.642776878725128, -8.912712291632845, 0.8636615285521977, -12.219296570497846, -12.529621454831823, -12.501834988231346, -11.915320969641577, -13.121390743524264, -11.950583509817255, -10.750149097769096, -12.05793918782515, -10.817263796289893, -9.7337003253794, -7.695615067518303, 0.23498949077385076, -9.290352905248264, -13.694219345035135, -10.348017207203716, -11.299656644806923, -12.315482917164962, -12.681072144076284, -11.64109959516755, -11.526841621020575, -10.7647920989377, -7.6578355447011655, -9.183038733843842, -0.12146628756306033, -10.611539424939721, -12.548006822976498, -12.892480192687433, -13.15171138913208, -11.357484607899778, -11.21001524379697, -10.646247479097052, -11.259969020635522, -9.892780594985659, -11.146855282652817, -8.825272829273878, -0.3482438001909521, -10.80066822654279, -12.447398730389352, -10.49237021113986, -13.866998636998193, -12.717887446686179, -9.400006582752477, -7.812163621396649, -11.405879065487207, -11.009450485365566, -11.374423227188913, -11.227715737549499, -0.45969119607933095, -11.314078829146611, -10.19922928435394, -12.91445959769698, -11.841488236172008, -11.604028603200746, -10.71294469273227, -12.905180041586732, -10.03532112045549, -11.137092368554695, -10.566867071891258, -8.45334605626137, -0.4786412030999585, -11.723445244313531, -11.181814104880415, -13.146515815441688, -12.863420819725887, -8.081239152343212, -9.44827188700215, -10.87910591381748, -10.771138183841567, -12.309369018259304, -12.482317104442194, -10.475860293181684, -0.4278711535629252, -12.372444802814947, -12.080096433440579, -12.306311385195903, -9.908972079088873, -11.533471484813372, -9.64460064368096, -10.121351047767128, -11.013861761292139, -11.55812510352944, -9.978205007014616, -8.660155518012004, -0.4418557105397926, -13.245749397095404, -10.042238129475464, -6.88628277978814, -10.32404404294595, -11.039653188496114, -10.851220927985839, -10.77954335400715, -12.167068001846125, -11.202045790366283, -11.19103317192204, -7.533950802833974, -0.34493643176494354, -13.21022537644683, -10.744547894788232, -14.372877486833405, -13.858834275731533, -12.29311627515742, -10.615753469395036, -11.911570189621042, -10.918836077325306, -11.833129758178773, -12.810367778487537, -11.509679029152958, -0.6399566934390636, 2.601023928058577, -1.5030427598512386, -0.5532272946278234, -0.6012955824392755, -0.6366497296660254, -0.5857728094685685, -0.6448238718275823, -0.45599078667774573, -0.5842994218649445, -0.46989138086290516, -0.5100020836151486, -0.4134538495538771, -0.5494227263924965, -0.5975245572548776, -0.5527711290200691, -0.48021059800003063, -0.5839806203148966, -0.5374211523789713, -0.6090343751661073, -0.5138693649590331, -0.5106163508958409, -0.4920120535081991, -0.449858835273368, -1.5492037559368368, -0.5888251174384334, -0.5931517375782432, -0.40297122397828516, -0.4399315573579207, -0.438619089062441, -0.44081523269666895, -0.4892311063101526, -0.5182617484907934, -0.5764706632136347, -0.49815712358976066, -0.5656496057552808, -1.557644506476057, -0.49841991183548995, -0.6778604173665339, -0.491060908299744, -0.5329225502159127, -0.4449569075065767, -0.529142070525854, -0.562448106643492, -0.46051722812525175, -0.5391058786146126, -0.5246053974650561, -0.6269790922962039, -1.536226776301012, -0.4702040297650864, -0.5451403821990315, -0.6430344900275379, -0.46921431248550993, -0.5856363083515794, -0.5398531123162935, -0.5020901927063166, -0.5563556860087588, -0.34537425311782755, -0.5140476611258838, -0.3989450398521876, -1.5913390664531828, -0.5120703248075412, -0.5083922207393334, -0.41600562929607493, -0.5772317586569431, -0.6175383070468324, -0.4459135741286264, -0.1997919730073402, -0.56444799167858, -0.5649228805240957, -0.36834382121498305, -0.5260941924542596, -1.536538525680468, -0.45375973089796606, -0.4330165504299665, -0.5111501648922833, -0.6064467844199047, -0.4482481245642027, -0.5681295523350482, -0.5873506975699423, -0.550888362330366, -0.5195233377656066, -0.6272419659031712, -0.4905113390162719, -1.5431258277101971, -0.7027631639142767, -0.49114997130133053, -0.5647647682228814, -0.5331129319595056, -0.37094279310884587, -0.5644788987161994, -0.5599910583867092, -0.5047366327458552, -0.5995479166166893, -0.5186685239051773, -0.45045802762640696, -1.5740900813083378, -0.6465872856155577, -0.43634520109783703, -0.5311783046663332, -0.505859540863747, -0.5231662798317491, -0.5916589990574085, -0.5676573702597458, -0.5277921980751613, -0.6504160691310162, -0.5992922757166721, -0.46300232062768887, -1.538923422729783, -0.5825800663781111, -0.4101980051233061, -0.5080772266327653, -0.4803656500798092, -0.5194677352226713, -0.5549205740872948, -0.4669014692590129, -0.5092589438102203, -0.474469646718069, -0.6627634795647657, -0.3358550951439889, -1.530373424268731, -0.5874503853117607, -0.50721816932053, -0.46073718353518683, -0.5660118924458538, -0.6790161062568422, -0.5615534241911677, -0.6222338851617346, -0.5531116398000396, -0.5485878307699544, -0.5588880480632636, -0.46674717237173, -1.2166452696754557, -1.2011563756346963],