{"vi_exp": {"vi_seed": 28187, "coeffs": [-0.33278131016058726, -0.2965764398050967, -9.165794140770744, -11.869027436195164, -11.660898936960056, -10.043423590762671, -10.771411879292677, -13.629432986267915, -11.892304479896602, -13.11427694832598, -12.550723900561456, -11.233985365013485, -11.592746205026376, -12.323467179961312, -10.792507812171209, -11.33107423274738, -12.153633352275882, -10.93013965917592, -13.819238458008561, -10.366452815216912, -9.822333077510383, -9.338926829937607, -6.3998438359983645, -12.509822172128425, -11.720717856226704, -12.357112643576647, -9.101181925173321, -12.957940188307843, -11.253531902281182, -10.813318933349038, -13.13123406936017, -12.548984529691664, -10.88359377429911, -9.01995406313987, 0.8435985899363807, -12.031755073504334, -10.984211082245999, -11.978993999776169, -13.891653817857264, -14.388148341670085, -10.917296103414175, -9.859334929822431, -10.228971777478026, -11.38110227897822, -11.683782796163618, -10.151425975845838, 0.4993829593662153, -11.139075446277255, -13.813645811289962, -11.925895054170738, -11.631875838281948, -11.495948888047575, -11.804177286659387, -8.908662019212908, -9.064591901506494, -9.462062012273137, -11.572655358408023, -8.354340952606343, 0.2664983974488671, -12.035421877489528, -11.332878344362916, -12.702495797721408, -13.06605249988993, -13.744367095162309, -12.855178480552416, -10.002386612602658, -7.997738479148568, -10.534361543861104, -10.898717635822798, -10.527274399206911, 0.3814065605603226, -9.273018067566523, -11.216778667534058, -11.077666497530446, -13.03052900538461, -11.480331725566044, -11.796984519798677, -9.21964770195451, -9.323610915835157, -8.908549142163636, -12.076296786725667, -7.856737126379519, 0.4084571519671924, -9.470145678484444, -12.325471821342646, -10.2442141009822, -12.05116285809852, -9.422242752259422, -8.73033889521465, -9.933410816374703, -11.77427380837919, -12.31161723855834, -10.026358772408962, -7.272290605614714, 0.3905182913867871, -9.655565077332236, -12.659133088085643, -10.535544746521584, -8.912500307810415, -8.999035298015773, -10.969625810907226, -12.677232350392849, -10.749894977599338, -8.751707977435982, -10.162430081205342, 0.36427181279431425, -9.947625118770777, -11.923535730619971, -9.796827836956231, -11.572535083178956, -12.049054172932511, -9.176534769386855, -12.092411172021643, -10.44443526532401, -13.279476460761556, -10.352135422795275, -9.563066047878937, -9.573474840675464, 0.3374249641603227, -9.20412195871057, -11.245633995571726, -9.812519170214742, -10.375333311948408, -11.058996704247894, -11.169768302375653, -9.850216168611023, -12.464837200467857, -10.550235734499672, -9.087475444761155, -9.833608378604874, 0.25123732490540557, 1.9982872196229948, -1.563115469467913, -1.551909342363507, -0.4683276603514976, -0.43428576480107456, -0.37046101166140416, -0.5200717404507733, -0.4549301913691732, -0.5511551838189866, -0.49778856767794305, -0.48549458057195427, -0.5354969274294904, -0.5987993051292685, -0.38811631352573384, -0.4748717329103608, -0.5502175969965208, -0.4217301559065381, -0.6129643340895998, -0.524555092035184, -0.642380237268809, -0.5184861300512312, -0.551324430479604, -0.6302616053441616, -0.5540743363616956, -0.5672366687848907, -0.4087262695614286, -0.36276476918588074, -0.441868048650452, -0.3775725995445967, -0.5006438351218293, -0.4475636403475376, -0.512495895818452, -0.5959603820616772, -0.7167125466347513, -0.4799641312477093, -1.538346571571292, -0.5236368667159396, -0.5463740834504827, -0.41327182586056577, -0.5643753066721262, -0.32934117251896566, -0.4252803838633377, -0.38917381936335843, -0.5241301881285999, -0.5824228704933957, -0.4003688013649094, -0.6389793615386627, -1.5237497077730988, -0.5347184027524696, -0.4897842621867711, -0.4941018749201253, -0.6029851820724709, -0.4621957193935572, -0.6418028397582602, -0.37437764365290144, -0.5931738930886031, -0.5236250875026663, -0.45110891734066905, -0.5317613618122072, -1.5403179830043714, -0.492081206366111, -0.5351713509152201, -0.45969978731688604, -0.5921822600999358, -0.539618514993453, -0.4960358335026504, -0.47978668338572905, -0.6027580162295834, -0.5112353102904332, -0.3920396658647395, -0.38283452476644914, -1.5544796473491838, -0.6511531021552555, -0.4344343354031076, -0.631291987907862, -0.4269571709504525, -0.5335769467622768, -0.47080565361992804, -0.5532531706723121, -0.47785857033609497, -0.5699657288182349, -0.6588660596659071, -0.4985074394018895, -1.5545546216317918, -0.38275324755833695, -0.6082870924332302, -0.5567163320954115, -0.4525733572886924, -0.5478031130916206, -0.44775709515834694, -0.5253545390582652, -0.5379814497631418, -0.5503153523003528, -0.5106567197857955, -0.39462496067788, -1.499098676227307, -0.4795142765452283, -0.5398951775227132, -0.26915404946026894, -0.5080178073980659, -0.5348222646200883, -0.47785292033159554, -0.5399771519594047, -0.5792774808268212, -0.5674293751308943, -0.3080900330712358, -1.5624527611151, -0.5025816795714698, -0.32898067483161364, -0.5873247485752292, -0.5480446007053558, -0.5239039815493794, -0.6133569705741485, -0.5836925818146665, -0.4913358473797765, -0.6437507418084795, -0.5071731770842385, -0.7381822851855221, -0.5238688403978211, -1.5809364641819446, -0.46131849555366616, -0.5650574255058387, -0.4684770434163241, -0.5799148527388359, -0.38575990098399005, -0.4707418808128548, -0.5367261733492924, -0.5268561874093739, -0.503362259127585, -0.5712698695506593, -0.3566120713409229, -1.2889689968576068, -1.0540251570090564],