{"vi_exp": {"vi_seed": 33798, "coeffs": [-0.7021165586068875, -0.7121176013207443, -13.307540408846434, -11.05372886188878, -12.10633684826932, -8.49575167536942, -10.892427269107563, -10.063813722604928, -10.674163599961485, -12.510309455620522, -9.912890654827866, -10.719042767789087, -11.889298691460361, -13.320376775815683, -10.68846773924665, -10.002978026554471, -10.295235804037384, -10.105148669153765, -11.682860016495617, -12.148660804574611, -8.720635121577304, -10.670340118377258, -9.831084800563426, -11.678260001273859, -11.09692006332005, -12.414732586205039, -11.04859302325344, -13.925196559555916, -14.797361718769164, -11.384459205273533, -11.348206106706971, -10.575820497801008, -11.640562578434112, -7.119266718959716, 0.5321416673421394, -12.824281844804373, -12.704921045280553, -12.945203348502886, -11.55650992095206, -10.88120649796829, -13.446364422381182, -10.26861293646377, -12.156157439446991, -12.296093529082748, -9.68562141893548, -7.7693629112777565, 0.1504939905116509, -10.718819925768543, -12.517633845809419, -14.364384307557561, -13.197204708347325, -10.773339044897028, -11.261843300612938, -11.950683658758367, -9.3989863924957, -8.8209673719019, -10.203791816560082, -11.09623755214098, -0.03277141090442433, -12.670099020786697, -12.737757109621395, -11.491440344568913, -11.726197144775774, -13.537292055034813, -9.351164157202566, -10.546342972348238, -10.823564007489555, -11.253914208542524, -9.031208669774397, -8.286436415383953, -0.1676067842315217, -13.044199625235779, -12.380110448929539, -14.33221511921451, -11.198463617359467, -10.272728029063277, -11.921789266679635, -12.149297934724867, -8.400100761291272, -13.950920001289736, -12.383251786201882, -10.88247765168819, -0.09879330327489443, -10.596646797826715, -10.877100348652421, -11.875157459246754, -9.131424650051514, -11.225517626648088, -10.689917401689101, -12.282007719718294, -10.519411956178116, -13.584163028640587, -12.532725338791574, -11.300553544334216, 0.05742687789995048, -12.144756158681844, -9.963605380428048, -12.420213673158624, -9.150198969575273, -11.328998768385592, -11.33518812026043, -12.753329159075584, -13.839041760030522, -9.9553642690126, -10.830074545638883, -9.26460951024413, 0.012140927783129009, -10.40978530303679, -10.415521220844074, -10.703507350373586, -11.066520079663558, -10.62704715196974, -10.703062227068513, -10.792183581306345, -10.107096666825601, -12.21857429347432, -11.297004673697396, -11.493976951921482, 0.24079591263624978, -12.601861307961993, -7.779409958238192, -8.897435952682896, -11.079553891304707, -10.948832924220461, -12.045500377915975, -12.792887468300322, -10.979466323881686, -12.273470189807616, -13.09497178557079, -11.19990118193937, 0.15499547296329175, 2.7113266096986353, -1.5352164480375305, -1.5341909263509939, -0.48744897088495315, -0.5884863247274199, -0.6112989836666956, -0.2673154768772421, -0.4697117925170621, -0.5332742927054924, -0.4425039174864031, -0.5755623359541789, -0.49659522028020125, -0.5352744168341647, -0.5023082845476027, -0.5046140459828866, -0.5039240519046281, -0.5243537963327457, -0.5460440397122359, -0.5217665027931256, -0.589827121350322, -0.5592004125090383, -0.4174465372038197, -0.633894980130659, -0.5696597892501553, -0.4908687033599162, -0.5171824623505276, -0.5002087326230392, -0.49245184577655876, -0.44736555190037613, -0.5775819425735599, -0.36339799777500886, -0.38664010263795806, -0.5710247129075687, -0.5819514916664645, -0.4324539297261093, -1.567995493139099, -0.623452172820414, -0.4574458417235906, -0.586152294911738, -0.32002285713965506, -0.40601665537938864, -0.5882408536334641, -0.33397766613696844, -0.4483337342094343, -0.47477523863137366, -0.4432346662378921, -0.4864582547504431, -1.5480307246540492, -0.37980086490983855, -0.6090805167434624, -0.6389861050437589, -0.47314633348212565, -0.5164740411756704, -0.5187448451963032, -0.3593676313171209, -0.50743983934859, -0.33744221065723057, -0.4868632461933027, -0.505330704568191, -1.507364384521416, -0.5463828958895978, -0.45158124851205156, -0.4988955758496174, -0.5348213005690309, -0.5551025677829132, -0.549982915048831, -0.4387064410418847, -0.41415144192922265, -0.43393044093026795, -0.32806208664139047, -0.5507171546156493, -1.5182061468200085, -0.3779353868896782, -0.5951796586783624, -0.5913807320228054, -0.6711242249254112, -0.588934743297492, -0.6126715706412661, -0.5553445431723735, -0.6697499641715643, -0.47307477356497635, -0.40835628794425655, -0.49190631638966453, -1.5439440373011724, -0.2470150147358081, -0.4674228304449911, -0.35931055152908076, -0.42748751617028924, -0.41159720168487596, -0.6305079064849894, -0.5272173280293145, -0.5775162567620341, -0.4844857950408354, -0.47712820602780287, -0.6049491076738394, -1.5330364983613947, -0.5098925993462613, -0.48726509158690257, -0.5096810805263106, -0.5095420961250579, -0.5554232976734841, -0.5382294774827026, -0.5446905457423067, -0.481023208368305, -0.3619274628161237, -0.4661108287617689, -0.3443225889131832, -1.5311856610578058, -0.3346939736686107, -0.5192197864900686, -0.44609771344433974, -0.6553502336697462, -0.4100231338560238, -0.4705692414398038, -0.5791191251727514, -0.4886779281911198, -0.4439434679898195, -0.5768680380952868, -0.5551692457208, -1.5624883577519657, -0.5732909739033563, -0.38099769607928907, -0.6239025697646613, -0.350243074710712, -0.6059079300635287, -0.45556543144126604, -0.5563941523627178, -0.47323108177635215, -0.41534028945354, -0.44091162392241035, -0.4845725158956542, -1.2607493368743197, -1.158675345701855],