{"vi_exp": {"vi_seed": 23418, "coeffs": [-0.06318981461445795, -6.637418732469186, -10.078095837201579, -9.513708409392054, -9.249651906372593, -9.902039450553294, -9.662580962104476, -11.858455034030735, -8.456263854467878, -12.515194114187624, -10.904765549745022, -13.664072162642842, -11.0331851428098, -11.889931763514785, -13.691149672357277, -11.715828082607851, -12.256053957198983, -12.336021041281676, -11.126641075621725, -10.216589531325237, -10.035396691582152, -7.7707397855750076, 1.6787062233423256, -11.672531446422967, -10.715099005599795, -10.524971693744943, -12.494012436659334, -11.16363018652697, -11.093984462416415, -11.254875082863972, -11.034453208239988, -11.23264133336765, -8.658999261623636, -9.428288199516697, 1.0483089236091458, -10.68962728324532, -9.73220381673191, -9.82651316883522, -11.436159731439368, -9.252167394769327, -12.144501121761193, -13.500923717495136, -9.663733877259268, -8.344960154963532, -12.044078125114236, -8.931214336419544, 0.716548665774979, -12.762624089134087, -11.193143127398267, -9.652030403817939, -13.896352454631037, -10.114639593275337, -10.956215541960926, -10.171668984235838, -10.33046545441788, -11.276880648703004, -10.017433820982745, -11.671359405703067, 0.5314169853972993, -11.417266812414603, -9.534547862497774, -9.908910176637873, -10.984256485961406, -9.849880916206303, -11.84744989624409, -9.188407409664608, -9.205154799118375, -10.501340612334317, -9.409875903776177, -10.742240679660014, 0.5719998308037227, -12.930252765628492, -9.425393889264797, -9.26295485602546, -10.510507187545299, -11.260446347352081, -9.496823683962592, -7.555555807331565, -12.056090796290967, -11.181877021219446, -10.562428921164189, -10.483752624545788, 0.7688236302599808, -10.816279897657369, -10.513629812500103, -9.056318374423896, -10.529838743116905, -6.500708457970054, -11.773662411770388, -10.204019746847306, -13.57204229906943, -11.224255831801244, -10.358257501551346, -11.818450340405834, 0.8598250751742377, -10.140555201722508, -11.937344218337904, -10.387534803153136, -12.518411082274953, -10.297245074814331, -10.927723630463063, -12.37597351008684, -12.72926127176871, -12.311974318508772, -10.275487922286063, 0.8542645509812338, -9.112507691542598, -12.23883567313348, -10.28800238988443, -7.397486564437881, -9.415711943311592, -12.346384346420512, -12.473475344954426, -12.735240474945094, -9.2675795217353, -13.646385531309027, -10.846517316096486, -9.233080092871747, 0.9841848498455754, -10.141574380371916, -10.225795347722585, -11.209076810211993, -11.411872448170799, -11.311921947027795, -13.655792684487306, -11.497613254764389, -10.125522852157221, -12.172164317493428, -11.772453515893407, -10.24666843325886, 1.3744873261146362, -3.0621076491838375, -1.5541855796967696, -0.5809644332238697, -0.47872211061894, -0.4604318124452969, -0.6308864756354616, -0.38712677017495184, -0.4785733837996381, -0.5952509173568539, -0.40866488206806395, -0.5710313073345205, -0.47720855110198823, -0.38062719909536846, -0.5612306517673888, -0.3813890421267209, -0.5553701842739259, -0.2625777900081026, -0.5891681176191375, -0.5076088749358779, -0.5739682071593153, -0.5382428344934787, -0.5905625280344861, -0.49839653313331844, -1.5299978904048832, -0.38418178780219037, -0.45375963068463415, -0.39511367072996284, -0.41158872366648397, -0.5445474909127277, -0.5478572562129489, -0.6182482695551028, -0.4674600863627415, -0.4039953878645371, -0.5202966250918832, -0.628624339981154, -1.556616245318322, -0.5650680183212502, -0.5346822269122687, -0.3853187022975764, -0.5339319175125385, -0.4123264794158895, -0.5753803686662023, -0.41235273560811153, -0.6802862769275685, -0.6551547892904525, -0.5849219970566717, -0.4630370264806728, -1.523540106184541, -0.4125042684920906, -0.36085575285557614, -0.45433037136304993, -0.4892706437619583, -0.2566589160849077, -0.4450434059068814, -0.5806245823011864, -0.5788855889086079, -0.5818138604582284, -0.5856362384952215, -0.5872481259608974, -1.518230520336132, -0.5109186094330936, -0.39806219962464723, -0.5711202681608928, -0.34486305050049687, -0.5413501542323963, -0.46629768283821865, -0.45630573127239143, -0.47913310529457465, -0.4956469282489387, -0.46445891888841173, -0.5171832158224039, -1.5659424140902363, -0.49138607899763803, -0.5197055050794366, -0.401052739517576, -0.6027464228526913, -0.5220699343896026, -0.521983306770778, -0.44995498913091686, -0.4897708628452729, -0.5470239847185205, -0.5097029254747136, -0.5325435859020103, -1.5366625929807693, -0.4677624032559066, -0.530671853484978, -0.4878698594576619, -0.5394600873625769, -0.3970430820985971, -0.559646595522602, -0.46484312379526316, -0.3688694262590903, -0.40965350289466923, -0.6063946481023401, -0.5866823398460069, -1.5288170740402507, -0.6860409738257576, -0.5252833988555715, -0.5047172622875588, -0.5108769370745352, -0.6359013179056583, -0.49600873363889725, -0.4931177875895816, -0.37901235025061675, -0.5504090588235617, -0.5164255866623383, -1.5372567184691328, -0.5105567442181237, -0.5868639181818373, -0.5217844252887317, -0.48587113750474115, -0.37219899655120015, -0.5676256187245837, -0.5357741277058254, -0.6229817861007693, -0.46813825907970213, -0.5140161018077892, -0.6085103306397618, -0.5363725612679566, -1.5550887896828198, -0.5077925518259631, -0.5965248124896111, -0.6437130300617206, -0.70664110726514, -0.4452232111573599, -0.44043861303257636, -0.5477681575756648, -0.578821947942786, -0.5195643531235713, -0.6603180242731843, -0.617351327783704, -1.5462742201453699, -0.42316636095870735],