{"vi_exp": {"vi_seed": 62477, "coeffs": [0.05032560996650966, 0.06579974904456992, -9.01400041413323, -9.508251711568235, -9.10580268422425, -11.742584913017296, -11.445772785274906, -11.809571320583725, -10.736489234246902, -11.339530775292559, -11.033047536036387, -10.04570754179216, -11.045692758269894, -12.519064637507237, -15.805141950859584, -11.657870778090548, -8.903666455710528, -10.475282280576831, -9.485387253022886, -10.095181325712426, -10.880298821411303, -7.798586004023769, -6.756631625313881, -9.175154748858954, -12.586426242978657, -11.903978905952796, -10.047173849609548, -11.55081940026583, -9.154014084607962, -10.598917661320424, -10.274503953035925, -9.44524828253279, -8.741875369304797, -8.264135381802623, 1.1510054956564129, -10.286818037956891, -13.8375775696837, -11.460582090462717, -13.35247896409883, -10.099481547725041, -10.753991602616518, -10.520800531612457, -8.181564886651268, -9.740044113252152, -7.636463758168903, -8.10825665264094, 0.7782197369369256, -10.745164321826545, -10.908077591258001, -12.34008583945924, -11.590599147345042, -10.710258469113374, -10.365301245047451, -9.112942762529801, -12.362585221123268, -8.457633691796735, -10.485403044075609, -9.330770350968205, 0.6005736334775241, -9.800808614436358, -11.23624941430747, -10.48343109510763, -13.360954242140904, -10.555750592471973, -10.955668705419498, -12.589110714207106, -9.036017898752469, -12.360778140960921, -10.296821267533092, -12.30776398969591, 0.6094015400016212, -9.839543631138884, -12.09316407335247, -11.725908231877256, -11.985271023242955, -9.14758674887955, -12.295215363608953, -9.751308028516185, -9.280730879489298, -8.760084817093544, -12.78513815312362, -11.679625416088308, 0.8201485059270144, -12.816133309356964, -9.728938599180976, -10.403163284414374, -11.789342655220679, -9.453731323096724, -11.266487513734356, -9.74382703752435, -11.1421263700313, -10.435758143414079, -12.684903853226304, -8.16701137656415, 0.8080386860560714, -9.881402273274453, -8.603048015975167, -11.831945051354575, -9.369408304147184, -12.494141258287689, -11.428831240817049, -11.057871864188636, -9.696479137630423, -12.458607384575618, -9.855465465778405, -5.785841576386065, 0.9435495893635581, -12.36055005202155, -11.351701037604283, -11.096862075086285, -10.174501847709102, -9.72181302242434, -11.137079353312293, -13.734004284778969, -11.026606255008467, -14.467908243572873, -13.490374096491228, -10.168253473247267, 1.015906583381675, -11.808705920557841, -10.478776838655888, -10.132239049187733, -12.53715233355763, -12.278065711099227, -12.806486527990163, -10.850435640683159, -12.579356450022573, -10.206560036799223, -11.299050469331108, -9.41899056594307, 1.456273797812944, -10.508179247181992, -1.4943198662070467, -1.5556374805105857, -0.539945477773101, -0.4711629661370033, -0.5317939999537552, -0.5699558835400234, -0.48028537177882846, -0.3395330313824138, -0.6825466965722287, -0.47510376796349985, -0.5277982547005754, -0.4636600760516302, -0.5128498025194945, -0.4256682300619963, -0.6923620556828483, -0.4735456673187131, -0.5689243338372094, -0.39992541913030044, -0.49596736471824826, -0.4443825972607147, -0.4461898776662985, -0.5353889955673022, -0.4272200738893241, -0.5811386117836447, -0.7413548413253725, -0.6974379735158276, -0.6134152806959479, -0.4576932873127873, -0.3216427844402489, -0.319106903969752, -0.4432538564746074, -0.5684877654786056, -0.5579542777092084, -0.542344898639196, -1.5738026553425375, -0.4474099332552038, -0.48279497056412607, -0.4879680460420576, -0.5859126222362256, -0.4321979669543357, -0.5037399704792406, -0.42870533175833125, -0.421687288587301, -0.5266576865600368, -0.6355749443323409, -0.6140900279331667, -1.5261147159002681, -0.46109822826306096, -0.504842107480634, -0.481145383317123, -0.506773477716063, -0.4134994078030239, -0.5141922032142242, -0.6246352429561379, -0.5073200561811719, -0.4909947929295971, -0.5673203738171613, -0.3685987878918828, -1.54809907561298, -0.503139816628393, -0.5611343816229581, -0.31417913822436844, -0.6471545738572012, -0.395570495965578, -0.28776181272391466, -0.5619049883429564, -0.5162439173906348, -0.6043472758918246, -0.5231791278260057, -0.570820763461213, -1.5245182415156229, -0.550620868799765, -0.5417148089831847, -0.5891213217994656, -0.4613484544798288, -0.5690509772468129, -0.5072506041562428, -0.44717279253607084, -0.4972875231438197, -0.48308398247671475, -0.5358882879599253, -0.49996551329561023, -1.541563588553664, -0.37616979566128633, -0.4872260849343553, -0.5078302619267719, -0.5861689421893819, -0.46774713003710744, -0.5036827017717851, -0.4331184119356394, -0.5367113000160736, -0.5989499091483768, -0.5263463129230591, -0.5971302650759046, -1.5304302578305655, -0.5528125784048925, -0.5197206431157443, -0.4541607794056625, -0.44210353200579744, -0.5178934762859992, -0.6110516894398508, -0.4982223796867878, -0.5109049088624561, -0.6100617092531322, -0.5177377082610518, -0.4848782080085969, -1.5167453324377134, -0.49110886676726273, -0.5760962485495285, -0.48249446911543153, -0.5696767654123263, -0.5293691266819014, -0.646525327807061, -0.46817260177273884, -0.46453203229836953, -0.4982038073185981, -0.6047714836426294, -0.5134401389187272, -1.5310494074822811, -0.5268102102901266, -0.5783641805926374, -0.599256662952056, -0.5059952366932068, -0.5486408204656743, -0.473130771343684, -0.5409367550320989, -0.5032248290298419, -0.4260157968985219, -0.5834925359033978, -0.5861352260451723, -1.5513436778394885, -0.4534710758347078],