{"vi_exp": {"vi_seed": 49889, "coeffs": [-0.8045822908009294, -10.109419164536591, -9.958883567257095, -11.562535617635406, -13.266430748901604, -11.258086378495427, -12.382085442637651, -14.471632507581464, -12.057767667411929, -12.92868241136946, -12.291109151226092, -11.344641175725238, -10.315228124657075, -10.240250641044078, -11.865847339953211, -9.570137680286095, -11.646021408802925, -12.506186880035635, -11.391392065148745, -13.643460670584002, -11.372035350347328, -12.326256172343447, 1.005632823661862, -10.990095637881188, -11.183004689346692, -11.035726353271661, -12.015808654319784, -11.64292522961629, -10.67584862693696, -11.990053611123919, -14.13605142440634, -12.274306958102228, -10.423387959577017, -10.221953040111416, 0.43075252612118486, -8.615629485638491, -12.240804273781793, -11.71992232006994, -11.954023824299126, -12.284145503826224, -12.778769180389583, -14.96207180829396, -11.500186241191171, -11.409910975274842, -9.993953785461013, -8.651682060430375, 0.05038266250768541, -13.645196197671142, -12.576391340830595, -11.980573449927647, -9.383413361576983, -11.025446600209547, -11.41211846856868, -10.72237409330537, -9.008201372810184, -10.146747189685486, -10.90072881587665, -10.871318964722645, -0.11192537793610548, -9.919485605071005, -14.236325879932199, -12.840530230628902, -11.29554214158366, -10.794502532830888, -12.28845982528016, -10.86836063681836, -12.667259204107971, -10.250963608353299, -12.443246300192891, -9.419752037697933, -0.2810892749372904, -11.943880529646789, -12.614347851543386, -12.311811145403524, -10.59232476972446, -10.822590799812723, -11.141026649123544, -11.790148851287086, -10.725368441214087, -9.247689505974519, -10.058928769163188, -9.385853051264137, -0.24396830182481044, -12.30060153963353, -10.081255316452403, -10.869532252637207, -9.979722943405033, -11.160043890059388, -12.344084145916527, -9.696795769912539, -11.02566691935045, -12.831986255006166, -10.462292504884722, -12.225184530804432, -0.0745458483920565, -11.355868554616977, -12.665565665237027, -10.439931090784183, -5.640830750296866, -11.359057688098755, -10.903363151393842, -10.957338398750663, -11.512390650721633, -9.562830743982184, -11.16553189362721, -6.944367137349223, -0.07274643856357617, -11.32322721503029, -9.692133248777322, -11.768203960225472, -10.86380360600281, -10.702284169588987, -11.186971969784894, -10.665333641570424, -10.619175087446154, -8.905294928221943, -11.625913129321546, -12.198612453413132, 0.08854815703522766, -12.551082084402696, -9.712448084460036, -11.659527428779967, -11.603534208958976, -11.79940775657802, -11.331162904701147, -11.461900567846257, -12.681601633851342, -9.238232286248884, -13.460255911264616, -11.40313982912876, 0.06692117562948295, 2.539905933606668, -1.5299826144937667, -0.5378906512621178, -0.3861748065159856, -0.5741702170591028, -0.651860049972927, -0.47222791099066397, -0.36478180695508516, -0.5904059512710294, -0.5510178426466514, -0.6507572404109329, -0.5105208065056193, -0.5887756300923441, -0.53331064746841, -0.5657984885606203, -0.5228132100863522, -0.5486765340223346, -0.4149573849823786, -0.5296847342483436, -0.556117377322777, -0.512478834124658, -0.543925540373619, -0.49374761344272416, -1.5376724323428785, -0.4891411245871021, -0.44438303715744587, -0.49459739373525796, -0.4292472217357178, -0.5473062025053537, -0.2780981312524793, -0.5891774477056064, -0.4244110681035601, -0.5112233564346075, -0.3813960916896293, -0.5741165646018268, -1.5839612560566767, -0.6226675719161343, -0.49629751865862737, -0.5657171008718783, -0.5527581702635609, -0.5198234635889197, -0.5288429510133804, -0.6073711174706421, -0.39141512963195985, -0.42770389093933936, -0.5110658381172885, -0.4335939490541869, -1.6098591142874672, -0.5546155186339419, -0.6027986648709799, -0.3987383809269179, -0.5570905150631512, -0.5775989782079144, -0.5245657034211837, -0.36078269919163897, -0.40816891098883146, -0.4846209698448516, -0.5847119689035071, -0.49847369242519435, -1.5494323415200646, -0.5640625301661455, -0.5143464109941471, -0.47074031760388785, -0.4558206373692148, -0.5247232714236622, -0.5476033777890019, -0.37512171281347734, -0.5288994641022418, -0.6519849398743256, -0.5219782400837254, -0.6331412514592363, -1.551833546220292, -0.6703649344675763, -0.5355569823929839, -0.5383839811739405, -0.5064032357830258, -0.607210416959122, -0.48439804322218766, -0.6443856242429923, -0.34944751478956054, -0.6394762961431426, -0.6208977428035614, -0.5551172807134344, -1.5678575848444214, -0.5373210493989654, -0.5037716883629779, -0.4548846364663563, -0.404599518211593, -0.7034261663682754, -0.617830563734879, -0.4503482744636415, -0.5068485808238228, -0.4974655502192943, -0.39955522750238537, -0.5023830447176219, -1.5710238422696385, -0.5652499165236455, -0.5788373495019425, -0.5718961230351522, -0.2966723389977984, -0.47214514424783116, -0.5746305509676668, -0.4904700848480755, -0.3363440200554148, -0.5854428484687377, -0.43201276041046033, -0.4390024354555786, -1.5531907957211781, -0.5915458108383326, -0.43119840897378164, -0.5165687159346463, -0.5249796400941313, -0.3206480064165826, -0.5057256316610776, -0.6147974729229074, -0.33984014772998916, -0.6685624826390327, -0.4817031828754162, -0.5703622386954529, -1.557073321594576, -0.5755642199343962, -0.5877122603566227, -0.4651006405819779, -0.5583178623218, -0.5984398051181807, -0.36760785044092326, -0.4061149338911631, -0.6488917676771538, -0.6008492141468146, -0.5447685740863142, -0.6460833644003946, -1.2144366192421143, -1.1915843195624174],