{"vi_exp": {"vi_seed": 2802, "coeffs": [-0.2989059695828258, -0.2947820717550507, -9.097419601248506, -9.733206329495516, -9.571589432381865, -11.515806302011104, -12.099942608889258, -10.30276755422364, -12.779780407524523, -9.408403139976645, -10.977697553753316, -10.698231544601876, -8.665653452446216, -13.753662312313919, -10.773746376865683, -13.618900545977576, -12.151357097537957, -13.821665936028467, -10.952424339361647, -11.530869113238222, -11.356911180077057, -9.357015805726675, -8.795298483379584, -7.967438828257915, -10.31103660386826, -12.850150981177364, -11.85817746768913, -9.919573229133626, -12.362702490426015, -13.995784046555675, -11.999464122454963, -12.449928318899937, -9.91514043263023, -9.062400279233602, 0.8070122616772498, -12.299349496689285, -8.774329956309478, -12.235647152245281, -11.0869875749751, -12.159603598477782, -12.742335696443984, -12.031985046196437, -8.938111804948615, -11.313447332603891, -9.80140004530865, 0.8178579138808757, -11.609636109898092, -11.162971195792132, -12.00925712556778, -10.949273970069145, -12.95929762518561, -10.374933094736237, -11.145450702670862, -10.563682361858561, -9.807596703188565, -11.611410180449877, -8.528553084937613, -10.41991250397347, 0.19187426033144095, -10.174271502930388, -11.087907782882962, -12.08099729800254, -12.581576222546818, -10.53220178640957, -8.501898600993265, -8.794047038597936, -7.026727079100479, -9.757946566710032, -9.31379769631331, -8.878725811268792, 0.09393418634135292, -11.817016955827889, -13.283617604958714, -10.239053603779904, -12.015488244948415, -11.17306562207047, -7.148022554772862, -10.617277095939253, -12.965153345390519, -12.2971140717816, -9.180111999699033, -11.295440700885141, 0.04348791878360798, -10.159130498859964, -12.613854738481155, -12.261529322665012, -12.53483476418094, -8.14675293151633, -7.878215613566673, -12.263738242382649, -12.513917937004043, -9.613541206309435, -8.960024899239361, -11.890239290443267, -0.04098773913302122, -11.724784609161203, -11.475713843522714, -10.94596557994055, -8.917675538792265, -11.761113537729708, -8.350450943537545, -10.216303472919504, -11.281675604790932, -10.091379505361337, -9.948731752383935, -10.45885689891288, -0.02724484703193821, -9.45869685992937, -9.49095657034436, -9.720582247165451, -9.69426496380095, -10.490821879762478, -11.046069033912786, -9.700577032945969, -11.445651626498407, -13.243818231931417, -10.25186604750624, -10.884566810682722, 0.797911244925051, -12.495276679505029, -7.748364396758056, -11.301182679829934, -10.420978554154475, -12.103007691160844, -8.38075861124463, -11.231642060651607, -11.974873927248261, -11.17724291220632, -10.145606214833784, -11.898025513876853, 0.8846486431680957, 1.737934126006969, -1.5380280312680072, -1.552537942573566, -0.5469873066740296, -0.5207222197439539, -0.4743616497074705, -0.48611548196730286, -0.5605305639964668, -0.5720733516784631, -0.5329697021172554, -0.5435839235030889, -0.4431620674176266, -0.5598135010165053, -0.4210495958867581, -0.6215407851778034, -0.46078252686299237, -0.6165424634345752, -0.4713371109621006, -0.5214722435642234, -0.4352919376347132, -0.36257425055373677, -0.49877010838106706, -0.5777534067112157, -0.34740236568281496, -0.5265406814199486, -0.5749152047576501, -0.6115961531772114, -0.4799233294736149, -0.395445990716517, -0.5426045930796448, -0.4035605876526079, -0.5829031462547827, -0.4115626666977126, -0.43263520329351457, -0.46379844582638574, -1.5554207358207903, -0.4951325140799738, -0.4761610778416157, -0.46394710960221347, -0.49602427975975527, -0.39471953830154544, -0.6437536049443988, -0.41059373944943867, -0.4515299084231666, -0.3800298910007293, -0.5323706556351888, -1.528946279553593, -0.5519484704789525, -0.575728483979636, -0.5007338423124333, -0.45242278180006107, -0.585640497747105, -0.3643026082899651, -0.64803018511093, -0.6626756532563037, -0.4954371036265122, -0.5609440890334725, -0.4541983671724037, -0.6323299949215728, -1.5464031239847416, -0.4808896622091677, -0.4131796861728659, -0.5792096902502006, -0.4755016656067919, -0.5171305213734704, -0.5886461358189831, -0.44632646434162326, -0.44706204977255254, -0.5708500869604785, -0.5053371186645352, -0.39694211833056886, -1.506501848802512, -0.5057697100539056, -0.5675830305816617, -0.5786189414576075, -0.5412733382500847, -0.33907330879756303, -0.39819799869450623, -0.5685895146699775, -0.637296358973845, -0.35858719184476023, -0.5476415386829458, -0.5829532944281152, -1.5473668388431188, -0.41968900670515347, -0.5626136720166278, -0.5770679783904044, -0.5168172446941596, -0.39662067724051564, -0.5837479930848324, -0.5853987794192455, -0.5962937524848284, -0.20194900370667007, -0.601178218407848, -0.4457421215342632, -1.5753762244088447, -0.6286191592281055, -0.44682103354686986, -0.5956266235075094, -0.5207514776490068, -0.5073836197672043, -0.5963808517613285, -0.48095135086995927, -0.6127523638182262, -0.5019457352260422, -0.533207584586653, -0.5167395747759485, -1.527349823037826, -0.5206968131819338, -0.49234331754704663, -0.5239423044076608, -0.5389715946708593, -0.4125412743374812, -0.4592216059940927, -0.4372016046378132, -0.3458950245982928, -0.49509393495708437, -0.5250980890286281, -0.5765134709445318, -1.5108082653965251, -0.5663789951673452, -0.5000547662531123, -0.6025040474751032, -0.36974947733363217, -0.5874594981164968, -0.514175113143257, -0.639146954657352, -0.45639169643119654, -0.4178408260591947, -0.5291755326698896, -0.5966012350605966, -1.337397060211193, -0.8847711396518334],