{"vi_exp": {"vi_seed": 31030, "coeffs": [-0.5409302099909551, -8.216305663280165, -8.209200903542381, -11.055264722902114, -12.252618815185143, -13.482655477987576, -9.837009084409992, -12.403729340760643, -10.668425800255878, -10.651836375879292, -11.387780835691274, -10.08728191103227, -11.43377056144418, -11.148080747226883, -10.30319891626077, -12.85444550849942, -13.889344750018315, -11.515994400202832, -9.18480939720587, -11.60368578108276, -11.09976263554875, -10.609650096377408, 1.2520321141837623, -12.138600587658184, -11.844317850247114, -11.60521232979228, -11.671924615196412, -12.993879369344237, -11.88046307144564, -11.379633094152474, -11.968336466948099, -8.3766752546893, -9.8119339861558, -9.658560489722776, 0.5974198388075497, -11.317582364287988, -11.267932394832291, -11.786027536158947, -11.867323041587023, -12.15304105736703, -11.78054733652049, -12.06491328139768, -10.995001967694375, -9.706703050916772, -9.721447712074209, -10.500129623393335, 0.3447195166832523, -10.605675783425239, -11.6770172842016, -10.857762441465493, -10.63735637062374, -12.115787441178671, -11.367125394160164, -10.629429007574545, -11.491927586637706, -7.541397751751674, -10.806015790423983, -10.582975791524632, 0.06015033979391852, -10.527902008268454, -11.960402813504825, -10.18281715291015, -13.830900839124649, -11.16692298290433, -9.723803226449883, -9.580143007220396, -10.223756712099137, -11.20755406458333, -8.50376207789211, -12.08743135374976, 0.13097731663865628, -12.654899984457009, -12.706821336023877, -13.845236881915673, -15.390162259511879, -9.718390595842035, -9.443958396507755, -11.039823944450585, -12.780402516025536, -10.922221534355732, -8.692080065627025, -8.545685837087031, 0.12309744652699953, -11.537221782040934, -10.716059802143741, -9.984542643401465, -9.701911996434283, -9.98284546377542, -10.83752058603083, -10.583070069362027, -11.614969139430837, -12.193921034015714, -9.513960724073524, -10.75062920019687, 0.2975775223184483, -11.256145258378824, -12.180815142770768, -9.733544461021856, -14.105489568297434, -11.466081809021516, -10.458045154388396, -10.589131775453831, -12.100642194385772, -11.632221319745707, -11.025348818048256, -9.521582002482823, 0.48014015713315766, -10.731843497562714, -12.647780292063379, -9.44283775408155, -11.81670129501122, -10.420251202547224, -11.301216406824818, -10.349227493629451, -13.302028361767647, -11.382303814383542, -9.702761294292483, -10.278242808632044, 0.7245474383590162, -13.052657198971803, -10.70269239704348, -9.156021327650901, -13.745823262806654, -13.144091156734651, -11.2856180511276, -12.925376902927365, -10.937939015389473, -9.931286467700994, -9.672007354775573, -7.060863090613488, 1.2046957467502992, -10.104447003034391, -1.564520015924707, -0.5719067013682277, -0.2756806636012059, -0.5317384881753839, -0.42657230097387033, -0.5151996173897956, -0.4890393865672331, -0.5619836574972713, -0.5446698477399651, -0.38106103879282227, -0.47837486775262666, -0.49943999506197273, -0.364440162328642, -0.5359755011409518, -0.5493881424264704, -0.619355426529126, -0.5648618205735888, -0.5290444892263386, -0.3329514358297173, -0.5723670348091987, -0.556868001420794, -0.6034152760340048, -1.5437659520791032, -0.6698802920250283, -0.5780424156646901, -0.5811776967866061, -0.4998963973582462, -0.46689237654110854, -0.5369034871173631, -0.49536399175801743, -0.49975662960415707, -0.42839255209193694, -0.4912520536731845, -0.5526470897153828, -1.5356852679690776, -0.4949135414490049, -0.6535985251782886, -0.5726519210383748, -0.5048739206732261, -0.5229515868186996, -0.545551151095312, -0.5005144189274799, -0.45439643732557883, -0.45507868513422656, -0.4792463339495383, -0.48887015976600295, -1.5177289786996653, -0.509196406903802, -0.4549665656881922, -0.5967138092520796, -0.49792124877378485, -0.5645112164051724, -0.48851809621444237, -0.5499988933810517, -0.44179541196359723, -0.47113285257552, -0.6308365490107734, -0.4256962765632929, -1.5555583302796419, -0.549143562050935, -0.46834820726430637, -0.5505065713292892, -0.5493538887223068, -0.41068192774340834, -0.4547274103152781, -0.4973796924834058, -0.5040593652915637, -0.5539397982321504, -0.47851696627974594, -0.516554177757485, -1.5613698754522778, -0.4344011171717862, -0.611287539242543, -0.5511069237744561, -0.6269331338331172, -0.5951974881188812, -0.4308825063240608, -0.4585443008875319, -0.601596045117365, -0.3540240754242902, -0.6414440590242794, -0.40785353960889087, -1.562972827238704, -0.5913435802999406, -0.4269751583372556, -0.5535848098277536, -0.4883607896078917, -0.6727620023203602, -0.6476204738631233, -0.43641129630081116, -0.5703024688125546, -0.4796499172280924, -0.5515442794773048, -0.6067573697933748, -1.5239863526407045, -0.4549859589469596, -0.5392839758396115, -0.5220249484962077, -0.5484198957813021, -0.6093346389610781, -0.6480798253522958, -0.5117310591487881, -0.5312669763545667, -0.5108919388939638, -0.5563697222722174, -0.6411770450201418, -1.5477550100424289, -0.6548957973445646, -0.5296827470651524, -0.3881268528391171, -0.510201482610905, -0.495279832126694, -0.4822531415392764, -0.4806841127759652, -0.4899233143107257, -0.5924700068463914, -0.48493757704076096, -0.40945745543938766, -1.535383588771553, -0.5475756247108053, -0.5801905417295421, -0.37188959752050205, -0.5167369882223147, -0.4730268510085888, -0.43496115182351686, -0.3925953927631083, -0.4336791636317438, -0.5293063868577214, -0.42988819908347686, -0.40320864825799907, -1.5859903195153624, -0.56716481877683],