{"vi_exp": {"vi_seed": 46944, "coeffs": [-1.493608427227159, -10.64829299162907, -12.604428001896089, -11.364552487109155, -11.959656500440902, -12.897107450757671, -9.887720889078246, -12.581517298488842, -12.245876456296223, -13.828481606743134, -11.655077381704258, -9.583589619554042, -12.922681015116792, -12.740788924207012, -10.21826179849805, -11.6141258548584, -12.938645520573054, -14.212552068607948, -13.14223457614963, -12.494459348961591, -11.79017375687328, -10.520742617955634, 0.49685172475079475, -12.631693497065152, -13.010951628934409, -12.391898078943438, -11.572947885232185, -11.403384102244022, -10.958853090520979, -11.935633327942954, -11.074905335451584, -13.518868986292805, -8.761568975371887, -10.18319068505164, -0.11633265417967496, -11.474472805828645, -11.12705759919327, -12.706416233573254, -11.875644553287312, -11.251929559559319, -12.295499736996163, -11.55661628359919, -13.971405930699866, -10.278585845243056, -9.214664045056939, -10.966292111570297, -0.18773288378540479, -11.094615226905832, -10.789599994224046, -12.897274481170596, -13.540417011486205, -10.902239518971308, -11.350794838230405, -12.219435148992252, -11.161094719922758, -10.710044383868263, -9.862462820264623, -12.024209833513677, -0.4082850598635858, -11.61721338984215, -12.655349776309652, -12.548509687712288, -12.627398911747719, -12.84884753778969, -11.909608267856548, -9.26297070995202, -11.629533372964632, -11.22104471787793, -11.70194539356243, -10.133547171833133, -0.5066484494222807, -11.794111949128714, -11.543988905123273, -14.556439421370007, -12.633702547728566, -9.999080710693185, -12.230721995745315, -13.74425812673448, -12.176136170727137, -9.307709240351004, -11.401416604031741, -11.071345220274459, -0.4990472516079925, -10.624156178559875, -12.25480905541834, -12.1963080266106, -10.314097477942237, -10.039705072803484, -9.007251028587419, -11.606778777170106, -9.60573359900635, -13.114301806704056, -11.22828625816092, -10.414603112037318, -0.42421267600352075, -12.37648396792818, -10.9002804845512, -10.418288268798154, -10.563990992047883, -12.935884319339968, -12.565680762899198, -13.734750464693498, -11.789925508983208, -11.253374424425978, -9.642695801125704, -10.42328665617591, -0.3037934252616536, -9.473250890366957, -12.266351549513239, -8.137282393938957, -10.10692534161561, -12.155096252086333, -8.499062985462398, -12.302169506689703, -10.742745995950274, -11.782019774464118, -10.019297751287933, -7.320789649810103, -0.3105484632908254, -9.062511018811467, -9.896968097047239, -11.979945523045302, -12.399804709529636, -11.997446463984259, -12.598670379970637, -12.910154614878026, -11.776295786698915, -12.93428746541543, -10.206922404971229, -11.829014857704061, -0.6711084696078163, 2.702992288985702, -1.5631239772081844, -0.5026958088148843, -0.5183953970461919, -0.4572371292061959, -0.5661784608937706, -0.4052658932828034, -0.43315428584810145, -0.4114301772190271, -0.44616350013361816, -0.6030240819400051, -0.49910276705496803, -0.48112579810910994, -0.611118919786671, -0.6176365517920869, -0.5270014127864863, -0.6427303546541624, -0.5767647604214337, -0.6504773146355636, -0.7109845912691963, -0.5748130842226477, -0.46425096239599795, -0.5707587266310664, -1.5655496634335704, -0.5166331002135593, -0.5149016061386187, -0.5280455697604051, -0.4372274358529954, -0.6744706048680409, -0.5303318915990247, -0.5387931328704496, -0.5337693132232478, -0.6507067140245958, -0.5974300074268971, -0.45985255152245635, -1.568002175894845, -0.4732596656837645, -0.45146155503822755, -0.5703051689005961, -0.5641165653652752, -0.4856414763778257, -0.5409103322074071, -0.47715048526722764, -0.5734549267697221, -0.5294537560142337, -0.6701648681667636, -0.5244782627481908, -1.5441287458076938, -0.6373207025913453, -0.5099531868718604, -0.36444279444513245, -0.5316821464292233, -0.5649842603954975, -0.45334725797344155, -0.5371355220345985, -0.574208418766153, -0.5329856646619218, -0.42058687711527837, -0.6286639834087587, -1.533959752361975, -0.6335977441511331, -0.561586069606303, -0.545379249642807, -0.4947704774163579, -0.5291036507637503, -0.5581986541796069, -0.4809358160831223, -0.43620174886992663, -0.491543528511452, -0.5109953709806274, -0.3345234617993048, -1.5739396843779758, -0.6639882175331778, -0.5083684018766623, -0.616876430427959, -0.4830350008923064, -0.49733846261862413, -0.517227443350326, -0.5992009135041415, -0.39080908686470395, -0.3349408152058725, -0.4213137730227765, -0.5821745669089827, -1.5374965890018606, -0.30604866747689763, -0.4714005134722432, -0.4294327305886382, -0.4649176395954496, -0.5028031449712052, -0.35351532081530496, -0.551894524730423, -0.5267728091133468, -0.55447322866185, -0.5223800374644432, -0.5188529798902163, -1.5853680964274899, -0.5235912313401534, -0.5146304703113214, -0.6443891555061879, -0.4585728286998223, -0.5188607819651107, -0.44926042621905204, -0.5632150082999701, -0.6275018611306646, -0.6014523209370612, -0.45928288496615566, -0.5509178970735109, -1.5671936403792093, -0.553242122971891, -0.42702824246253984, -0.5320985925967453, -0.3175216259323087, -0.4719266462473585, -0.4289028065771861, -0.5176538374858953, -0.41537139309935595, -0.5717440999529296, -0.48237404129777695, -0.5037589201185292, -1.5391992184020011, -0.37936843437738393, -0.5218884355606647, -0.5727224768310034, -0.533842732683559, -0.46136488335230796, -0.5670394372723536, -0.4496522275372808, -0.40513981054668996, -0.5464862952546654, -0.45328916074957665, -0.44477844388738014, -1.2287161985978132, -1.1648281159663634],