{"vi_exp": {"vi_seed": 1148, "coeffs": [-0.7600835444933793, -0.774719120490957, -8.647266463324767, -10.680537950571928, -12.427235495035157, -9.752688501278518, -11.254069305562766, -11.293209569092577, -12.29627639952352, -11.47564876519184, -13.462988870141935, -11.028543972430498, -7.698943625510956, -11.788428032657242, -11.422051668380545, -10.125098145103046, -12.49042024445478, -8.591160773836622, -10.921907308480746, -12.417399146737537, -11.519032729374567, -7.607760141066617, -7.0717778844483785, -10.569315614603266, -11.026471887461888, -14.247537245541968, -11.680914229928542, -10.721553639028391, -10.573215052878373, -12.690053506657021, -9.96229161754489, -11.13976003984006, -10.666184206991533, -8.040603830126123, 0.6460548853309259, -10.236944080267275, -12.65749642405344, -12.692855712594067, -11.24147209853273, -13.230526343955843, -9.087507298280899, -8.766549258632056, -12.028236457489177, -10.473350904965745, -10.79326178907755, -8.987822101916407, 0.29647232852070093, -11.362171074547346, -11.165523477552444, -11.790430711387618, -9.831625579643708, -9.044866442876462, -13.141345890945251, -11.299448147272079, -9.652383979054315, -8.581143357623342, -9.933239863726088, -9.44556123532618, 0.013838080540282864, -7.304177744710694, -10.141170637276296, -12.100887788141879, -13.797362315236832, -11.683652017180847, -12.417971529057166, -9.022140638025487, -11.418125514461824, -10.130611925841896, -10.64815506691551, -11.59115804402351, 0.2521328474981506, -10.68309322948751, -11.011782124903979, -11.304211051833642, -11.869811687041878, -11.353308568723058, -10.07588275666068, -10.668104145562468, -11.377150998961005, -10.29062588793804, -12.276784672496278, -10.576165389653982, 0.36780776648348923, -11.961094202978769, -11.303654567479828, -11.94598062846211, -11.10060697876121, -11.53747526168619, -11.891123131066205, -11.414677141309546, -10.423132344346456, -10.889143621420338, -9.527077615916623, -10.721522794873561, 0.4886655733533402, -10.200622029227336, -12.586576576483802, -10.51585142880789, -11.493030615803647, -11.958839575866751, -12.50943465254101, -11.927658309199218, -9.82988608344854, -11.639517815984075, -11.383038796373294, -8.618447569897778, 0.534471507515261, -11.901786385021735, -10.714349699382778, -7.197555283448748, -10.436858021829178, -13.073741432419395, -9.669295646862095, -13.233188872285323, -9.881272002721879, -9.636624698517599, -11.239368263234965, -9.041395740788495, 0.9258891249355369, -12.024498349403393, -9.30660918103585, -12.01824342420992, -12.93175343105711, -11.817366634051474, -10.516112026787395, -13.672518000973986, -11.76387125366198, -10.26322707943561, -11.727880775203404, -10.127262622245489, 0.4423736050296286, 2.176753044156214, -1.5388725738508087, -1.5407581247814932, -0.48168026914111167, -0.5076520985016616, -0.421906804732581, -0.48756366460797873, -0.4913054786630791, -0.5230181918994307, -0.5559674252558684, -0.5138280150479135, -0.5071278958360984, -0.6128053370000617, -0.4145326348669848, -0.42239494508935815, -0.5511332259669357, -0.6146149833631785, -0.6026753142551532, -0.4637322840426635, -0.47314076033173114, -0.5669973424225906, -0.5963000323987602, -0.5343751136639775, -0.4335954734347176, -0.5049156854236202, -0.5381989890727295, -0.5045709031432059, -0.474809712620125, -0.2875334374983816, -0.5202763874949211, -0.4813512438374868, -0.60063486309857, -0.5512391845991025, -0.4103519130137643, -0.37828750808524075, -1.551859043923829, -0.45268331679521234, -0.4273919770727632, -0.3962260888088497, -0.6014204326660497, -0.5209200273451141, -0.6387265181692238, -0.4445756908063952, -0.6012465750480415, -0.4621504798408745, -0.529049139152809, -0.5572134630309571, -1.570184873341718, -0.5185239127331885, -0.5150735697928117, -0.5620532010003256, -0.4598544811049337, -0.39223668234140174, -0.551610291014641, -0.5008733976759147, -0.5350765989146727, -0.46296489481288533, -0.6740192714288656, -0.5182519554372144, -1.5508964093021893, -0.41912365922549627, -0.5295126457031416, -0.4137306499236109, -0.4608763452086559, -0.666352442062677, -0.4365266609547101, -0.6692718288148682, -0.6648913134161655, -0.4754501048695049, -0.5431791935552067, -0.5607047965681368, -1.5650360382390134, -0.45837500172700807, -0.485978004389165, -0.663453365044659, -0.5981434421889434, -0.4445743392822455, -0.5369095418364396, -0.455957861205319, -0.5348830948213117, -0.5464081987127705, -0.5170857395360954, -0.4853202756707808, -1.5826291122204352, -0.46295756545400624, -0.4649408351504528, -0.5150818574725148, -0.6016196381831065, -0.6113161442832227, -0.6029727572740444, -0.6467968720798011, -0.5473412127637824, -0.5357789463223016, -0.4882571086949276, -0.5312070369003252, -1.56273802197744, -0.4564139537035289, -0.5816385501743516, -0.4980433982543448, -0.4722371498378926, -0.42302009158436016, -0.5747163798530032, -0.5461997070697997, -0.5267419195103995, -0.5135219663342726, -0.39238571164666247, -0.469762105199216, -1.5633900836499053, -0.4566992053036519, -0.5611365556383159, -0.5708561521365052, -0.6723941054792602, -0.4458223369116347, -0.5221026323044134, -0.4598547765412061, -0.41772653525877773, -0.46088248850870084, -0.5782040073723448, -0.5300670199905028, -1.5733250284626084, -0.5718373506635683, -0.5949648811489276, -0.6323160417802973, -0.5799904409161669, -0.5254293949382564, -0.4878028477721553, -0.41085951726938275, -0.5046238363246304, -0.56393203597894, -0.5797955962316297, -0.39340175966531027, -1.2775446966318391, -1.0538956828926753],