{"vi_exp": {"vi_seed": 46768, "coeffs": [-0.65815184085905, -0.6558599300645056, -9.45349341582518, -9.578518559947945, -10.161981998091633, -9.377067430556899, -10.558661250126873, -12.003379647562419, -10.372222061002516, -9.921960269896829, -11.745689021088477, -10.840019609318391, -12.726974674064103, -12.566759286653781, -11.865564145277071, -11.13316492669805, -11.938268666223873, -13.142852051197783, -14.517249782069298, -13.269960223826532, -11.620421399734072, -8.488422560664507, -7.159716257853783, -12.272134014831696, -14.246510941373316, -10.523531064744677, -11.828958997740777, -11.698508011306822, -9.70727992836533, -11.149247092938966, -13.341576200354304, -12.563179284281851, -10.935622197123426, -10.665405061336237, 0.499458750220677, -9.611929162666812, -10.499889395282613, -12.49528072140255, -8.171045816496175, -12.743157451702212, -12.477697742751653, -9.091208034417685, -11.963966041925294, -10.299652202184792, -10.119986599751003, -10.696136407471899, 0.13281121864986334, -9.492661156195059, -12.97763628390131, -12.453188843487377, -10.660037071003327, -12.512918031668223, -11.356249608668614, -10.455433331570472, -10.702815343765078, -10.194488581255134, -7.876503839758752, -6.133852814468006, -0.11417799444361769, -12.848146071577869, -14.127664770162218, -11.566959248240174, -10.69819203638987, -11.289267110988604, -14.015763123871851, -9.470094552133984, -7.283798367959082, -12.408363698006637, -9.589049620797908, -7.767439610954447, -0.13606295636368942, -12.880244268767184, -12.345384260240264, -9.226363301168382, -13.554958201275104, -10.85492631648632, -8.695702886925092, -13.209363431046658, -10.922844935805573, -8.924071807463992, -9.44348809724825, -11.860354992670937, -0.02818028379770833, -12.282616386716215, -11.384143867045847, -12.773987651196169, -9.317251511457007, -8.810688023047893, -9.448900347577839, -12.102244552436, -12.287589536393156, -12.63709083991937, -10.9645947135287, -8.525308822324565, -0.0756188603924657, -10.834197444675487, -8.291571727262822, -13.575702601112745, -9.432590543314596, -9.446090364784384, -10.033165585361377, -10.537572835210366, -12.651673121142021, -11.721269696522894, -9.086034494452077, -8.95029159436165, -0.06398151491708974, -10.825726279630633, -11.48000992479871, -10.075068834744773, -12.343645926726706, -9.865158805907333, -10.22669583740361, -12.62172432488755, -10.652871168630655, -11.589382125303592, -11.781593323945321, -10.926108299741303, 0.12183834104402419, -11.270363739604282, -10.795582280365682, -12.475453802888957, -10.988798930830221, -12.299041205453541, -12.460734475572046, -11.308389621693813, -11.21791788538374, -11.984546277053246, -11.327301471778812, -10.656472433408123, 0.7189615228082376, 1.8736047686773236, -1.5475275944168343, -1.5327370952906036, -0.4045997670112887, -0.3567697643160664, -0.6124649808405676, -0.4198672301156921, -0.5562838126389043, -0.5352836831375425, -0.5273712452657042, -0.5504975753326107, -0.36962597132886055, -0.546655598036729, -0.48620775399122085, -0.4518971927736909, -0.5955111513094438, -0.3643134841267313, -0.5063466034298763, -0.42707378755668046, -0.5439847359200237, -0.5774175457394303, -0.464767259940065, -0.670678578908237, -0.5201873560546822, -0.5551068637523798, -0.500649990572945, -0.5319669793310313, -0.5903520779435181, -0.4939298604819626, -0.4176668739115551, -0.5519652250627739, -0.5407537594675143, -0.6374687572462906, -0.5710475599850426, -0.557498029690791, -1.524654846564203, -0.4101804764684018, -0.41267369400326254, -0.5860725685341375, -0.46110950504112586, -0.4308558792144812, -0.546653669744738, -0.4187677179044994, -0.40793765378851166, -0.6073119753493461, -0.4763405530271975, -0.6089621038538832, -1.5386992712710499, -0.4727135342629526, -0.6009559812692838, -0.6457684879581574, -0.5711286913595133, -0.5379136698045378, -0.5332795414953014, -0.5725486332421412, -0.5017303930938116, -0.4685699657657999, -0.5446172135618492, -0.3793470839590903, -1.5146309959950344, -0.4207036008108428, -0.4814734553935733, -0.39897097764818806, -0.5784322871544674, -0.6493412764463725, -0.6476166053925999, -0.5503444761464117, -0.4420937157061187, -0.4217336347355678, -0.605625348731634, -0.4365016955712463, -1.5318194652163755, -0.5942134743188642, -0.47068838567388294, -0.4907872571890911, -0.49012250986992445, -0.6481722978867375, -0.32569009274511884, -0.6095397539893277, -0.41681715897982563, -0.5597474377933099, -0.5370123826675186, -0.5835288023615753, -1.5100571865821775, -0.6398516173354517, -0.5941567601224016, -0.5349839848390202, -0.5907979938024267, -0.6722250638890273, -0.49751371303362785, -0.5264188337270175, -0.5484953575893868, -0.7401777167790274, -0.5139144032826901, -0.5435978557706335, -1.5524386346861139, -0.40087608943010566, -0.42548011082407516, -0.5317766522574694, -0.4974477465242733, -0.5470390045707951, -0.47882760460374374, -0.5234568354805632, -0.5592658203011364, -0.420117005543774, -0.6069100763980089, -0.5948826197596222, -1.5649516323695578, -0.44381298106623823, -0.4258707839224277, -0.5514469649761764, -0.4024823672795502, -0.37787009623226653, -0.4383429221267005, -0.3732937034009466, -0.45712496536017977, -0.52578088447901, -0.5660454059238313, -0.4876069994372024, -1.4770315442825137, -0.45848436330551817, -0.5535285286477326, -0.274259018341676, -0.43197141054296423, -0.5415037757929972, -0.6402946654316698, -0.47004605765699237, -0.46568234144309606, -0.6082242933020209, -0.5393891795594905, -0.5338945310409919, -1.3060049464453296, -0.945094065400565],