{"vi_exp": {"vi_seed": 59418, "coeffs": [0.07837102777475506, 0.046070829318507804, -12.093118570758799, -9.66311991582414, -13.943853447508552, -8.639904826558466, -9.295480830216647, -10.970100418653956, -9.235946492278197, -10.0414422495022, -11.978460712808317, -9.808720204727729, -12.013899106545656, -10.35004529385542, -12.22853628062106, -13.15403085676404, -10.010022610375929, -12.768455512164904, -9.136169981752683, -10.706975300398373, -9.850959206592703, -7.715617347219098, -5.66948670386965, -12.965884671047988, -10.94524155372971, -11.240290028077013, -10.419340916285678, -12.707676808190412, -10.96837331241029, -9.619577677443315, -13.50465671049444, -9.976103655887783, -9.693731968249276, -8.502691565426009, 1.1347827889072493, -11.652699776864143, -11.883913780814755, -12.069672499193793, -11.958450491793156, -10.038504835360373, -9.0875980267061, -12.887052223160385, -9.521840287391658, -12.842192592056412, -9.029150822881185, -9.741859881990866, 0.8598087816538704, -12.119674746074676, -11.249310476163732, -13.026178388590834, -9.876598040212214, -10.541412093155031, -10.476669882319632, -11.838938985160917, -8.029372665396897, -7.2525860165859815, -9.040232349195453, 0.8344731097832826, -8.727794378836732, -14.020725367441711, -13.279474230300478, -11.477323650071412, -11.08039430132084, -13.426070720801622, -11.017305423518856, -11.965769191267597, -11.703350398580458, -11.554916934987105, -8.46183538674618, -11.198760378723152, 0.5477756197205926, -10.780580082921087, -12.023917676483435, -11.835923582050395, -11.571515808581266, -10.172785613772476, -10.37040248745424, -9.175287178644103, -10.301528638029952, -7.708040364907036, -9.283983184011554, -11.10032438620304, 0.7905138334637251, -10.500541779935158, -10.892008680738483, -10.973259597749328, -11.131759626029574, -9.49959905554921, -11.113474420802778, -12.302873326951866, -9.987007131576153, -11.1536499296126, -10.365492433750454, 0.7576744082579095, -9.503743327671591, -9.145009209713272, -9.208703208540358, -11.168560716001021, -9.66685125498419, -10.426389958662172, -11.159222021919744, -9.479882198847422, -13.845563364471888, -12.086562704291481, -10.469788316843786, -8.408526350629216, 0.7945217631953921, -12.53896428713484, -10.550387834640407, -11.82305888021184, -10.003855328174197, -13.009965199673996, -11.87931099415605, -11.581990954624933, -9.71436702078235, -10.392434083583524, -10.018568808376058, -9.768992975218108, 0.9147492950267581, -10.301889598057594, -10.301049240200989, -8.76338046669043, -11.076313831304315, -12.97295409561101, -10.863294423560225, -10.935829693782342, -11.155284002758982, -9.96407037115575, -9.193726263887502, -10.769260557420651, 1.2370762926891792, -7.601989409634894, -1.517645561594209, -1.5901698720231505, -0.620237921966696, -0.45495599644963997, -0.528169843961082, -0.5355058604150937, -0.5848971526895673, -0.5436963133489382, -0.40186266834632667, -0.48656478774022777, -0.44192221213749805, -0.49708034476722796, -0.5877253357767748, -0.5638681960092949, -0.5392176932143579, -0.5281553175659779, -0.5743840684592881, -0.3626675235689196, -0.6465387869923945, -0.5528945240902596, -0.3580235219581722, -0.540888194280063, -0.48095079863442164, -0.43662818663014374, -0.5582476645004667, -0.5364218438240196, -0.5671934264512783, -0.6797159757940588, -0.5039680472677495, -0.406228052735416, -0.4080998286858861, -0.7070148297748651, -0.5860725663369463, -0.4057784247759892, -1.583419469812332, -0.7163128237335177, -0.5740900653981083, -0.512290235743136, -0.38965592022142437, -0.5673588127893606, -0.5939151862606357, -0.5621829118794204, -0.47850937792978665, -0.5468245656834326, -0.5185818499354955, -0.5515860938173728, -1.523697532669573, -0.5502650659838779, -0.45491363699208154, -0.5835456922828858, -0.30592575652552034, -0.5442363102511375, -0.5587829066589141, -0.5031986646372193, -0.5847151442196775, -0.3608629255466203, -0.6281443701926446, -1.5662676646860527, -0.5701223288889851, -0.5535501080631497, -0.6724151260450492, -0.47837654166819993, -0.5198896413619509, -0.5846162102454775, -0.45087886081502765, -0.4940162764327113, -0.690117251519633, -0.5215276661263443, -0.3595362707821978, -0.40392573791291764, -1.5126423093870185, -0.5954354562467119, -0.43460694003360056, -0.4527344884939362, -0.48016691867119526, -0.5238439271390231, -0.6553755522032211, -0.38591926590990694, -0.6148728331887441, -0.30744580628369517, -0.4386573415229149, -0.6292865698629081, -1.5249327473994545, -0.620880124228678, -0.38141480493647717, -0.5426210202529438, -0.3958295811207448, -0.4361697079351899, -0.6299864866580731, -0.5327864843158107, -0.42698259343393835, -0.49960934574608495, -0.4008466411645759, -1.528286753369211, -0.37103655530441637, -0.4932775804220467, -0.3235018767468727, -0.6574349803574739, -0.5399659287251795, -0.4347038639949339, -0.4168776198282744, -0.33906474640652273, -0.6472329636650096, -0.45127141655709435, -0.447060358180314, -0.3714558355223185, -1.544876630685538, -0.5875586293964338, -0.4684358849121008, -0.5218850324065308, -0.28798674657574985, -0.606050207129202, -0.5770966558341669, -0.4446154569058545, -0.4714023779085521, -0.4031719219790029, -0.5416402103682585, -0.5908536562562007, -1.5365115753339644, -0.6319059089265232, -0.5776084629486821, -0.5177571590693231, -0.5256994235544118, -0.5949107027648217, -0.2910970514646287, -0.6033011271066265, -0.6897186676365454, -0.5426517394930582, -0.49206388318731475, -0.49025065066039925, -1.5626671333101712, -0.42400019311653886],