{"vi_exp": {"vi_seed": 51090, "coeffs": [-0.45355672491792426, -8.074442583227583, -7.223282276332578, -11.885221400874183, -9.308954274933212, -14.184359836568824, -9.940933536681783, -11.20521999242653, -11.934083538877232, -11.485476376729936, -13.159846109493845, -9.895385611789349, -10.029698458499823, -12.338678261784223, -11.260895880326212, -11.742889398944289, -12.887926780944937, -11.444779195809014, -10.260727046549617, -12.075668202382644, -14.5593343792597, -6.985002348164865, 1.2823546855350718, -10.532816800671839, -11.824027738267352, -11.911471410018377, -9.892721262568346, -11.279827826833897, -10.48059457800762, -11.888136600131196, -9.981245951115493, -8.061291126089763, -9.486817829903963, -6.967365850161288, 0.6822210348986769, -10.083330985334795, -11.022653244869389, -13.064359274649338, -11.093399072163368, -10.059659100071656, -13.3080495877528, -9.667416762500022, -9.04057214546195, -8.862105844110287, -11.29822326458238, -8.643633738494271, 0.3961920523217776, -12.155778641802245, -11.933284155314212, -11.79352354479482, -12.930708087114454, -13.097075376401452, -10.050028262732729, -11.867349388906806, -8.79037573309156, -11.177320524103221, -9.858814666429867, -8.914461578493206, 0.17571719143857834, -12.188160691052227, -9.888564533624749, -13.104382015385278, -9.970505170485328, -13.167748956403962, -10.132401529125188, -11.50169882040686, -11.15773074997307, -12.677684879935091, -10.6424719405343, -9.61624172946377, 0.23654838016645743, -14.084437150035331, -11.144698599223144, -9.17377834129712, -11.089978193138018, -12.495339065737635, -7.832797752964165, -11.129645763480243, -11.491434814309933, -9.074808368857195, -10.637133019361434, -10.51088661679025, 0.3944209448101703, -12.663087018585156, -11.400203837815633, -11.48694564879549, -7.764139168836873, -12.42860956721452, -9.637351833420666, -11.375078101977548, -7.832784337673287, -10.54522440499642, -12.882866743070743, -9.857513571235456, 0.6867277470012697, -12.891767437622342, -12.752633914137, -9.760544213237019, -14.703589475879484, -10.937580720380554, -12.068386011634189, -12.197872949442198, -11.811227622685754, -11.446998449590163, -11.40994404233917, -9.068273576922689, 0.7653038438792849, -10.101598397760863, -10.296137816229571, -8.177291523618344, -9.696644675533317, -11.380453555110032, -11.783995620422244, -11.628970230146397, -12.786161489478678, -10.858044812440898, -11.29830793077451, -10.764286906171238, 0.8721246578068906, -10.220843049929842, -8.068470581875442, -9.768421179596126, -9.486406205304066, -10.93517788154318, -10.708691529119376, -13.76100531867593, -11.693658438980341, -14.000870243446636, -11.437063068888078, -9.857634700703635, 0.6733967181055198, 3.691103315122493, -1.5227339709029384, -0.519073015467656, -0.504451557979569, -0.612099121618081, -0.5150925172222153, -0.5606411535170447, -0.5112582907974526, -0.4612951499544587, -0.42753908832316, -0.42912888170767954, -0.5766053510048645, -0.44220109820502523, -0.4936187303755335, -0.45728261787797964, -0.49077899771935374, -0.3686018678487353, -0.5788801644749892, -0.5689513070574017, -0.5390374855593374, -0.5434224215914147, -0.623305010111623, -0.4443010896255546, -1.5577343005092807, -0.5407894760974954, -0.6460191173092418, -0.523786884116018, -0.5972864354651151, -0.5276845622831018, -0.5637813890929056, -0.4391944711806725, -0.5292306581094853, -0.41722066198588403, -0.5586739822179612, -0.5435476376707612, -1.5018165720423098, -0.41642434353934943, -0.5773408386388443, -0.5501371287654083, -0.5396369110131012, -0.6804272136816294, -0.4645118251121919, -0.41753598587355456, -0.48486056784050446, -0.5736891544432536, -0.48421200717513674, -0.44161375683721865, -1.5452327625974902, -0.6464863124118838, -0.5064472896744371, -0.3451503380237336, -0.5939091428590892, -0.4612892300235223, -0.4799170459727322, -0.5946847312608781, -0.527000495473786, -0.4452594828662608, -0.411844586676882, -0.48561340424134125, -1.5080360079540593, -0.646130111901527, -0.6102743346799789, -0.5060533076580847, -0.418458591034703, -0.5953962542279462, -0.6529783521023248, -0.563612736476164, -0.4457194932987622, -0.5417940524672628, -0.4953921163436625, -0.3305906067761276, -1.5402468228076343, -0.5379750516115142, -0.4811197501433764, -0.5272828854077695, -0.5793197332140697, -0.5337721287730885, -0.3570462050781603, -0.5085416272866328, -0.5770438364608725, -0.265381082254279, -0.5301590866815421, -0.6234088513263103, -1.5695049298907293, -0.5626291432270061, -0.4953247100355051, -0.40814062410025975, -0.31377964457752033, -0.4411616718583464, -0.45927717786313854, -0.5216385069323543, -0.645671945180134, -0.4508761101607831, -0.5069190371925717, -0.513272148110512, -1.5159957160977382, -0.4230234283259648, -0.5832960305040973, -0.5418778639785999, -0.6347071839340321, -0.5472827338492056, -0.4930642101816874, -0.48620083868127195, -0.5755276222103225, -0.411208758977587, -0.5341194288642209, -0.6012133080404863, -1.5320124792250545, -0.5805860640782363, -0.4669777030452347, -0.6695414215867868, -0.5290251304794649, -0.45019214457208, -0.5741523479396826, -0.5483295697625329, -0.571948658045865, -0.5757018507966549, -0.6032932251560922, -0.5801271866296057, -1.561957670787815, -0.4306416160753942, -0.490490059587516, -0.5744950218540198, -0.5209720785653656, -0.6216341575990258, -0.6027304883542696, -0.5061216448749476, -0.5268001551076484, -0.5820973699982465, -0.4240984355314337, -0.6195619271692905, -1.2508822548734635, -1.174934684585322],