{"vi_exp": {"vi_seed": 8182, "coeffs": [-0.040038801166520234, -0.041338748086855955, -6.399697225790261, -9.072058769928033, -12.606613648083416, -12.192208617025692, -10.48604313193813, -11.285134193877877, -9.799630615256898, -10.601376610663902, -12.826354397067472, -9.005544769934218, -10.340483242015996, -9.225848764927637, -9.898942604946313, -13.015320897932302, -14.080615596833004, -12.302738646939785, -9.863250686718663, -11.807378764278479, -9.051642952601908, -11.940826240983458, -8.19918786242644, -10.971276091506908, -13.435677985094722, -11.726802262352823, -12.320730502065558, -12.249424577759589, -11.449820209151525, -11.777579895651076, -10.197443059991535, -10.931511091046566, -8.37562849761068, -6.493682073332185, 1.0161550264038186, -11.735730545629615, -14.072416230228873, -11.978436959556527, -14.970118601192825, -11.98389421610706, -11.932982765628218, -12.306406379915632, -10.581542278171915, -10.505822754126656, -8.015449621928852, -9.154010592311966, 0.7135946874811706, -12.085354985683347, -11.378723083876041, -11.051377726364763, -9.21690966928614, -11.703452087790003, -10.290716002038753, -12.471726493853685, -11.440613552186196, -11.278293027124745, -10.609906874807491, -7.442811204609983, 0.49347604633866377, -12.21847450012593, -9.038657103212968, -12.24635306583224, -13.166594375446058, -10.444416486512198, -12.139116599864131, -11.998713614621236, -9.593213541382623, -10.230678903124796, -8.071112953608093, -8.749318187222, 0.39895468297871084, -10.289456290089618, -11.09579068903442, -9.115178746831734, -10.83128888721767, -9.877238502924149, -9.08475537424434, -9.09606014696299, -11.526445772580882, -10.490581975657275, -12.06851118342658, -11.443632464693101, 0.5654519209239818, -12.699901089227106, -8.365582246464143, -13.258259455643783, -12.594188171127511, -10.923173736520209, -12.151452230727408, -11.07121186457267, -11.939334518036635, -10.710271302796043, -10.101524132367413, -9.039505206391754, 0.560965788830025, -8.255774107798969, -10.753242510869887, -8.10526278097854, -8.179569106824697, -10.996360390954171, -9.982735386143922, -11.006264382285996, -10.182786276253367, -12.707581070228766, -8.751895238669972, 0.5549270464971424, -8.179769544233952, -10.976210042391665, -11.474975843813594, -8.888665631075199, -9.920117291123926, -9.796942051550795, -9.990110054676942, -13.132837723395793, -10.286250432793885, -9.11502730053396, -11.444017861678514, -8.539941471228431, 0.5723421666704348, -10.703613721935145, -10.745894904133346, -8.395171965390533, -11.837700388406656, -9.298711812592131, -11.367239930604782, -13.685919152512547, -11.357186812711292, -11.745841961003395, -12.424491985189979, -11.512043887371574, 1.0748917912194642, -1.5911866838998692, -1.5601373220411177, -1.5722785280518208, -0.5316603786363213, -0.4578547123864943, -0.5630847095508661, -0.5708003231194453, -0.5168205468239289, -0.6376702522091561, -0.6224344784070275, -0.6264916094418589, -0.6601955654676105, -0.371739636474737, -0.548877094969593, -0.5958497033142286, -0.3664382275577559, -0.5379042849034763, -0.5658998910469668, -0.44516482250897793, -0.24750556304363935, -0.38117976286047983, -0.4597650115445678, -0.43390624276404294, -0.6142119616164979, -0.4773485870119932, -0.4020853363092784, -0.5131830017406415, -0.57858955013674, -0.4982245100763183, -0.5533500413171424, -0.5596512129771414, -0.49855127933533805, -0.5138012263011477, -0.42947970640584204, -0.4039091879346495, -1.5849941936594982, -0.6504326819026337, -0.4873298877451581, -0.38536372368592003, -0.6174760510955847, -0.5009719227923153, -0.4658983886838895, -0.5537546778415091, -0.47452763280928106, -0.6041885819268645, -0.4793009699401902, -0.45038120041599633, -1.5401416035869235, -0.4926865356773841, -0.41379993490728856, -0.5520059495335065, -0.5059333266759132, -0.5560115430825298, -0.5054957993286735, -0.5024751938594219, -0.49040863719391653, -0.44400229560261634, -0.4023439597603465, -0.5265280105738445, -1.5372757646169533, -0.5967922242391118, -0.6006812405603811, -0.422032348228715, -0.4814187836529446, -0.4616013472004593, -0.570442322366199, -0.6820675603387817, -0.42079930788789954, -0.4389661601919355, -0.458396513888717, -0.3098957044334904, -1.5552794562764067, -0.5656259261172532, -0.3969054714673935, -0.536885304114171, -0.4367615032439189, -0.42408174872683485, -0.6187645842673097, -0.44879481386432724, -0.43534588708521627, -0.6124513030812155, -0.46651395502955667, -0.5851217513490513, -1.529273827100214, -0.431550434699295, -0.31672522348300863, -0.520582801613741, -0.5758955729323074, -0.525292180501354, -0.5931948028372853, -0.2946892446479693, -0.5348462322168297, -0.4450289254990431, -0.4921304872571371, -0.36822367397451455, -1.5230505898061693, -0.46667940305598815, -0.5403959502451551, -0.5363567235553981, -0.510315269514878, -0.4798127579206626, -0.610729243654523, -0.5995007778745037, -0.6157267616128742, -0.4577836520565943, -0.6230347411915036, -1.5300554774045962, -0.43657009697067156, -0.5778463657802302, -0.7651001543906932, -0.5774402895387803, -0.4666395279855912, -0.5851130824095512, -0.5000276536440388, -0.5055910268506187, -0.4842474146667744, -0.4538308566294614, -0.6433715708444125, -0.3546931557727266, -1.5546396220064589, -0.6250791979549298, -0.3657255585703909, -0.4655567102356534, -0.4684925204709551, -0.4827847406452025, -0.5539661932748348, -0.515179859696315, -0.6756284647486275, -0.5999740438461002, -0.6091021887169255, -0.5935741806411076, -1.527726518896441, -0.5783114980692278],