{"vi_exp": {"vi_seed": 4342, "coeffs": [-1.338689222215421, -12.40943455186771, -11.653447751453655, -10.949311378357743, -12.302462736010046, -10.516815768194627, -10.77662136145764, -11.95813369260006, -10.287900491330024, -9.74509821644896, -11.30497937583479, -11.960362422870299, -10.51443830735945, -10.768815567293352, -13.225785050806538, -11.213575009450572, -13.549535062567585, -10.275599632285456, -10.311166464836786, -11.236736593295928, -13.28198346376619, -8.47387223854135, 0.606991691180439, -11.625253040087092, -13.028865954233364, -11.9942799006945, -13.305130300269001, -10.427926015537402, -12.957252609593349, -10.39377918430237, -11.924110828445993, -12.678914372179772, -10.89314676173349, -11.518652442606685, 0.0052757786720627545, -9.232268808385546, -11.65942520309529, -13.51397970337202, -8.808945562152775, -13.404939941086717, -11.84429559153206, -13.282475498550516, -14.668556933708208, -8.510697408653108, -13.581766798074884, -13.780832218666488, -0.3064672640347972, -14.213214956252086, -11.10052612552692, -13.106558576385217, -13.434249395547576, -12.249737444612649, -11.961757549952889, -12.014495513157854, -8.609922066054505, -9.92511468185684, -10.885648900193097, -10.96403972730274, -0.4966200099836093, -10.98394572723574, -11.251143154985115, -11.204262438024754, -10.018969447216435, -12.574035089389387, -11.889247848001494, -8.84465692847112, -14.61014976033617, -11.875026068758, -9.915998516208724, -8.520190376304503, -0.4834082055315159, -10.135130924026202, -11.448155372092703, -12.789550519247097, -12.531144710926272, -10.826069989708092, -10.313320335740993, -12.933528011414413, -10.63272725475387, -11.799739132335967, -12.959680347546618, -10.379907939818787, -0.48551516322766475, -13.308254363727741, -10.74671849232119, -12.510099983423418, -13.159386545327655, -11.348489673051438, -11.793749617606144, -9.66612189195773, -11.64051064811598, -9.542211150473658, -13.056970608406868, -11.569461034380486, -0.4774789167470108, -12.873969974617431, -11.116462669863369, -11.58732371759686, -9.302130156795897, -11.372623410169982, -10.668154753323352, -11.777996665803407, -9.9623475026965, -9.717151060070885, -9.400715887203495, -7.332275443530393, -0.43721969755004897, -12.867112148894368, -11.701747421574124, -8.182291472351224, -11.589726803057346, -12.860255283522205, -12.777468718439142, -11.155516597635035, -11.542906640433904, -11.291467624201152, -11.60452080263074, -10.531284150222046, -0.4500135538242114, -10.621821644353387, -10.800659844635558, -10.16047566027917, -13.32922101456737, -11.405830152396288, -10.51799579830407, -11.35934013725717, -11.113050269115824, -11.735020177434393, -12.598179777309179, -12.445385262659652, -0.731435085170185, 2.9817937012332263, -1.5060928366503674, -0.5401162796350638, -0.551282920388641, -0.49005278741538794, -0.5652249454941851, -0.41121554014779726, -0.44709710922483004, -0.5234621303153376, -0.5314232949746264, -0.518127358753452, -0.2978926259269987, -0.5088302599587061, -0.3650535595714055, -0.53117679951558, -0.4887740362943915, -0.45096242790847996, -0.4290997916150495, -0.546081441923949, -0.47498608780831336, -0.39876253435470765, -0.5236281954418066, -0.3319126438542954, -1.5576593118455295, -0.5689576286496575, -0.38403967522221416, -0.4639424380544564, -0.45002893286846174, -0.4870126360102835, -0.5265628730241798, -0.34286041065427697, -0.5064768671971603, -0.3948267112088104, -0.3796140032196703, -0.5761273738169238, -1.5392590082399076, -0.5376443140537355, -0.6112428501928624, -0.4428895232148712, -0.5142804530124774, -0.4407492932770113, -0.6709610769123628, -0.4208934951518015, -0.589231927622755, -0.3331488382296795, -0.5149964842294751, -0.6409291116508244, -1.585282281178038, -0.5254459682504781, -0.5285192628661881, -0.54426301991686, -0.6067216376229057, -0.5633216959690108, -0.40534494475031424, -0.5787950135373681, -0.46790226750623803, -0.4158016198599449, -0.5426521893174393, -0.48528964894846177, -1.573010532383087, -0.4766968707820255, -0.4658104710220623, -0.5124450332621221, -0.4772879228908398, -0.573043448998016, -0.44352332356206303, -0.40260677734416334, -0.49810241917796405, -0.40611013297666904, -0.4309459430210191, -0.4835073995870087, -1.5461270584408553, -0.5427537685231983, -0.4843541373700985, -0.47822792322707863, -0.45772017438097584, -0.5054928249231431, -0.43828765300576733, -0.44765652020792324, -0.5622855922979658, -0.30158889590907223, -0.5127889778156042, -0.497980207532206, -1.5686914087991475, -0.5759130813074582, -0.3268737669644056, -0.5156061433026315, -0.3582532517546501, -0.5011254533993568, -0.47501028910668736, -0.41820232664776263, -0.5903397306447822, -0.5794167237388056, -0.6233337629011616, -0.5400237790517401, -1.541038372456719, -0.4368883951885367, -0.47916448490324415, -0.5279877519262187, -0.4996966295684859, -0.40576896533586504, -0.5658127017392698, -0.46565491519118923, -0.40887715382715817, -0.6005989528057973, -0.49658132886314643, -0.5587755161861819, -1.5433077200384016, -0.6463367361707403, -0.6247522297878099, -0.3350986178873717, -0.5215431350035442, -0.5327061553341488, -0.5322392431886751, -0.4908462465273424, -0.46815286757285646, -0.4877853299163954, -0.5299070619570595, -0.5125198640748447, -1.5467874555771948, -0.47466763669349993, -0.5663440809413466, -0.47369372022395057, -0.5509499471223522, -0.5710930031600734, -0.5404197071806546, -0.44920126797439913, -0.5620590814591817, -0.547220970297602, -0.495200352832437, -0.5589978564770698, -1.2781627089879972, -1.2074024628601614],