{"vi_exp": {"vi_seed": 10626, "coeffs": [-0.3882191344208698, -0.431583455106645, -7.357903157340581, -10.157698425677225, -8.477958403295016, -11.502504187292903, -13.291770882622288, -12.050067724557012, -14.792767068833442, -12.746106587129587, -13.323273873639671, -12.41096059242486, -11.03215373870038, -10.781236402791913, -10.720449417962021, -11.91901814429028, -13.618806710000083, -10.470298964432232, -13.605400172816529, -11.122997177714092, -12.101561330312474, -8.666545904444718, -5.0988936885002865, -11.789563442539192, -8.888680596217744, -14.427697715841388, -10.67191504275781, -12.041009280652528, -12.616979831782299, -11.20159553656347, -12.300285694236344, -13.455297290601695, -9.74156561192075, -8.938850540709938, 0.8930430164683973, -11.786823495668301, -9.840428984844626, -12.442298457481877, -10.53525063730776, -12.864663125298266, -14.168119860172835, -11.55174890473585, -9.754966734506523, -9.811890095381504, -8.154762470107212, -5.61961952584301, 0.5312248046694886, -12.827723454428376, -10.185847119230028, -11.81195662373678, -10.218859584391268, -10.26748146801498, -11.498441001441103, -12.046427851436547, -14.157889865592056, -9.277738765452213, -7.454056400429698, -7.55694309437986, 0.3073686498896815, -14.114400871460912, -11.498164304782097, -11.511401523931518, -11.335745414119277, -13.496016419038769, -13.459074611263413, -9.71780679667186, -12.520741202128022, -11.124687352350952, -11.731713407307403, -9.528492995166134, 0.2256423490609615, -11.719222699228972, -13.14795786412741, -11.757632368589421, -14.67555114343774, -11.191170449427897, -13.811373160213803, -9.3328684955003, -12.202576618055954, -9.531847863063918, -11.240009079307006, -10.639160244546622, 0.223068910024344, -10.994497049529576, -10.181177407016662, -14.173710215783105, -14.172374735029186, -10.15621765917142, -10.238794724030308, -10.90511490936846, -13.061982240177992, -8.761310912056485, -10.934349466670307, -11.34543370350926, 0.27734062211026894, -11.54967533066728, -10.71881601235779, -11.009086152875065, -10.58568757505074, -8.142020035121748, -11.02976828585719, -11.48158979992424, -11.420736449731072, -11.64961192429985, -10.36631587520436, -8.22751886915046, 0.5306179863528968, -11.727242892533354, -11.180913905703191, -10.500996946105811, -10.645085808759344, -10.680126951898794, -12.29909972321185, -12.922694300216135, -9.66712330747244, -10.997749858082944, -11.271501168555854, 0.507070798732142, -7.084882694345675, -11.270854374268477, -12.628798327437408, -11.30546273027819, -10.968131807345607, -10.684509362061194, -11.9212720439798, -8.425638855086527, -12.703513778331782, -11.815590667594739, -8.920000342362018, -11.190724608736268, 0.09314315024228112, 2.24487376160875, -1.5443078850164942, -1.5675447886171514, -0.48677274202914267, -0.42088022888682775, -0.5559475439794019, -0.5126628470661152, -0.5651463378634815, -0.6416151610128564, -0.5482456712335887, -0.600412230177687, -0.6951711123592157, -0.46052520225944654, -0.5166679676830385, -0.6560088726571168, -0.40407130624260623, -0.4667371944637197, -0.6703249323020853, -0.4293979415508522, -0.6793948309264319, -0.5171301994279739, -0.64605682695729, -0.4968523894190489, -0.47842941076502044, -0.5705242320168143, -0.41858023177741827, -0.6305629203037065, -0.43653063920724056, -0.5185351075963084, -0.5611094324677632, -0.5225528737376048, -0.41949705836685863, -0.33787292538507185, -0.2861228015416847, -0.6841022476361208, -1.5685867655049752, -0.547968074216196, -0.5537946668539826, -0.5547089190882745, -0.34809364153880745, -0.5173239920097161, -0.6795950693861775, -0.5189485501263642, -0.5573280238058712, -0.5376636374828042, -0.4640920942825703, -0.47209744078783, -1.588085574927007, -0.5329869804663608, -0.4931438018685041, -0.540052871775603, -0.6116896696435243, -0.5092110291905635, -0.6151939837041174, -0.645476934372644, -0.5476314802432366, -0.5668869767013714, -0.5974261970006124, -0.5494356083520466, -1.5657819080274347, -0.506547699562193, -0.6340629962063662, -0.3786617920751431, -0.580090792242563, -0.5926438271723135, -0.5149068293576665, -0.4842176628313641, -0.4568876691315923, -0.44691981059619407, -0.5363336853691055, -0.456136709465061, -1.5685050490557964, -0.450379380567319, -0.6708267609221384, -0.564794237055985, -0.500440433785324, -0.3256353302801893, -0.553395279089391, -0.5149529855583613, -0.570397208343345, -0.4149131366318734, -0.5316843938976457, -0.4132982182699769, -1.529474126277098, -0.44864959372178104, -0.35553451034535, -0.5249366802822636, -0.6031176800252652, -0.5602841752415036, -0.37915371641554657, -0.4975790954515535, -0.5239372719785568, -0.5957634247664287, -0.3931888653697664, -0.6025735963212845, -1.5630944532919089, -0.5286730087034192, -0.4938808091267984, -0.5853992577016892, -0.3949206234257345, -0.5168342103751163, -0.5302955338314097, -0.5444013304117338, -0.3945306793825913, -0.45625471809033064, -0.5591230693856368, -0.4334934254889954, -1.5250424759759247, -0.6100873575432771, -0.5931531008482674, -0.6223579461600077, -0.46275220593920147, -0.4707892870730794, -0.6013312748296048, -0.5363059853865667, -0.4495242508605952, -0.5845640850347882, -0.47849505300792455, -1.5673903256112296, -0.46829623182884145, -0.4055340565453614, -0.5553781218803283, -0.4837139502625975, -0.6232655846590464, -0.40608475873982003, -0.579269977636256, -0.5804804081503231, -0.48761825344923976, -0.42115933279774287, -0.4833952424186107, -0.4157331912776025, -1.2752412805279592, -1.109116779030276],