{"vi_exp": {"vi_seed": 57025, "coeffs": [-0.5756586515775352, -0.5550194349227379, -0.5661005834601365, -13.18957360585716, -9.29504225030593, -12.656110721240378, -13.541192875455334, -13.724000962059913, -11.192189453784746, -10.294547220703949, -10.744816180034903, -8.26666432712714, -12.205466807314725, -10.447182842347166, -13.433022419396483, -11.713948075610547, -13.300199881942131, -11.652424429292434, -11.632472847976729, -11.962214269003503, -12.634024283717528, -12.46635492042896, -9.533501537672814, -10.61022655749097, -13.135018887146584, -12.702141599005929, -11.679780974462439, -11.609684767143513, -11.298932769769525, -9.93288224292382, -13.451047803750926, -12.421129352710896, -9.973260996433318, -7.739262302181633, -10.544737495812091, -10.468835746472358, -11.690447771141578, -14.299284324191351, -13.480739321938149, -14.007059368586392, -13.505120441901187, -11.600828393848822, -10.077984438306391, -10.014719996054724, -7.521835740693035, -7.200412566581096, 0.32423587178140495, -11.421783934524989, -12.596982029225725, -10.837444091382165, -12.385112200535508, -13.066819804078005, -14.050699782556565, -12.492175123820632, -8.863916097596984, -11.598564531256681, -11.12850408672699, 0.3115997750773127, -7.472792824714013, -11.223957896579382, -9.702902080375065, -10.340900635514528, -11.87617363285453, -11.976435116986517, -10.286884717304137, -8.325388416293984, -9.994268470215474, -8.717073803611822, -9.09333166502039, -8.980052024229838, -0.05334343719266632, -11.654068555713382, -9.897114051102637, -12.444166997875863, -10.870740343224902, -12.338191549374066, -11.100736044173612, -10.55739773118131, -10.555440131984675, -9.298297381765668, -9.705654951871578, -11.474823290583974, -0.10202260546556946, -13.160731859080228, -12.011316615818373, -13.860805242295172, -14.053633074129548, -10.030124862472269, -11.710496048817573, -11.213976846352312, -10.85241751315824, -11.550686418876989, -9.151762021838508, -10.9493490639006, -0.13464552629293966, -10.84503859142757, -10.880769515362982, -12.265715507396365, -8.95459677680762, -7.822205278330253, -8.441977776061309, -9.28155200876518, -9.62371062228381, -10.377993865097835, -10.654488757673523, -9.349480005174916, -0.18521159239499177, -12.155634159653218, -12.360126931987265, -12.147519843103575, -11.970469106654702, -10.797151167455281, -12.395091051735772, -12.334517930351481, -11.977449265538871, -10.337507337680758, -12.887088256382222, -0.19474528253494827, -10.979013372308522, -13.471132563870746, -8.744633411630168, -9.370158417489941, -11.540323502903886, -10.523329465517868, -11.289658330375122, -8.827510845840433, -10.838323546683908, -10.01130386283097, -11.652138154899864, -10.919782183279162, -0.7043356796918744, 2.28028430433561, -1.5607701417740283, -1.5435103627923572, -1.5387710960431096, -0.598115412965217, -0.48363226454123304, -0.47175939478808476, -0.6073774919524864, -0.5554661270221734, -0.5044634582736957, -0.3996917319524989, -0.6435920200751502, -0.4615867188356636, -0.4589918748951507, -0.4399888782508247, -0.5691393133964457, -0.5358320214820352, -0.5922236808289728, -0.5067256067164646, -0.6856569226589475, -0.6435289716095219, -0.5829295318353593, -0.49289246003190823, -0.46857404116847423, -0.6745989205745407, -0.7021093667569179, -0.5246045185042477, -0.49741432377039874, -0.5683799211282831, -0.5019293610663905, -0.5824596477925527, -0.631446277868705, -0.5263195231369333, -0.5593990601477686, -0.5111342120972571, -0.5717561477254843, -0.5361498565628937, -0.4519160229969354, -0.5575387796450061, -0.5335832910662014, -0.6255572351869579, -0.483986088738952, -0.4652722254634623, -0.49020879784153987, -0.5910844866648776, -0.5525558881297369, -0.616886249975406, -1.5668314348327737, -0.4375138217611462, -0.3881602217134408, -0.4356980922275756, -0.5596238700857208, -0.5638054321114448, -0.6039214575077647, -0.39938648229557855, -0.33110356636528465, -0.5320887685125136, -0.5290783791141004, -1.533154979922617, -0.4248771787384297, -0.6103226675223244, -0.4303662753478835, -0.5341557279232512, -0.4890800717052758, -0.48232984154195024, -0.4757466069501066, -0.5756022911254491, -0.5610254687012349, -0.4347296948965056, -0.5897747775869743, -0.3800682018665054, -1.529292008863075, -0.6393247956546878, -0.5077176982988415, -0.36821391475452664, -0.5056218558486254, -0.44095052451095784, -0.581985000961394, -0.4314146928062413, -0.4580965008011253, -0.38490127182421935, -0.5482380663687583, -0.45601042951096926, -1.5548565020046345, -0.6236472672648805, -0.35942139524126493, -0.444503572359153, -0.5479808017428485, -0.42942117456160633, -0.5953360074627397, -0.5789300577939607, -0.4515751419330818, -0.5278719812160194, -0.5603166142759695, -0.659788277645757, -1.5446476476153825, -0.40092955733825814, -0.5343243403961262, -0.5311928425615102, -0.4897068535378382, -0.4927559603177298, -0.30274421947381475, -0.5235827632735643, -0.5915387221425851, -0.5427107860862473, -0.534956617237949, -0.527738442610809, -1.5716089159323752, -0.5180102550269927, -0.5304011684892245, -0.5928900577597055, -0.3936151343198286, -0.44023166468615466, -0.6537361140582496, -0.5371145928799143, -0.40754863161479393, -0.35623930764789624, -0.5568483196513585, -1.5850411652035128, -0.5563763439596916, -0.5388369792836261, -0.4262617394212069, -0.48364048863167886, -0.5258890067545219, -0.6020219471506251, -0.5367808037634079, -0.5304359350168608, -0.45469815974716876, -0.4703004833095981, -0.4733936450250898, -0.6066905892543919, -1.2750296511608863, -1.1840400825492337],