{"vi_exp": {"vi_seed": 28826, "coeffs": [0.05654480862434797, 0.06497271989410172, 0.026327850968094407, -8.744097853928496, -11.341253584248753, -11.709847598250644, -11.516639483100654, -11.117139236246377, -9.313003477505399, -10.582729429022574, -11.132873968949447, -9.982055976072878, -9.753968194565305, -13.711426659053105, -11.698099299239345, -10.718332608029758, -10.840554807706438, -12.1700932288904, -10.576488146664042, -10.02022217484474, -10.005974608265412, -11.728194250346753, -9.849887004993683, -10.893754235229517, -14.196945570624965, -11.932500595798562, -11.366129700898533, -12.630279152281318, -11.384429662101866, -10.269203905445483, -10.154520266687221, -11.623426829045998, -7.797991262142163, -9.628505488223137, -4.251834283626328, -9.516829819104553, -8.669086800714435, -11.865462773520308, -13.407269019596516, -11.25147593513778, -12.104695184155, -12.921396669698193, -12.078036569894293, -13.40407625049587, -9.447870192226802, 1.1438645739233435, -11.34383251355856, -11.690001604604815, -10.988547536963418, -13.964322956750118, -12.394747458150228, -12.849611259312898, -10.209672711296292, -9.916720352649925, -8.804690647297798, -8.909704812368535, -8.800603800341158, -5.789326603809555, 0.5338393490042842, -11.4498240071131, -10.416889518013859, -9.083334243201257, -10.479616278932232, -10.890481300155432, -11.364335216207255, -14.169835680827644, -7.570941278039984, -9.816300152141698, -10.021881861777814, -6.897759901730547, 0.4610436715268711, -11.841500947917707, -10.67249596889047, -11.427501655730513, -11.572965244104209, -8.261069945871979, -10.079684064510781, -10.43947110082383, -11.172050752400756, -11.053370668875251, -12.560803165758179, -8.512434706430664, 0.6169810973010141, -9.743501599794046, -10.463753862379923, -13.493297387865017, -11.971859044829149, -11.830285901134902, -11.478242291015208, -9.13551107348808, -10.773938783984443, -9.101895084711293, -10.708872266633852, -10.44154766095512, 0.7021979619122637, -10.247004163931207, -11.883082626504969, -11.117333794773305, -8.700377110852362, -12.766330027608893, -10.129833490351118, -12.807978439172478, -12.659709019503593, -12.026370783060006, -8.359306702168336, -9.40413089350426, 0.7554294270462264, -11.185305545302896, -9.64140302312996, -7.6632078434131286, -10.323175073867272, -9.733805440394743, -11.336639199509232, -11.872090770562746, -10.869266062744906, -10.449860971314429, -7.729123020617616, -9.516742782304455, 0.8628873065102212, -10.319811285034756, -11.799331657062815, -9.203886343408875, -11.132135301329837, -11.25256481027325, -11.990677507949448, -11.782529869233853, -10.52551628960035, -9.39829489674778, -9.266044307102828, -12.032369089122552, 1.1810582575248103, -5.213889955015418, -1.5454058363719214, -1.5542372069556716, -1.5703062937859449, -0.5383610982617948, -0.4553808451216135, -0.5488960738868341, -0.6121998914231076, -0.5828883671975656, -0.4852855111220736, -0.41787057263350147, -0.4063765240319126, -0.5333444609328017, -0.3859594211441528, -0.4359399952711119, -0.567168177146374, -0.5208370713580811, -0.6115047631971349, -0.7052840741566575, -0.5504495954188113, -0.4331422883623431, -0.5957054622062016, -0.6067608666324893, -0.41914207811770593, -0.5265775944287777, -0.6190152154242698, -0.6601246550862628, -0.7159219434650643, -0.5007077511980604, -0.33391176088181435, -0.5786109154907793, -0.44749722383413465, -0.5376630468027239, -0.542450319465479, -0.35435287919274394, -0.4953784972094058, -0.4789175013340231, -0.4450546513248742, -0.4989132381750873, -0.44235775636267755, -0.46307074851850305, -0.44051291099401757, -0.5954211143963832, -0.5127554558577858, -0.5427037935566686, -0.5703643729029774, -1.497835136445988, -0.5056127572873039, -0.5766785509466212, -0.5303323947459357, -0.40826442173981303, -0.4729556197883936, -0.5890111586560447, -0.547159084538195, -0.5368177468042902, -0.4270082662779141, -0.5841383713656083, -0.4153347450251854, -0.35729206763250215, -1.5479350545758472, -0.6072653856294699, -0.5421200577468246, -0.5075459535054775, -0.49444764760125154, -0.5235543407783576, -0.5635664724071004, -0.5967888155732232, -0.41054251714901707, -0.36026866543302943, -0.5147973397868005, -0.5174544146442326, -1.552065537551559, -0.4566886419229877, -0.679413150970014, -0.618500193855904, -0.3215781342691451, -0.4301751962597208, -0.5095080378854612, -0.5247609874619716, -0.5147682490882216, -0.2811885039876147, -0.5542280118738894, -0.3478040306034816, -1.5207537669342797, -0.4332961032392544, -0.43715508793019964, -0.5689281842265441, -0.3904343076131395, -0.4916582870455858, -0.4784365201673558, -0.46292315794495187, -0.5700103424221054, -0.5309883966486489, -0.459276943578523, -0.5923631221000504, -1.5538754402650694, -0.5143257729890797, -0.5070688406123534, -0.5644870998226186, -0.6303992191603078, -0.5957398723075426, -0.34168465946905807, -0.5450739111125544, -0.5983137632954367, -0.5359867716089575, -0.279522985907925, -0.5508560117242634, -1.5798723631287117, -0.5156969778120053, -0.5560849300249767, -0.42331348059240337, -0.4646006925802171, -0.4749959000918211, -0.46459950732800803, -0.5843653230012038, -0.5694265528324928, -0.47081521415512906, -0.4245630683967106, -0.45212698883663277, -1.5569465718410935, -0.5252920156111299, -0.5615929246148392, -0.5845246351578616, -0.4539741797947115, -0.4826586108840485, -0.4553984580865867, -0.5889817166478202, -0.65178203038105, -0.6084936724957516, -0.4240871848667804, -0.6998040990201279, -1.5696226653858887, -0.5362250103041034],