{"vi_exp": {"vi_seed": 38491, "coeffs": [-0.008240995127820243, 0.019638946044999724, -6.893623091390047, -10.92642227074267, -9.28998631304139, -11.247758513508202, -12.629276260490894, -12.638029905898009, -11.77058765226688, -10.656642146981506, -11.751029134416783, -10.240062474786027, -12.342844161373423, -10.595313226852003, -9.718840413016911, -11.833349320150807, -8.93558934780303, -11.64869416097315, -12.158154967699504, -10.225104607557958, -10.074963012105899, -12.18977464628793, -11.667858404776364, -9.574704763711198, -12.409391099672607, -12.287350572528434, -11.122170913961632, -11.4496963946043, -11.14291494846572, -10.152046662562523, -12.489342558572, -10.86837063954628, -11.06921433869615, -7.5185334335159775, 1.1093193925461398, -11.779058092381687, -11.631791874494851, -10.294442085136735, -11.596789044644515, -12.042092351805474, -10.635227928609178, -9.175139931526477, -12.47874741247292, -7.600578143958341, -10.181144362661383, -6.842387263984568, 0.7945367114351498, -12.108430670375833, -9.719627682868126, -12.671251554622229, -12.21475975373578, -11.565970691008275, -8.586156122430145, -11.338087177253188, -12.022611625791454, -8.12889188845599, -8.213676468525021, -11.819983840380509, 0.5853254647557928, -12.228440170807023, -15.166980256788658, -10.584994838723766, -10.909622615207915, -8.698322542881865, -10.025245124015703, -11.077550875573461, -10.433952409525483, -9.109363795890063, -11.765238561772534, -10.011994270507028, 0.5798489115194138, -13.190858648704884, -11.952566333348638, -9.635386600897165, -13.581228883237067, -10.653298328034746, -8.479673594805432, -9.920173119602888, -13.339746379495354, -10.163559240123167, -11.444182419314222, -13.261136063280645, 0.7184923398827194, -9.745446012260995, -9.403260744361909, -8.849700966407372, -9.141192917313754, -11.211134410397458, -13.771675413844168, -11.045910429436315, -8.774756533024096, -10.886721671664313, -9.705338461754263, -8.325466904831403, 0.7243173779219806, -10.406810785349508, -11.51996097818487, -13.075265842617048, -9.666563009297846, -7.579172952008644, -12.749224823567863, -14.728720885462074, -9.740351168074007, -9.251061640942742, -9.782082803702272, -8.74487145643788, 0.748052826908324, -10.74495159646428, -12.238518770877874, -12.437577768679487, -13.317552485444091, -11.02226020672447, -14.206486137436837, -11.414032686857263, -11.960942308314667, -10.955525100227756, -11.854953795543082, -10.569893243251295, 0.8449469579545054, -10.592903257334385, -8.04787464784547, -11.097403650852216, -9.844926112809059, -10.113472782964623, -10.768114538563166, -9.30416512427481, -11.987830323337002, -10.650268673079847, -10.037030787912128, -10.608423190800417, 1.1953549408558728, -10.495408495065464, -1.5736872592761335, -1.5362744058686824, -0.4471892967918526, -0.5606410152052372, -0.5073547080789534, -0.5326145939873836, -0.521272446297477, -0.5871031494898505, -0.5890320584973091, -0.5805851943925588, -0.5968317080555766, -0.5199089149343276, -0.7121839835431091, -0.5154840994005396, -0.479599648160695, -0.5100375562989967, -0.582192906191159, -0.49948216953367847, -0.43396014069317707, -0.4411966147856676, -0.47890602931477, -0.4097789790623919, -0.5390260143478527, -0.4092389182456306, -0.4962450067964146, -0.48783440268458383, -0.5662576020387262, -0.45855786310242036, -0.4225419253129558, -0.5225532879675888, -0.5910800669126509, -0.4436029564990896, -0.6010152936706871, -0.50506096079947, -1.5662712935801737, -0.4929681114536517, -0.37025352903908254, -0.5600734815238747, -0.37205667732584435, -0.4673892418144046, -0.47469394450564967, -0.5462418707368002, -0.5194596341966783, -0.5113257714322139, -0.6014580900777619, -0.5961605154947199, -1.522125993486785, -0.4857654871938273, -0.5918882859271588, -0.44343766979829613, -0.46900249652751297, -0.5957144520802923, -0.4507833552779001, -0.4477374563647676, -0.5564490781438927, -0.45321371520777987, -0.4989007288245405, -0.5108053204551688, -1.5617126299093298, -0.5144432743772107, -0.5627893767924573, -0.5199129583117603, -0.28677073940904546, -0.6094551411940615, -0.5888115304702548, -0.5296990243262573, -0.5177310135156763, -0.5868938171870232, -0.5098336842703848, -0.4744010030979379, -1.5714749876414267, -0.5821775924949426, -0.4578970495546058, -0.5518920064847204, -0.5223918923318129, -0.5351843299027745, -0.4868976070250621, -0.6274294148426202, -0.6171697300479907, -0.5846732078121668, -0.5145826079346836, -0.477945165928321, -1.5077961144378338, -0.46784720297576926, -0.2959125535615543, -0.45864667620794747, -0.602997201393585, -0.5303185273363719, -0.6306331078941242, -0.48614791805154633, -0.30968731202940725, -0.4621846992528769, -0.35337949140406694, -0.5468412675772961, -1.5200305584796499, -0.5127341564086954, -0.5599845351222776, -0.5642535940595941, -0.41688169864604313, -0.45158418924610544, -0.5441141232066468, -0.5841627830300093, -0.5405622445697873, -0.2519264509835688, -0.4442252922614204, -0.5426901605075298, -1.515350806361614, -0.6391391368940734, -0.6001008040473919, -0.4958348775013618, -0.5877613648997688, -0.490840988758862, -0.6047495304224283, -0.5544787673360683, -0.5166836703981329, -0.4004860814833367, -0.4816841343296911, -0.5373256544899881, -1.5351708561528161, -0.5578473326511278, -0.4826105618922458, -0.6341661516258649, -0.4592422289188115, -0.5220642114021942, -0.5497782520974979, -0.5226411893137987, -0.43678128208933514, -0.5050189954124941, -0.5932812330294033, -0.3634980326554562, -1.5144336577091162, -0.5650232164435228],