{"vi_exp": {"vi_seed": 19589, "coeffs": [-0.13476421502171568, -0.1180550457900968, -0.12201431604820082, -9.508617128202038, -10.468671234775377, -12.725853892331113, -11.501495423850606, -12.79098504188884, -10.546469935988437, -11.890732496425018, -10.897227562389357, -9.178590165725618, -13.563429083357383, -8.38162732820905, -9.895805373615625, -13.167004380195511, -13.48026443917606, -13.257480487487662, -11.747944852048306, -12.629629994167463, -8.99707262004591, -9.84288230005613, -5.455780041003319, -9.655410021109423, -11.63916595759696, -13.618571406763039, -11.557567897711824, -10.866904520873149, -11.021742148918634, -10.194243952580653, -8.413464701665951, -9.014747215021483, -12.74274696352881, -9.073452869995512, -9.772939116019279, -13.022460337013507, -8.802846834631119, -11.540797364899925, -10.420268650488417, -12.209847186259077, -11.452391285759205, -11.735416592601016, -11.080278487035738, -10.726626958133972, -9.598998203174435, 1.1057721159043585, -8.136746222844863, -11.035529354680193, -11.311465322620181, -13.288319431109693, -10.92638879929397, -10.249300438575977, -11.869382493271662, -12.75308327422716, -9.824745974848708, -8.9906306053052, -8.203527209116656, -9.25139270986141, 0.5142135667936444, -12.479829063443969, -13.287707750479344, -12.97322355159122, -11.938418695941387, -13.375274489236881, -12.29248331806184, -13.132568022537914, -9.768471341355802, -10.199693171318525, -10.93320235397835, -10.074595937523005, 0.42265553179977705, -10.887206318235863, -11.44087550738966, -11.25587905890095, -10.935633050026103, -11.380789678657932, -10.621416250581989, -9.371338456523477, -10.205125632376218, -8.061837585128014, -8.27270039841445, -8.648903638653964, 0.43971136986355003, -12.590541032012412, -11.552275867192334, -9.939181951053424, -8.508446067533605, -7.003961435465294, -13.043824301886506, -11.847390618500397, -12.705530978583853, -10.972457162934692, -15.601130923365206, -12.5321717429186, 0.47712504954882257, -9.575661219141928, -10.37030247087641, -9.936750720070195, -10.178866219367528, -12.908251050478887, -11.321135131497828, -12.53438021785509, -8.610264056623471, -11.49152403058365, -11.880340266595807, -10.977245265239821, 0.8826330064626995, -12.918746613007668, -11.95023313125156, -10.050039493847851, -8.28822959012073, -7.798860885722783, -12.717994950176994, -9.720729541168916, -11.285385767893755, -9.398392531325351, -11.488024528210127, -10.895833207936546, 0.965929166390056, -8.419896434242522, -11.208208049739131, -10.3132383317111, -8.875794041353755, -12.068389292444191, -14.610609740683355, -11.279930563178416, -13.218030913168596, -11.749417077722198, -11.502939874754931, -10.50272744463497, 0.9697174597715227, -8.10862764388828, -1.5620652241298216, -1.5346727502103843, -1.5408949366730815, -0.512866025359096, -0.44076387059137834, -0.5087747983628218, -0.6236341756323701, -0.6350277068295818, -0.5512932171833069, -0.5134190841956324, -0.48145016516738615, -0.5529549239421383, -0.46516316218581544, -0.5569527633598443, -0.5586696987875026, -0.5746667441762776, -0.47086943003409554, -0.5340909642981542, -0.5448407498863707, -0.5373219277680236, -0.3981019390159389, -0.5739347471134112, -0.36731317523315954, -0.6232461132811563, -0.37327351681896853, -0.5885931483416706, -0.5337679963394127, -0.5143082357443587, -0.5202908853673085, -0.6331895373047439, -0.5487607399426506, -0.46711913094059493, -0.4342095289153182, -0.6046152126932944, -0.6017867498675682, -0.48747090259498205, -0.27085592662817776, -0.5724652429015881, -0.5279493348793496, -0.4809204096759653, -0.6406880255844306, -0.4255240857578934, -0.4284166775317237, -0.500537715755932, -0.31976804737501946, -1.584146363607069, -0.4613054402570455, -0.3925451979009964, -0.3842719674779107, -0.6808090188428448, -0.41699386527894955, -0.389645970991409, -0.5602240448343023, -0.5833256292891839, -0.5864157663254889, -0.5787194351643954, -0.38929988637114016, -0.5695344560847413, -1.5322437483731335, -0.6887220946680952, -0.5829337234109819, -0.39397901635109184, -0.551796271145395, -0.43424822614602393, -0.5165834986346282, -0.5201579118005024, -0.43371818090474196, -0.5352727170971064, -0.6573758742832939, -0.5049639238758795, -1.5557405346866262, -0.3840480928513101, -0.4857107163742892, -0.5126028513794324, -0.575938291708826, -0.26937886115974136, -0.55223349722601, -0.5191724861809809, -0.4396930051522294, -0.4976657441436521, -0.46833864093505073, -0.531746008139344, -1.5372786858643788, -0.5477760250428214, -0.513728541891382, -0.5892122171175297, -0.5137776119303035, -0.40970913118795294, -0.5455632898717784, -0.32698885874293804, -0.53746058115243, -0.5252690970875175, -0.6166924161490932, -0.6042798453516992, -1.5494119706714042, -0.6355785925136178, -0.46866176449091135, -0.5063839859549852, -0.5423238298227047, -0.6316513826152823, -0.48592593389741146, -0.6278142722439305, -0.41593453377556017, -0.4623022453092507, -0.48068505996024485, -0.5191216139204262, -1.5496176660425536, -0.4581909099217186, -0.5018904984002327, -0.6747496085905138, -0.38891506093065065, -0.4728237962531232, -0.5346330025336851, -0.48362995893509275, -0.5538809256696248, -0.6109478774872117, -0.6408596638533633, -0.6854416347668187, -1.5728157448223437, -0.4943723939414299, -0.544087122458207, -0.39235645498816013, -0.449257388815351, -0.44810519559957335, -0.5009868481810594, -0.5470382396195069, -0.5424040119639194, -0.49014696742876945, -0.563124813831412, -0.6417903671315632, -1.5529708114701382, -0.5672791851608247],