{"vi_exp": {"vi_seed": 62056, "coeffs": [-1.15594126883657, -10.235031403057098, -11.175352933356168, -9.993950028305882, -11.514535625465019, -11.203717460342402, -10.4905895140364, -13.028599947109504, -10.387125590624509, -10.241403025796858, -11.180675694710704, -12.678797635305829, -9.671602035556896, -12.76210791072611, -12.83952650701518, -14.83066986346882, -11.622894558838146, -11.280994508247279, -12.199165558038686, -12.796123723066755, -10.513436410537773, -10.52289729185443, 0.7480044522802554, -11.677329094328272, -8.66703899411505, -11.056413985309751, -11.432902917518406, -13.420118786316333, -10.901950205027012, -12.608513707406827, -10.465096273932465, -11.451368503047206, -9.677335086327977, -11.25694687540916, 0.18050154896131868, -11.105120046152479, -11.818455489773703, -13.82710701284728, -12.747597073265624, -11.442496016379486, -10.06688117772987, -12.880143778347147, -12.565555915523616, -8.683633190702457, -10.458400519074148, -6.824895440887077, -0.23232043118538923, -12.205868340195178, -11.780033891899212, -13.301799348851935, -13.565931969969647, -12.873637695618728, -11.025183789140216, -10.733319746771272, -11.351611339702258, -10.89053427703036, -10.749542304331149, -11.38728938345674, -0.4091041623721706, -12.451061336613316, -12.409502243884008, -13.706427182754323, -12.883908017308789, -12.200562170975061, -12.159952549471276, -7.919269141114416, -11.084578997340008, -10.487996888316347, -9.786290886217389, -9.01239383054442, -0.544387561826425, -13.233514236275687, -10.567040626901665, -12.502511968125539, -10.233257304621452, -12.913202865962212, -9.646483599120069, -10.999172120226861, -11.504146846072066, -11.428395360293012, -11.257343557079967, -11.006985907437201, -0.5079155063422858, -11.609803671613248, -14.335735313440322, -13.619632945006362, -12.347736419330817, -9.010070795130828, -11.819059767463907, -11.178044152947761, -11.4606454338929, -10.725020224940355, -9.698671417492617, -11.6844264288359, -0.2542977564497683, -11.64353850596461, -13.938383121943488, -13.234542201337616, -12.344357129674464, -11.679872719821615, -11.215522868904804, -12.500354496422087, -11.423780313358522, -9.86877268230972, -12.000381482790607, -10.45699863981382, -0.08697156321130027, -12.335936806047513, -11.803381693339317, -9.16664752139878, -10.0969014860915, -12.62151292809958, -13.559078944172562, -11.969625727077187, -13.440228919235176, -10.641477549993747, -13.797096732310422, -11.749531720885892, -0.07116388450185167, -12.433379523872812, -11.239179794432927, -12.103258387312627, -9.194700136643101, -10.80138853913074, -12.294762869469277, -10.285784770614091, -12.153312764067792, -11.681061303127201, -11.45999767510565, -10.100238071749091, -0.32880870582950117, 2.5523225430403835, -1.5273787087535728, -0.5133110736680522, -0.534614398779425, -0.49907398122925695, -0.39623380205337, -0.5786005610476207, -0.48196214767906775, -0.5621347050006852, -0.644889316080286, -0.4690360180853675, -0.5006946083273687, -0.6337271783114914, -0.40532506407713503, -0.5897799176937479, -0.5584910345127644, -0.542466567830589, -0.4928945332415323, -0.4255285539521993, -0.5147041724920479, -0.3707754218327917, -0.4028113407378226, -0.5437390796080491, -1.5760192145366019, -0.546840132634517, -0.4524206144782982, -0.5283889658383132, -0.6313236393460057, -0.463676383083286, -0.4024173751734437, -0.42400691422940434, -0.6379271623415838, -0.5277914123400355, -0.5057920232363589, -0.46773480961485636, -1.5456312637411163, -0.5581124250639605, -0.624375498941358, -0.5678597694091899, -0.548848475542733, -0.5676432297093739, -0.6685263334937306, -0.4778100286971035, -0.6169076934103109, -0.6197317922595853, -0.5334409921455208, -0.4332325697419909, -1.546694761135046, -0.5275019955026863, -0.5422217998022024, -0.49260654846548846, -0.5198057756833405, -0.3822146548065638, -0.4523513108540206, -0.2986047302286867, -0.6194030126036638, -0.494616512944824, -0.6435772932179211, -0.4214482716392022, -1.5333434281800906, -0.44460334633509374, -0.5910731175957831, -0.5640546465918964, -0.6681204400144264, -0.48930406009085453, -0.4546906619909417, -0.4444480546415608, -0.5424486984118762, -0.5308598031175381, -0.4255328287918491, -0.4625902441285453, -1.5093020781002646, -0.308460698488513, -0.4810484241256777, -0.5626757639231785, -0.46940341036284094, -0.4347291206636097, -0.5115416124905537, -0.5463633707596398, -0.4904843552953048, -0.605808579711092, -0.5064731103656218, -0.533981488328178, -1.5495767841587351, -0.6028494479725083, -0.6147157449270932, -0.624803737718675, -0.5992009152019253, -0.47388982301153326, -0.42571222180107077, -0.5299353949105864, -0.4998839513542455, -0.5184282494179333, -0.4681804707048913, -0.4311848470082899, -1.5557698365319377, -0.5761157347136509, -0.4646671537535461, -0.4852525294357825, -0.5221851018856022, -0.5527592845466407, -0.3019419357213888, -0.5154793334371378, -0.6033344899662827, -0.4222958745314201, -0.5504041028228519, -0.4789492362476105, -1.504654608926896, -0.44562652214593523, -0.6202850804196623, -0.44754502756694203, -0.5785909507055857, -0.524816557127305, -0.5993188189176581, -0.5445698821320268, -0.48271151208307894, -0.603888377249391, -0.4857480926696443, -0.5271601526371746, -1.5670396379297116, -0.6552537995673816, -0.49690661948735754, -0.6728294595379859, -0.493853746689952, -0.6219620492629968, -0.37243927788850717, -0.5111759781390617, -0.6136160287758032, -0.5372077699363623, -0.5176014017693558, -0.30531662484090377, -1.2373786990339368, -1.1989664866925793],