{"vi_exp": {"vi_seed": 20613, "coeffs": [-0.5957887318619216, -7.65031075123556, -0.6140610150156319, -10.900754224414358, -11.119195161577387, -11.09945359984516, -10.889411371298582, -12.496217117743468, -13.618347823543127, -13.62921971915132, -10.416390107675163, -10.081623805828759, -10.12286303785262, -12.189977166413827, -11.496946826921619, -9.636296908283963, -11.015899677041409, -12.16738841522754, -9.847365609245738, -9.837558732267386, -12.396472489273611, -11.095782801410728, 1.1749389424228567, -9.356902059460468, -11.298067168200499, -11.155395300292584, -12.154885774184576, -10.630441667646238, -12.212615611779986, -11.507919858795436, -11.453139087459524, -11.598327690383089, -12.614923891331806, -7.719032929894786, -9.377852654938733, -9.332955006122551, -13.261526082385384, -11.845188785937802, -14.750667959420209, -11.109178135807895, -10.93297738646687, -11.919578145835626, -12.457594966890218, -9.3814502335829, -9.986915513416442, 0.6437654032090311, -9.491874960481136, -13.13361529929833, -11.624879681868578, -13.036911395953295, -13.820793321913563, -12.209956708279163, -11.147071322183884, -11.310834757792113, -11.819470096075761, -10.71434898921661, -6.8166090457529895, -8.164873634282433, -2.2825034153837716e-05, -12.123951908980821, -12.031172634672242, -13.89992719212548, -11.466643208450815, -12.827560007042932, -13.546828210972384, -10.758697071962022, -10.804944180251438, -8.899676411032674, -9.846341127978425, -10.214596857898671, 0.0495363066746582, -11.672138348308408, -13.653242580899418, -13.768150706755359, -10.619186776850734, -11.661510999203287, -9.64691222748343, -10.980189297078267, -10.240284314563459, -11.199158921668886, -11.735326441617957, -11.00882625064795, -0.004308258709098106, -12.723132185935475, -12.296208052046563, -12.658591073707882, -10.706486993249428, -11.979512052542598, -11.199043480571788, -11.07155200893909, -13.566834534448672, -12.705376527999766, -9.412877544191863, -9.269725107088044, 0.031592892072807806, -7.935025993788983, -13.229010584307279, -11.190471784367936, -7.580554528325107, -10.345162301117464, -10.601190448924518, -14.97951379087028, -12.19983246475957, -11.156328685341895, -11.021272209300307, -10.603880658800248, 0.12833230410599164, -11.889886609703751, -13.37648061964415, -9.955101900455468, -11.632476104071246, -9.73356972120478, -10.199911185909324, -11.002763547207453, -10.764378560174096, -13.17390555930372, -10.727704909166166, -8.890866890138353, 0.08533410009979829, -10.95018322924802, -9.866639166795778, -9.800887668110349, -9.078814178895982, -10.255995966961363, -9.989171344595942, -12.269351194982663, -10.90252561073794, -9.247949137309861, -11.258166450037287, -6.288486698464473, -0.588582226590344, 2.1573066661144735, -1.532660553762433, -0.278135627853492, -1.5444127132154752, -0.5949939505084995, -0.45288436183743447, -0.5927391823273058, -0.5442665433811316, -0.49769718093096005, -0.4514516884623442, -0.6152090163474233, -0.6170555948051357, -0.4918244749396488, -0.47235031626430884, -0.58587798005711, -0.6236754240684321, -0.49970214361525217, -0.4317619487600385, -0.6559455962197646, -0.6366107400348217, -0.44394064124526433, -0.5269255347149516, -0.5215044003080768, -1.5275872415477536, -0.4550041423865746, -0.3807182881026565, -0.4301168273407246, -0.6181795838339678, -0.5402009758276948, -0.5998047278994454, -0.5235040071176132, -0.49508800772484535, -0.5175931363101567, -0.5744723785485044, -0.5097991665127624, -0.6450116929537746, -0.5502545470751673, -0.6945917643674134, -0.5241876395912382, -0.506028458953578, -0.5800036539590154, -0.5459439615158314, -0.5544472786497342, -0.6418239511293061, -0.6226723263521187, -0.4863376172206824, -1.538522534513263, -0.5829945217252874, -0.5624175309718998, -0.4714854465996541, -0.5522935601833326, -0.40371649001626775, -0.5516629676419723, -0.5681831623298463, -0.48878903605546115, -0.4951947376744294, -0.45436989421485235, -0.49554578054078147, -0.5448399010505002, -1.5844282509294858, -0.45563960144309756, -0.47038913505047625, -0.4915750103684181, -0.5357856967204679, -0.5655144978637731, -0.6562653418735469, -0.5681637286775346, -0.5775683364537207, -0.6277134698410397, -0.3643634296507878, -0.42458037697351, -1.5764178125086885, -0.5844242902557621, -0.583743502051454, -0.5206121557250847, -0.48278594066743546, -0.49109133548456047, -0.3680902955703124, -0.5144657275868638, -0.452398831632096, -0.4951328510721369, -0.5523801669949433, -0.6543141220489177, -1.5800673367828861, -0.5639028591123648, -0.6068138595883122, -0.5449807548919569, -0.5341927805495299, -0.4979317696693528, -0.4095960032803557, -0.5033803351075615, -0.6197041298624518, -0.36739762743772625, -0.5168002997448338, -0.37687232557001815, -1.5412803886170496, -0.5293845184224388, -0.5634442919478776, -0.4486468493502646, -0.4406195285123055, -0.47265398523444613, -0.6001604201155825, -0.7661262522021745, -0.41181891074024257, -0.5919756226692815, -0.4825442539463836, -0.5447507718048398, -1.5407002819386675, -0.5640739354188439, -0.5704077227422938, -0.477059110193889, -0.6319420378862395, -0.4454290212465932, -0.35847242025071463, -0.6083271395773304, -0.506465506205521, -0.6177950239365085, -0.5831314129704316, -0.5389567240327758, -1.5721622571607916, -0.5255194805012249, -0.5106682856336964, -0.479092389917946, -0.45851461814121963, -0.5594973681047413, -0.39539932971110114, -0.5308956766063901, -0.4483672808384088, -0.5006445152446661, -0.6444188947798707, -0.4734976488716214, -1.2264681330398148, -1.1892846698986161],