{"vi_exp": {"vi_seed": 6530, "coeffs": [-0.2856416771221292, -0.26335339626396354, -0.2946065433249562, -10.47378623595356, -11.077711315301636, -11.305485970687299, -11.735462222871861, -14.978927732055622, -10.095577091837042, -10.92606173931332, -10.030918589464473, -10.754250096939035, -11.304921280519483, -12.169836070234235, -10.558221927770239, -13.055900424947705, -12.074780131363443, -11.30345214792407, -13.811867382783317, -11.202658971911758, -9.891319924542985, -10.560227995621162, -8.036708174923897, -9.107704168090118, -10.304533363429432, -13.107727568028858, -11.180414173455656, -10.707552668315609, -11.640739770734545, -12.804477555301435, -11.010266293472608, -10.896816479310557, -10.177013257254696, -7.61428587210899, -7.867307234170149, -10.240976089269699, -13.626115712638441, -9.803347111000123, -10.530532912901586, -12.701529205329548, -11.714371107647919, -11.326780728828332, -11.312431294102527, -10.348515162430513, -7.854722911566427, -8.980480193772495, 0.6418445987986956, -12.728709862339961, -12.458805463199523, -13.818289515614225, -11.450715028745842, -11.37031529115153, -11.21547554884471, -12.1550832547369, -10.399547296969969, -8.874812086594922, -9.801676796196318, -5.6933342761044345, 0.3758859820886513, -12.581556094767915, -13.131506150320611, -9.23968817098561, -12.907732285880916, -9.10466034990851, -10.769045396580008, -11.178768703859065, -8.72370423069817, -9.061587020469316, -13.939400601063557, -10.542467314368299, 0.3294050111035342, -12.320340698005, -8.825457512039566, -9.933757392840057, -12.521781364378144, -8.767054345695431, -8.567784113837309, -10.00855437826159, -9.333098518529939, -11.39980317461583, -11.345394211200682, -9.491400336112035, 0.3891306367503677, -8.107083255939626, -12.169238685675102, -13.292439421733523, -13.306700865969862, -10.889822480453546, -10.50532002777278, -12.054433587542299, -8.235264773685799, -10.827688461108837, -8.444721871538242, -10.59204067044176, 0.47899665707056527, -10.243039817960891, -11.41468421827407, -9.403205407130208, -8.03018902681014, -12.281323549089114, -9.883893390183752, -11.621682676312743, -11.288933229103524, -11.373646652875737, -12.054726649750453, -9.669246988657754, 0.5469708417378446, -11.943686094193177, -12.41657973132953, -12.481726881653456, -11.651592983775862, -9.328799880614975, -12.078265012717901, -12.75301896538265, -12.260026245474197, -11.126277678061243, -9.209066290491913, -7.794830081367822, 0.8591071408111471, -10.237696872631389, -8.718429502545627, -10.269004695077085, -10.829176086513002, -12.118423720434677, -10.642878327717357, -9.9746479431699, -10.212727328347963, -9.616945783501926, -7.912227323097343, -7.236086922993335, 0.37901574235133195, 2.2141818749301923, -1.5220441323620157, -1.5621949907990857, -1.5572026941461574, -0.40725320865309683, -0.5750955441238622, -0.37067727541238005, -0.6712435488914245, -0.6024100446974918, -0.4255278525875604, -0.5312921654334415, -0.7035561634481966, -0.3982768641897535, -0.4920175174351553, -0.5177270516714344, -0.5062850406666373, -0.5267015403656093, -0.4631729282516199, -0.620745523070028, -0.4433076482112605, -0.5670099269618291, -0.37389129318674835, -0.5059634768767572, -0.596990053078232, -0.4841105960448359, -0.4869632126235902, -0.5360058388915933, -0.4974191512486222, -0.5888298458449862, -0.5173687118971858, -0.5848774536713093, -0.5592096312139484, -0.4987761557916265, -0.6655264758814398, -0.5650602746847129, -0.4827991828908071, -0.36985851861817975, -0.6643860579642005, -0.5308114189880855, -0.5228218075466421, -0.5685046564136892, -0.6048470215442125, -0.6113096682224051, -0.4747677516904856, -0.5796871044899992, -0.5204268503599464, -0.4487566893050383, -1.5521875301953532, -0.507393527634358, -0.48345745995741585, -0.5652799034381811, -0.45679788215712086, -0.4913915575529545, -0.47763202864520643, -0.36042439539140936, -0.4937725403954914, -0.5759560696591901, -0.5207370048431624, -0.5348760781131014, -1.5605847177903012, -0.643901575478304, -0.50747465439224, -0.3781900203455623, -0.4149136071507308, -0.4908996424670634, -0.4967560708614696, -0.48334855251068704, -0.5648359301270574, -0.4573619419824989, -0.5812523692115835, -0.47137302893398375, -1.5334542310256556, -0.4698509179778958, -0.21304680584110036, -0.4216742516967099, -0.422268935325486, -0.4369067125027447, -0.41360554033286245, -0.44220894006328354, -0.33464673652383486, -0.4113603682959196, -0.5817695494432601, -0.5027248742202961, -1.5622252631007205, -0.4672504882818048, -0.6290627611963444, -0.6063672949877544, -0.4719175015973004, -0.5445557656564091, -0.49226925089929713, -0.5215398179009649, -0.5408744153732151, -0.4412344380104554, -0.4699703863812163, -0.42610274290812267, -1.5416110755403494, -0.5553051847573888, -0.4433047828215754, -0.4627620858904103, -0.4184399562447895, -0.45632478382834396, -0.3735339993124583, -0.6467698258171029, -0.5196210856084795, -0.5399034214468517, -0.6178316815295481, -0.6224198839763526, -1.5365363782409616, -0.2903554371540429, -0.5897496377359629, -0.6616846256165816, -0.6228623187166609, -0.5355364348611799, -0.4102269874293274, -0.511040010124555, -0.6941972030308687, -0.5586809139894039, -0.6601798913900055, -0.49181493364297085, -1.5703986101733476, -0.4943046438943492, -0.6283949316774144, -0.4867569480057556, -0.48411186093031866, -0.49451556134819125, -0.5274315618724157, -0.45942657661407355, -0.39918492959613294, -0.5155284994972458, -0.4388218694080406, -0.5578537765124161, -1.2715152558896474, -1.081900579014441],