{"vi_exp": {"vi_seed": 27102, "coeffs": [-0.7341941021056376, -8.558914611594705, -9.175255034234077, -10.612035125588756, -9.229837681915486, -10.212905932863618, -11.187264410057374, -13.041140965455968, -9.883689239611154, -11.782925894587644, -12.152350542272002, -12.016737386768199, -10.437094548249087, -11.195998140909582, -11.603264699969909, -8.887154357869509, -11.328452026047666, -12.52406151647848, -13.597939127108603, -13.725782222887085, -11.122821748281238, -11.06663873930347, 1.049705183168316, -10.071319017261578, -11.008289659916864, -11.868262794461035, -12.988340216345891, -12.219021019938678, -13.88655000770059, -12.7880966792047, -12.866724805299915, -10.947985004686286, -10.173942710137526, -8.683075928394352, 0.44029211450986167, -8.93717933424659, -11.498534594235421, -10.610643853807685, -11.905510895825941, -13.650092192441413, -10.373323501197167, -12.81818870744053, -12.731317438784396, -8.899197664508227, -9.987185468947931, -11.789339527857923, 0.06751944045874195, -10.791121846944115, -10.967462986716042, -11.98133643788241, -11.960843465413129, -11.727418058560604, -10.489649011544449, -13.578138188542363, -11.856008596010502, -13.011382067039692, -10.901982541614116, -12.69140498945125, -0.10758400243086355, -11.552109755513472, -13.081683512985768, -12.869464858255654, -12.845291633961459, -12.615903435643842, -10.715517349922612, -10.746763083685435, -11.19668232395679, -10.054284902329966, -11.248143947952666, -8.721622993796364, -0.22032896259284038, -12.08004519481549, -10.687684706996306, -10.56412330398392, -12.240484349909144, -13.356173324318066, -7.465096650421986, -10.18711244133642, -10.497256490246563, -11.064945895974883, -10.68452203637032, -7.4728484724810444, -0.19082069086441286, -10.503672170396248, -11.07236836837329, -13.302915758142785, -12.3081305958341, -10.273206561177814, -11.62254003609016, -10.06095627760149, -10.559606050281513, -11.947068191303291, -10.357163487651832, -12.197481437842605, -0.053593138418002374, -10.865642911948742, -13.333379746556355, -10.951816457930763, -10.367646836329126, -8.956330265110562, -11.8900525828163, -10.545670910193106, -11.065295984054686, -13.147634371060137, -12.704675328347335, -9.752025819882883, 0.03045159664251426, -12.417189787966818, -10.587992411963084, -8.19871182088502, -12.044186538072152, -10.793288571280005, -13.868541524164163, -12.686027159237904, -11.123150064908666, -9.769623905216562, -10.86406945252391, -10.266407944724765, 0.1241538663349852, -9.688933273827953, -11.566795615909836, -11.394336496100395, -11.76613457622975, -13.77342841932606, -11.09316140724191, -12.525184255380763, -11.546119801771018, -12.07821686842793, -12.639251958093983, -10.32654708361475, 0.07586444361109705, 2.922291556531656, -1.527611244124465, -0.22148295682074276, -0.4169010923401975, -0.5573829056781723, -0.5324530859537127, -0.4523126352256777, -0.4965543807917525, -0.5996614553530529, -0.6172960136243347, -0.6583220838418601, -0.6299078280643875, -0.5882908597258197, -0.5231289519322379, -0.48864312670686655, -0.48067350916517276, -0.5233719741649241, -0.5109593569931711, -0.44690549698163834, -0.5601436685089191, -0.4396207913504572, -0.6388013251240526, -0.635977840085745, -1.5468701206022966, -0.3381905010140074, -0.41769015461129594, -0.5904654570015798, -0.5284253706413441, -0.47952243688605783, -0.625913929328314, -0.5049580516487836, -0.6318741708949617, -0.4865482509796613, -0.3989563574329962, -0.558404216512745, -1.5838539509184109, -0.48569957603593006, -0.5737468630408291, -0.46400073075045556, -0.5950765703141155, -0.5531393122572875, -0.5288034651782432, -0.39745800114959956, -0.5323446219997626, -0.6637225995022925, -0.49227856598801506, -0.5422549104361176, -1.5603449973258792, -0.5472331652977781, -0.3434116768169224, -0.48228055243420265, -0.5727002759587524, -0.5617601399337285, -0.3723877510297891, -0.40737255174986736, -0.5534922486253547, -0.5009633418184418, -0.6152398951986175, -0.6562624334827512, -1.5798769387564666, -0.544117243072304, -0.45642563930613683, -0.4339407612925507, -0.5285251402340789, -0.629054874036945, -0.4748165557401643, -0.5671638496760019, -0.5139348693912906, -0.5981463030337036, -0.49729782497003444, -0.4232055046833322, -1.5468152329713272, -0.5081967819553922, -0.5557159089925727, -0.30663827247630376, -0.4270716395088521, -0.576175452040667, -0.6239607582351121, -0.36969853332033775, -0.3504517351794516, -0.42389596244057837, -0.5658517385361482, -0.4547590435519798, -1.5277701595313489, -0.3700471931506723, -0.3963328203795824, -0.5977214587111219, -0.45458221441832136, -0.48963569267948837, -0.6819100568004126, -0.4500687761465309, -0.531846508448244, -0.6127689264897803, -0.5173973613119461, -0.5786048938396603, -1.532386476382697, -0.605976031131067, -0.5385352090588292, -0.5316149032400909, -0.4977474271515125, -0.46004549546860607, -0.6515097270791074, -0.4696661810979884, -0.5802575068716991, -0.5440576893187099, -0.6242042630953127, -0.5920223674860721, -1.5818236967425714, -0.5840898120294175, -0.5030984542224349, -0.5762399248341709, -0.5143177265630924, -0.659864208576644, -0.5182284782201974, -0.5450772953970057, -0.4565752100615579, -0.4307812252981309, -0.47110223000245993, -0.5358606984063033, -1.557991673743235, -0.49271998910882336, -0.5212999973509728, -0.43187126025888867, -0.5186303891081695, -0.5901123257496412, -0.5511933152965648, -0.5395570723089513, -0.17187273392339292, -0.5088104515017968, -0.3225256347080197, -0.5026121519945804, -1.2395769357238093, -1.2022363992181444],