{"vi_exp": {"vi_seed": 43026, "coeffs": [-0.20935140018292062, -0.20912923515103576, -7.871418851674563, -8.4183770351677, -10.565380805133136, -11.878324486667633, -12.800589470079194, -11.060353630949594, -11.346506825841816, -13.002800205779192, -11.3553374384897, -10.85878697902095, -12.47582136711386, -13.31247555924593, -10.751404155078303, -11.420667216879169, -13.307949806401218, -13.205320351459338, -10.95646326366296, -9.760839351894411, -10.261326208645304, -12.008888472355888, -10.538982272989164, -10.763002866990142, -10.230960213436722, -10.343630138726361, -15.607031571628038, -11.830660659253367, -11.86715469322941, -12.316974426264311, -9.164836023795035, -14.06529788884647, -10.732274470320112, -9.243615961562458, 0.9017427941679212, -8.862797239395707, -12.499004594962727, -11.854295565511649, -12.67204687319186, -13.544644483244365, -10.226140966294166, -11.014472304347102, -11.798289390073696, -10.19816582775723, -12.276893855168426, -11.397572764088588, 0.5714217676076939, -11.934680342070548, -10.875379873825375, -12.896937897552375, -11.189290783060644, -11.38931730926292, -13.037063995222189, -10.433053746345452, -7.744289133722216, -11.153914818323637, -9.013609367821626, -7.528600587006797, 0.31439707526627153, -9.522551447566961, -11.693943683253778, -13.909695426740713, -10.181109919502719, -10.6204637871057, -9.97651304648436, -8.739121189626255, -9.956176140885738, -10.680868108510685, -11.505583874945517, -10.438486893210596, 0.3197622860284102, -11.1569391023513, -12.902320555797967, -10.08978018950141, -11.261562726547139, -12.066887882322934, -10.1661348782945, -8.06830449176563, -10.893534875117904, -9.080078955670734, -10.264354899841416, -10.808811919641183, 0.4776439730800258, -11.552864791131633, -10.938407609185859, -12.054060516742224, -11.194182231760795, -8.787762843147181, -10.180954559045091, -12.435773733295303, -10.863894468772592, -12.571662568821012, -12.085668701677895, -10.124614539822977, 0.5177382161695057, -12.783461265802886, -12.002184152236536, -11.299802071302112, -9.921400553839922, -12.072136296894909, -11.408467659192326, -7.676554183287526, -14.92143144318357, -11.784751035153205, -10.459754330559523, -10.129029455277571, 0.7187889301242925, -12.704290624526728, -13.118795313472495, -11.865848796341536, -9.357466571343151, -9.825645119466985, -12.426974832899827, -11.947751661372322, -13.126534744667854, -8.946667683293795, -11.36032630867788, -9.946109984624943, 0.8393926335539434, -10.253072753016522, -10.814951251571992, -9.046084658454246, -11.223668229724053, -13.258757189368685, -10.304285618205995, -11.416783926904603, -11.859896414288919, -10.297573947324265, -10.54083203577912, -12.099512555155803, 0.9023691622724546, 1.6402097140338914, -1.5477339542048605, -1.515578180407182, -0.5789678941817302, -0.4218578071908774, -0.5866210060215329, -0.584720608771346, -0.5503105171002747, -0.6130569150565923, -0.4804504993801999, -0.5523104186690162, -0.4632213332897989, -0.5586013535219587, -0.5397244733888722, -0.5960807354811457, -0.576311931867344, -0.5244699057853023, -0.613359438077217, -0.617395283818184, -0.4452920471631159, -0.642195233459546, -0.4743089485418786, -0.5157368491337451, -0.5147779198194666, -0.49562929757581253, -0.5379749084708746, -0.5550425858870018, -0.525471147854278, -0.5736776284902865, -0.5214808593021762, -0.4247191650314282, -0.40916905998444075, -0.6174080013399461, -0.6012890984469069, -0.6089534135245942, -1.5384318953796212, -0.46550018942733745, -0.5910568625884548, -0.4518052284811801, -0.505646893789564, -0.617302338895238, -0.5692301795486412, -0.5310089999445536, -0.48695708682255484, -0.4538871730630376, -0.6329338158435728, -0.49825166144262667, -1.560579780287469, -0.4988480424847837, -0.5480054209051906, -0.6688146660631175, -0.5491661320384308, -0.5392742895713051, -0.4932043793938507, -0.6427369682883611, -0.6013717807312121, -0.5769165130237239, -0.5882216555958132, -0.564377729085879, -1.509883051485713, -0.5146699630098476, -0.585505195046833, -0.6129193409171362, -0.6042393259322889, -0.5770908657496843, -0.48205732937172585, -0.3791884278405849, -0.5583996981342748, -0.5733039186760773, -0.500995918398535, -0.49367867876097865, -1.491244085147195, -0.5393402224461599, -0.5105684752040562, -0.5659311222319503, -0.41656969436825014, -0.41730902054296265, -0.5523960141014236, -0.4926103023099173, -0.4835418099761859, -0.3971660265931676, -0.5363148203282533, -0.5571633218903348, -1.5571508191927357, -0.5432523584857354, -0.6616952779865596, -0.43496507104206444, -0.5511049324678542, -0.37314929989414386, -0.5639578490734711, -0.593871409919621, -0.3820749910751402, -0.6248932898635228, -0.4307260632782783, -0.45712930142900465, -1.5485585430128759, -0.505634915960742, -0.4595066648497026, -0.3469046996256757, -0.588254511181812, -0.5924335012376476, -0.27654265838468817, -0.43606044460171123, -0.6113631396564865, -0.5009203042244341, -0.44963266879127206, -0.5740261133481915, -1.5533420363396995, -0.635159612473317, -0.6439082508787838, -0.5164065842384887, -0.53494100874931, -0.42610660491048746, -0.5988128990819817, -0.5246400512792434, -0.6147221065753, -0.4731652299453885, -0.43000141904202893, -0.47855384979813265, -1.5048657761059208, -0.591711274030871, -0.5377240781258874, -0.4963192216622934, -0.30723209739045804, -0.6074019275983824, -0.6574267450590018, -0.5335399584864288, -0.5028432844632933, -0.5440554926374478, -0.5750880540458136, -0.41256474380029323, -1.2984218797880518, -0.8275436668645212],