{"vi_exp": {"vi_seed": 10066, "coeffs": [-0.39186737531110033, -0.38005710067160076, -10.448126215046404, -11.14725175579853, -12.135398804655331, -9.785673659140606, -11.423325425427333, -10.63322904380631, -12.803203885148873, -10.66221881957466, -13.08098464434767, -10.079013644467171, -9.648582644993018, -12.165909947377408, -13.587672578931086, -12.075718458158105, -12.948771687658402, -9.611792002831264, -14.300213089006443, -13.197252713340674, -10.987267522276952, -8.355077514674182, -11.505066911876265, -12.879457718853466, -9.915729454002978, -10.617181011160866, -12.2141374020891, -12.905628770801494, -10.394461150605567, -12.977334639016558, -12.032440238522202, -10.972880306462308, -9.812004801739965, -7.557945984488454, 0.7070097274302533, -10.920009629147485, -9.57362909021514, -13.59911806302077, -12.984697665621535, -11.408832359031026, -11.78937517129669, -12.350390005928633, -10.202296073235136, -10.279574870835138, -8.517305431776228, -10.52709183349343, 0.3633007089709622, -12.295409672870342, -10.046016265644486, -12.167524820609321, -11.139233122562983, -12.23474934948517, -11.158812089341026, -9.846918091934056, -13.40709736437694, -8.253134414649026, -6.4588639292374745, -5.3158841031573445, 0.06466664211143695, -9.651803222387473, -11.603341039829234, -11.816901673546793, -12.82485227322791, -11.73541684372761, -11.609056691118019, -12.236122749055601, -11.295126557045071, -10.873364449083688, -11.461175846266645, -10.092381033448616, 0.3828985307610826, -10.33031466626419, -9.747755674360938, -10.67907410891756, -13.078307395708379, -10.592203332722638, -11.09988439423024, -7.4663363746897575, -10.16955645164816, -13.502747592173906, -11.113596843423366, -11.886367194987745, 0.39152159945417686, -10.049570203089983, -12.502913993482572, -12.088601160497376, -8.601081291581263, -10.032644174802973, -9.761874985986909, -11.327030150060423, -10.872803895693773, -12.106069601765167, -10.087489205842573, -9.987927780850072, 0.4177043253882152, -11.825219089454329, -12.459524400509215, -11.836161568900916, -8.683987432900734, -10.713376457226477, -11.44853571251247, -10.398936100888498, -11.432269597987395, -13.297290549804172, -9.485319534192051, -12.668508961562372, 0.7197598990594205, -10.391570278110898, -9.255705030171141, -10.724842463416149, -13.328280865692248, -10.332026239523376, -11.036456753260236, -12.227809048843612, -10.11862304261217, -12.229510711814013, -9.811661379563986, -12.954476611302356, 0.7903885745299067, -11.654598995771817, -9.540087417614844, -12.437363783911291, -11.820276674807566, -10.749021527109232, -7.810375285534613, -12.472384435227887, -11.684152338490609, -12.511586676741915, -11.152243756167227, -9.696186195355157, 1.159160305025314, -8.442412339005504, -1.538317014952565, -1.547798052261996, -0.5357517613058682, -0.5391626922822098, -0.5420929784225881, -0.48771246054785794, -0.4388412360019906, -0.39863805923547024, -0.550721059387361, -0.46495362235705073, -0.598465682167337, -0.46922957738492005, -0.5694149878807132, -0.4904479780755084, -0.6397498973953595, -0.5656109758386887, -0.5163265329616112, -0.5356713241271113, -0.4589924168725691, -0.49714554825417084, -0.5123074711356033, -0.5626817575237238, -0.657996560607817, -0.6726239253888987, -0.40293954686981187, -0.44480334794810844, -0.5209484645811417, -0.5557478619779896, -0.4507031510809809, -0.5953129808618696, -0.6355587302881525, -0.42726884272538285, -0.6066235035327899, -0.35676082722285263, -1.556734243408542, -0.5856185834329326, -0.33889874212225507, -0.3658884357110549, -0.5706034794034056, -0.5097059756692799, -0.4668036633974889, -0.48637999334646126, -0.39120402377823105, -0.44840755253668485, -0.4922591276226297, -0.4848157737289639, -1.5679951954033924, -0.49398220432274803, -0.5667571607283406, -0.5645605169330132, -0.5327199036281198, -0.4716282340404535, -0.47118650832458875, -0.645307624585547, -0.46302284425589213, -0.41795494585566806, -0.5490281427033046, -0.4874424814963916, -1.5633947329135371, -0.4664765528158503, -0.35792613638218873, -0.6458055921353607, -0.6364920415077671, -0.5258704017729927, -0.5706503063785527, -0.6239783225528852, -0.4675850273674636, -0.4165746329254359, -0.5708334210196329, -0.39930228526930583, -1.5458872501951801, -0.5606906057037059, -0.5169600039842707, -0.5930923403656702, -0.5686118788653829, -0.5033834343082392, -0.5276845513625145, -0.4638035505822279, -0.5908662479530231, -0.5609718964126239, -0.3700665389110141, -0.5589356309692745, -1.5322302090322364, -0.6730616346775329, -0.5039558386487727, -0.5213430463264859, -0.5144572987791762, -0.46949543415958245, -0.5770912467957277, -0.5501633352979277, -0.4395277829503769, -0.5436127816435697, -0.5801747787149476, -0.5729636677246498, -1.5471568414512933, -0.49836591188311835, -0.6301964716068418, -0.489233800762628, -0.4904920671560577, -0.4933921460606141, -0.6016698918301933, -0.5302409970175603, -0.6523779725676091, -0.3958673432894796, -0.4732069620221381, -0.488270398458012, -1.5120525171700685, -0.485029817377907, -0.5521105319120897, -0.5716843597589149, -0.528690143739242, -0.5135950988222947, -0.48913890464791226, -0.5208200938896649, -0.4487353839121778, -0.5969311478242822, -0.5421389224588197, -0.5862122904618293, -1.5612555837993183, -0.5451730582567021, -0.44644198802337776, -0.5825411332470495, -0.5039380414940893, -0.6173670372483538, -0.3241113266137029, -0.634955113996126, -0.5140061438589691, -0.5044729715985753, -0.48009796336119226, -0.5260056464166024, -1.5607063537769132, -0.6295002394367447],