{"vi_exp": {"vi_seed": 25103, "coeffs": [-0.5147344981601457, -0.4761927568255579, -9.761040348725325, -9.402795329879817, -12.163309906440622, -11.171316607671994, -9.027858622403363, -13.792524157108229, -12.201086824559729, -13.636665641790419, -11.73321832417766, -9.12503299903843, -10.178861598540506, -13.062508615604145, -12.145651070653376, -10.562226283876084, -9.910815036363134, -10.415654890093855, -13.384681699393864, -11.071374015779778, -8.012827194441876, -9.191821824523489, -11.003495048780502, -12.141539097077223, -11.440173847138743, -9.961100787838845, -12.122880372442856, -14.341068061279184, -13.325601458558861, -12.594990075472246, -10.872640428157094, -10.223762253313268, -7.719566135532172, -6.756747596850462, 0.6057949265657615, -11.218926880537069, -11.737005113845969, -13.353148612258822, -9.740839769876404, -11.807665223740091, -9.125943067237003, -14.061090034699703, -12.610049037580092, -11.329856739077508, -7.010986307287892, -6.134105218237916, 0.24523131511199747, -10.858405140081658, -10.140482789533038, -10.835870066588432, -10.451545476157625, -10.691739760146636, -10.1589545909117, -10.828539768003372, -9.475376415359795, -8.71413507971464, -7.316012590263171, -9.08538513904433, 0.02680156547113785, -10.878307611531273, -11.066862757970814, -11.470782732685482, -10.077098422488449, -14.068318863299773, -10.688263813348293, -8.808513474452216, -11.284200826962069, -11.032072079891824, -10.721287046518285, -11.533994402270089, 0.020010049173269966, -12.51634369202384, -8.690595562813398, -10.953628556000684, -13.508531833474915, -10.935372387491062, -11.357732165769342, -7.91802268765495, -12.799782946731154, -11.721054715587035, -11.308175948524482, -10.42499649565526, 0.33686610090151464, -11.582207994604621, -10.950251978996368, -12.354261667395246, -8.97542826811437, -12.11594967536752, -13.289914670997401, -11.459476279541727, -11.868986013904248, -10.32723721424542, -12.534622983006477, -10.522477737088192, 0.7052199331391895, -12.316645425543747, -10.22721557512007, -10.595390324358808, -11.507752585833941, -12.244508176414607, -10.560979174210123, -12.24705526985185, -11.44503624570573, -10.735104501631078, -10.630772929211904, -10.398891859340171, 0.7667425832260111, -9.537748620915268, -10.024919562275045, -10.061533518417374, -11.180264128990531, -10.638934437554981, -11.431106723731556, -11.636316215635748, -9.785433448158813, -11.959947040639035, -13.153079802804099, -9.76154326449923, 0.8948963021603561, -11.53599543475975, -11.871935382308745, -10.174052898967277, -11.704734189993026, -11.051700685999728, -12.655993473769946, -12.722034903834412, -15.088449874314, -11.691509643647475, -7.014535304490963, -9.410895860013973, 1.3216459699218992, -7.6513130735805275, -1.5605077900263884, -1.5104562847492349, -0.5007440998478528, -0.5075810059083091, -0.5629651385618659, -0.6195755795829813, -0.5337338273400567, -0.590712555068843, -0.4105352983381937, -0.6278549859430209, -0.6180821711575722, -0.6560029176104241, -0.552728566296913, -0.6143256923943851, -0.49390473812962227, -0.47016721670768535, -0.5319928886258888, -0.5538439873978845, -0.6276401396386708, -0.4872476423452651, -0.5849388099266908, -0.4778989407608304, -0.5728490142340666, -0.5450755244108094, -0.6041979929349569, -0.3944754352748152, -0.5413850829478433, -0.4337236854883735, -0.5579826587792978, -0.3504214822390804, -0.4528239089646536, -0.4611159582568476, -0.6419806264172906, -0.2932138605606314, -1.5721058897242137, -0.5667911185990591, -0.45095001224338094, -0.4793279866068491, -0.5053090726400523, -0.3529046124009594, -0.4509489214773201, -0.5943201294868259, -0.48062887355739453, -0.48864242046979744, -0.44021289315630785, -0.5013146621590505, -1.5434845226208467, -0.4712577978287606, -0.5838828718313505, -0.523193636802403, -0.5959714391155805, -0.5494060262219844, -0.5464456294101212, -0.4127462769637094, -0.5515584187287955, -0.5221917235470905, -0.40449740033141446, -0.5082570495518025, -1.5377541705961209, -0.4234232176213534, -0.4001751151704068, -0.6748754390416025, -0.5525985839948924, -0.514399983645275, -0.6137616805861397, -0.5067851758173328, -0.5303172097873426, -0.6032510264846084, -0.533776524481366, -0.557867271030933, -1.505742212542727, -0.5467908819282259, -0.43363585698320956, -0.515260424761043, -0.5748103498703718, -0.6281369564482572, -0.5130909512207223, -0.4589428185372916, -0.6148429387658658, -0.5446713228047912, -0.46075962156010514, -0.44405874411521673, -1.5464540034947325, -0.47761109074026453, -0.4641770280156685, -0.4460503019789774, -0.49675743484962137, -0.4276743285962774, -0.5465532077279468, -0.6111296649246598, -0.531891191763753, -0.48989236063393615, -0.2966185910878708, -0.48620654161005966, -1.4970189997629926, -0.4556026043362777, -0.6378643895649712, -0.47611163886952496, -0.5738320993049473, -0.5108907502365034, -0.6103750135863915, -0.567685193648478, -0.5482196456417324, -0.36762264749773954, -0.41976243531166857, -0.26831334012209257, -1.5729315157301866, -0.5487383202181569, -0.5526472152642995, -0.5878842226885668, -0.4869915251272952, -0.5119151037876758, -0.4363729121635745, -0.5387161181907705, -0.4785612555022666, -0.5245387042314524, -0.514620057704888, -0.5738465034975594, -1.5087926487711103, -0.4969021047911231, -0.6382062171964037, -0.48935878167757296, -0.5532177249473049, -0.4750262396465402, -0.5341009154653895, -0.5821119436533942, -0.4918541617431103, -0.381749681933801, -0.4542395967590697, -0.543001561970785, -1.5340526483809578, -0.5872670007016939],