{"vi_exp": {"vi_seed": 27810, "coeffs": [-0.10608463166411343, -0.16337525349355655, -11.065690893417742, -10.092714296488007, -11.74598983742715, -8.705236723570096, -13.14824814278874, -10.549545901843572, -11.991449025416284, -10.490744048851152, -10.339155507135787, -12.850942271960106, -12.033001088887456, -11.522977328925, -9.867754830808215, -10.352204061555133, -12.438713155731119, -10.8730730516728, -11.52638247063236, -11.419390044525747, -11.128993096454227, -11.653042597230824, -8.756557865970338, -11.387701772913006, -10.977118991625249, -13.66885339252706, -11.85048412735056, -12.2643013902624, -13.634307034418221, -9.798802271632665, -11.605080291678648, -11.422760973741568, -7.203657012078767, -7.434967870205988, 0.9997980524678332, -12.432563671011195, -11.480544961576477, -13.216782137937285, -12.496689650036672, -11.584321551363262, -10.697020463877207, -10.863918591593519, -8.733512685353643, -13.873927783615292, -9.295859103135513, -9.858598793168454, 0.6714381696980718, -10.06423979167718, -11.871015205400491, -9.85963648543436, -11.225476851374102, -13.793601407226186, -14.221569995325083, -10.898943613359148, -11.452807700293507, -8.01085759800027, -10.247995049562677, -10.664175287072707, 0.4505512975795103, -11.372036907022053, -10.21128049785045, -11.463920992329246, -12.136964119065038, -10.847374092425131, -10.048395256439672, -9.50875760166714, -9.220032275816214, -10.165213556933901, -9.743097950366797, -8.409054639946563, 0.4824449887233119, -9.097985066270157, -12.773052229775374, -13.90392073734282, -7.267455468819783, -11.55920422712321, -11.581852356846202, -9.357763872127382, -8.519146894513382, -11.513393584819422, -12.095307412960471, -5.5157307817287204, 0.6846672486066606, -13.707900849892152, -9.823769932385781, -10.553077514167976, -11.362443138558449, -11.289890141439797, -10.421447965080091, -12.6665133688018, -9.946875510167152, -12.817891784559853, -11.37647812187327, -8.49450246766523, 0.6325317449650608, -10.33302778396171, -8.266797378056221, -11.828205223113658, -7.412759783389752, -10.361537732706172, -11.733427290362927, -13.623383384261828, -9.677220559460176, -9.34916889731525, -8.261258539906445, -6.185914758614536, 0.7956711525142922, -10.606066582164726, -10.102621955544382, -9.714865147393017, -12.24455889806927, -11.880878315234723, -10.716965586113137, -9.221179614248198, -13.224005421712823, -12.261719768640765, -10.674437478743688, -8.83705879553739, 0.8435481384231589, -9.18288687836424, -8.27011276002415, -10.17870077023587, -9.26427328826294, -14.044046685587304, -10.066974097831714, -10.774264729901683, -10.501407769291276, -8.58117922464129, -9.971614443027194, -9.395812074611449, 1.2550913556659569, -6.8355753202936365, -1.5554352450613573, -1.5621380310237436, -0.3844503153334589, -0.49773681322728813, -0.6656071230317275, -0.5189624689962586, -0.5670940560964823, -0.392233514921397, -0.5496052125113172, -0.5372210145798467, -0.574010407556579, -0.5381465410409157, -0.439004072003968, -0.44500580699668035, -0.5316551532176443, -0.4770831843332415, -0.5961341483160149, -0.40295538631793554, -0.4419527081874706, -0.4985203153655698, -0.4829410571925114, -0.5301378225123717, -0.5519514454919019, -0.5527390043143513, -0.5052766097040343, -0.4959641763081745, -0.5476216666320854, -0.5973188605482458, -0.47943886396124186, -0.5408113369112805, -0.48919632756034204, -0.4680844181469117, -0.2251723065667182, -0.6783710194642074, -1.5526622420112492, -0.5719590364060332, -0.4465135264861465, -0.5675610774242136, -0.5022853401745307, -0.5235667744106817, -0.41166722328637717, -0.5457974215970084, -0.5274884841072836, -0.6577155547029038, -0.6857280615678292, -0.5822481495604864, -1.5687491943072016, -0.5991416894339929, -0.5303460268443416, -0.452764701982959, -0.2008726234328321, -0.3334137034141047, -0.574665588961796, -0.42356640064650686, -0.7041139493001022, -0.4453756062370974, -0.5802623417117708, -0.5323863795105274, -1.5452715748596717, -0.4624538107633648, -0.47474125771081843, -0.4584217482154367, -0.4719487660219212, -0.5144019441855658, -0.6974371630502993, -0.6225250218680538, -0.5229528217536683, -0.4235857759333429, -0.49428969551240365, -0.49851471258901237, -1.5478061206940863, -0.5309461969955305, -0.5016934838653866, -0.42891046214424405, -0.3980407807832312, -0.5613479863147649, -0.6009408120480474, -0.5781709920387821, -0.5261260491043671, -0.534215185532714, -0.6344629793071808, -0.5076579015814434, -1.4853289727252097, -0.5999681982646115, -0.4862118072958902, -0.4537288598563896, -0.4269873816158986, -0.4583250833234408, -0.4997452648114603, -0.5326231289509713, -0.36433077559240523, -0.4731179162623994, -0.6155787187624364, -0.5026071579235311, -1.5073696269415773, -0.5338483486834178, -0.28494629992508974, -0.5380110710958541, -0.44264012307040596, -0.40029226032875176, -0.6578757047180052, -0.4413762506801096, -0.5155867461141381, -0.5173018220872588, -0.5608429836233594, -0.29615277876035545, -1.5523845902878375, -0.4631304116696959, -0.6302341255103505, -0.39439700562424873, -0.5144258450624252, -0.47220359192430283, -0.6100196724032747, -0.44185254885080116, -0.5670052972404218, -0.4396401617867106, -0.4558670919855024, -0.5241213355902209, -1.5630691312144671, -0.3772246046953444, -0.43944343831909216, -0.49913760742637037, -0.42728564244825296, -0.554449158229212, -0.5494080249062813, -0.3762658898369392, -0.6017490940175996, -0.39103321494313303, -0.5704071313379901, -0.4486248820885616, -1.5170404362484855, -0.6419431643220662],