{"vi_exp": {"vi_seed": 32579, "coeffs": [-1.604713121245793, -10.336385773409315, -11.884500394858463, -10.296761336974965, -10.954998108803348, -10.03574620892703, -11.952827940546092, -13.006263262662483, -10.672178050291171, -12.049185054754625, -11.853955408028549, -10.128135422039604, -12.69262290200869, -11.468606131757578, -10.762096403874116, -11.643336595412386, -11.018576381373814, -11.641474149960215, -10.204899955875192, -12.358351900456658, -13.629811206042397, -10.188680811073194, 0.4691484879082203, -11.636626921298447, -12.717970270371527, -13.505045631523053, -11.337457886436205, -10.394812385738996, -10.727321999954547, -12.207461753752638, -11.5395660077748, -12.71611986167456, -8.203388130872606, -11.057651670154158, -0.18130678942685072, -12.904802966178698, -11.600206602765814, -13.589756179449871, -12.12355846148841, -9.743131221975554, -10.090011026945469, -13.410488897835565, -11.915181311060502, -10.148705166803328, -7.705549841485979, -9.552423428760546, -0.5722841725979355, -9.371176493137868, -11.78950582507353, -13.357440550719431, -14.393520639119382, -13.12031751865221, -11.699119782907463, -11.941646415309258, -10.015090992840586, -11.584031170054823, -9.089959309714228, -10.162284284118021, -0.6529697706027738, -13.403507379647152, -11.778676800812548, -12.036574580110555, -12.524189585796284, -12.783903835954904, -11.983980736399591, -12.39825528910967, -13.637040140057703, -8.88691519974823, -13.555255770403708, -12.212144674878125, -0.700827653238592, -14.531747391226308, -13.768307540141874, -13.221486679586185, -11.638139613596296, -9.80538600961233, -11.055441579246642, -9.90579302612568, -10.116601120365823, -11.498291493920423, -13.419984530170803, -10.534726604608858, -0.75733841866462, -10.424381365191183, -13.424887802267905, -12.996332416275006, -13.181758220841743, -10.236279513855528, -11.097499680307358, -12.592166752160251, -11.383740545581162, -13.494820065601461, -9.601405446228362, -10.586871636975607, -0.8340704508199536, -10.503984989403847, -11.816932133237676, -10.699082549187878, -9.198991209594672, -13.801303473262339, -10.728674503169405, -12.32646820718557, -10.91635603771881, -10.799293034889283, -9.687550811957049, -11.013427804828279, -0.9236108297394101, -13.540981890959412, -11.85580922626616, -9.583550946599987, -13.191590354079324, -10.762124692182965, -13.118699485137649, -10.174340433943811, -11.987752239076071, -11.995011352137963, -10.306660961617428, -12.913218058950246, -0.9236951538084729, -10.926749222388022, -9.244804804603458, -9.094873396399631, -11.482762295130144, -11.335115091641471, -10.100336672634102, -11.947412305389323, -11.290352328727504, -11.110040439782466, -11.959310852398636, -12.030816746190634, -1.127504838734963, 2.846303780266546, -1.5315562061100598, -0.42849420752534895, -0.5450043322053698, -0.5838368089728075, -0.45728867513350296, -0.6113808483449684, -0.493265900917987, -0.5917447145432058, -0.4939989232203095, -0.5411042767478059, -0.44519524644882563, -0.5352881535987277, -0.5405682777824866, -0.47580743698204697, -0.3641529202189717, -0.45898345203272367, -0.5169699273009247, -0.4415138023350971, -0.36293353238354636, -0.6408950035858076, -0.6308399259899752, -0.4827752797681979, -1.5524928388521715, -0.46270817392608976, -0.40364154804161695, -0.45389318685777547, -0.5765254970528131, -0.3920815439681147, -0.4980418687683711, -0.575551480044785, -0.5182591214068674, -0.38702010993321456, -0.43492251133640714, -0.5185425656503428, -1.5538638246140533, -0.4419392116248151, -0.45027631164, -0.4001547265058388, -0.4442397605744837, -0.44900531534949034, -0.5834999347231256, -0.47479966018899356, -0.5139429277747447, -0.6519951838731336, -0.41356899131597735, -0.42065313370547336, -1.5661169003237656, -0.498545337733194, -0.5397979557513376, -0.46058881113753847, -0.40856975392967226, -0.615600732742716, -0.5289400427148098, -0.4201298356581188, -0.46872470680828227, -0.39730841331311295, -0.607362170472525, -0.5824033151448224, -1.519536041042186, -0.48353123588910624, -0.4779106303781665, -0.555323102690493, -0.4833842513690996, -0.5569320400231456, -0.44460132198350616, -0.5414070307803935, -0.5126415545644194, -0.504365305009801, -0.4471301085070983, -0.3981485780703026, -1.5376697847473764, -0.6317352227734196, -0.2925605768414452, -0.5725947843750799, -0.5155567925910832, -0.38439691761153116, -0.6117301842107771, -0.49852694768534156, -0.5431948441183885, -0.5682136451150522, -0.47350290618085017, -0.4317126122143605, -1.5439109761673049, -0.5356984023492058, -0.5823634072977605, -0.5551458932003069, -0.4294552322893873, -0.4781301862807311, -0.5871756768092016, -0.4165937777248517, -0.5849682429658771, -0.673660027685822, -0.38261559361304176, -0.5223761660142832, -1.5905316080596212, -0.43630905531655, -0.3695486833326066, -0.45306816809849265, -0.5898229172269682, -0.5540042688391168, -0.6061389622943792, -0.6278081441486282, -0.46271276537467126, -0.5668749414570048, -0.5704389967341481, -0.5396719064110542, -1.5732818210158244, -0.6615421283078794, -0.4711232712155952, -0.6206675135510654, -0.592147550113092, -0.39681325505003456, -0.5875300865601877, -0.4193288219465831, -0.542940918766858, -0.6317428382946435, -0.4388940262801734, -0.594632633631545, -1.514441770168162, -0.5839266076097445, -0.498404736315947, -0.5378403259929894, -0.4932890104662902, -0.4214857294208471, -0.525242881911089, -0.5581419849747622, -0.4140006640518719, -0.44115360903764306, -0.4745119409626746, -0.3490913083520353, -1.2321853410690222, -1.2191749341868119],