{"vi_exp": {"vi_seed": 48931, "coeffs": [-0.09123746710290326, -0.11953698867854758, -9.040400681060383, -12.284225389513034, -9.177483352322568, -11.018696744474584, -12.537408085417363, -12.096703728155388, -11.27830773978085, -12.395070557394618, -12.363523178054633, -12.681357237411637, -9.27707724938132, -9.858614380727282, -12.62341593813115, -14.266285410653749, -11.789487062385692, -12.614306662789392, -10.764670541610965, -8.608658950957592, -6.507549232838193, -8.669766609899959, -13.408255010085277, -9.043385921299093, -10.455217581717058, -9.252748253793238, -11.199646306276028, -9.798429823546229, -13.500843135684956, -9.731289005349785, -10.720467447621912, -13.598782939745266, -11.16259277609455, -7.4755869642822885, 1.0039236690030748, -11.69531823470577, -11.382167726357448, -10.932013691904743, -10.782765690595337, -10.467087576063914, -12.985990620039715, -10.782334796028683, -8.58556623897859, -11.112330276424737, -8.284676165485, -8.785691989974337, 0.6185115148693551, -12.201829871774482, -10.783313251180747, -10.500048540479153, -11.550907597226162, -10.835362567707804, -9.392924872089868, -11.856850195529418, -11.108967339103051, -7.74658754693909, -7.680653093933711, -8.708259566373329, 0.39832615337649574, -11.814606550125632, -11.881169230867723, -10.969452111920063, -13.085128543350558, -12.229689912436378, -11.96312094346577, -12.70411129728584, -8.859052653689657, -10.748513493969176, -11.625553796920414, -10.897166875153335, 0.5423851208817955, -11.015680981572755, -13.136387423297228, -10.614782814219318, -12.226159255883312, -10.687018192721903, -10.29520887787718, -10.695307250949426, -12.413410489061691, -9.836085843008753, -9.992559179726753, -4.549968676172038, 0.6984523695909414, -11.144376982463585, -11.607169200892828, -10.12588968088261, -10.32516092012306, -6.876077427849907, -10.809795370687546, -9.31720560441505, -12.366363110561345, -9.928099948864727, -10.864639092580957, -10.13137701434511, 0.642206002178694, -11.042958620740135, -11.003175133141433, -10.946850522726564, -9.43652396991556, -10.180625853108225, -9.774542710680736, -9.408186845560055, -11.020767398059887, -10.834173385057099, -12.286183812303667, -11.515171024341077, 0.7949329394168704, -11.32404369234063, -13.71174336639942, -10.650463383394595, -9.921154628403068, -10.192001243126287, -12.725402383974833, -10.513249865290149, -12.089864652001152, -9.931187831156231, -9.829277177939689, -9.621493455366984, 0.8684339637538733, -10.531213977317377, -10.024117377974864, -12.565044190088216, -11.164811466835365, -10.571690790152175, -11.714927534731878, -11.689460543141465, -10.652807829264798, -11.378317791523303, -10.34132405685658, -11.406838470355723, 1.357195453788599, -5.746235612212882, -1.549539214747967, -1.5591714306137705, -0.5095692846646366, -0.5797565530156612, -0.4461112162212591, -0.5654104082716678, -0.4221644016066671, -0.48976721691063185, -0.5042004948560181, -0.5128424132813734, -0.5849218222481047, -0.6397809329230435, -0.5136792821102089, -0.49786158751610343, -0.6364184010530904, -0.5386778328308692, -0.40541474795105487, -0.5395609716916983, -0.46997146923733674, -0.3633363593928749, -0.379316396715095, -0.5441840048051122, -0.554907765108364, -0.5749679832465533, -0.5607016472282145, -0.5835881800041037, -0.2901830880574976, -0.487805365760563, -0.4242736231618074, -0.4927352550449197, -0.4871120947804322, -0.7114896015024657, -0.4985556188873954, -0.6393402444993962, -1.5090482857653016, -0.5395724195686812, -0.48008985015762173, -0.4826256005929248, -0.5798931346445926, -0.4301560746440243, -0.7212032045080847, -0.5334891117869156, -0.48576626997506794, -0.4233307821856969, -0.5173445614563414, -0.5158242942023287, -1.553763985879171, -0.5468542273225502, -0.4893261023699, -0.5792464319800646, -0.4964067994356127, -0.4684194414779038, -0.4536834898572159, -0.47511185264259687, -0.6053834700395767, -0.4152280323903012, -0.5320332799312634, -0.54336215105222, -1.5438681916429249, -0.49614251796988795, -0.5361039792507231, -0.41965956161371715, -0.5657153597025706, -0.5233632642479289, -0.37937038341442847, -0.46977872187975706, -0.3580137232162543, -0.5958143922269376, -0.4283817746212787, -0.4077775006877353, -1.548217489877271, -0.4941328840656461, -0.5158221652778688, -0.4050167690583999, -0.40321800800837265, -0.5213034365760015, -0.4663123764264027, -0.41611199854509984, -0.5227243949591952, -0.42828448894412585, -0.4927652464212415, -0.5898196523391753, -1.5298500748074078, -0.6570783072063247, -0.515652214654727, -0.3500706396160848, -0.48835986765819395, -0.30520639625636775, -0.4125146162076518, -0.4689268089542991, -0.44371742901072136, -0.5318651327809004, -0.49852871326102055, -0.4304123002769728, -1.5218194794532551, -0.47677081525748355, -0.5136993625367662, -0.44909204548539944, -0.5155563112754431, -0.569791999675226, -0.590905949362864, -0.49029726767653414, -0.6046522644139276, -0.4746622876619654, -0.7020472157417741, -0.5865872679687018, -1.5325593808383005, -0.5013128389179595, -0.5234918481590836, -0.5165637443854553, -0.49159490516036886, -0.3365432751316838, -0.5191765368267144, -0.43550429689304293, -0.3820513976399667, -0.29052009243762195, -0.510120225546599, -0.6788525641238292, -1.5345876699192122, -0.5091910533357903, -0.5426477693047979, -0.5157695355743781, -0.5492268221413298, -0.49095481597943663, -0.545203601723417, -0.551075526680183, -0.5282501209500035, -0.5063603630942202, -0.4896898510412874, -0.4919149888339768, -1.5664229322892802, -0.3864765404391815],