{"vi_exp": {"vi_seed": 62949, "coeffs": [-0.4996806898395851, -0.46731570586126797, -8.15185591290717, -11.249907294499147, -12.267462586052343, -11.810691120616328, -10.630927745034132, -12.013649293405786, -10.102601457018, -10.304207769123183, -12.26461138829478, -11.639957821489762, -8.98737256263267, -8.674848728384356, -9.080653356168604, -14.900395592389579, -11.3463002618082, -11.129264541261842, -12.861281742242868, -13.10089965166722, -9.330170416117811, -8.89149131333793, -7.1868388217250585, -8.932625428010008, -13.333387692357945, -11.240311534157534, -13.313151263178518, -12.172488908883256, -11.675976268808729, -12.660960272997247, -10.333645029494996, -11.481146566565775, -9.957217699997472, -6.362839591358792, 0.8793089845228198, -11.252161352591656, -11.567629262906058, -11.256394679072882, -12.90910156013488, -11.608080909392227, -11.70164704148977, -12.070252038344982, -9.09521507606385, -9.21354143544801, -10.164573130921669, -7.682684542014172, 0.48299137002754866, -11.530548980064202, -11.70019811740686, -11.378279147888344, -13.174704117047048, -11.350358003044157, -11.391472611350064, -10.003353193748708, -8.925613632458363, -11.513131754521961, -10.814634267470199, -6.989074721912388, 0.26206684046783135, -9.315828204170973, -11.690982585767806, -12.410279276366179, -13.868349185043398, -12.41829507321008, -12.947217253066642, -9.205710218139235, -12.171833110373349, -10.886402325667154, -11.809078311825253, -9.929160456636604, 0.17621053425571154, -13.088965674306616, -12.770424255586608, -10.324277976829569, -10.455828638775552, -12.127729810097044, -8.97217151191805, -10.406021009252843, -12.361476756736883, -11.703578385149871, -7.875908872300374, -8.295165077073824, 0.19962505806837647, -12.473249103706625, -11.643313333017044, -12.982547880541977, -9.939295033146852, -9.581859894982472, -9.273652312613862, -10.464807455628447, -10.837826277638692, -10.83059579196533, -11.274412208071771, -11.557444559555295, 0.22977301410427123, -7.9487165633178885, -12.0510170449328, -10.346046396773255, -11.35407849968166, -10.990010420228225, -11.629982330295514, -12.128940372050899, -13.775901177500824, -11.988057484846173, -10.372861783472858, -8.522800111162695, 0.22829240874477819, -9.545124041504728, -12.554447758153842, -9.382142715152517, -10.904353310726677, -9.562196720571343, -12.019712242074197, -11.422162215178897, -8.154007189860803, -10.358883191860963, -9.713190057407033, 0.24629048461496236, -7.654790286019314, -10.419032509996278, -9.192314743166676, -12.612158119033179, -11.88918602369667, -11.353565828513235, -10.52828777368966, -12.382578362776636, -10.406748766029217, -11.584074717742993, -10.943316633238249, -9.836259066822068, -0.11865369564970528, 1.8626594991549743, -1.5284259544484051, -1.5464069599559451, -0.5257271919153013, -0.6192965376310456, -0.5927868219801762, -0.4159847379644779, -0.6321059433390559, -0.5008888597591409, -0.47102558465618144, -0.5496652757626821, -0.5324667130181263, -0.5435158359275807, -0.47075136185907857, -0.3949893333779059, -0.306458333861381, -0.6050323515003598, -0.5006074075673707, -0.5474910699625521, -0.45981357746065843, -0.4429921127738999, -0.31259573819112235, -0.33071733871158315, -0.5814001803342803, -0.5058598877630845, -0.41277011282241016, -0.6081450624934127, -0.38818139452480044, -0.4581307208428132, -0.5395905528386228, -0.5578419614953319, -0.4553180065069423, -0.36436290525972387, -0.564817813445775, -0.39958073103494907, -1.5430774850840252, -0.4375223537982661, -0.5280107002478995, -0.40177560295177817, -0.45413095887250515, -0.5591298776350335, -0.4711390677712851, -0.4412184963512073, -0.5035300350407673, -0.5502523134166817, -0.5309034565289631, -0.5348716093906852, -1.5578428122171157, -0.43281470054430105, -0.49518390632708653, -0.46587063026702985, -0.5867479823317137, -0.354876783875381, -0.6078761526487455, -0.5453404824237089, -0.5735347815922412, -0.573830957439469, -0.6004115073331598, -0.25703635539935105, -1.5560369127065963, -0.5156964186923407, -0.4550516354269373, -0.529547382858663, -0.5307189519738761, -0.5636821235798958, -0.5007772127740617, -0.517011922633644, -0.44921749203303435, -0.46834800937519494, -0.5525676631752258, -0.4808834123469804, -1.5219058226982796, -0.5267578444896677, -0.48209354752832784, -0.4480956314750747, -0.49546773795230004, -0.43467663757626596, -0.582535742719409, -0.5464913360457109, -0.5773464351991017, -0.45340791969130967, -0.386505799024207, -0.6196795261105594, -1.5311330010940385, -0.5053717113362529, -0.4273850681814061, -0.4642166476369762, -0.4891028524863364, -0.6021010511393884, -0.6038707712207789, -0.42939132258984086, -0.4613997427746236, -0.5608217478220805, -0.5413356990343119, -0.5854037567083981, -1.5394706217763707, -0.54422290963229, -0.5260577912032797, -0.6439710661031205, -0.5635693106810776, -0.5897066929926634, -0.4511772372028115, -0.5606606160920741, -0.4842167701358438, -0.5125783515021377, -0.46429103265446425, -0.5823136833172055, -1.5592359032082814, -0.6313269699386725, -0.5820969319308692, -0.4639890390635117, -0.5065819827398644, -0.541971476995034, -0.593090941790747, -0.5847625295187733, -0.3748510670018032, -0.4049185962868699, -0.4899728766790211, -1.5414561241472797, -0.5573330018157285, -0.4782836349452298, -0.5116835856377578, -0.5899889203165614, -0.5270644449065848, -0.48210006825763174, -0.4941587528005842, -0.49471298651044837, -0.6798142636514238, -0.5110003170784647, -0.6228006301040909, -0.5963265328202165, -1.263008568087127, -1.1270029172986513],