{"vi_exp": {"vi_seed": 12549, "coeffs": [-0.3974081127743374, -0.4005285862840347, -8.787441532012235, -8.330941968398681, -9.988328023255448, -10.661076505436045, -12.142179771185042, -12.405538571842513, -12.45357389930026, -14.601509160527966, -13.816335272755996, -11.955721294232973, -12.867724429468497, -11.695522409112435, -12.920940570670556, -12.343470377608368, -11.567842455689496, -9.867193058466958, -12.326562324309144, -10.09666233696294, -10.707734828916701, -10.576675185702728, -7.991595311000356, -9.476510810870973, -13.089801468919354, -9.734222695503606, -11.108663869807458, -12.459571582544552, -14.154523467816967, -11.54261701662613, -10.042106628609286, -7.686970506852907, -11.436717638829398, -8.850446128280648, 0.722145959640616, -12.017373221996804, -12.762738351876667, -11.523491045144517, -13.135937554500149, -10.206407419570267, -8.851485644866935, -10.075003140782929, -10.667388462450054, -11.275520354692883, -11.185230258864587, -6.7603540248005825, 0.39369904082934604, -10.369536349481614, -13.162836562228582, -13.425318312760163, -8.849198866494486, -10.517252230277434, -10.923382248621444, -10.793791559854911, -10.486088623222882, -7.437034494820162, -11.082278777262465, -8.684645325098987, 0.17238396474333031, -12.505811563527537, -10.561263636957941, -12.647024004165093, -10.901770062812258, -11.39303321238212, -9.193273691260083, -11.515341782952328, -9.841466536239636, -10.959268344574005, -10.370001502976004, -11.537640427683177, 0.21660917283104728, -10.440491294892292, -12.4550119792588, -10.605911817445978, -12.830920951285686, -7.916501345357077, -10.754274427850103, -9.804349082452516, -7.610842149943612, -9.590161596103055, -10.822820460794583, -10.995947561334159, 0.34082897114347466, -9.273840430504379, -11.21041907958785, -12.139118108259858, -11.854301778513712, -10.787262573206775, -10.473389834067008, -11.69852172073026, -11.752207974301074, -10.560136054262205, -8.715292682734107, -7.674358429705882, 0.5502727326384413, -11.851688387529272, -12.723960524650888, -9.329504578918101, -11.927399836759944, -11.609693116235038, -13.73098620731817, -12.377878773944078, -12.505152178518925, -13.544497979647105, -9.882396146369468, -9.49026272167175, 0.7600295440035287, -10.286922223577903, -11.698916450022915, -6.89973044121838, -10.461466548256343, -10.42462262144218, -13.04937805508179, -10.590681874184316, -10.483062336463478, -11.637387916721082, -6.9645920881048715, -8.91874358325073, 0.8942712914679442, -11.887036810138982, -9.582026137750463, -11.668116546348896, -11.771406513781992, -13.014536623922815, -10.217845889859513, -9.895968428765945, -11.140340614738422, -8.863311331702898, -10.25399976825503, -11.011757431598973, 1.342154737029649, -10.526140775458938, -1.5536349272272774, -1.568067528328906, -0.44667783599055993, -0.5468162812942551, -0.4556221178359184, -0.5443559533477593, -0.6330616730992705, -0.5422350379739505, -0.4303443092122267, -0.6460799874653783, -0.4985559962849504, -0.4571110707620019, -0.6457836966881615, -0.5789964114307703, -0.5390930247321314, -0.4124382716040111, -0.44117428492526045, -0.5133444495341242, -0.4428099310374026, -0.43731393123321777, -0.47958185003987436, -0.5103842908826698, -0.5431382148615186, -0.5527868373584517, -0.6031261759348594, -0.4504482878946505, -0.5722088467579696, -0.48642015764584906, -0.47666471656086595, -0.6410580816065271, -0.5221857168561146, -0.3296805211208448, -0.5405983644889574, -0.5768011807111992, -1.5691826513187719, -0.44795768602688824, -0.5666133473424261, -0.6112419935835665, -0.4803394824040649, -0.49561889559446964, -0.5593956847532713, -0.5038495311168892, -0.4157722528058096, -0.6126105671231609, -0.6383275883182148, -0.3013068058020263, -1.51244179794961, -0.5392542403739562, -0.5703127142922275, -0.5856142367369486, -0.4409267885540813, -0.5088462526705737, -0.4312236514345368, -0.5271378360036832, -0.4120717910757387, -0.4525812727376351, -0.5420544660368719, -0.40147562958126637, -1.5322098816368033, -0.45814810173099785, -0.45696887684463766, -0.5246593599846711, -0.5248625983318206, -0.5460064012758304, -0.4109001671564861, -0.6907228046910615, -0.480907550852757, -0.49779644177517407, -0.5815697376249531, -0.5955795131321105, -1.547049563916078, -0.5717175955821255, -0.5745959798770763, -0.5171053900698181, -0.5146114818704267, -0.609526648769014, -0.48914994773136944, -0.40111099922230814, -0.46149406234438917, -0.5042014038167832, -0.3980497165213774, -0.49208579821027765, -1.5654903454995992, -0.3342140377643123, -0.4595393836934718, -0.6706931476654237, -0.5522513175059999, -0.5215839341682691, -0.5450799574987187, -0.6335805133558912, -0.3168064126856451, -0.5651264137956934, -0.3525624010912613, -0.40242338702538755, -1.545009727084511, -0.33939870203234174, -0.6160338171874905, -0.4409453579739961, -0.5029449935679049, -0.6396856673902241, -0.47809207104535284, -0.5411977547825721, -0.529478797664493, -0.6551519760739125, -0.4340344080046007, -0.26860703054254087, -1.546478838582919, -0.4633322952690556, -0.6034523501728359, -0.4026508500903597, -0.37787739334930925, -0.4795091189613436, -0.5401921996382161, -0.633824072118397, -0.6164496724822786, -0.5763342592209552, -0.5011696121662081, -0.5452837586405263, -1.5110105833029637, -0.4683789988223038, -0.37044612275879185, -0.5955242319662729, -0.5882895461103743, -0.6543479379152103, -0.44652476857558693, -0.37734732688359673, -0.4373872012200945, -0.5681286464206671, -0.5343308032559958, -0.5105541915915827, -1.514143188090642, -0.5521388145471677],