{"vi_exp": {"vi_seed": 61414, "coeffs": [-0.7366718155303894, -9.116080913192988, -8.976107369306574, -10.84132139469864, -9.840466806866955, -12.102730009712843, -11.94869777433965, -11.984849351147838, -14.897359356811545, -13.774038666584715, -11.625591869002541, -11.032588014705691, -11.887331582339607, -12.422184944311013, -12.356811163920627, -12.09393376669176, -10.000987867858923, -11.197127727119884, -11.677150396915566, -10.57635894098841, -9.11331507679264, -9.192741363640975, 1.105156348834163, -11.380568010906481, -14.056720058254701, -11.588079355393493, -12.26579885712093, -13.389988107949964, -10.250801096940688, -13.223078904562358, -12.9317923327166, -10.862090277236312, -8.294880824036923, -8.583915379970009, 0.41211686087767985, -10.047179886284054, -14.53005182702839, -14.498111209189954, -13.0583084932329, -11.78366501958669, -9.843517701005396, -11.969470645933928, -12.941082786409801, -8.442290754125201, -11.816494579621908, -6.84224083886014, 0.058321210529200466, -9.19919654438754, -15.080223561917924, -11.624515329339507, -13.423460101059828, -12.377054302206023, -9.937707951423965, -10.263276604035857, -8.679947389975107, -7.79361220081578, -8.209477467213551, -10.962410558997973, -0.2177380361880738, -11.576131406846548, -13.229802278665298, -12.234526880702882, -12.259854180214196, -12.629770061122219, -9.468451152063459, -8.090822085802563, -9.093604705303052, -12.199174108698942, -10.866287890262038, -8.607657620281431, -0.1453644353111502, -11.771336596974312, -12.948212514208912, -11.901390480869887, -11.112474962882768, -11.471975254300371, -9.778046238681858, -11.209969700482826, -9.066516741562069, -9.725683097368806, -9.626575010795534, -13.53724770481743, -0.16456652852221137, -13.028702499592537, -10.09220719564666, -10.870361238343179, -10.96251518985197, -11.174577793108284, -9.907205812294483, -12.753485831099896, -11.759036508677736, -10.828905398280543, -11.501094289984293, -9.626126272727038, 0.09656768607063992, -11.16732688763957, -11.566999284714374, -12.004908075739074, -8.562364864125962, -10.503982126986937, -9.919339888653113, -11.549024370616447, -11.575661676931364, -12.805843386475093, -13.18149449010728, -10.401069992559021, 0.2871068428647034, -12.987815995745798, -11.69502379223061, -11.806956903699033, -10.489139086907622, -11.381750898839769, -10.658907406608112, -10.839602228656405, -10.89074638727915, -11.479563282616164, -9.120892848544015, -11.814535461189122, 0.5329838827139292, -12.24586196919057, -7.182123520365244, -8.892084218970123, -10.871478776654229, -13.101192182627708, -13.257356966304954, -13.015235210894703, -12.415967015111184, -12.566178628508899, -9.903401728650257, -13.576351416161346, 0.49291424083831115, 2.425429156924585, -1.5576969299806618, -0.46718946995641564, -0.4896623010879519, -0.39302548252341624, -0.5283920045380693, -0.5065858928247524, -0.49191223249922533, -0.49214311914310305, -0.5193085385921071, -0.5692715036125646, -0.6229822559140611, -0.5050455741958096, -0.6156414857071452, -0.5272405326712859, -0.5220920452195337, -0.5277201334885636, -0.38938511411825977, -0.5795623051951049, -0.5683117007043889, -0.4765114647545042, -0.54757730960379, -0.5419362980363749, -1.5719827069634573, -0.4969146266809269, -0.5566565705210464, -0.5185191630115872, -0.5593545867844516, -0.4423680462117955, -0.5629135903224369, -0.4658128738154806, -0.4566472517783001, -0.43115154599733113, -0.41294860664078054, -0.4293959047834782, -1.532312184653429, -0.5185458577807753, -0.6235150672632513, -0.6022051952237821, -0.4379943431069828, -0.42272080372968474, -0.5322141079784999, -0.5131208020286584, -0.5027748511029969, -0.5780053387565144, -0.5369110393963956, -0.3312468619861113, -1.5352922774478213, -0.41182354964928175, -0.5788625939790223, -0.5914265986749905, -0.49326494328145026, -0.5763924284097822, -0.5340761708698651, -0.4595352500443613, -0.4500838545437049, -0.48263108494708723, -0.4996246624110209, -0.6774008795078328, -1.5616239133261092, -0.4677391976637948, -0.584201820305768, -0.6306243900611036, -0.49921326259217463, -0.5815229178745297, -0.5151339625622322, -0.5456963650948506, -0.5734023559960794, -0.49518012298814473, -0.6010260244178078, -0.5498599396879768, -1.5813743755868457, -0.6101292471328706, -0.5680415439613221, -0.5442930203623615, -0.5420921855097651, -0.5436699337635694, -0.3125682739094521, -0.5806910102163846, -0.49739459200443203, -0.4050263259062293, -0.5256813191489346, -0.5678154871063946, -1.556579688943717, -0.5630849565586734, -0.5115782046602755, -0.44313642493003086, -0.43638514110188853, -0.619962460413224, -0.4293300080883337, -0.4311000725907353, -0.5625871927227563, -0.527389475624555, -0.48781531591291444, -0.47244200733879316, -1.578686026291246, -0.6242950768035885, -0.5776495828983458, -0.6403281826490164, -0.5262375474985456, -0.4549543858455251, -0.5424495747196074, -0.43539484657023236, -0.6673275513273552, -0.29618011903774716, -0.4745267475812977, -0.48815314442316526, -1.5189818676652178, -0.47438137550507764, -0.5927471001145385, -0.6409482242578943, -0.5024393781444646, -0.4517639814166691, -0.29683227489896885, -0.4452524218996794, -0.5635858954971218, -0.4575873334410734, -0.5030615131015076, -0.4498406545343737, -1.5543952170934283, -0.5960877755076809, -0.46917338212912507, -0.5032974354819401, -0.41633709947791636, -0.4390636380602004, -0.4674170912506702, -0.4848059867865136, -0.5550521956488558, -0.6142289805913704, -0.3702417650964887, -0.6178082056038534, -1.2714422205996723, -1.0890790541907358],