{"vi_exp": {"vi_seed": 48377, "coeffs": [0.10271037165071248, 0.08311825344813664, -7.805860765410603, -12.040285293665455, -11.780531831869592, -10.379625820314395, -12.507978599162824, -10.564635588843823, -9.11149805020252, -12.109945564955577, -11.558538661704283, -11.079771566694227, -10.819129897184016, -10.638014428135461, -11.08362280528802, -11.742788717798494, -13.738203423299423, -11.254373112449356, -10.809581258363268, -11.854857124170652, -10.823687464093545, -6.6549385112459785, -9.950898053005828, -9.562777523948721, -11.531544231319847, -12.4993342656277, -10.895811292341707, -9.316268583063126, -10.799035804346254, -11.233272097090088, -10.758319157060436, -14.732586791698683, -9.191459017569594, -10.393466877689784, 1.1604872722573745, -13.467509643032335, -9.534439737987391, -9.600111895245576, -12.657650071082829, -14.189176490806567, -12.402667966655734, -11.250432722795214, -9.852821716349982, -10.695693569817482, -7.527143659715244, -8.671632378679401, 0.8860189945729099, -11.694379706320094, -9.976847296603887, -12.245449834636396, -9.820225126978734, -12.542938732372246, -10.200169441545931, -11.18080310357144, -8.870982871021685, -9.224220731490313, -8.873656015349967, -6.771103418082151, 0.6654604592963916, -10.654302314057375, -11.264871915552643, -10.890006373552755, -11.711416053571826, -12.345422626066853, -11.457348769934129, -9.393845308846037, -8.32806247336632, -8.643490606651191, -10.846062411839752, -8.746176613067774, 0.5809621551874383, -10.2197575709789, -11.065884471477265, -10.95977978633377, -7.897879536796764, -12.803190334447232, -8.294260014375313, -11.308093165012195, -11.551605351714915, -9.045604483430104, -10.905083556205236, -12.825049241222775, 0.6718275395363069, -11.307261030727316, -12.60252421835143, -9.712694949382767, -10.366985235139461, -8.60489650718077, -7.294568105516955, -10.774936983909187, -10.898328337231776, -11.76066513225817, -10.485579458926816, -8.931134567970485, 0.6971711343386338, -10.308124596112373, -12.631880919956817, -11.88596904830878, -9.40852788049675, -11.835830855575828, -10.460255584469317, -9.285209340502204, -10.414794914746688, -11.268390511618918, -10.845058008987504, -10.643357468310908, 0.8207578109601099, -9.138621850287317, -10.055945420563795, -8.720551002523623, -11.441166370924472, -9.956829976993477, -10.987528976919956, -11.887841973505227, -12.100121879347402, -12.991263900129859, -10.247218904535426, -9.428346070185304, 0.9623959712308898, -8.71036471556171, -9.735716098778404, -11.055709573324338, -12.560957574745004, -12.805303077955854, -9.672731529386585, -11.026349307145935, -11.05839766171283, -9.83218000053269, -12.473328336535843, -10.443911469650171, 1.4524544306420615, -8.912354431145449, -1.5509790823916487, -1.5794050277181555, -0.5137367848980186, -0.5674489668387154, -0.4242891667491659, -0.5633833302719051, -0.5532447815544742, -0.5538027159374372, -0.35710125961844996, -0.5976364048006731, -0.4869451373811455, -0.566045149405788, -0.5115927845001531, -0.20659130214642665, -0.5830460755067212, -0.4075739696111959, -0.5936211001426837, -0.596063526506777, -0.5141454697678096, -0.6905957717476883, -0.6388598445326666, -0.5978528264009515, -0.5861414521755329, -0.46572000892090465, -0.4801807927397524, -0.5040103763148891, -0.44678230061405927, -0.3201019636862497, -0.488861063939555, -0.4966178459861043, -0.45090762812583973, -0.5412609433394359, -0.5398479688430416, -0.5977782938832829, -1.5049609396138315, -0.6535472367377493, -0.46156959171846285, -0.4896970293216691, -0.5660752284736315, -0.6282127277349182, -0.5264444463557637, -0.502740386895729, -0.4030236810393315, -0.5424981898561236, -0.5803737701825593, -0.5802200651910625, -1.581662544210994, -0.4934283122549835, -0.49170060471168253, -0.48016701990461264, -0.5652389215296829, -0.5021931948103716, -0.4748581364699096, -0.42123253303329483, -0.4720242220828612, -0.5466083716238381, -0.5975142796670297, -0.5621677318405164, -1.583001353098728, -0.6511757745599644, -0.5568254253925012, -0.590535184780408, -0.5707052903192109, -0.48493232560880556, -0.3814998977324899, -0.5335953655847777, -0.4038623732692918, -0.377643707422367, -0.5220739211498983, -0.3647278499558512, -1.53964041401775, -0.5354339728031289, -0.4430428860583337, -0.545486815864037, -0.45817309980868476, -0.5657362420911676, -0.533954257652544, -0.5398502505042341, -0.5252224504971473, -0.6570201858582174, -0.33632619810059106, -0.6025846065386703, -1.507440741436696, -0.5200006145345071, -0.5168715119080949, -0.5385080863548489, -0.6226707919966853, -0.588416550647664, -0.4977751117599811, -0.4585748699914502, -0.47477258338850115, -0.4354965804510933, -0.6267737642786704, -0.5930184744178724, -1.5590575381313194, -0.6228787362084983, -0.45656700454851734, -0.5308088740563027, -0.6711994888455199, -0.40606124725665615, -0.43734019026295423, -0.4041842042401716, -0.6425168755362866, -0.405429219884877, -0.4600052607812407, -0.5449603815543176, -1.561754863824357, -0.5348820744207873, -0.5219761174033155, -0.49635718057885975, -0.4684531101535348, -0.6330971362997609, -0.45772432814302916, -0.6019800478140365, -0.5232822934256096, -0.5789401958874173, -0.5243211558661304, -0.5035461230990539, -1.556630611759782, -0.6037496517686964, -0.4560469796244075, -0.5503741969712701, -0.4088742181383571, -0.5242862212182952, -0.5308711995257445, -0.4512443352554871, -0.5949689547088427, -0.561141053808302, -0.5856720840639759, -0.6154639491768004, -1.543805591141103, -0.5037035466608446],