{"vi_exp": {"vi_seed": 16923, "coeffs": [0.07448693539732469, 0.08374661000130167, -9.312088202515735, -9.227024438585175, -10.76330099133989, -10.303723645111415, -11.993875242258358, -10.375441973187208, -13.370465615831161, -11.279754057179547, -14.466514521696023, -9.348244873743019, -9.731546210432718, -12.310688090493093, -11.809693511028476, -13.706963376947712, -12.199749806736886, -12.922321824419528, -12.830131982001662, -11.989286755638505, -11.09337462370738, -11.066270831665914, -8.394258140942851, -10.912221795457741, -8.981757245621377, -11.949791839871382, -11.042072124318752, -11.433518187316492, -12.710528115095803, -9.71459577853157, -11.651155220432226, -13.315071533535077, -9.790966875082647, -7.435415649655283, 1.1877707981952572, -12.472038311104242, -13.184272990749006, -10.998656004318363, -11.28730246534424, -13.499215256148085, -11.379124358983212, -8.298896100550802, -14.085545587979155, -9.883269598676605, -7.886828773863621, 1.2163627102692898, -10.343581400637447, -11.515955685465967, -11.854432493258416, -10.545235863392936, -10.815237574036821, -9.512906697399387, -12.326524779367018, -11.738483403573744, -9.227522865376644, -9.507504803299485, -6.799918254859955, -6.652793322060981, 0.6373467965927859, -10.879409260801506, -8.759465643159874, -11.408359431414627, -11.882431752747303, -12.39007204646202, -10.430672179922768, -7.569991720398119, -9.148462305242562, -9.61609792565334, -9.63696121317475, -10.391740336459806, 0.5275991225796647, -12.0787271401612, -13.03601668427097, -13.610619267999832, -11.49640407258697, -10.243154604026511, -9.975582583689183, -10.463974936974362, -13.88909526834194, -11.143067145753912, -10.75835967531544, -10.504346377094008, 0.5466660709478794, -11.49752930971761, -11.434281463485151, -11.291721315353476, -10.439419320222834, -11.959906775110902, -9.873360248945156, -11.348954583300053, -10.978885588190396, -11.253809295250038, -8.449373601290093, 0.5543228469909245, -13.02747119898778, -10.65124497498579, -12.287898477593952, -12.135554403247266, -11.575599011500458, -11.28583103650599, -8.710235201982488, -10.310098450331049, -9.803540876865075, -12.78995414857535, -9.475016524623337, -8.298512552415364, 0.501385825754434, -12.979000103981317, -12.028947911535921, -10.015331336646542, -9.119056462870105, -8.881439200328924, -8.471637957481372, -11.40067818069971, -11.818060522867404, -10.099883721223822, -10.604559797331378, -8.072597945490173, 0.506458818140591, -11.097473046286371, -9.733291834511324, -8.419605291033779, -11.316374462862633, -12.582515348061312, -10.727917546006708, -9.774679579749652, -11.608244220468983, -11.566781243624616, -11.060291613575785, -12.251416524522885, 0.06715923873076317, 1.9553807502870142, -1.5393215022920257, -1.5041912881575368, -0.6238096861936415, -0.3936965293958906, -0.49205328425092204, -0.6110171393349886, -0.5558695825478713, -0.5822771649625339, -0.5288528089444886, -0.465585063489325, -0.498492379775573, -0.4835628015550035, -0.4799995811500461, -0.6306897262438318, -0.6087911774097999, -0.41741359876351447, -0.504298599941669, -0.6126327759746032, -0.6529118781940583, -0.5069437250215078, -0.50446401496194, -0.4659781439738042, -0.535034404030534, -0.5396549690392924, -0.39989532827743396, -0.5876396590126701, -0.47359354801878584, -0.502514382113821, -0.575412047246396, -0.4203499825232879, -0.5582724667614668, -0.4677554691285014, -0.4836245394293366, -0.4151788766893259, -1.5495968884097298, -0.6200730563967347, -0.5113369034412536, -0.5355266976445033, -0.5566448039645433, -0.45284996818223805, -0.6512246853411324, -0.3317144244888132, -0.5635410079975033, -0.5099383255517022, -0.4431166306345292, -1.5307024582878779, -0.6498068216899169, -0.5440044856561069, -0.37603425960108566, -0.6538044652187857, -0.44206901414121996, -0.5350029491553234, -0.5505965249306891, -0.5013390197826103, -0.45599578656733747, -0.5432778983488423, -0.5459543339632933, -0.6557199520941052, -1.5466593509991649, -0.5170949504512897, -0.4689778452908783, -0.4854320476362068, -0.3979341755236493, -0.44720446997033064, -0.5682690148497042, -0.45586035002431274, -0.5783387522886168, -0.6005789024027814, -0.6116889012425638, -0.43121787490177665, -1.5421525909354945, -0.508707943241078, -0.6405675787248113, -0.3884968591183671, -0.5158804274999161, -0.5580953811267613, -0.3863498215658431, -0.47932092671509774, -0.43999313160877673, -0.6329496653477584, -0.612480020712742, -0.5620281982776981, -1.529651828078603, -0.5664182867285773, -0.5476511474094152, -0.6111468242309105, -0.478048630534228, -0.6167453739661956, -0.6508942586134833, -0.559766646327083, -0.5034570606813641, -0.4988245264553002, -0.47250292734196514, -1.5429102914241173, -0.5295539934097406, -0.4822270296861296, -0.563048724233299, -0.575937229846761, -0.5764653590769152, -0.461160964782661, -0.5839225217182353, -0.4426831477930576, -0.5195384186991915, -0.4359129406155318, -0.560184743896496, -0.5886256078042349, -1.5036701923090734, -0.4070085045610042, -0.3488252090025555, -0.5494274452236368, -0.3499683856886399, -0.41727890618127783, -0.4412021750991335, -0.4890014529259833, -0.6259709399798614, -0.6048423810310923, -0.5793109865566404, -0.4411332622239023, -1.5498341182244206, -0.3852038146650126, -0.6929459715285897, -0.5038609366919778, -0.5803827092375219, -0.5819013687699597, -0.5513007631687434, -0.48168932123046143, -0.4212432922997355, -0.5393079647618119, -0.39216603861043914, -0.5825169375273503, -1.2757347097190863, -1.0318229217990442],