{"vi_exp": {"vi_seed": 12554, "coeffs": [-0.315667017531637, -0.28004621874219976, -0.3116675839353299, -9.168599635192475, -11.779777733353091, -9.623976236510591, -10.718071530226513, -11.483386662808849, -13.274682126307633, -14.037926424895351, -13.386031016154776, -10.726470279124905, -10.560486529918451, -12.810712329696038, -11.45491827301558, -11.2854805700831, -10.50488175776944, -9.638186964314785, -9.923909550719383, -10.212677910759469, -11.11660553274954, -10.513918284085145, -5.012798790446182, -12.187467683480387, -10.937452957897397, -13.115349382266972, -12.373197403575082, -10.846577667372033, -14.057824005046964, -12.081731524653074, -12.742198641585487, -13.329927638343959, -9.523005195785363, -3.524481451629391, -6.650413141591967, -9.980698524211034, -11.263648063440053, -11.733888732857054, -12.99915724284965, -13.804649002464782, -11.507015221862968, -13.217815614084328, -10.422920044115104, -6.782858122658816, -7.170196176494222, -9.65853344382316, 0.6115617684087455, -12.076898488403447, -9.123710077818046, -10.302228706064572, -11.068653065954688, -14.45132187489322, -9.4073690659944, -11.213458998590006, -10.205645691074881, -9.706124212567488, -8.501655905374268, -7.97450988462909, 0.39593413833901525, -11.637996070488914, -10.419953358303266, -12.476996746074589, -11.702116723449977, -11.71333518658758, -9.110145255915302, -7.294991748937717, -10.131568761018825, -7.286975427270565, -11.065012625910766, -12.13808831464962, 0.3339116961612255, -9.963256298953347, -11.821828161792943, -11.761393556348674, -8.879729724929952, -13.531963637736101, -8.453401583668485, -10.060360853433837, -7.769124180765866, -11.662148328586976, -9.475049293763604, -9.73929196208451, 0.40378161272222696, -10.694110783483142, -12.379050209498686, -12.35632933591201, -12.211083289398484, -11.422380266572238, -9.837607998114644, -9.63851026112723, -10.45220274428724, -10.124247360652534, -11.117078490018283, -9.426554248576036, 0.49193601587313296, -11.462907932384939, -10.276658085594324, -11.420351613107002, -11.277558412658587, -12.79655217911653, -10.853734862537955, -9.32424382045854, -9.532860639190678, -10.952129226738425, -10.302620602385995, -8.739924816453755, 0.7850934858736532, -10.601424174045002, -10.877736821141024, -9.67390044041512, -12.289165783962327, -11.303035662154938, -9.010287984327075, -10.993508429128026, -11.859141927784165, -12.437342920271458, -8.71817770681953, 0.7774484928133844, -7.698432836396806, -11.064579039901341, -10.018497300674207, -12.280387880949503, -11.623444629992768, -11.443158254719306, -10.256951206818606, -10.18123329734744, -10.496382129057338, -12.09702763957568, -11.671934485056932, -8.780357064433323, 0.44085571866509643, 2.450096885892687, -1.568778654667795, -1.528588471854515, -1.5116941675749485, -0.43010016791029393, -0.4547897490066867, -0.3110114897792411, -0.5526883076514019, -0.5669346714539205, -0.46633975792607085, -0.6039097721318644, -0.47885956041519945, -0.5126586331777221, -0.4625275786428991, -0.5739278079296067, -0.5350804876125079, -0.5071951334540984, -0.5831364141806903, -0.42919898062536577, -0.5761534395852743, -0.5734499736871023, -0.562124297894448, -0.5373821884203877, -0.5355899045320673, -0.38298731549417714, -0.6014757916314655, -0.38502081574445635, -0.5058082720740317, -0.5287160836458501, -0.6097757306957862, -0.5745612722384109, -0.5044826622366516, -0.5885111659009377, -0.5809655547408464, -0.3791703176272593, -0.4980696115919051, -0.5551730775824977, -0.54016396879359, -0.4082253175459205, -0.5781097301043653, -0.5035316602138094, -0.32570195851725464, -0.5149184681528389, -0.32202385001827083, -0.4069889295417043, -0.500772275921352, -0.573533818526359, -1.5390533731738012, -0.44271976578830474, -0.47162044483280363, -0.5323990449626629, -0.5275913547103759, -0.6185184579545403, -0.49813428483466177, -0.4972321907611605, -0.5328744372246992, -0.5655710881854049, -0.5581186285957239, -0.574432725692255, -1.590249792212977, -0.5900926075224894, -0.6692372321131425, -0.5835402996104401, -0.5024560724142804, -0.4977923584817109, -0.3658967058688607, -0.5291551708931438, -0.515970712113245, -0.48883281565561776, -0.6109716582686202, -0.5557907057759255, -1.5595442073758101, -0.6139455759410735, -0.4952025829851541, -0.5524667701943001, -0.4299227340490136, -0.5787572687960177, -0.4429994492049964, -0.4953798115814604, -0.5682320848048166, -0.6781590825557836, -0.4617166860012035, -0.5463018200497908, -1.5527218965617695, -0.4709177362656951, -0.5063449021605742, -0.6760914521442406, -0.4343606018421126, -0.48418437091993577, -0.5919684231107154, -0.3790947454271014, -0.4787816148122561, -0.5572980340347702, -0.6021593025339254, -0.503924523538341, -1.5572162463247852, -0.3808829091700782, -0.6567427583372025, -0.4759298299027702, -0.5474933111302421, -0.5168579199857523, -0.4304224413390373, -0.5501131986935659, -0.549948120015673, -0.5933949672911855, -0.654685966714851, -0.5911041350718843, -1.5926551155993067, -0.584571610718314, -0.34769441352939007, -0.5026325483068128, -0.44742435954858734, -0.569859001158976, -0.4366026282496521, -0.4768628056925974, -0.4528620952457106, -0.39050118021916647, -0.435761106936458, -1.5218127026673247, -0.5845692761767234, -0.3511635507555497, -0.4121065915712706, -0.5706782994618308, -0.6909246303185, -0.5951209220923274, -0.6436769472785906, -0.5103038891435838, -0.3206857833764177, -0.5271829110192573, -0.6237184195484381, -0.4133681828955037, -1.2566786407372765, -1.0910712431652063],