{"vi_exp": {"vi_seed": 56365, "coeffs": [-0.559794580766475, -8.167415258181519, -11.06132813031061, -9.334043945764385, -11.839576368618914, -11.58772123319621, -12.544621765286191, -11.859192920576806, -11.30610240471507, -11.175785830769746, -12.021081840642507, -11.37244873980058, -11.813012445525635, -13.026586511896149, -13.061270777793727, -11.52452247710722, -10.88072919798279, -11.675581849211481, -11.506115588099043, -11.602375836589154, -11.900020359261541, -11.86889735048954, 1.2394442660567944, -12.408760369636932, -12.091155352804185, -12.315526440794962, -12.420240101264326, -9.954424945156912, -11.836656168937557, -10.61013322891621, -10.623014017356056, -14.06942326422818, -11.58992725358135, -8.451695205079323, 0.569864620816105, -8.534234946064, -10.378275582215965, -10.58472004631993, -14.93169224688806, -9.459558293896354, -12.084525797088569, -12.452738793133213, -9.935348554346737, -9.222656168193634, -7.8384385577759605, -9.567631132982633, 0.41191701730822905, -11.930618681886836, -10.836786520623175, -11.622124444276752, -10.231325056541307, -10.5930461752622, -10.145783718744816, -13.644126349062821, -10.775441440447649, -11.221499337218983, -9.417594565159348, -10.450390686543935, 0.16615399057222935, -10.293569040277003, -11.955305188334718, -11.629312115015733, -11.205652516689426, -11.89791758796711, -10.482459692745435, -7.65707378332457, -10.70588118590731, -11.367279225278741, -13.688674993545437, -9.094356355593774, 0.18104257557325928, -12.1956152428808, -10.228775459075717, -9.917453242305013, -9.445967830534888, -11.907195609912593, -10.77151193675718, -13.035314253300665, -11.27024223728585, -10.237377426688822, -11.64729608194022, -11.660598079116028, 0.26305364202590875, -11.438399935090253, -9.671623329531329, -13.296346560349212, -11.23005267580602, -10.985864153465503, -10.199936458254083, -11.347590975692492, -9.954564297098706, -11.082779330927659, -14.08643938369564, -11.678050804424405, 0.5795864386570864, -14.425014494522655, -11.62447448201592, -11.323169886607896, -9.15196029682002, -12.820832948363089, -10.133191391081148, -11.177334776701453, -9.481382796618423, -12.480067676892805, -11.089007555699819, -9.812582065950965, 0.6396977068942095, -13.263921630120363, -11.279155860812505, -9.925968961469135, -10.917174767023402, -10.92573626288987, -11.508637143266396, -12.12694257049897, -10.903377565425478, -11.849964345889857, -10.817826405471232, -8.920870239844113, 0.7360852823054254, -9.38870465148053, -8.56321722544319, -16.24276164952114, -9.648072919897166, -11.244456404454125, -11.253466631539682, -13.073024046473583, -13.380703349829698, -10.56367430095711, -10.033657499724837, -9.557077126868535, 1.1611703640904096, -5.703842430813934, -1.5730582637713786, -0.521286496494686, -0.5414894552789993, -0.4526003185992585, -0.5037368255807265, -0.5164597933406151, -0.4476361504134149, -0.540653907163194, -0.6113949445734516, -0.5229796338994541, -0.5764359370140499, -0.48738569652725827, -0.4661356115041095, -0.6218478274425219, -0.4225772707262382, -0.5322326181697421, -0.3762262280004962, -0.43762785553673095, -0.4723270105319696, -0.5225761515943339, -0.5052358239310312, -0.5006987033889019, -1.5340694104778194, -0.3918286608734847, -0.4790355041188854, -0.5079608797810901, -0.5806292808100467, -0.327877413496716, -0.4424941474085678, -0.5308596183789452, -0.5414297981677065, -0.47703237899157375, -0.5073082824395337, -0.5692888515030465, -1.551019538697261, -0.40088925994002245, -0.4560417106983827, -0.573679386547084, -0.5708974254830544, -0.32364213009201614, -0.5528904733388172, -0.518688600791403, -0.5056874609126562, -0.5747529099228278, -0.3866115076063108, -0.5264723818890248, -1.5616656827149014, -0.4914807328000119, -0.5869601915625432, -0.480447194903131, -0.4224993672681943, -0.4397442089112203, -0.4745156702592551, -0.4586458626495682, -0.4767284257536251, -0.49221851288069857, -0.573629367721278, -0.4988094780624919, -1.5094752739662105, -0.3657460295329974, -0.5010424984192539, -0.4504335340654445, -0.362925395083958, -0.5182314038629241, -0.6255556680766835, -0.6045198202001717, -0.4985690136743961, -0.5106599160249323, -0.4778299164096132, -0.6286419687028474, -1.5382107433251564, -0.6030823935837306, -0.44068490866302373, -0.5559727430257774, -0.3961461841349312, -0.3728294949796669, -0.5215983098314314, -0.5616850866638143, -0.4936483166676652, -0.40972981019202664, -0.6528414517718808, -0.47860687604011193, -1.561222496058451, -0.6625160470550672, -0.6193328608490024, -0.5023661503878456, -0.5513540846691501, -0.552166427288108, -0.3526436649433944, -0.41021731351038, -0.5034428621825469, -0.6400404470069921, -0.47735443337491035, -0.5305704658351201, -1.5321874480897313, -0.5589204954732103, -0.5897804360243559, -0.6568745327948479, -0.5798180979037653, -0.5167420211075813, -0.5475936596295891, -0.33684938997285024, -0.533275115531484, -0.5027823649376065, -0.5638302026512779, -0.5633020794167438, -1.5728341904497918, -0.5597916844859082, -0.5420407724081937, -0.4535301720819972, -0.5406195788359895, -0.5413879344258985, -0.5134587437321368, -0.546770058985682, -0.5038844517485817, -0.5559345862509261, -0.4689373987820074, -0.5209349992309612, -1.5631795011635223, -0.5256445529526639, -0.5263679987365942, -0.634193459683074, -0.45999462767583393, -0.5677828161105348, -0.48886505331824714, -0.45795201475050934, -0.557499453701556, -0.5579689899649516, -0.5942746336098303, -0.34053678399542214, -1.5163939885143691, -0.527437034430073],