{"vi_exp": {"vi_seed": 12267, "coeffs": [-1.0270551434653366, -6.974132363147746, -10.124329134137998, -13.234034873933089, -10.432383578495097, -12.038174968044602, -10.910220404981779, -11.448572463841215, -11.65229081694752, -12.835393358198887, -13.28631536289719, -12.081974725547058, -10.18606300863169, -11.90656932707155, -14.555214980841166, -12.972162722531841, -11.668907521276386, -13.812331298878659, -9.62478871681523, -10.698648593333484, -13.54799673552147, -8.893311325306072, 0.8599866101071724, -12.82360240033986, -9.101944668261696, -12.156005777096265, -14.119872855263743, -10.425192119306885, -14.118600741073278, -13.219421638398284, -12.218480397288818, -11.248959230166063, -10.539893625479394, -9.813689010027629, 0.40335914138957957, -10.99506343435803, -11.051057728573282, -11.91149127594161, -11.872341563433269, -13.60755461899996, -11.229592872140643, -13.948928642086004, -11.652830928297421, -9.284695667727604, -8.243914567206144, -7.804188885116345, 0.0620189622826915, -14.73694195698435, -13.51097121179374, -12.4592662489831, -9.950793843364757, -12.015486154813546, -12.153276599571265, -11.51828645006651, -9.707116029663016, -10.18123652992759, -10.325511114531325, -9.362216024315945, -0.18825273813877966, -13.524421103390097, -12.514999700456805, -10.81219625978465, -12.233533247941889, -11.296007408515202, -10.130366417543943, -10.487254168692369, -11.23141921506627, -9.682980504501828, -10.863253870232935, -10.372683361561126, -0.04009556870416812, -11.504985258573047, -12.522952229835113, -9.507911365831138, -11.358063000926899, -10.449780205343483, -9.022782777968864, -11.912387972715647, -12.808716026694885, -11.087440968265579, -14.047819642689774, -10.995412104014257, 0.144275548835884, -10.360404019767095, -12.205658263426251, -12.409848580710927, -12.667431858863461, -11.461534454000386, -10.591934178674917, -13.814062683146144, -11.665924740234733, -9.617681353204613, -11.41972461508016, -9.605828405051302, 0.19324724417956538, -10.060624125006656, -12.471988578643568, -7.815637636679034, -10.959129679577009, -11.277320663141163, -9.931184230890862, -10.186000904998913, -14.207448304226016, -9.487358933086133, -11.835753996937184, -8.667828352642818, 0.25094236351261945, -10.987325420396061, -10.82378724422156, -10.740974048239476, -10.991455234152696, -12.349657752917274, -11.767955649861568, -9.967538825779128, -12.23716053180938, -12.050757823163782, -10.718634111935282, -9.751418276474087, 0.4856664033869489, -12.733842765111246, -9.145082429886997, -11.155099361519381, -11.290400016439099, -12.17114306973934, -11.549440396317323, -13.969231860084772, -13.1465382092373, -13.283881748639724, -14.06478780236992, -11.046622840716758, 1.0126622419679554, -4.225607509554347, -1.5591328190398464, -0.5547354003853975, -0.5399887877296025, -0.5467149210338349, -0.5113216888227341, -0.5421278890221105, -0.48662819575656235, -0.47359748321938555, -0.4672006136091208, -0.5457002021395357, -0.691222521002793, -0.46658781730074217, -0.5548376758957488, -0.47657069682846387, -0.49979455336863565, -0.6747419527312082, -0.464236073215692, -0.584502451432, -0.6118759095854999, -0.4605989660027108, -0.5619272419024394, -0.5351774332102408, -1.5694155371899547, -0.43701559197745127, -0.6002072421628483, -0.5024564873970223, -0.6328642650669494, -0.46211349209591435, -0.543206291594829, -0.4584582066557459, -0.582497544604644, -0.593256417350134, -0.3108882448697427, -0.5377553175445923, -1.542035026865233, -0.5807248478297568, -0.48487010311658435, -0.4038258187528254, -0.5658523585426667, -0.6172352811717944, -0.5235559609723355, -0.5831425383271791, -0.548147719474822, -0.49929813084133945, -0.4046555258847732, -0.5449192670222713, -1.5668945602020747, -0.6009480958669178, -0.5765505423651915, -0.6048948300909979, -0.6104803573658125, -0.526310626434291, -0.5159220648815418, -0.5725989726963336, -0.4667051230844798, -0.5777244206516255, -0.5911860040974716, -0.5309636821603007, -1.5388475554242669, -0.6145142225299413, -0.5629630166682844, -0.5458646838263753, -0.5160019000804914, -0.46598039981211126, -0.5022792343405594, -0.5959351927016968, -0.6892951093302967, -0.4299312302664517, -0.5459106669156883, -0.3508640985047339, -1.5333310651454999, -0.44071561193434355, -0.3845108332048156, -0.43878072134147217, -0.4770697157050746, -0.4581372581483551, -0.480224319974306, -0.5090554813011289, -0.6296379136910796, -0.6661434032349314, -0.5565133089527484, -0.4724940622659994, -1.5628340744310787, -0.6530012840442946, -0.40363095380206043, -0.36860716384342074, -0.45587808832042015, -0.5593716704658871, -0.5738058728778448, -0.63329332545928, -0.5407510740502081, -0.5539704010435582, -0.4109421216597778, -0.5756570644227882, -1.5381620075884823, -0.5146778668055606, -0.6059783858737141, -0.4465923868960857, -0.5354570878392956, -0.5117196610160827, -0.6102000606815677, -0.43059362550319397, -0.6364815002783469, -0.4584793995758645, -0.40068427379955024, -0.39993287185490906, -1.5535822824076804, -0.4701367166254683, -0.5064661467532213, -0.42101983755545136, -0.49558765371392993, -0.369626005254767, -0.5436767697142226, -0.43497169196893937, -0.5290333982235275, -0.46624199841686237, -0.42914771779587363, -0.5043869204428845, -1.5604323637346345, -0.5202361910462959, -0.5576320053421474, -0.616075119189528, -0.6565106280702611, -0.31428227082798127, -0.49169469651083575, -0.5467654584542616, -0.5298968017275993, -0.5927724853296596, -0.45482248819992704, -0.4367451580151758, -1.5256164768515021, -0.5213012623884062],