{"vi_exp": {"vi_seed": 18833, "coeffs": [-1.4139132773482308, -10.112481834892296, -10.156603655408906, -10.712358675879482, -11.701466344930683, -9.58537225962507, -12.289457309376816, -13.17002511905928, -12.708492914472904, -12.01545437109765, -11.456770316831179, -11.602548542019822, -12.82928715383702, -12.309996489498587, -12.989262143914127, -10.691771463824727, -13.743420239289437, -11.838129592826755, -12.501773528094079, -11.153358798446089, -12.810128470091625, -10.541064152104328, 0.5689583399387707, -12.40093481404791, -12.78536526035162, -11.141403955045519, -12.096718292712271, -12.532529384525493, -12.59275749299763, -14.062675746406233, -12.132019910824935, -10.410791001578142, -7.842086471216939, -9.60940998771939, -0.013482727339280872, -10.556855736022342, -13.496241450195837, -13.608453355951701, -11.942107460508526, -12.61953853453617, -13.02073621061358, -11.642976195798234, -12.335958697123985, -11.557255346043227, -9.283729922472197, -10.676806220644883, -0.33361874477592746, -9.112249430234288, -11.2363525619682, -11.157398841107383, -12.83354641941627, -11.180396530534509, -12.924332755193712, -12.145133242593769, -11.401815723424125, -9.861640304106439, -10.85272047207359, -10.153333062339048, -0.5604890095901583, -12.595432961928086, -11.542186742127992, -12.662134747103782, -13.359321796569473, -13.371968698046185, -12.849561768752018, -10.75075825089083, -10.905190519430857, -9.678401227319847, -9.622426760346515, -9.839917741665925, -0.7217503590504011, -9.914166715210447, -11.456498034161056, -11.541930695516502, -12.71033613502271, -12.773511102047616, -11.058360246464481, -11.817955960133883, -11.352818760831271, -10.437287067318202, -11.034252956231185, -11.120654985049434, -0.8360253567842713, -12.449816838705882, -14.071445000002084, -12.239914102251142, -12.573318384268985, -7.449786268282639, -11.888563783774364, -8.818397246972918, -10.621587210799403, -14.081089045430666, -12.002360010247306, -7.7187382141437855, -0.8483399959172406, -11.02117679851951, -13.02998745473755, -12.283628227252624, -10.461500312995183, -10.100045808683344, -12.432056861054134, -11.08040153109426, -10.515248058380932, -11.588651759240149, -9.802105793298782, -9.963269235925122, -0.9268592276813965, -11.517773845488898, -11.835515905784357, -11.104649808737365, -10.608670407870012, -14.912711889189051, -13.510903848175635, -11.006742496381268, -9.536679033374869, -12.309186396013832, -12.627624643314586, -6.885515311884618, -0.9483378941369806, -10.315780503968218, -10.189361150656522, -9.61945640804329, -9.919066768937371, -12.735540354746952, -11.71634211322391, -11.469074313271705, -12.29307805404067, -10.368782090562055, -11.742415995008733, -9.459139392897537, -1.5332257109755387, 2.9668435972444844, -1.5204174803224213, -0.4922065209701612, -0.5378359580486155, -0.5135936052895018, -0.520552566871995, -0.4435326411858277, -0.4429746999437272, -0.5639960905754146, -0.41712489008286596, -0.5934540859949765, -0.4056774420566733, -0.48872707059398696, -0.5281456661900876, -0.34677934367907776, -0.5585231254137023, -0.3858007254274505, -0.5027964542624234, -0.442413362058595, -0.6585098882632637, -0.4996537197147486, -0.5987383039999162, -0.6006472716829035, -1.5400682836673678, -0.561745703743353, -0.6355731185875544, -0.6518036699077134, -0.47309371931060334, -0.6212279912347013, -0.4966849839302167, -0.4951903116447252, -0.4741728645578978, -0.6277335522368441, -0.5201965501547496, -0.5021018647346982, -1.5649220901751075, -0.4758165351877108, -0.5135868663837151, -0.4671317668090624, -0.4945680302056398, -0.4408650826640728, -0.5658866149278803, -0.4243750593950812, -0.6136630688845561, -0.6838498909030666, -0.6090802439740404, -0.5791335979863265, -1.5077401055798219, -0.5270935025205494, -0.43486363991585336, -0.4413699563577608, -0.49836612138452924, -0.5270341361667629, -0.5748382034540243, -0.5929982119105695, -0.5739501908786085, -0.5375352019624839, -0.40461831069234044, -0.5706310234531019, -1.5589806656748941, -0.6305735274710278, -0.5189105787641414, -0.12168467514923872, -0.5302550392465143, -0.43725374226069597, -0.5146175668725782, -0.6043576203585154, -0.6232039786543001, -0.5128572087481771, -0.41106392570178557, -0.3712493603018791, -1.5286671432969217, -0.5433311757489281, -0.586832260657229, -0.3905949630212694, -0.5187718075183104, -0.6540218802813192, -0.6010869215924928, -0.5313739727015935, -0.5957027335338382, -0.6001998866423219, -0.46300426333916983, -0.5302638696190793, -1.5731253863885066, -0.3383986945226544, -0.41925038796473574, -0.6210385420486341, -0.625253471472859, -0.6235004528152152, -0.5959774606332782, -0.4115187891468482, -0.4563982684537757, -0.5394581573233672, -0.5633606274383417, -0.3582499934050589, -1.5388627602357525, -0.38134265975067416, -0.5139975680973746, -0.5015161371345894, -0.5951672840073433, -0.6357234277415743, -0.4919928612070122, -0.48897487053994887, -0.5048893023180363, -0.552277372184317, -0.5905666296322024, -0.43388648251531736, -1.57087064903002, -0.5106634527076569, -0.588608930648542, -0.46216755883453076, -0.5145748992871277, -0.6446002372579535, -0.5678691771282384, -0.5176920764659413, -0.45235505727081476, -0.45327642457818573, -0.5219666634664719, -0.3870091685148931, -1.5708771820424987, -0.5067684792717195, -0.6016573890161185, -0.4867447596447526, -0.4992677829667571, -0.41238026793960947, -0.5542852489723091, -0.5087418336162586, -0.5292337708228725, -0.5509663428072017, -0.470434600644564, -0.4520560693392165, -1.2583872258437763, -1.2398703334806092],