{"vi_exp": {"vi_seed": 3022, "coeffs": [0.028564944388805955, 0.0477245678040622, -8.76968767182616, -9.340716001392376, -11.839296253045218, -10.27738075149401, -12.567125306362877, -10.720908098960935, -9.942154223919703, -8.971401729637135, -12.681381897725327, -11.139912128011808, -12.243910449125735, -13.792072396322107, -13.172832625300892, -11.010700672870811, -11.668704140117796, -11.217073381266855, -13.733588296856635, -12.000782918149707, -8.519072894368769, -7.318696663860069, -10.326275729900397, -11.04347229406619, -10.426765003981648, -13.70068761225955, -12.864141050896833, -9.83725614978306, -11.43865503294582, -8.530500948887113, -11.099536680069138, -12.725823769939787, -10.157590162786539, -11.259008762151462, 1.138168212464723, -9.288088404247997, -9.469969548394765, -9.689025823766997, -13.733648446076312, -10.763691957591593, -10.483771487844276, -11.832502246086943, -10.674344916021091, -8.02556616120132, -9.328144616147679, -9.466399077177861, 0.7923993522483057, -11.971919260256648, -11.147616334451593, -11.479756958171816, -12.87850421352213, -10.389677325858996, -11.66812350477053, -10.846941019033935, -9.928237253829478, -9.832761412295206, -11.04903649925187, -9.044278070986286, 0.5896616876289348, -11.569934074074986, -9.897314579827475, -12.659541211053902, -10.99311611636271, -10.519650246188924, -10.545916535154985, -10.52117541978176, -9.634867372238512, -10.470408285614804, -10.815529674729293, -12.523457338218407, 0.6444444471912084, -9.689372234252039, -10.277052697431193, -10.017568783261053, -9.839031880255371, -9.039993483114072, -9.940335046606924, -12.082213059089531, -10.665149293086179, -9.418207195050702, -11.737931946750688, -12.710223902356292, 0.8314733942813538, -10.209760293154421, -11.188017524250297, -11.22386395541339, -8.53385244530373, -12.43235391058391, -9.369710148034388, -10.280810114503021, -8.970729737880424, -11.675157846481953, -10.147776290101067, -9.92080323906366, 0.8802859259322483, -9.695174203797606, -10.175262670187863, -12.607688850867449, -10.538919509008256, -11.816897902129188, -12.110466186726812, -10.412099202626468, -11.769899243131231, -12.5025346862893, -11.411910848221245, 0.8725422633106891, -7.024293796102358, -11.805073986418412, -11.74652564167677, -7.611171409806383, -10.154114840438686, -11.041150619504295, -10.414149716555642, -12.70425014695883, -10.47407917335085, -10.178874376769869, -12.754351121206046, -8.00938332763106, 1.0179266217879455, -8.023507083262983, -10.985940209677999, -9.736730809399841, -9.403780774530595, -13.004772735514424, -9.44393458210241, -9.67855104762812, -10.144948271055322, -10.961382328100859, -10.357343821433693, -9.529989778221099, 1.5858482078067375, -10.253066133622507, -1.5105171544022173, -1.5390466245991063, -0.5457565915485979, -0.33362848567797054, -0.5253288542798513, -0.5457532973797802, -0.4594596442535252, -0.53142181366061, -0.4668428592475996, -0.5605015612730403, -0.3280524114184746, -0.5574146154376954, -0.47104208209340714, -0.5642262677296735, -0.5556405195863059, -0.510457455979338, -0.37993410702007674, -0.5242123993889042, -0.6053695326712288, -0.6063696520782739, -0.49809295457403513, -0.5076735565071008, -0.3709249971203636, -0.5298213099806095, -0.5429473882565555, -0.4230434717475008, -0.5304967679830891, -0.5111307963977723, -0.46060654926231287, -0.4499723498207457, -0.3055264126200959, -0.534282340380294, -0.5900000004708214, -0.5653419042856263, -1.552051562355524, -0.5860383542645453, -0.44779435467457085, -0.33655779006225806, -0.5373793515729023, -0.3218601451281348, -0.44312119014848755, -0.6633128016264892, -0.56854024347749, -0.5223251541371277, -0.5171255932275528, -0.5362039080132287, -1.5729728530749287, -0.48382105726723423, -0.41203381077040163, -0.578128810297758, -0.48019979134431146, -0.451933113973334, -0.5508243188953095, -0.5299165308495021, -0.5851220462599278, -0.4860749653298478, -0.7166220144125749, -0.5415342780599148, -1.5541549749577643, -0.6320381035712976, -0.39554837199725035, -0.4959787607023755, -0.5908093201443531, -0.35369393177874886, -0.532259963134369, -0.6314335545917394, -0.5681290732037761, -0.32908647941391994, -0.42348202862525436, -0.5697593608355438, -1.586153950237713, -0.4285703795025624, -0.5220459438890453, -0.4554530076175016, -0.47956763835602406, -0.33339723155459805, -0.5178216007701102, -0.42739116555918116, -0.6114942384584269, -0.4166863703273646, -0.6197587321858761, -0.45114556500995334, -1.55967248758239, -0.5953481970455459, -0.4545243634722423, -0.5131813587083387, -0.41830614632900764, -0.6113373233104333, -0.5133350640614336, -0.47140059666425843, -0.2867081901467065, -0.5481034381710398, -0.4267128502986313, -0.3370519953409156, -1.4953212358744121, -0.46383399026663596, -0.4467800522151377, -0.5913412261182487, -0.6025277951190072, -0.4201986064270183, -0.518327852285377, -0.4979214695395967, -0.5625123599548719, -0.6214787052840955, -0.5775939527044502, -1.5653329328494996, -0.501252152571053, -0.5093717153828844, -0.5134513494638193, -0.5073262467698711, -0.5811297123366707, -0.5275508459279669, -0.579646138477959, -0.5634741171943808, -0.4731762099442629, -0.46980825365304957, -0.5175921629939441, -0.3300500591871995, -1.5359085472306002, -0.40538171637562775, -0.532724087456151, -0.5775488736484548, -0.4566108054383565, -0.5499973275319581, -0.5647371500457451, -0.5627041847760949, -0.45720075733566035, -0.5474494582625914, -0.44575941626777, -0.4852400740919875, -1.5525222020243261, -0.6640421348222681],