{"vi_exp": {"vi_seed": 33886, "coeffs": [-0.7306794869760196, -10.515372671894593, -10.476332955301993, -10.626758043903113, -12.384025267798995, -12.705112680460658, -11.919377129282193, -12.870413129211007, -11.772742601455661, -13.641141025896948, -13.871647068885764, -10.19923188316181, -11.661693401582932, -11.989877811030915, -11.897661071746153, -10.836906072735404, -13.81429546012934, -13.1787116697294, -12.676296990349233, -9.509017897085378, -11.916971653723321, -7.813784588629989, 1.083185287526259, -12.662026093573823, -11.926997969016218, -11.23498322068502, -11.64634103638077, -12.674509799164587, -13.599774433286845, -12.091259542197346, -11.762044882409658, -10.225356826985102, -10.564133912128936, -8.80887194700042, 0.531099479744568, -12.117033818522543, -12.995913998713435, -12.202402333476604, -10.95025612164908, -13.290054327932218, -9.952438199200444, -11.862951814436155, -12.38979632434735, -8.719499929967933, -11.816483743155771, -4.974052182356806, 0.1471434784086176, -14.365449840648314, -11.958976303696723, -11.452620563097465, -11.755825124226696, -12.776934222976312, -15.341420142125662, -12.29030048785091, -8.877299290737882, -9.640124931445643, -10.882395129798933, -11.861102021908376, 0.011622582149503532, -11.397473330411824, -12.727789810549023, -11.288638084034668, -11.631682214160382, -12.552898104858482, -14.087943012021816, -8.213205314836106, -10.747330913254915, -10.123082240917151, -9.714238477707088, -9.731409834807508, -0.09976425698915856, -10.372313715689327, -9.302833200179299, -12.33433682937976, -11.701325677866983, -11.414903974958277, -9.312279552266483, -9.402211746572503, -10.226405836452596, -12.419111985444678, -10.324554143620492, -9.660997455039148, -0.1450205055539391, -10.477143160138638, -11.046003550333854, -10.631811416225734, -12.650066415186588, -13.64715842290635, -9.626128525315004, -12.828788990296827, -13.12583852696283, -10.866447283824874, -10.200048604586549, -11.104367570354992, 0.03103396337760245, -12.771143891059452, -13.373432895101558, -8.79194684277013, -8.89746179724417, -12.285070064049933, -13.090526861920841, -10.161953103507678, -10.423307994215287, -10.971999640759554, -8.540768795427615, -9.379295326626332, -0.04409295034893748, -12.153693517581463, -11.589288314277947, -13.570672003925386, -9.728477761249325, -11.937352883884603, -14.643437189972378, -11.316279580123728, -9.445887395370372, -11.054978185116449, -9.425297558924877, -11.121081461839204, 0.12935346733513745, -10.01298566626255, -5.925844138533664, -13.336676026119683, -12.267497956028826, -13.517121783163386, -13.617444815981154, -11.988007233171666, -12.522682945064462, -12.235586403382838, -11.230925197910333, -11.59611605130962, 0.02540792178941847, 2.804224074762076, -1.5721054124939948, -0.5806031947154083, -0.5824003649519176, -0.62520756631462, -0.4828662130358635, -0.48416648583558725, -0.41271579674344844, -0.5636241189835456, -0.4939485731240654, -0.4736804657220317, -0.5754345296668917, -0.5591286390670978, -0.534597701520454, -0.6597451645581786, -0.504823811708554, -0.516001293804489, -0.5852079664058969, -0.45959041339878526, -0.5875943617919077, -0.2298166975769197, -0.5347508787941972, -0.4521031517947432, -1.5290983495425914, -0.49694712225969784, -0.36415508327703966, -0.5967887720448685, -0.46349488784121107, -0.5908003694598803, -0.5166009494124193, -0.4448510090164409, -0.5191329778874175, -0.5269662925551425, -0.5354917228369884, -0.47063172573072165, -1.5668039322077987, -0.41927570765495564, -0.49866374861363355, -0.47368541848792567, -0.525370990751928, -0.4627662871155025, -0.4122045265040984, -0.6007657431062841, -0.4889551496229853, -0.40074039181991833, -0.5830323510194366, -0.4550419370468344, -1.518580627251665, -0.6026677553683616, -0.41868853866431766, -0.46043231543234586, -0.7001873369412734, -0.39670742331572534, -0.6026980724213649, -0.5795095377114765, -0.7154637749608197, -0.4583441819692772, -0.5779253365654421, -0.49132867099720606, -1.5658799453196481, -0.39885854049896585, -0.3569412967538816, -0.569825415827118, -0.4787460919773815, -0.6548746522836715, -0.41133307315564704, -0.4166107774170106, -0.4883231777853421, -0.5326924364661064, -0.48605554799801703, -0.5706878662566812, -1.507399373611907, -0.4543272008008525, -0.6251231297730013, -0.524659452891854, -0.47795090633522724, -0.4576214836055207, -0.5445337296718792, -0.5227305080999916, -0.5494865229833896, -0.6417998036275843, -0.563345404514799, -0.46234352872329165, -1.5607928063286987, -0.5450720781927985, -0.5811096484055299, -0.3254256203774726, -0.5449597458287788, -0.5839061316162416, -0.44763810776839796, -0.6210021929709029, -0.5538954392438281, -0.522750253677727, -0.49207853620730585, -0.5710158699889178, -1.5182031378945897, -0.2787425765043223, -0.4865570050757845, -0.5413998994293312, -0.6276340496710434, -0.5607024030326802, -0.5488084687215428, -0.49057198189500884, -0.4905408190539064, -0.4755360845083536, -0.5750806165072034, -0.4626900066551162, -1.5381281364546457, -0.45102097852615186, -0.5385356161959565, -0.49215418973123887, -0.5304479762478259, -0.4003248213663491, -0.5334565455940409, -0.37396769767677696, -0.46594469420843215, -0.5523363939266066, -0.5217221101942415, -0.58095262545349, -1.5468724264040923, -0.5376667519599978, -0.5494337828210081, -0.5640135508922729, -0.5911622430500103, -0.5956852564472523, -0.44083634623340534, -0.5040319983253524, -0.556580597468604, -0.47824716427047453, -0.47452411224725144, -0.40497602542665606, -1.2301294818336987, -1.1345949992993103],