{"vi_exp": {"vi_seed": 4308, "coeffs": [-1.1947880537359243, -11.69593238335998, -12.255168032737894, -12.215535949840735, -8.978498756926271, -10.488039303340347, -12.009064799337018, -12.640208553923216, -13.461275572696449, -11.272493073091752, -13.119343397776856, -8.386801599084, -12.05968924982283, -14.802006099363444, -10.976033056921672, -14.750099838165514, -10.924027233708475, -12.768972288628655, -13.241093183184887, -8.929686329100443, -12.606561278815631, -11.807628036523298, 0.7273593538605645, -13.754125156130202, -12.344436103752878, -11.853275523467097, -10.884456563028738, -10.780113869507582, -10.776586665221659, -13.623025144114573, -11.483030291150385, -9.819565821739618, -9.074867995226597, -14.256300023811125, 0.09087273696797707, -9.087923859979156, -12.463087744144058, -12.324565841280396, -12.341708194124447, -10.796369985868777, -13.431177833449324, -13.557428463234936, -11.529729443241397, -8.725063853154001, -10.537780391851811, -11.519162255444652, -0.2799729930148102, -14.819817713958322, -12.758604237350658, -13.233840432905835, -10.736288411626813, -10.20138447460109, -12.943429122532326, -11.67323253568542, -8.362557506443983, -7.624844356461206, -9.820273072949387, -10.393266631620044, -0.5162294059924545, -11.735276232925406, -12.914851456636228, -11.822701165867173, -14.607178517428638, -12.531060624586285, -11.393520842905389, -10.668160562437757, -13.277910353166067, -9.595626681205932, -11.061513203604836, -11.528673581331164, -0.6433794963633337, -13.935883632386723, -14.918981740696573, -14.479030625828278, -11.998246434621171, -12.92195411209086, -10.182518189344009, -10.362071705051509, -10.687508675908752, -9.319640550843113, -12.335834301627512, -10.28012480217739, -0.6380763274169764, -12.913276322061591, -9.628890638133297, -12.32317763793989, -11.488617383770663, -9.81633630388075, -11.145025052135244, -12.133931448397282, -9.3394680598691, -10.647736939901817, -11.09814745212294, -11.881480439773581, -0.535329668737458, -10.019065148950029, -9.725393812075602, -11.132971504286848, -10.016678623055624, -10.519937807685904, -12.3889644766955, -14.6919695608731, -10.55719911364713, -9.614715485105647, -12.020152793026835, -9.76040009867991, -0.4472387703689438, -11.408702745592056, -12.579865153528347, -7.758897338303385, -10.02632529011549, -11.363365847222608, -11.783686723805488, -13.524170776540014, -10.121629699204448, -11.601534547510841, -10.94004529392164, -10.475334770357355, -0.45805642816704495, -12.619801635840979, -9.362722981595747, -10.74905055613108, -12.036132025819922, -11.289109757215893, -9.628515422534107, -11.83179550923518, -12.864941280717805, -11.347827129952623, -11.795906917728926, -11.95803640817337, -0.9166623956176947, 2.780573720730004, -1.565935663637568, -0.49826690281754943, -0.5062967173204426, -0.6113885235736485, -0.4109672616986191, -0.5011732295995003, -0.5093445786773544, -0.5943126422752576, -0.6144780805772437, -0.4176377226759433, -0.4610234640645695, -0.4944686768059763, -0.43810031587630416, -0.67743778392077, -0.44692012723098384, -0.6456969654826376, -0.41278826308387917, -0.6269006289129672, -0.573453728071974, -0.4047254893206694, -0.43383845689671985, -0.5519759948006628, -1.553882663962458, -0.6144486545539221, -0.3894044444515234, -0.5468922641636141, -0.45287495884244156, -0.4703010275004517, -0.5320079073627302, -0.5331062123782805, -0.47277243961064913, -0.44522334667083785, -0.5686988122541907, -0.546053966302199, -1.5494170952183668, -0.5118227035735156, -0.6107321035570161, -0.6426689268297682, -0.5413886823026426, -0.4322628123894814, -0.49621098985485035, -0.6221347393950531, -0.5951521803696945, -0.5467773273519563, -0.5532811523625832, -0.5332374949257489, -1.5483059054459207, -0.46789643219226756, -0.6294690370004449, -0.5444475768895151, -0.6376610904011215, -0.6047000428385534, -0.3551730178380382, -0.5167868594466528, -0.628482822610969, -0.5239340645960873, -0.6649030420663461, -0.480072534727413, -1.5318546507033692, -0.4637452251004153, -0.6704808656212684, -0.47278925323495924, -0.586806599241873, -0.5820891878558547, -0.5465676455678538, -0.5943115028678372, -0.5979608006018602, -0.5486266989504714, -0.49752187401884596, -0.39748220062928713, -1.5322688410250427, -0.5440303561471983, -0.4606802429027942, -0.622813833218333, -0.6001645717830711, -0.5014650261642303, -0.45946886370059903, -0.6627931653142768, -0.48953937993160546, -0.5247099920990289, -0.5415888474405154, -0.2197161339699451, -1.587528734589496, -0.6311229718108607, -0.5189648003035824, -0.5459761845145106, -0.3702078106596987, -0.6215479565206458, -0.5059152784614502, -0.3775778172530403, -0.3559344966140121, -0.4914431196508193, -0.47916900238931004, -0.5078836181123104, -1.5685067418061744, -0.5524382873269708, -0.44917518486710056, -0.45606516653641765, -0.4639920475905246, -0.45578947177477197, -0.5542427580388817, -0.5435338419393493, -0.26413152333516715, -0.533762436324132, -0.485019543964756, -0.4316734851406873, -1.5083965385963023, -0.528439062803938, -0.5855470714948807, -0.4674058025277964, -0.4479861917319744, -0.700662603200523, -0.5261628328655515, -0.4806670342722302, -0.4667460036282425, -0.543718449836452, -0.6561623987605721, -0.43609377985466635, -1.5508048512692132, -0.4619597298013322, -0.27403857539927806, -0.49906817316008506, -0.30474278908017005, -0.44799096691642, -0.5071210331539316, -0.49266416170494015, -0.5533721357168607, -0.5722628357595105, -0.5306336928646693, -0.5274646475968205, -1.2746329113402959, -1.2109449118035565],