{"vi_exp": {"vi_seed": 36003, "coeffs": [-0.1638852808251003, -0.16030334158733156, -7.492770724377382, -12.720067741229194, -10.926104802128702, -12.069431314346037, -10.689041768084323, -10.174197937253725, -12.654717705722463, -10.164359670745037, -13.217110458348236, -11.492060529970876, -9.616352350646835, -12.584516614704645, -13.799916421020985, -11.71819623575073, -10.256499719511522, -11.951084849457128, -13.370853981818179, -12.769302535770501, -10.813090021220606, -8.816089461594688, -10.531838507079227, -11.31615970924043, -8.520384915140674, -12.578978059192105, -10.598233139005577, -11.99248493223079, -12.224121938614001, -12.4983487877821, -11.166790723488326, -12.432087295905209, -10.546973884563203, 1.5815296266353835, -7.086021885522959, -10.273368050599462, -10.597247154632644, -12.307114804524838, -10.249232219950962, -12.385453159944733, -11.596993995065416, -9.016006840277166, -11.329048831133411, -8.204877086551082, -10.202363325379277, 1.1266818418107563, -10.822668790905004, -13.273228009921691, -10.713115937357976, -8.84496735401679, -8.259786702746704, -12.226591186696623, -9.882189773225457, -14.37112653908912, -11.187339535962204, -9.131557685353293, -9.258924215420238, -12.744262256103028, 0.5100918429936622, -12.691085151750357, -9.951308674405366, -13.417209799237849, -11.071758616210623, -11.00758523197876, -8.369310718804568, -10.146499669571767, -9.791570711416046, -9.31601905183823, -7.680093293280536, -9.636994503884194, 0.4655447132430048, -10.64769565170442, -13.583781544018798, -12.484030601165985, -12.240481405543614, -10.189485783580302, -11.961379567869766, -9.842553468821839, -11.472634582878028, -9.10283053903758, -10.614137356409726, -9.980406727369703, 0.4915597488996333, -10.246205142074244, -13.456983304548578, -10.948928509074973, -8.905792873520314, -7.5333854271070235, -12.764712498780316, -12.192453290877905, -10.43589128640633, -12.359495570777757, -12.309530257397846, -9.377195050454972, 0.5762349156398505, -11.061429967971932, -12.122702007378198, -11.768495424510526, -11.1519590471024, -10.45843884889162, -11.833323200016235, -11.379720598798235, -10.403396639587255, -11.7369538352807, -9.905101274425144, -9.385170507636309, 0.7954302032348445, -9.606405404088662, -9.494069250486714, -10.55970400854671, -10.510737011393612, -9.056598641085602, -9.191777083231068, -11.148270343790443, -10.02699985099122, -10.752024054524497, -9.703365639497052, -7.15447018747561, 1.0534145950425342, -11.581799694551481, -9.89688796695872, -7.4342229371176, -11.23375597581996, -12.48386208461284, -10.689321044047414, -10.148609803427389, -13.071176910392861, -12.222609172472927, -8.890866376338078, -8.791134979081288, 0.5246567036696967, 2.5791376425074968, -1.5178850753367514, -1.5492864263608221, -0.5150242630754182, -0.5119969250345205, -0.43614012100244026, -0.5969222559106941, -0.5790310841567001, -0.5567658379435739, -0.5626599122145484, -0.41943493122239983, -0.533016930190928, -0.4123967208549923, -0.5565014096767495, -0.5270455528761171, -0.5571752681921986, -0.5140252992890498, -0.47832266528415024, -0.5191384918235927, -0.5696315284203664, -0.5330352006161441, -0.47908881178798923, -0.6548351992815175, -0.5809014348100165, -0.5846469632727409, -0.41752511823360194, -0.5375804348170623, -0.4983102490756043, -0.48669223513438065, -0.5391537311291958, -0.496795259506593, -0.361335062795849, -0.5497937456110525, -0.6080739753297209, -1.5401821163121066, -0.32532381487751594, -0.5023689379536251, -0.49715079188038563, -0.4838358146819907, -0.5369705026228775, -0.5605666331083645, -0.5513645296172621, -0.4791483160622116, -0.5945013898964552, -0.6438200063769621, -0.483375843578826, -1.5416392357226119, -0.440125030373647, -0.5368556070293344, -0.5925710175089416, -0.5229468538408046, -0.4969962199187511, -0.5191363460934442, -0.4369391850181043, -0.6665977448207911, -0.525779000695332, -0.5232840025270501, -0.5234183928702477, -0.5280925133409552, -1.5205168288375872, -0.47161174523341, -0.36414653957920406, -0.4951038926295346, -0.6085134488268255, -0.5543477686777447, -0.4769043050495996, -0.5456228722481137, -0.5625356520958598, -0.5286137566917348, -0.4525228988046611, -0.4567196951698266, -1.5299156176954622, -0.5520355718215334, -0.47452057587646407, -0.5949374452709596, -0.6065955117069015, -0.42264908128190515, -0.6017043665921586, -0.39375566139276275, -0.5032142336459698, -0.4021466468429974, -0.5058620769308957, -0.49716905027571756, -1.5301922952208422, -0.5368602003255964, -0.5497133826813512, -0.40926873668845687, -0.5581589307786811, -0.6460283948736174, -0.5851830591331709, -0.5251880125303174, -0.5362461144672422, -0.6388932792783434, -0.4833304336805473, -0.523809315276525, -1.5773433160463322, -0.49585311139792904, -0.5475940106968967, -0.38626180195037046, -0.6479426045779373, -0.48389979893239193, -0.5051935078121237, -0.5189592088203916, -0.5028172606459916, -0.3568722147768287, -0.3664899144125636, -0.46144130994687715, -1.550916571937998, -0.4142227068209713, -0.45976730682828604, -0.4176873724336734, -0.49117455211860084, -0.5360776211044491, -0.5306029052162919, -0.3980699773235594, -0.463190439847883, -0.5864226925183383, -0.4317560422237452, -0.3845863080346854, -1.5344401971397799, -0.4016489098747203, -0.644073492508997, -0.32314277314246265, -0.544008318078825, -0.5335580074227353, -0.5328728440185794, -0.5252161427105949, -0.5019041431838067, -0.6030309161027904, -0.5529916576206537, -0.6578268608360576, -1.2324557016767264, -1.01271836777117],