{"vi_exp": {"vi_seed": 52129, "coeffs": [-0.8205817393429281, -9.20059619968131, -11.955577625747434, -11.70063980900282, -11.50826865584694, -10.844683878464084, -11.948147805253479, -13.348481957370554, -13.48886661023797, -9.583565002605878, -12.544773693104634, -13.396170639552953, -13.449814762306964, -11.911927285103578, -12.251001908775631, -11.446775262066291, -10.671603851434629, -11.164382063918127, -11.272706916286628, -12.520179071937473, -11.460426849723566, -8.827819536686304, 0.9832510348250199, -9.155204823439506, -9.20572659820049, -11.288358492656116, -10.188502866502741, -13.154431875951754, -10.704393754323917, -11.638392263963631, -11.465923205221742, -11.54409727762206, -9.07957580932057, -8.152355120744913, 0.4116262688372488, -12.682921281347287, -10.382975872447767, -12.09055995767382, -12.31212313206353, -11.089361493868005, -9.20112453867542, -10.955514862428585, -11.266941276521619, -10.944944024635634, -11.43859358057591, -8.388765954584725, 0.010785233724542084, -11.23680812805385, -13.4924411420132, -12.54313583702057, -12.487379788596762, -11.663376702971071, -10.988069960329243, -12.888214272935471, -8.851172275265117, -10.531170183998578, -6.615568308796195, -10.701217427847338, -0.15587425726719178, -11.78646343960999, -13.769878934876456, -12.752389818390633, -12.048034714713372, -11.932755124373111, -14.134906982745038, -11.215303810228116, -10.721568227690524, -8.756057228029976, -11.730449587338576, -9.49486247417774, -0.3327574989984434, -11.97229113828618, -10.04673569957414, -12.805824400723784, -12.601706323479217, -10.475831700388529, -10.169014406820109, -10.752836492712804, -11.703516545067092, -9.605409165480118, -9.554350084544504, -11.329344091775189, -0.27490083709326535, -11.367631453942929, -11.862293027220282, -10.656486242532846, -13.498758480003769, -7.265279084053728, -12.717187448159736, -7.221143140099771, -12.198473561878869, -11.933556997006562, -12.666155119467819, -9.63913237853776, -0.16749745194176094, -11.915349348887764, -11.865000094299845, -11.493616164976824, -10.271240818830156, -11.961585152438559, -9.676895085922732, -13.71345863070607, -14.32024202705262, -12.434040561864158, -11.159280115033168, -8.887128299234677, -0.14563600797904683, -10.931142352568324, -11.864706605433666, -9.227597190246849, -10.227811852096242, -11.078348618599026, -12.69152681397033, -12.765568135560686, -12.250786444263365, -12.689617166032852, -10.04676831608317, -12.540167136827442, -0.03285485969162212, -10.340710562626397, -11.979195061971396, -11.082814319801894, -11.474857333979584, -10.888538605868947, -10.699202757535375, -14.026343493272625, -10.583658565508978, -12.124855309098134, -9.620956207963982, -11.884289606046211, -0.1757550695070094, 2.5313759214766014, -1.5132725355397982, -0.4759945324797995, -0.47309397707670836, -0.5030173753993901, -0.5518897462307611, -0.5614478044305081, -0.5736364344132698, -0.3487909221127548, -0.41075060634071614, -0.3042275973108744, -0.5884984192929046, -0.5641672154536257, -0.5556980333927528, -0.315818009860395, -0.5531926763402194, -0.3846665919693992, -0.5302628850520495, -0.590819909196967, -0.6149990445802128, -0.5667274047093143, -0.5255773339665759, -0.43356695405896556, -1.5471601373000063, -0.5419403620978939, -0.5978127173764565, -0.549625089913579, -0.41792160298726905, -0.6535309525773128, -0.5623952495842403, -0.3490351143004085, -0.48036674502069954, -0.464508762727981, -0.37112959728051725, -0.4335071654685164, -1.553072491272543, -0.4476456474484464, -0.6037399885783007, -0.6496295669542168, -0.6340659532231759, -0.5673272436810832, -0.495410844710236, -0.5703486071482426, -0.48850646555412824, -0.4559289185632299, -0.5867650635270818, -0.5447372567226064, -1.5590364105696581, -0.4799279298451255, -0.5962334332742758, -0.5243808756726109, -0.5843123209378956, -0.5775805217799447, -0.5037357804844405, -0.4275468062251117, -0.5389944976779985, -0.6136822072715423, -0.09493039787015015, -0.6103274735675653, -1.554579645528165, -0.4477812993114011, -0.5059453002330179, -0.563519471211683, -0.37376524517962395, -0.6401499828166456, -0.5761032462045854, -0.5319029934718582, -0.6638439329380663, -0.5969902932507231, -0.6016538350616923, -0.48852338417904756, -1.5217751028920703, -0.47802245914892977, -0.5426395292271727, -0.5869119446030493, -0.6026365087018399, -0.46354718607858986, -0.5666658026413296, -0.48386692744444854, -0.49804367719997444, -0.5676923284393507, -0.49286224004704504, -0.5448734081399403, -1.5456210841739855, -0.6171634458704361, -0.3795216003245183, -0.5778867450846952, -0.5333583393800864, -0.5389989537903703, -0.5870719570709397, -0.4730500577838875, -0.4948720664617076, -0.45541700904551347, -0.5352761341374073, -0.4939252897134614, -1.5301774939392563, -0.6445573146132801, -0.36765663664780657, -0.52225184922667, -0.5095294043510131, -0.5153144977092555, -0.3320812852264453, -0.5858374495216769, -0.6329336359307006, -0.5669551809745603, -0.4138456652932482, -0.3778774578917994, -1.5519904518400718, -0.6831243555320532, -0.5526308021992651, -0.5487161327195557, -0.6392960624895104, -0.5680811091665544, -0.48053874551830444, -0.6094242748102233, -0.6632091933020112, -0.49836970769177186, -0.5725962736026542, -0.6488232375571288, -1.5437461157831576, -0.44960538416286383, -0.6160964039909838, -0.41642914669919845, -0.5495391374185283, -0.47871430562967204, -0.45975911139636805, -0.3661837604949525, -0.55707892323953, -0.6430246220226544, -0.5441348871299816, -0.5128882742352782, -1.2040659509089595, -1.1978263948528702],