{"vi_exp": {"vi_seed": 53480, "coeffs": [0.04859979302798058, 0.022459071599033046, -8.089736453735448, -11.718808003038601, -7.508073896891493, -10.814386203713468, -11.56656062569619, -11.875371801363716, -13.700778523890078, -11.750785783878145, -13.852622515534147, -9.897189449908199, -10.504424634230354, -11.182199119752465, -10.880085055059935, -11.464400608484025, -12.539363675585633, -12.323434870918057, -13.35237363104963, -10.348342480334267, -11.53697011100024, -10.775894706587245, -4.734792886266621, -10.878086632900052, -10.942967412075534, -9.512803489655395, -11.76475653351077, -10.15448619100443, -11.33053932993842, -12.274613927305015, -10.34081487635105, -10.613406630809184, -8.9800656931515, -8.305454562896713, 1.1461999877970996, -10.956611543465451, -13.885425399108685, -10.759798666725379, -8.84686151430513, -12.681556696797854, -13.334895462332039, -7.92912372157854, -8.765721738395213, -8.72941201510471, -10.681151569260686, -7.848892434272517, 0.7600443132325091, -10.371545164235014, -9.587461441027148, -12.826053096056118, -11.593801063112426, -9.340193606748336, -10.414531944864178, -13.005205975054674, -9.764342287390091, -11.231377971632284, -10.879309910559124, -7.515130520170289, 0.5806213035341227, -9.682984176268771, -10.583597985139452, -10.601210319717973, -10.277972770509418, -10.698179447053072, -12.306784365726276, -7.244107530441453, -14.59104446746246, -9.05446722760253, -10.014700003258522, -9.76001999088546, 0.5959086380883952, -10.485107954029822, -9.868137995554694, -12.559712873919903, -11.973079687550037, -10.333231269484454, -9.999975566090736, -7.4507904306913, -9.774970115794227, -9.062284211364805, -9.467214113050044, -10.094844452099492, 0.8177458377236305, -13.880620690230177, -10.557002246905515, -12.914524149663206, -10.739551648496578, -9.599720079701363, -9.883758654924348, -8.62023172640813, -11.345200645175625, -12.65220725824767, -11.134492326447855, -11.318613895199006, 0.9411286583283321, -10.882991301439464, -10.306215606633797, -11.464796825764235, -7.926414864218667, -10.172673771569006, -11.859954771468551, -11.280318775274328, -10.847998987206001, -11.42436358559938, -11.050296518518133, 0.9404063876413152, -7.670412553313096, -11.007592017690133, -11.01611227054432, -10.106411885080334, -12.184871358683703, -10.324466860982989, -12.573296378816856, -10.639110219841271, -11.298329033998092, -11.900774947420715, -12.433387345037609, -8.642378877484058, 1.0534201855502912, -8.98993945616992, -7.613798453518673, -10.565898752757072, -10.625360513367196, -9.837481030491078, -13.365387549417848, -11.601033997067425, -12.230098071684546, -13.013936328459916, -10.637751007589726, -11.131702234862182, 1.5862832564357496, -11.194604786689451, -1.5111455448096938, -1.5504971951404538, -0.5728814302088383, -0.37882925334220235, -0.3945720535816457, -0.5350535768057584, -0.554403116721404, -0.5776116667071224, -0.585719882428103, -0.5799157426658383, -0.53709662729223, -0.4875540502798017, -0.4676133598860664, -0.4767338076092147, -0.5984267805051241, -0.5617958904976027, -0.520891151145757, -0.49800536168967696, -0.639678710764595, -0.5294242919457034, -0.6336072347683854, -0.40775800678157426, -0.5413487313336608, -0.5839834481928081, -0.44865981149795614, -0.5045513607823205, -0.4892743486738988, -0.5502437306629223, -0.5797262588022387, -0.5621756393160935, -0.4839144506066013, -0.6049222141964001, -0.4690562692597039, -0.529364148540335, -1.5459282453172183, -0.584388762833111, -0.40790857621932414, -0.5115370695599185, -0.5290818694018294, -0.587688989248132, -0.4367310745808694, -0.45933534255729064, -0.5966905884236711, -0.5888426056321603, -0.5433161021054702, -0.5313590332764107, -1.5888381707334693, -0.6151216234903801, -0.5510910657980993, -0.508490744709393, -0.45622240838909434, -0.56685542354552, -0.5248279100181913, -0.5077081275278339, -0.5538377887925142, -0.6407926005545127, -0.5454709772546289, -0.5234892669058318, -1.4861092166889807, -0.5973962604151338, -0.5590475571839426, -0.5686910716203901, -0.5467282103415372, -0.44055556794705575, -0.5451739722898981, -0.5769760843576227, -0.37900832941506896, -0.4528114311889544, -0.5979895873228576, -0.25834361360919833, -1.56072881061102, -0.5112300607547283, -0.6312192200428886, -0.49951331474301874, -0.4093086498299673, -0.5277909957733339, -0.5745339678249294, -0.4106236103894625, -0.3933865558663378, -0.5056825787243745, -0.5713103317919458, -0.6249130600637343, -1.5544371317205545, -0.38472635705688085, -0.5848124599183047, -0.4832546769901929, -0.43890422037989896, -0.6474510594123425, -0.5567179537366356, -0.34978829387479005, -0.4703729692105774, -0.5561241557410893, -0.439514250136474, -0.39566841092925836, -1.5437886064560733, -0.5881497293956771, -0.5481241076730176, -0.5117419876211191, -0.508017556112055, -0.4922391209231216, -0.4894310252732109, -0.6914809442722291, -0.5569098460874353, -0.5311211997089929, -0.412180476973561, -1.527042825553629, -0.534939625636705, -0.5881163541409861, -0.48252365903926875, -0.5610690199030358, -0.5003131228138497, -0.5416565739755331, -0.4712840684136324, -0.47148315307934413, -0.5192102407541211, -0.6021257833604589, -0.5391379892326083, -0.40124421397018467, -1.5337129443182271, -0.4958126095382662, -0.6794221773601997, -0.41065612182908934, -0.5359812080544035, -0.5395916223900197, -0.5791484842919478, -0.5005629248557625, -0.507425310751819, -0.46615016792139263, -0.31012924364229044, -0.5327052031938609, -1.573790180751146, -0.5512136853381956],