{"vi_exp": {"vi_seed": 50235, "coeffs": [-0.762100870928642, -6.473488246814336, -12.657644762594733, -9.320087591279808, -10.077505131676052, -13.706167876229415, -13.70949358495225, -12.941751496714502, -9.514866446764582, -11.415833379667044, -12.837286845804762, -11.257491768684964, -13.260975199536988, -12.934604638903334, -12.189924643879376, -11.21705764161531, -11.039326926222138, -12.076437067383253, -10.807905256354275, -12.18827810074725, -13.55982311044652, -11.082712530588573, 1.0653221200780814, -11.313207138261804, -11.699091960354197, -9.84118717792887, -9.61135776741998, -10.020748868974454, -10.746657900313231, -11.253913476629636, -10.036636545381194, -12.230608345045376, -11.781819307748423, -10.128130455649082, 0.5356582534319834, -11.612444205397802, -11.26492888204305, -13.411140447231856, -11.189199181931524, -10.614374183746992, -14.550197899443155, -12.18750883171139, -11.720207677654859, -9.921783220751365, -9.689392251132878, 0.511842415917801, -9.02714467538296, -13.56340978283595, -11.23266561631106, -12.26653904544746, -11.158299367908885, -13.546528389973288, -12.790844455398641, -12.7844232981915, -9.781323029599369, -8.251968796363105, -8.061346098927753, -9.618963110942683, -0.12301155996941814, -11.62516484166878, -11.116378039689987, -9.746492655550346, -10.591223143492947, -14.772420283366646, -12.263787365712547, -9.458739597796411, -11.417603276984218, -8.964152602577826, -12.695104762868642, -11.141202642913747, -0.17203087060456349, -10.268617429983172, -12.653602083830881, -11.88249970446009, -12.872852971104699, -12.445417033480602, -11.03379531846955, -10.10156888408915, -8.84416023479041, -11.333733078108448, -10.027264284669572, -10.507625098137943, 0.22295586580315654, -11.292893370682906, -13.243495690764721, -11.333832703864692, -10.355318881396839, -9.29070075593841, -10.388349459804234, -12.539034786220585, -11.911014612281003, -12.547456671347751, -13.488909007366694, -11.06307636444627, 0.2890204824051063, -11.362806123176727, -8.765942797710075, -12.692216326767408, -6.396588804377245, -10.514368963904777, -10.38814222258414, -10.877334104880674, -10.829034936562795, -9.76069654862317, -8.777566540509396, -9.215298395532917, 0.4040022551059905, -11.309165746669661, -11.491906323501558, -9.984520360609105, -11.756396969027069, -11.87181936020229, -10.362862399973555, -11.142964908249827, -11.983509987236513, -11.149119640952062, -11.315667658222033, -9.260947221564901, 0.6894086426267442, -11.335093175708215, -9.856969535914518, -11.38785208722814, -12.726419234400783, -14.346180192160649, -11.101691822432436, -11.013263596891093, -9.996352484211377, -11.870752350476264, -10.89694002648742, -9.865690718932841, 0.07004345731129898, 4.141617848585946, -1.551888107533139, -0.378799952156586, -0.5342500730048244, -0.5350116997405391, -0.5779025023843304, -0.5684170182362975, -0.579148211417472, -0.6294317373793985, -0.4677815266390939, -0.4181490282529511, -0.533665316750089, -0.5877975798197506, -0.6367143467526908, -0.5205424532500452, -0.5702479966434778, -0.4199691480647804, -0.42388217633669883, -0.48460782036662875, -0.591231350867269, -0.5824424262139504, -0.4933676490610259, -0.4907216507176867, -1.5430473835556222, -0.5205132068722315, -0.5040944794281342, -0.4639007257289597, -0.43130745816106697, -0.43194472617228813, -0.5037867513368371, -0.3482513235599582, -0.3421489468703912, -0.3069624507260214, -0.603943879707722, -0.47206890108083005, -1.5303567460758336, -0.32766330440887476, -0.36889019706954684, -0.5214435744763476, -0.5309121843603845, -0.41678409283073664, -0.5913896296556055, -0.4909443638003847, -0.6113255019323898, -0.4813537171004183, -0.4367178274455884, -1.5358122705707622, -0.47672685590118546, -0.6478017305204888, -0.4473172225340846, -0.5430121115463503, -0.4734846687785625, -0.4724072304776687, -0.49247290055505843, -0.6017994562716346, -0.5789357770628096, -0.5186623693793786, -0.6863040589502085, -0.5315842314309481, -1.538347237946322, -0.4692505696577358, -0.47330995507784346, -0.5414812183962782, -0.4593207574473276, -0.5098985219106067, -0.5502538007807241, -0.6715916226609653, -0.45911161068325895, -0.4597958268813475, -0.568872766412295, -0.6172375217108603, -1.5657239436311299, -0.5111074933855332, -0.5668743787954316, -0.45265995605376175, -0.45890190198565006, -0.37868231718927203, -0.661207636467003, -0.3672503397783518, -0.39204843127749583, -0.6004093958423938, -0.41656379945114835, -0.43412037392576214, -1.556352975767381, -0.5838672436795276, -0.5242784803199994, -0.4688783896158954, -0.423198979756126, -0.5068738348004598, -0.503241934038632, -0.55316403005749, -0.4798564484854579, -0.47695777930233374, -0.5570234337650817, -0.528651766913445, -1.543658510958979, -0.38660629906375205, -0.4338584075902923, -0.6613477738709437, -0.5820817474132138, -0.5537292153367853, -0.5762898355887792, -0.5324177564484055, -0.47532898913199234, -0.2830952489462558, -0.4458868496162737, -0.5588936812811709, -1.5482434195906123, -0.6154683295602869, -0.5683272968607469, -0.510304119152355, -0.5091584042955494, -0.5125841924780469, -0.5173431119402221, -0.5901441455823466, -0.4483264860466676, -0.49874720139481754, -0.4654445125010279, -0.4632179540886638, -1.5325779246019204, -0.48576432356880833, -0.5548556043768851, -0.5383115244529995, -0.6878973001925429, -0.7095216889885314, -0.5114262472394271, -0.6486577492348298, -0.3722992053032233, -0.5329761052090273, -0.6114683015769573, -0.4308576083752542, -1.2631230529076067, -1.1994401076829566],