{"vi_exp": {"vi_seed": 7855, "coeffs": [-0.0409857846456821, -5.848081798691739, -10.838680465548894, -7.684840744700525, -9.689730272647777, -12.602986775501016, -11.442428128745659, -10.420780370719633, -14.892335869035955, -11.28608005153897, -12.028113542124638, -8.510065363082818, -8.216113889167858, -11.657988238237854, -13.405667849873765, -10.72125810495322, -10.847742060961183, -10.047231534571523, -12.666465596032094, -11.26895480037091, -12.619652049529444, -7.4522939168662745, 1.6332996412224756, -9.884028909644389, -12.278286856863962, -11.315628777500857, -12.354432481190557, -12.234488016212907, -12.479276091685087, -12.37126846497633, -11.094235407223971, -10.48671322704179, -10.119092418047508, -7.4960952209439355, 1.034505947190857, -10.145380103397711, -13.77264954500891, -11.449323863015207, -11.14659534496213, -10.500162569203601, -12.026858830018712, -10.23520124374207, -9.845190798664984, -10.141419272021471, -7.896331084675428, -10.252163691768343, 0.6987042585646779, -8.629767716335772, -12.11874083660037, -12.232567957333341, -9.484675593277371, -13.530642719353143, -12.026856873729072, -9.986336197218609, -9.670678691666598, -10.97689633019989, -8.303524819785757, -8.778828398948209, 0.4637878178654182, -10.430412402896454, -10.968139575635652, -10.817393752785954, -11.592287272848852, -11.061554897558182, -12.250352310863155, -10.947067274177723, -11.156170130003044, -10.277244166127577, -9.212040264327587, -10.010221734721924, 0.5756011878006371, -12.056500300549928, -10.733409792048143, -10.834704811015348, -11.625893185996162, -10.736149704076173, -9.764288877673787, -12.444812051469649, -9.095902099947677, -10.86653114886898, -11.30990853553544, -10.641449490545888, 0.7295541291330653, -10.856556052065656, -9.352374473821476, -8.260866499004564, -11.149358548543857, -9.147339578908438, -10.53773394337214, -10.094902674806898, -10.662620395914422, -11.69299404603809, -9.748380284417083, -9.879667568250737, 0.8008488578041019, -10.282892652506142, -10.577718923884998, -10.737080392742687, -7.936423443851254, -11.963619406894303, -9.031417748487028, -10.75477831188327, -12.797053575595605, -10.071993236652107, -11.982515544256337, 0.8189284956275652, -7.488452148992133, -9.533699005815958, -12.257510316718818, -7.927165533391258, -10.815809511626462, -11.61325088850787, -11.000952293134224, -11.723878403508639, -13.48844363757893, -10.533224682212325, -7.136435722949441, -9.208153030106393, 0.9671533352675313, -9.069053935649107, -7.311305471400568, -10.846287011262422, -9.480763600347466, -11.223811767837958, -12.55704446226551, -9.927346603584217, -12.04530768316642, -12.145366122513181, -8.750931117206992, -11.833231893158503, 1.4585539263094973, -11.6760908402032, -1.5248319967683273, -0.4577830688817684, -0.5079251865470393, -0.435803626039469, -0.39944184606055366, -0.4644360897466885, -0.5599089046341634, -0.49894877354995787, -0.5550505443353942, -0.5308188286300709, -0.5210952565131819, -0.610427117245496, -0.48558502264066083, -0.5050289935808421, -0.637075811908139, -0.5262290339656711, -0.48736310186383497, -0.5349040611842016, -0.4891231355054881, -0.43505618592433126, -0.5167222451215995, -0.42945058535939606, -1.5739364758279848, -0.47967829165396514, -0.5824909994681836, -0.6076074091607258, -0.5881206088131539, -0.47026711563239976, -0.5905190505275715, -0.6657537432409133, -0.5578776145428975, -0.6460525468146148, -0.6005092340999313, -0.5108179777644637, -1.5694727198559113, -0.6290866113544193, -0.5590255535752007, -0.5178659210761684, -0.298465074438568, -0.367005073285072, -0.5395640814168302, -0.5006279608079354, -0.5501501170261605, -0.5229426349104533, -0.39228446699996505, -0.3153397838663365, -1.5259622283150946, -0.3567618820397584, -0.5038000785256381, -0.5965830019411837, -0.4841442711740418, -0.6091702417937963, -0.5723418128187311, -0.5922290295897237, -0.4958188945103, -0.5996870256896618, -0.5324001264689557, -0.5773872168221679, -1.5402893725976246, -0.5512805833549912, -0.6489568267616961, -0.4794537050658066, -0.3373873342636477, -0.5909688940383122, -0.4594779159046483, -0.5859946569010844, -0.5172161839110118, -0.5605070684386206, -0.443132306254649, -0.5356395713727197, -1.5236940562561518, -0.539900155301013, -0.4953244658559817, -0.6185447427730302, -0.5783452981450463, -0.46717730942652624, -0.49624450335253356, -0.5893345035628088, -0.569595409764067, -0.5745989427594652, -0.6655423193933007, -0.4492171374356644, -1.5374502809408601, -0.4582234384090099, -0.5508716511641755, -0.5816510634254054, -0.6231621776678139, -0.5420098543748824, -0.5682050838907342, -0.6285892142316853, -0.5056012250399141, -0.5214050147524278, -0.5066999714417818, -0.4652103547712069, -1.5357512890414702, -0.4653005739384403, -0.6187158378169558, -0.5525715903030939, -0.40576253261332496, -0.6045649698083152, -0.4757760387768667, -0.6454608709075877, -0.4715115347656452, -0.5989673113567678, -0.5569741341861885, -1.5543705723047356, -0.3582265009594682, -0.48660251634618984, -0.5151178221785633, -0.6197537617188713, -0.5686414479300276, -0.42376996679136486, -0.4346093923018446, -0.4765010968119087, -0.572955708755012, -0.5908428838496836, -0.4576595289364488, -0.35757065965717305, -1.5571457318441788, -0.4861779547616338, -0.45366279963465256, -0.5032097798555716, -0.4310286953472252, -0.46534047480587726, -0.657617789960697, -0.5488725137802679, -0.3708908702810084, -0.5395540724480985, -0.4509808701770709, -0.5528894475433451, -1.5268568104079787, -0.653518272601821],