{"vi_exp": {"vi_seed": 8818, "coeffs": [-0.32576766377385125, -0.35462587643881377, -6.7326291868365935, -11.55130849866833, -11.144085509219444, -12.526834461145596, -13.11530549139456, -12.209914101558564, -13.848539114355644, -11.186249755065079, -12.278780645269178, -12.297895347132176, -11.70124737508011, -11.693757557712509, -12.676443972713136, -12.90182618852041, -10.4526577374614, -10.753719123686933, -10.308358517367349, -9.719210067554107, -10.452643643677142, -9.773261848893165, -7.844018020936747, -11.552325662640516, -10.436395126855452, -12.236451201526824, -11.350959497303139, -12.802409735469306, -10.910925767069878, -13.706700874990698, -11.341329064357891, -12.055983082813063, -9.674456110879994, 1.409474296632551, -9.120495912807902, -11.60752097778764, -9.687656251417856, -10.761754248631869, -10.027416300966548, -11.77999314654419, -9.992601160713631, -14.064334723158204, -12.185659046607617, -12.882209437672975, -9.375553637874223, -8.706575104370726, 0.6070128986176869, -10.851914828117518, -10.758379207262381, -10.95912209231362, -8.339316920652225, -13.201175946390878, -12.962131112876497, -9.49685814140944, -6.762905918476598, -9.13191809363733, -5.833896561003254, -10.187794880072142, 0.3606748871882446, -10.760328597406563, -11.572366809710264, -14.132419880371128, -13.099118597849339, -13.612608827611446, -8.366720141558732, -10.132264437467171, -13.33621879437463, -10.543590769560518, -9.10481130323129, -8.766229132106858, 0.30463087181157356, -11.922522609615717, -10.920616629021971, -13.470431786652695, -10.624881779389314, -11.291442473339217, -9.967333858440373, -10.809678580879458, -11.597242075522548, -10.048160833980676, -11.372480749318123, -9.003550454345715, 0.39270295348444556, -8.633719560146517, -11.944752816574239, -13.389056085594637, -10.236486145216418, -12.763460375940163, -12.527928186046688, -10.751327661224941, -12.296321008543796, -11.681082841402333, -9.429459299680671, -8.678027177816332, 0.4643979423613179, -12.540622978526086, -9.330084450516864, -11.227861008134605, -8.932278546210428, -8.671784497732293, -11.301947032461342, -9.590797739463417, -12.280208115597327, -12.45632416771328, -11.603520123242918, -10.86932761335058, 0.5543635280730734, -12.452503303612332, -11.254225429006778, -9.219105489392266, -11.041377103687973, -11.445872758516007, -12.615176022636303, -13.713574723108891, -12.80980240527792, -11.13342629147621, -8.280372087685214, -11.76846409785828, 0.9026408501029004, -12.464479431487542, -10.094166784071195, -11.896839800730453, -9.862276842796406, -12.305739575913572, -13.138552041612273, -11.70394006959894, -10.753848402912036, -12.434830617435404, -9.978739654489473, -9.06427009241609, 0.9477766908120231, -8.850416045845758, -1.5249607104415792, -1.5639853020088545, -0.5544568598804819, -0.4852857764224858, -0.5055390795967567, -0.5741816879561782, -0.4949328810379622, -0.5435018959484347, -0.5517468902857118, -0.5254299559635445, -0.4543517506872231, -0.3729728199954641, -0.4303423920086627, -0.6173946934784866, -0.5266079409207687, -0.5112389216214487, -0.47136405379400087, -0.5618823741295499, -0.6434297649470294, -0.4110559181600476, -0.35100332469974255, -0.48890522825578603, -0.5067109091801653, -0.5923602353940683, -0.5391372360693465, -0.585039390045015, -0.6036070958676965, -0.5152732306699658, -0.36608256319765015, -0.5355560892820957, -0.5587691862648748, -0.5695799980848856, -0.5118444154338935, -1.566789081573743, -0.5535511109189706, -0.49099760091277994, -0.41565016812543437, -0.5248252100815669, -0.535901514632211, -0.35402966492358984, -0.47275652048640837, -0.5015241607909128, -0.6024685058149041, -0.49661703433745996, -0.45639103828071564, -0.582246483321193, -1.5357232757305148, -0.4249343578974982, -0.5147643190130007, -0.5783843783615149, -0.535541270032822, -0.5124655644531169, -0.6413470563694114, -0.3545051882278656, -0.4684079158237052, -0.5694183097006292, -0.3245843154564608, -0.6111313210691953, -1.5470636491887286, -0.529552888816918, -0.4921543235677841, -0.6272611410671128, -0.5305125115986771, -0.5936119152250988, -0.47114375659008634, -0.3471422654309887, -0.46507609037960523, -0.5576495622346155, -0.4194827527420499, -0.4804713926355632, -1.5745459996852997, -0.7284015587253704, -0.449571960943391, -0.5300350593817753, -0.41524999464821366, -0.5135456797159252, -0.5475786451367197, -0.5014524640587935, -0.5469901739871097, -0.6272260990643996, -0.45802239443851883, -0.5200473215152054, -1.5928919221939226, -0.3461008452385303, -0.34524617233723615, -0.5998601733875053, -0.5034764508853667, -0.45054637146705534, -0.5235230028140115, -0.4592963111185041, -0.49060332684468544, -0.5053506934402731, -0.3496683809716094, -0.5389447560488704, -1.5298670495161089, -0.5194043206914535, -0.5187603050807554, -0.6067291708903612, -0.45629203946615854, -0.4218032778782182, -0.4722615435889258, -0.4977414425957266, -0.6022696565025922, -0.5673068455530167, -0.4620788336778327, -0.5896234301342871, -1.5430430292408785, -0.5362309405926112, -0.332112888408117, -0.4403464680168117, -0.5841787895042022, -0.707904572352124, -0.6250182323458061, -0.5499364900087745, -0.4241498046354918, -0.5081658777544775, -0.5548115641618533, -0.4879893201178361, -1.565871070141965, -0.6272459812488734, -0.4785205649822188, -0.4556054707223303, -0.24710535695345073, -0.41762240735604816, -0.4955222654249207, -0.5132972010827946, -0.6219711645016618, -0.6275731882826101, -0.5614357765179637, -0.42714589592979446, -1.5164294338882467, -0.6173456014637183],