{"vi_exp": {"vi_seed": 18823, "coeffs": [-0.8778256940887227, -10.098722635945677, -12.276253970661058, -12.8224856062974, -12.360247729587247, -10.987287816586791, -12.932633408535409, -12.49552555039532, -12.65477363906945, -12.427713021455475, -11.923404560361876, -10.26752107739135, -10.345346842967311, -12.359046059570872, -11.860915061503846, -14.99359198636725, -10.869918332577573, -10.45311717365605, -12.738309931027374, -11.663695442452566, -9.958631059155126, -8.924076236387517, 0.9878739439566606, -12.188539367073743, -11.513302770862916, -10.52918419493818, -12.923382698222515, -13.91308088707125, -9.823790799968975, -12.239041580563754, -10.656591035069194, -8.922409427890075, -13.046649258419855, -11.376809855558106, 0.3543534401893331, -10.463962795072508, -10.427099133428426, -9.604190998980293, -9.931352460531489, -10.666430999722373, -13.424867397645022, -14.092924655552807, -11.484683822729004, -11.18315907003571, -10.646157625675476, -9.841649871973258, 0.005205742512735775, -10.820784218003597, -10.770919319803378, -13.83673105117209, -10.227055261815194, -12.197501868548779, -11.633744738275547, -12.130582516776355, -9.662653305113151, -10.764118691111571, -9.863368052095508, -10.716609436957377, -0.22876797783459615, -12.444832576440875, -12.09385521501511, -12.254961877308244, -11.358727294885165, -10.17979401621858, -11.693466249085482, -8.781435274036893, -9.491380375634483, -9.807960841320597, -9.174484209424696, -10.11748650730234, -0.3565577463677581, -10.22566414442135, -10.110713850966944, -11.131844223874426, -13.195341472274508, -9.68665055268757, -10.983704257276441, -12.056678041714498, -11.235403398672577, -9.891350527562603, -12.242656781084648, -11.113247781029772, -0.36701805617467276, -9.53497132199129, -13.090681840159734, -10.156569736167606, -12.418519109052955, -11.478704693812352, -11.280783570966829, -11.886672620514968, -8.905874770846362, -11.141224218959971, -10.34360723708791, -11.454461619519579, -0.173159466735812, -11.075521414932384, -10.523256286291131, -14.40611211445064, -10.105438310343256, -12.147605915039126, -10.224286413190002, -11.038421449349444, -10.290238030656285, -11.67919883543157, -9.857018113694698, -10.103163105672715, -0.1192356742580277, -9.915264774948753, -12.250910381864744, -10.21449561254223, -9.007442697119629, -11.771856284924374, -12.067196116237659, -10.314574917752301, -10.021977356977986, -11.569584057896884, -12.360677232999588, -11.194892619537708, -0.041054245895604184, -10.036890250432336, -10.12756137206848, -12.678037197524393, -15.340084497704492, -10.784315903836514, -12.987830332059142, -10.341881190259908, -10.127975523760691, -13.263398690333096, -8.430393365732694, -12.042382844809111, -0.16818617190197, 2.397040228945336, -1.5760109523807406, -0.3801733508711361, -0.46232696812665713, -0.6365490603996314, -0.5413218704622632, -0.31148321446315713, -0.5410315267192225, -0.5332239891208808, -0.4613637419876746, -0.5087070621802497, -0.45845490740069683, -0.578470412551937, -0.4644532494361635, -0.4823164448045676, -0.5346409751646554, -0.4750162433625494, -0.5760313106203139, -0.4263174436082837, -0.4730427251985002, -0.5440567192402962, -0.6066301834554388, -0.5098331322013796, -1.5232485961631437, -0.5864653084715793, -0.5687650802084248, -0.40756950546125853, -0.5557260280674267, -0.5732431000335891, -0.39763415770335275, -0.6353395473847772, -0.6321085646584587, -0.5337716631584495, -0.5506379262301646, -0.553010332542024, -1.571394234265417, -0.5394812859535238, -0.4911477853724302, -0.385996738900191, -0.4771124565994585, -0.4763971859948844, -0.5075019110980035, -0.6744121459356734, -0.591368538007582, -0.493274885830456, -0.5191157357186906, -0.574925705165082, -1.5364414788475873, -0.533627334259726, -0.5775369579718698, -0.5681086605213962, -0.4751607213226726, -0.6801006152572361, -0.6196669710317557, -0.5987862750740192, -0.4030320826597979, -0.6097704709002294, -0.4671003615941941, -0.5652216087868922, -1.5525216089153482, -0.6083457099157579, -0.47014243346313367, -0.4320163646514187, -0.4206014635870643, -0.5865421017963945, -0.5118888099285034, -0.7141104213075823, -0.5378853162825744, -0.4439418799938748, -0.2357851447539544, -0.5546215620873549, -1.584492330563137, -0.4455287248359889, -0.4852215677012839, -0.5130024585570907, -0.5612836478599516, -0.4655938482964808, -0.43476357019677225, -0.5574151173192295, -0.37342524053104903, -0.5573310365351358, -0.48152539603471467, -0.5624811351264822, -1.5644337508770976, -0.5345061294824841, -0.5730701818311347, -0.37927248448155376, -0.6347656672053277, -0.5844506803230504, -0.47818036994205215, -0.5621505440237867, -0.49714439811851874, -0.37501034917147497, -0.513272321637059, -0.6613722337464425, -1.5375039879109118, -0.6468006558462126, -0.5114510913930459, -0.48694861649501786, -0.42293008470749954, -0.5631011634681288, -0.5618588660975842, -0.4543473837156023, -0.6423969180252351, -0.5730866806930511, -0.5301844824141937, -0.3657304108212297, -1.5523487538683907, -0.36007817158429556, -0.5358894440425381, -0.4855731088047736, -0.3689780440273238, -0.5905606848902177, -0.6070176844568396, -0.42358833533903356, -0.5184368060887509, -0.665662570391136, -0.53676602518046, -0.3872602338045974, -1.540034624233799, -0.4856234109175683, -0.48233325381536407, -0.6680484221416501, -0.6186024508777987, -0.5491388269056299, -0.5094198099850773, -0.5250778742446048, -0.44841106487250454, -0.6499375267396126, -0.4673181158631437, -0.6199077445456637, -1.2533998620095417, -1.1568854024640622],