{"vi_exp": {"vi_seed": 33645, "coeffs": [-0.08479008670726813, -0.08457934305470179, -0.07656857301673786, -10.936557383721462, -8.847762333577348, -11.424613350211175, -13.198103479356678, -12.089866423879368, -13.626297611416236, -13.091760496969231, -12.599399447653909, -9.327840735061365, -12.740964496903992, -10.886274915453962, -11.674258441397672, -10.790177952266225, -11.726669257296882, -9.678638947248732, -11.128232571937625, -11.750068887425435, -11.259192885089941, -9.755563124670164, -5.936478335734274, -10.35919443360633, -11.303902892751141, -13.131369552836558, -11.636879768450179, -10.148631910434021, -10.441366231628978, -10.156127266393462, -10.02578188977871, -11.581373113398636, -8.09670631991625, -5.662044693018082, -10.559365919555695, -9.578244777229896, -14.389876910218012, -11.393969111281251, -8.241302124483195, -10.629332403269434, -12.863071259686244, -9.982783128608121, -10.245691758271125, -8.077744019040233, -11.534211826241126, 1.19192356207036, -10.863853319132938, -10.842436171056592, -11.684326340025887, -11.851954730417415, -10.955322164897131, -8.665074716038053, -13.619267285291663, -11.312429158193742, -10.051808150597472, -10.938618845384108, -12.594330048766153, 0.819808535858908, -7.638513687443296, -10.152509166146597, -10.9082419428129, -14.377934617970682, -12.295375867596395, -10.120501848928319, -13.204652866468786, -8.620068305699345, -9.452008458898382, -11.408331140145316, -9.521197018499295, -10.698918497452157, 0.504305482232262, -10.068833513999543, -9.41517856790114, -12.251217141388311, -9.319296225790263, -10.6505736540235, -8.903682865523564, -7.842520261499144, -9.590048367979021, -10.258352262759965, -7.791591373319702, -9.172031478084646, 0.5693416970400056, -10.990276024822267, -9.124609903383469, -10.659743313070043, -9.324509540275502, -13.310453024958601, -12.159607425162347, -9.626726143724968, -11.372184551165093, -10.393542250054885, -11.254405238072621, -11.664587846162288, 0.601265931060517, -10.82971113934527, -11.643283923680517, -10.437555220456453, -10.087053530259219, -9.760895068943967, -11.315653742528683, -9.333552017222654, -13.61419041618689, -11.61584852874857, -8.27071160661389, -9.868531360111408, 0.9325707557449621, -10.468523906892152, -11.605528339003413, -9.164186636620972, -8.6892236421206, -9.022769390049518, -11.988227010652173, -11.157563237690733, -11.737649704402683, -9.01542521924038, -11.30652739654726, 0.8805330925786692, -7.5398259466758635, -10.333998893088829, -12.323609851936824, -10.89306242398138, -10.064921602860542, -11.23505468184857, -7.608815792807706, -12.013069776095753, -9.447732552462234, -11.138811886729338, -8.465616922464793, -7.1522475776952525, 0.5164631576329365, 2.3266019807074536, -1.535934841713623, -1.5540875089107444, -1.5413154812101606, -0.5882132383762627, -0.5156180394050528, -0.486073544116916, -0.5278549234800505, -0.29723082425675834, -0.5759534342323911, -0.5213443799024099, -0.5722528474508565, -0.5389649559007947, -0.6247978568522812, -0.44865755173128485, -0.5482110285749092, -0.44916864219442865, -0.6294106083710463, -0.28455027519524084, -0.5609727642837132, -0.49864626980807636, -0.5265866022617351, -0.6288078191966563, -0.5205430942380759, -0.5880837403984303, -0.5551038115909833, -0.5648382674172957, -0.45171182670260607, -0.4928189257618423, -0.53814292793798, -0.36233081148274343, -0.5437385366845942, -0.41909118777767923, -0.4236539937168764, -0.634694244856097, -0.4939007032466063, -0.483835147110406, -0.5799590023423207, -0.5929218799607547, -0.3864735065494615, -0.5185264125544861, -0.6156738418958155, -0.5667753159214032, -0.4348051349837718, -0.2645110014217993, -0.4340215832699143, -1.5539470962179769, -0.5183232125926542, -0.49426407393559685, -0.5445461175011327, -0.5033648373306113, -0.5705047961546725, -0.39020804116374036, -0.5395630112156248, -0.5177017934711258, -0.3438315795633893, -0.4634598365997281, -0.6134434974837125, -1.5420632417905134, -0.5421215556842969, -0.36222785270144053, -0.5916630099158401, -0.558578329979206, -0.46244601729674384, -0.5184624403280388, -0.6301789720497766, -0.36616756270707584, -0.48310839547965234, -0.6607461780633009, -0.30153293783835355, -0.47945359277961647, -1.5547273120584812, -0.46818475603487253, -0.5460466940601332, -0.5605452583685897, -0.48508500382103764, -0.5981458618061709, -0.43251134644353467, -0.6487834568999601, -0.38805068772532564, -0.4428338279800812, -0.46314246803295506, -0.4654385217827109, -1.5400575014540818, -0.462791204914659, -0.4971508020425838, -0.6467452553728382, -0.5767577511306383, -0.5633821498536233, -0.646624747255776, -0.6043859155608892, -0.5160165807772825, -0.457733694088814, -0.5000349661144612, -0.5746774314936661, -1.5395153335997176, -0.5299010078727862, -0.521608471751574, -0.5822952102480526, -0.47730549705719705, -0.5093669251805398, -0.6030482930905394, -0.5288096638623109, -0.5740611817750865, -0.5208202521405166, -0.3970401449441463, -0.4407940951332782, -1.5495033529958853, -0.5143604900132663, -0.5371144904424436, -0.4570301831141041, -0.49588113811225587, -0.4964169359139437, -0.587200466113575, -0.5598464519821559, -0.7333538227661411, -0.5315107900195319, -0.5721195927591199, -1.5391799476233157, -0.6602658566257562, -0.4509996292316723, -0.5597463963675665, -0.5705791345001993, -0.5238994775776621, -0.4566263999349005, -0.5633607218177714, -0.6063171239567566, -0.4314413397697602, -0.4742179272057886, -0.5858996458040778, -0.5444015869260037, -1.2774012365772422, -1.0930891807177439],