{"vi_exp": {"vi_seed": 29059, "coeffs": [-1.297772979163185, -11.780648876474446, -10.639757578304398, -11.850795584801851, -10.49872830510618, -12.736399814750747, -14.571461706018926, -11.040016694516549, -9.618506485963803, -10.664904515661773, -13.585737827188787, -11.879823541207637, -12.056690769394391, -11.720879322309003, -12.094947498694719, -11.390970335539253, -12.202574537649872, -10.883271552085686, -10.361073331166974, -11.550927591512655, -10.47159561655937, -8.33632327155958, 0.6613659783726984, -11.948788881328772, -13.026933662747828, -14.364294643611053, -11.646706766403197, -13.897357747067169, -13.236348744182855, -13.511393653753327, -10.826187598547213, -12.896050589217136, -6.297163929370975, -12.39729639647426, 0.013403261350984477, -12.874718415920324, -13.107612495885558, -12.121109365633101, -10.305908985910186, -10.22840508912882, -11.765853884256927, -13.109895233780815, -11.592550070168874, -10.774724828183526, -11.605734919122822, -10.170714532515131, -0.344196754557777, -12.229527291779924, -13.206133455402037, -13.088606755016286, -12.228586481771918, -13.086670841939958, -11.861769852457892, -13.502062519827492, -11.377676923371071, -10.466422588032252, -8.07825042951733, -10.508061326224524, -0.5584890361346359, -12.244051434232054, -12.528297078848729, -11.745856923669963, -10.597565628385523, -13.572986247905192, -12.198858736986157, -9.217756964477882, -9.71519091579699, -10.409035335175812, -8.943335474912912, -10.07602785490608, -0.7642662355895615, -9.387424695589775, -11.681188287831441, -12.100663516833336, -10.920887210066619, -11.783798383783752, -9.599980697401275, -11.907051443130786, -11.448402297334745, -10.656643744571111, -7.9826685775943655, -12.751252575362157, -0.8382217001273785, -12.160456228418086, -12.30860911033375, -13.030216682587634, -10.545012308824232, -11.584384255358387, -10.866077999424082, -13.399821594476048, -12.7131246415211, -10.823835864434722, -10.995772042725484, -11.545752759896864, -0.9043708587472148, -11.661434335858576, -13.501242824401986, -13.041698445451575, -10.206848329076294, -11.285332902593538, -10.764988032123252, -13.394194936243686, -9.694689799547731, -10.764947666491754, -11.412963295710075, -7.214828565236675, -0.9909030221383685, -10.767422769572605, -11.80552481017484, -9.522505422102851, -11.053756226554663, -9.984459697005507, -9.997867020938816, -10.91333956893265, -10.62250385731451, -11.150096143598171, -12.915563915215136, -10.948127332531927, -0.9785169050167386, -11.198977730079033, -10.910887739404645, -9.984198270755863, -10.179734716484619, -12.23924917637311, -10.990418887538306, -10.453917994368743, -12.159576779477943, -11.758357172635911, -11.14700132142666, -10.541556848418896, -1.2602791616387539, 3.0673712380114075, -1.5234459945085623, -0.44198829140907064, -0.5073806224871434, -0.5162977932162683, -0.2879874071700153, -0.4768139544015932, -0.5486070848899279, -0.49003251789883984, -0.6125286084947483, -0.4530749048986708, -0.5296658848693248, -0.4549797306190151, -0.6187891949388249, -0.47997613892971847, -0.5052538410724833, -0.5505145706125116, -0.3350397717509509, -0.4464944318486422, -0.6011383453979481, -0.3762231663340764, -0.6426014262557261, -0.5656924173431797, -1.5377753979859405, -0.5864893820603554, -0.6554790102384437, -0.6681485816313564, -0.6425453614197372, -0.5265989467400488, -0.6247480373056583, -0.5047638763760798, -0.4733024551737699, -0.6594335002900629, -0.4691633277128126, -0.6453098726544968, -1.5526096844101898, -0.5743921992845236, -0.6419488238993203, -0.5089337181129938, -0.5244350537022855, -0.429145850556419, -0.635666161771186, -0.40433267560376857, -0.7045603181338458, -0.5772209904248978, -0.6212757595442239, -0.25880467560947473, -1.5302677858301341, -0.4744751819925114, -0.5935856705551468, -0.5115852634003778, -0.6416085692333019, -0.5134542420860786, -0.527551469300087, -0.6237465029658572, -0.5964490827493809, -0.3467818249483028, -0.5918295484648947, -0.48820581028267196, -1.5443796345938683, -0.5216082624022678, -0.5641779218474812, -0.40573105160044937, -0.5251007721364489, -0.4575576793462586, -0.570869100368478, -0.468641338595645, -0.5658999004780092, -0.554679514147204, -0.5020632739336118, -0.5949733715456154, -1.5625325499815674, -0.500120357636762, -0.5638432527882757, -0.5704447308079938, -0.4663145499227676, -0.49684443918939086, -0.5248224999439651, -0.5799848420621977, -0.49641065051933064, -0.5223844758993945, -0.5352326067824354, -0.6189706839246333, -1.5354884463628806, -0.47619626314860586, -0.45742270503599486, -0.664097444407918, -0.4148913604911067, -0.5701003543773284, -0.39537198646226474, -0.6117923339816336, -0.5455317674265172, -0.5501053832009654, -0.3737255664862287, -0.29708271864856983, -1.5316174850423492, -0.45249014546999383, -0.5422726069149917, -0.6277864007507657, -0.4690112012347232, -0.4805001999965224, -0.6281696011233523, -0.4355024863067813, -0.5032455275760389, -0.5659852756316328, -0.4864484742048091, -0.3915088649854035, -1.5529337172075806, -0.33125317225784756, -0.613611935395116, -0.39595053593273555, -0.5960073054356013, -0.5250489717942103, -0.5382643238448702, -0.4862547395006086, -0.4894553769528662, -0.6115895125480959, -0.6447619789971104, -0.557932792798578, -1.599683550225877, -0.4766367974569982, -0.391914708232447, -0.3418487451002987, -0.46304458115134073, -0.44526476046603175, -0.6566067883896642, -0.5275239449588931, -0.44463590232815453, -0.5556562426781115, -0.43815757377633946, -0.6014554299719818, -1.2135558539338551, -1.223520112882406],