{"vi_exp": {"vi_seed": 37108, "coeffs": [-0.8497505464308339, -12.364256779043387, -9.339397415429886, -9.77249286365752, -10.67959848670538, -9.442518913774819, -11.83500421892914, -10.94231272204673, -11.026448218252833, -10.280729109236821, -13.612899680771594, -12.739919301919148, -12.288445094397542, -12.783520990620087, -13.147484295533443, -13.57469583368696, -14.15672070952754, -10.977208916033831, -8.616149454216318, -11.0109816941158, -11.210516971544951, -8.638454602703712, 0.9605072072854923, -10.241413180728308, -9.959855477372722, -11.783347823527324, -10.702988956407435, -12.260786274092723, -11.56558840880608, -15.39792512214979, -10.431793651977351, -11.401163360927919, -9.935332490519619, -11.185663644779446, 0.3486138345031071, -12.841556608047215, -12.857187371777833, -12.729918194229136, -9.966298371028918, -11.150909297414028, -11.677368366200003, -14.066558781333205, -12.537770001751044, -10.471100946893838, -12.235358081460129, -8.348337136820861, 0.03387836257257887, -10.919822405790333, -10.575737181628767, -13.549607904357659, -11.663218385879349, -13.986920741876427, -12.947506611923172, -9.509864542606635, -11.767509805795948, -8.762720463463296, -9.299515059257782, -8.279895808672592, -0.17465781364230978, -12.365101260113347, -14.346564866637781, -8.978876480999075, -11.453703068503485, -12.081672361479992, -15.258804033156526, -11.047245509692985, -10.267527963190263, -11.35931016437989, -8.488957670161797, -8.251378465590989, -0.30181988412156635, -11.536841692597557, -11.505554180208549, -11.981372012614282, -11.559828164778157, -9.31461816616473, -7.194750220564946, -12.354902505309092, -11.722863905664118, -12.219932100758822, -9.184700698727262, -11.828156015188531, -0.30408974319421705, -10.851466867917544, -10.869393229186187, -11.216058060163778, -11.398090325169013, -10.632956974695109, -10.945572495999004, -11.041435506213114, -10.322285748071794, -10.7199906251078, -11.794589835085159, -7.374508135395784, -0.1610225530990383, -11.114237617675235, -11.745333339513508, -10.767376581395409, -7.542273042381858, -11.285484961386096, -9.975066278453573, -11.633343357782588, -9.960799483376952, -10.209029518583188, -13.96824355473839, -9.851053607655867, -0.19056838376571658, -13.566763277742046, -11.88987384438585, -9.920184137426137, -9.278764084003754, -10.347652081224437, -12.169314849752269, -13.095177611984106, -11.278742355790904, -11.521444453952247, -10.375408844395137, -10.376156207329974, -0.12675245894110396, -9.555459211205001, -10.3419429407471, -10.49522165643858, -12.776422589004433, -10.777239620742586, -11.84696973690193, -10.933959479573552, -12.901088503860766, -10.821191597110806, -13.774347757063854, -12.19250354405516, -0.2918874258333725, 3.341713481905143, -1.5356805465547738, -0.6483756093223292, -0.45199662178770916, -0.599261464303482, -0.38965162280687565, -0.48800570346193844, -0.4738885034256863, -0.588425561593815, -0.6694288353127659, -0.5115156154601043, -0.39878055403838075, -0.6060571761117604, -0.4265642053710224, -0.5781085350194781, -0.5430289162531234, -0.5011467286617333, -0.5484633407630006, -0.48526937188065244, -0.5090386049772706, -0.5687953829791087, -0.5887128899393987, -0.5511952389846204, -1.527577858991081, -0.6837515420185716, -0.6435158300894684, -0.3615818574946824, -0.5534564101391121, -0.49350574313219947, -0.5746648405528259, -0.4995104140959968, -0.38003656472212616, -0.49780740158411424, -0.5168832639959923, -0.5945044617931706, -1.5507919948758055, -0.45358368959070333, -0.5955873647910194, -0.6412008002664087, -0.35375599640953964, -0.4466396657927924, -0.5068686681023261, -0.5350225157293576, -0.4723209644226292, -0.5488445360287817, -0.6839879479863329, -0.42434119403520965, -1.539555090670871, -0.5284149053975433, -0.402205816803453, -0.5302120763464407, -0.5973060770942722, -0.5194993269415907, -0.5236816174702023, -0.30767649045491335, -0.5847287272722426, -0.4073566681149466, -0.5846127192849536, -0.636011689815437, -1.5707345780546855, -0.5185573836000148, -0.5309809587731277, -0.4088730697557583, -0.47430459475474307, -0.40754546587053536, -0.5469065247732126, -0.5992589636899329, -0.4216903868082667, -0.636552914842553, -0.46796481585219807, -0.4226079882980628, -1.566996514615865, -0.48522121329821405, -0.5348359410844563, -0.5448049303817276, -0.33159622408393985, -0.34737066182972054, -0.5054209216609852, -0.5258247677755422, -0.43055448937051405, -0.6476388475348392, -0.5497386603948772, -0.5242294021767726, -1.530591627275771, -0.44409710401135055, -0.7128110355520813, -0.430754391323977, -0.445494450902698, -0.47332294252050194, -0.4553832273583961, -0.6181401992047856, -0.6045484661070651, -0.5224645981819122, -0.4632499918325576, -0.46270572835260204, -1.5358485066823697, -0.5730614036769943, -0.5731046463059833, -0.6111969734107989, -0.4762534379208802, -0.5489251832028221, -0.40297280034716015, -0.6438660521530435, -0.5010154463924165, -0.3738756963178393, -0.5245890437569022, -0.5164253659504306, -1.5530361034694158, -0.5511411228315645, -0.556584659675123, -0.4801310022366443, -0.4484254900345584, -0.5280905165947862, -0.6335473628690591, -0.49018000668244543, -0.6177147044296226, -0.6102453779422662, -0.6118703282539164, -0.4665467696194579, -1.5485304004483076, -0.4889706628549982, -0.5634899895331225, -0.5294184012934889, -0.7765005911090102, -0.43065850864593713, -0.5122320471098515, -0.4408648735514787, -0.5462240186393741, -0.5875105467548053, -0.5458714410729505, -0.6117357421720692, -1.2796715140702815, -1.1898224017329526],