{"vi_exp": {"vi_seed": 32038, "coeffs": [-0.9922340153813164, -10.298079281680431, -9.786773095761049, -10.600675166833502, -9.681381331395945, -10.534285982154856, -12.001764909222853, -11.995230698840421, -12.330996312705674, -12.436032168257654, -11.683528527252863, -8.457778416453518, -12.978712549255018, -13.612848809338747, -12.559709288170664, -9.74165671486029, -10.683791205010143, -10.146547863925344, -12.04993783632381, -10.311669658452526, -13.72710148363434, -9.828281250294374, 0.8619471612605969, -12.88494389277342, -11.742051088109639, -11.194135422561182, -14.427248863534695, -10.47064758599963, -11.454671755781371, -12.225914037295993, -11.331942059703417, -12.26989901014776, -10.021583791896754, -12.24306962020385, 0.2573564674085035, -11.817480218003698, -11.642302360922965, -11.725640003784164, -11.598185260768235, -10.82880111847845, -12.124304201347954, -12.799598086060675, -10.146816371909063, -9.579476068841732, -12.052989237458533, -10.100801136877656, -0.10045056963042702, -9.921779020355476, -9.5858065173122, -12.193906955596962, -12.477693190863038, -10.272184513991498, -12.972477651005317, -12.344127852363133, -11.90696655683394, -10.824575593039107, -9.090669960313164, -11.31697492668374, -0.288395082226557, -10.939327530900254, -11.622225731895186, -11.976682844774624, -13.211313312505398, -13.587273156243494, -15.227881476950285, -8.111392945060796, -12.751658146739393, -12.499749874177532, -10.06630935358457, -11.535807773183677, -0.4646469008392068, -13.805227758243257, -13.334381166312989, -13.906985507077808, -10.354853457763264, -9.966928724767438, -8.420097841550843, -10.024397907890041, -10.127278592380996, -10.51076639551618, -13.59382491158238, -12.222084561718153, -0.46846036511142286, -12.002756411194957, -13.32274052788422, -11.979559392747309, -12.531882491940616, -8.577687907726652, -12.499443274771947, -7.757176093835871, -11.706476254714508, -12.826318092998985, -12.132378346915157, -9.670609831150205, -0.4200442738665778, -11.359962736132953, -10.682904579688818, -11.7947406332664, -9.913235531986496, -7.295344623128117, -12.667531931163289, -13.39608212418732, -12.371267713415953, -11.145570529325683, -10.668545077450675, -10.046792060437433, -0.3645095975937521, -12.970680189135058, -10.714883700474248, -11.783187712691738, -11.995293430964233, -11.825766739392991, -10.51162850009949, -10.857529433586102, -12.003599509263093, -10.018634675020834, -10.665702260488427, -10.218595047832375, -0.35856738615351447, -10.723012406526422, -11.856214068393356, -11.31254667399129, -11.503794496680724, -11.828134960223881, -11.92772143156808, -12.129156618426249, -11.869561694720087, -11.418069479211889, -12.529709290314441, -10.068756312412319, -0.3163557534305116, 3.121382682651275, -1.5313644496048144, -0.5943768855837273, -0.5245752845728132, -0.5398246497591664, -0.5112178761720867, -0.4589446664852505, -0.4973292033087283, -0.5656619308025165, -0.5316425628152791, -0.40311029920372754, -0.4760933496892673, -0.5071747832086954, -0.4082840916432839, -0.5263961159593868, -0.45176906583722476, -0.5236811781944263, -0.36893667012511316, -0.49930812424238685, -0.5215872646145179, -0.461509626409467, -0.5251655535585285, -0.49107959679827506, -1.5513820327544092, -0.4748493868158178, -0.47636314719905837, -0.45440927576036094, -0.5212664730145711, -0.4262896312496944, -0.46191266959719396, -0.6071545658749451, -0.5117280772804833, -0.5564681746791963, -0.5132183714042695, -0.6125962612874453, -1.5483259952491306, -0.4667189467578846, -0.6069061391941633, -0.5131926983784478, -0.6093114016756419, -0.46105731049851817, -0.5083898763529898, -0.5072407585435368, -0.3892512056142542, -0.585298138719466, -0.4165631717500885, -0.512066555520041, -1.5807238076890944, -0.3527495776637945, -0.4998440124626892, -0.4923325623105737, -0.5052296977955537, -0.6054671365857272, -0.3688211537884419, -0.3746576688186612, -0.5292358715368994, -0.4209013172673092, -0.5818510353249192, -0.5960224778755223, -1.5620383068133568, -0.4491984234836255, -0.5605680669670152, -0.5088429996976929, -0.5340270725652156, -0.36662908145487344, -0.5313512732067743, -0.4714878427925618, -0.5067104603600372, -0.5156391242040236, -0.4987323713076256, -0.5129367515655112, -1.5133825086332413, -0.5871173330101556, -0.5612078493988626, -0.5096949007343715, -0.45245775928759674, -0.513855896040409, -0.5571561922883228, -0.37752077658748845, -0.5625565703777499, -0.5090767906702278, -0.458970027872126, -0.5182692971756605, -1.5386497727438848, -0.5303068071155005, -0.5844291158760212, -0.4466096409858027, -0.5347649218480501, -0.4492012877561359, -0.5269591533054413, -0.4066210311712872, -0.49801068304605584, -0.4085344792486041, -0.6351233301215883, -0.3386377496340796, -1.5198875192851022, -0.22550683337632374, -0.40463363388465806, -0.4811623147389548, -0.5175682353077959, -0.5446650109623216, -0.4700155741662951, -0.5838277209534775, -0.551051891977417, -0.6481342098520294, -0.5954655294521092, -0.5008502828936193, -1.5770860601652525, -0.5053082939837815, -0.40447085874019534, -0.5270879825151598, -0.5018538286866252, -0.40963825898312384, -0.4946275919726467, -0.554405581898963, -0.5871460006806046, -0.5057659818166049, -0.5032986446433029, -0.6493785752944579, -1.5772539433165482, -0.4343752634139938, -0.49477014791302837, -0.5219143117466054, -0.41836040625713106, -0.576209706087897, -0.5159211248637611, -0.4842878367634431, -0.5368774020073672, -0.5520839331453452, -0.460744351905293, -0.43308091960965356, -1.235097302217006, -1.1806057420608802],