{"vi_exp": {"vi_seed": 47927, "coeffs": [-0.1808296378899262, -0.16016148508559883, -0.1945796116237183, -10.53189507013237, -9.774594565674894, -9.763528419623965, -11.562875217204335, -12.413658028591378, -11.677758186755469, -11.36951793183893, -12.007878583403107, -9.604783942708162, -11.904734929502641, -12.244559202450516, -9.18047725116762, -12.174076842345938, -9.192605163029132, -12.454445621493706, -8.071893029790397, -12.933362844397747, -11.29046719472377, -10.500338281604742, -8.579174655527364, -8.728643155551751, -11.554996063924971, -12.578011538265857, -10.452270658591784, -10.605152635943487, -12.003331665346309, -10.422242623305289, -9.481826753488146, -10.237690059427592, -9.645356040397088, -10.810387349946764, -9.401485155295703, -10.28718432542054, -10.177863062415886, -12.22278721950326, -11.990130411540699, -11.204179250160895, -12.00936657827709, -13.861059413646243, -10.724783297359277, -9.079864781190253, -8.567238627850596, 1.090803576660126, -9.578936242725584, -12.357304817267295, -11.449224564514047, -9.941960784677345, -10.134013490886627, -9.376612523238764, -10.692314520252935, -10.025197234758503, -9.9725375105064, -6.607550984228658, -10.76328962028318, -7.437974896791562, 0.5061081668870264, -11.500611772406728, -10.66691997569409, -11.837543167333648, -11.207885275606742, -12.262738530825438, -10.099180203736587, -8.75833366371319, -8.38501112492199, -10.238592480126508, -9.85175195211167, -9.640039068720245, 0.42085340760996653, -11.105960451070995, -11.033616787011274, -10.791273208224432, -11.341300507418984, -11.291760004936698, -11.383316581910304, -9.066495112103365, -8.829631369984392, -12.085703378284922, -10.130386558865247, -10.360048810800464, 0.41568200347283646, -14.373203696947073, -11.878652444865962, -11.81836378568086, -11.953429813862357, -10.197235377467798, -10.761988277843551, -10.77319993726843, -8.864794810448938, -11.154684651179936, -9.297212822723138, -7.183353610062211, 0.5759549729673604, -12.14737781336884, -10.273137947813208, -9.953275798400089, -10.895112081707929, -10.447715113736143, -9.79526572294683, -10.243702714513452, -10.627979921570361, -9.23835075969295, -13.022434837872702, -9.721960150709263, 0.9038595878439974, -12.136427395524324, -8.712983311383494, -8.05511443569105, -10.570961062940043, -12.29574534432962, -11.368649108688178, -12.146054927149423, -10.847017649228892, -10.53967017604348, -11.194072252752285, 0.8841098785443038, -8.344967836524871, -11.423379990103983, -7.846278244532974, -12.067671454446833, -11.166707980775747, -10.078089100128299, -11.912968986312723, -11.074855132778922, -9.54169851212544, -14.066922066881139, -9.277524253598498, -7.578320309365081, 0.48954566571364194, 2.7143626311586715, -1.5819603436149925, -1.5534712525609404, -1.5641436830601154, -0.49140000894318686, -0.536056640146915, -0.4524230234382021, -0.5917637098049839, -0.5520376723303099, -0.5410115094262508, -0.6261757555198936, -0.41230907693165475, -0.5781372448605163, -0.533870952122171, -0.567609396843674, -0.571810505944329, -0.4840207861478081, -0.43407042830478687, -0.662479000517303, -0.4266522603643042, -0.5667051086891756, -0.5184286217343047, -0.5545685546631975, -0.43058181396720535, -0.5054686496694684, -0.44217424959605595, -0.5089849120914002, -0.469081806891033, -0.5529223444720064, -0.5347391390970485, -0.5544136984287519, -0.4568873648310837, -0.5713175226935393, -0.5726676327450597, -0.5644393654294096, -0.4430493977389872, -0.6626870162590806, -0.5794611638094495, -0.5495888567579857, -0.5444556538174574, -0.3747980722658556, -0.5364249052096158, -0.4828964504370961, -0.5471847984681661, -0.5943724682910984, -0.5219672929262138, -1.548423454688608, -0.6393313573222023, -0.3718407102981382, -0.5222423233315823, -0.48137609433250605, -0.46678714025114376, -0.5773591877373521, -0.5699862315026369, -0.4479095008811296, -0.5879016195341228, -0.5137143225704538, -0.43164790843452305, -0.49628996629407324, -1.5071261238997062, -0.31849768531989514, -0.5339829632878877, -0.6258251322910657, -0.5267475475709699, -0.5179429961506123, -0.542877782396952, -0.6075841015221406, -0.2505856740580215, -0.5248742649573007, -0.583945859777991, -0.3790033642310529, -1.5198325024455817, -0.5326695091612722, -0.5399439685202951, -0.5061391207508241, -0.40284845411834475, -0.4797773739080987, -0.4696645439942662, -0.5506725256209172, -0.4911075767797991, -0.5922774556749022, -0.45816264057869655, -0.469391509255789, -1.5629478834964277, -0.5469704905057483, -0.5523994271763868, -0.48836522582674086, -0.6310525675802484, -0.4635269829873864, -0.3385172596553611, -0.4499725238310604, -0.527257613031418, -0.5204749700101563, -0.478525138999918, -0.4435590444938125, -1.5605556208167495, -0.6867287279412864, -0.45415881719078866, -0.5366063003884277, -0.5965816523333947, -0.5507560953541742, -0.6035744710622054, -0.3844559437662502, -0.5080248058978333, -0.4315852870370169, -0.5436620339090383, -0.45952010329513276, -1.5314757070533433, -0.45379336969508866, -0.37367958068861146, -0.5365194900257537, -0.5671884512402049, -0.5772049016585009, -0.5537785792602444, -0.5621917124554062, -0.4644993390222234, -0.4625885058595683, -0.5841957979670316, -1.5712543502091172, -0.6207616862956243, -0.3973113247214402, -0.47121518793235384, -0.485167958231708, -0.4689167062686999, -0.5168299200277398, -0.5867837681508068, -0.5822556260623294, -0.45134849122958237, -0.4649622717588394, -0.4412631630658074, -0.5036208909526801, -1.2489474285689819, -1.0920970087431445],