{"vi_exp": {"vi_seed": 15044, "coeffs": [-0.48762374791071617, -11.948501804861872, -0.5114862343412041, -11.157748824727465, -11.932928158937901, -13.658629278907052, -10.66812535577466, -14.03522490277589, -11.888541642265077, -12.227405771205738, -11.823026993804424, -10.239494656562288, -11.362449161365989, -10.838071300191883, -11.97594651154028, -11.394535928005423, -14.229116751284824, -9.90608802232238, -9.555165989720246, -13.577453141206641, -12.150777109617088, -9.41398776346376, 1.2711714318549798, -10.546298399943124, -12.08004978147173, -12.799379013065137, -12.471526326467494, -13.624367928770225, -12.952118676748011, -10.224946493453766, -11.60303731054935, -10.230120887981757, -11.896543403556032, -10.612667783743836, -11.223015381904107, -12.055658777891159, -10.566220827087045, -10.20321195445204, -12.297689669856723, -13.360614771512367, -12.282057590902495, -12.69120712286091, -11.789365399662328, -11.864262976918113, -8.895185092050427, -10.697915902686434, 0.40624891533567176, -9.990491637570027, -13.289291131571108, -12.220315904529205, -10.163600815321711, -11.207744107219938, -11.63967492083315, -11.896223225291049, -8.949277880945013, -8.250939107959756, -9.112228857858552, -9.196823027707522, 0.15028165742033717, -10.0298007835468, -13.325129634828276, -11.703135250896416, -9.34916732777538, -10.384451822405902, -10.210123416456351, -8.067417268641858, -11.483536052921338, -8.678603490206566, -8.378179795512205, -10.742568749415366, 0.0322108975006393, -11.288911461584748, -12.672165117468563, -13.004533093667183, -10.912220009304784, -11.468493345631565, -10.202278110727498, -11.60083504506975, -9.930594759062881, -10.45481526418897, -10.605057258116986, -11.78029830248378, 0.00025221384448315375, -13.363953825583684, -9.775995473383414, -11.086537757625733, -9.097681780837547, -10.559160893191653, -12.58398206379542, -13.851976239058889, -11.318387512949096, -12.396199677211985, -10.223897358619276, -12.620965811529022, 0.00814070498601293, -8.080960676457419, -8.253362500524819, -11.411779411929508, -8.5929892995846, -12.150577831623663, -11.2585846222743, -11.087316827353634, -11.137646034505272, -11.203322373615805, -11.01347810333302, -13.556490068400402, 0.8062840166666868, -9.475368564232365, -10.128777754014864, -9.794554923882123, -10.159286195550468, -11.347725316102178, -9.975883047493198, -8.803027295462938, -13.18158955068922, -9.255393283546958, -13.93577992102732, 0.8377470437324644, -9.746351418318548, -10.981762874287382, -9.269887008819543, -11.19991840847001, -11.400747343043532, -8.643146899229352, -12.8140976662619, -11.049487446943864, -11.858222355378338, -13.395031496179202, -9.596118509343647, -8.918145347992649, 0.8934244077092164, -10.728577405484625, -1.5395359043205512, -0.45112819610503513, -1.5632161035333576, -0.5940349113468442, -0.5343675605830455, -0.5831738355907645, -0.47684910078442466, -0.617728616828872, -0.6705661726384847, -0.5357550026615745, -0.6315486871278525, -0.4473496185062339, -0.508458555689413, -0.6174151506200642, -0.5149405262889909, -0.6104632595817713, -0.5558232365086578, -0.530319866032137, -0.48239533796633, -0.6111209574038283, -0.5344765021723216, -0.442727202120352, -1.5473996457797439, -0.5194106731926579, -0.5219267033650781, -0.48173316668357324, -0.5051239681995597, -0.5788732198653104, -0.41572917459992065, -0.6261958870026857, -0.5493661834478792, -0.4513969997403793, -0.437153140808587, -0.3621249395051616, -0.5753179450898394, -0.4975603963493878, -0.4688000269416323, -0.6201865679194429, -0.48230068754653754, -0.4840255720791862, -0.5631257767713475, -0.4992993529080574, -0.5086032089597653, -0.4963035211959118, -0.6115110783690885, -0.5918685266886592, -1.5541309741120055, -0.43849632629029706, -0.580601387386807, -0.520574271337151, -0.47708469841131496, -0.5389768454528192, -0.5245939795743237, -0.42805168344451583, -0.5255417153468643, -0.4536523318209772, -0.47396272455716165, -0.6182824801887828, -1.5354462275646419, -0.5969109083614813, -0.5111707138656577, -0.5171564847735768, -0.4338890577978218, -0.47854086436769067, -0.5027003332427681, -0.5700490228287629, -0.44943297703956836, -0.4555358518097456, -0.34058982423854633, -0.5377937093235701, -1.5373055031395675, -0.5227835911472651, -0.587657935683889, -0.6058452198028942, -0.32939241104745115, -0.4408155721336173, -0.5204983014816109, -0.44836716618210115, -0.47547525530152124, -0.42753004872537076, -0.4462151971472435, -0.429489325125287, -1.5523408486113952, -0.5387012666826066, -0.3769198137372176, -0.4978164991102916, -0.5360525473288116, -0.4589640810827264, -0.30599817245198313, -0.6616384399325771, -0.4843602342146821, -0.49867070266572594, -0.5618731913070004, -0.5668063850281422, -1.5357458240492459, -0.5916197882163126, -0.5593048788251144, -0.593022253118743, -0.49299442195256094, -0.5783269759321698, -0.512057388813751, -0.4438650206887924, -0.5555912565025344, -0.6359228241391943, -0.5253939450827934, -0.5011587462142659, -1.5299338447772148, -0.45154798207818164, -0.5115386967904897, -0.5135536849355222, -0.485737512715513, -0.5520654362459668, -0.47376232875916896, -0.4746914824074656, -0.595990232768093, -0.39814034114850944, -0.5821642564228148, -1.532610542560934, -0.42655554312556465, -0.5576991348118302, -0.5304846422120653, -0.40035944468641077, -0.517664393915001, -0.5097811319270891, -0.5005260457714233, -0.4840749870257405, -0.5298717294542008, -0.5616515609982596, -0.6173919708954292, -0.315403646862517, -1.558917498768289, -0.5238188112920237],