{"vi_exp": {"vi_seed": 54261, "coeffs": [-0.13544250014427126, -0.16166202870918636, -0.14301184982158638, -11.214900611044161, -9.652270356573514, -11.778262905665501, -11.010180205739955, -11.543727536082109, -10.720215430030263, -10.415264573230347, -11.48615339687522, -10.36282589968183, -11.632255803761215, -13.49057834283784, -10.984865461259549, -8.408665522379831, -12.651521748412438, -10.494050505845502, -12.146873956794687, -12.664120979481531, -11.649388435474258, -10.864095141963217, -5.734053375458604, -12.674595041610143, -10.255958829584163, -14.729186838488271, -9.725240997572586, -11.30694674730356, -11.725222953377816, -10.983798829599817, -11.216255959109233, -10.847106132204837, -8.827036097980212, -10.078669953521493, -10.867444820861527, -8.847731877149359, -10.721122655777528, -12.817913303936642, -10.055053138475724, -12.020888533208193, -11.629380302768904, -9.287510395725707, -13.567922555790942, -8.753370160044176, -12.832832763259063, 1.1360176232588326, -10.273399893015053, -12.329884194181057, -10.987760894302403, -13.40703241268183, -12.08853726001553, -10.926071656552002, -10.373429553063868, -10.796653544191129, -10.865639246828785, -11.050328072427071, -9.194687886645044, -9.962373798973214, 0.5333144711648231, -10.718295837280435, -12.324841899352641, -10.769187338237364, -10.252244792119802, -11.19158462090991, -10.637463677849064, -12.05896912132742, -10.599167739033797, -11.198548709004518, -13.414095309734668, -10.767461675731917, 0.4864836780582496, -11.548652944524985, -13.20715750997299, -12.219446937132528, -11.102265782093083, -14.153171185971868, -8.077271495360915, -11.229383700725407, -8.138364058741498, -10.52555932370136, -10.16302722350817, -11.25829002248947, 0.47807002204755367, -12.115397635808776, -8.55861329532165, -10.093603790563485, -11.706044779362266, -8.435169911814889, -11.183311989068537, -13.243490968935973, -9.098870047923945, -11.576085535284998, -9.541816115279435, -8.376268837518017, 0.5730830252869603, -11.351990076513067, -9.194554902712914, -10.461471670504752, -9.565728870946932, -12.47358158700685, -9.145498160181326, -9.565751129122125, -7.917314634087472, -11.798264750183058, -12.946661535581105, -10.218398057128615, 1.0467230150294617, -9.440285446829051, -9.870212674398003, -7.267325095550799, -11.204241825990726, -10.143410778788772, -11.391320089669513, -8.531210404067252, -11.638516293293213, -11.15435390161179, -9.77135018971402, -8.15176662993028, 1.0235156734525874, -11.820675676543921, -9.376705206498245, -10.852029116296237, -11.343299870933672, -10.961824551126789, -11.263019814399996, -11.828800786517837, -12.12459467597562, -11.280686884856971, -8.774750570488752, -8.433937619056772, 0.5791213713414787, 2.283641784512818, -1.5067389461140461, -1.556431810031166, -1.5571054234635557, -0.35466965245391496, -0.41570636233610897, -0.680751053374629, -0.5861827410271641, -0.581916864531564, -0.6661275632328008, -0.5893587166858048, -0.5501007601875278, -0.6061292032413544, -0.5526676123035164, -0.6092739396382147, -0.4301400335938935, -0.3776779267413275, -0.5702701466859851, -0.49628998749769543, -0.5438952693389723, -0.547028235968429, -0.5670012470654079, -0.4026896716879325, -0.4459657943364535, -0.5736842657953065, -0.4805263372866461, -0.5692341615826827, -0.5202876868000089, -0.549080741833004, -0.5623962822238682, -0.4834710141416007, -0.37459763613707725, -0.5351111720978741, -0.43558594592889766, -0.43481156458414305, -0.49526763497238485, -0.5622772209168537, -0.5683436136663981, -0.4777894969328364, -0.38356547986090733, -0.5388222923085373, -0.6221471457651316, -0.5892073970977072, -0.4887939096008688, -0.4965164199569888, -0.5186782801185514, -1.5944731219900654, -0.4139124844198921, -0.5034337637418815, -0.3819105235600932, -0.6375734751576428, -0.6276502335498385, -0.527209151128297, -0.4697886680590989, -0.4334728013554503, -0.5587171031172892, -0.5676918714605491, -0.48319802741163853, -0.5853651070423584, -1.571648078588413, -0.55293868713352, -0.6526494277593424, -0.44398448983955213, -0.42865637018680597, -0.5005589551689998, -0.5409906224397713, -0.6516755890875858, -0.5447209578186825, -0.5874053232189953, -0.5100150466277299, -0.6637530095672569, -1.5798944318936203, -0.4685858048133494, -0.40804161364400243, -0.5402151186601811, -0.5025741218362808, -0.41788950695657207, -0.4396491737690717, -0.5999735926909522, -0.4544092311776489, -0.5873166052746187, -0.5211220639757519, -0.6555318567021546, -1.5897710904159095, -0.5476006717701519, -0.20824422931819794, -0.3317780516566959, -0.56186875758402, -0.5221026444643142, -0.5374319366641298, -0.46302604643699924, -0.5254692840339276, -0.4201918703415294, -0.6189681669389905, -0.5377333928241443, -1.5622774995312565, -0.5525703400791433, -0.5573169107468552, -0.5204707130907789, -0.49765628828145153, -0.3975915080732786, -0.5500205465873711, -0.5801798354921051, -0.5672284439356697, -0.594172692979005, -0.6834020529687397, -0.7039596840727556, -1.5423959518382495, -0.5217674119852762, -0.5563715822735446, -0.44944965787249724, -0.5267927627730541, -0.5396125157186654, -0.5909142828452549, -0.5147629961795748, -0.4991117401050581, -0.5346555417302076, -0.5008809413079459, -0.5683391353280532, -1.5191762150367645, -0.625785211593266, -0.4780682249787393, -0.6150019201028007, -0.559145314607508, -0.542893120210071, -0.4206700488172857, -0.39758940256290726, -0.46648329187855686, -0.4739943818610485, -0.5087417471624726, -0.6658152708893936, -1.2797863478650582, -1.0160371517760225],