{"vi_exp": {"vi_seed": 52098, "coeffs": [-0.19345369843829463, -0.2004750337499183, -0.19576163551623632, -11.85288152425084, -12.889941530317817, -10.364423974506881, -10.760069199701148, -12.904260414968993, -11.25886168551571, -11.560666640813563, -12.07666610186111, -10.025341398333975, -9.251910028897473, -11.118983234584256, -10.690657804784996, -10.978398202430382, -11.343363550903996, -11.0988072502791, -8.905027417541817, -11.136182790994866, -11.304577945052108, -10.36015092203316, -8.298051842255761, -11.200082387842086, -11.585442680207867, -11.3961800237912, -11.319106865979641, -9.577623749820198, -12.634959208660465, -9.070582754329578, -9.369410728348827, -10.058296025546259, -6.8733205906288015, -8.578193410597446, -8.116169634703574, -12.214868297305348, -10.873792893236486, -10.3472995940429, -10.23692390926687, -11.037100201496543, -9.971654124988548, -12.589453284946407, -10.392117946033505, -8.634399369871199, -8.107743679022139, 1.0793980072485945, -9.439163030978834, -10.499977722776945, -8.39141252552692, -12.181083785998, -14.717948324817547, -11.83533525004697, -13.024967411967173, -10.37444875692241, -10.534813763774073, -9.67698754169473, -4.335688520440808, -10.247949594011821, 0.48818999625367204, -11.859453822605907, -12.111584449442049, -10.566604814988827, -10.969885936422958, -10.256065042671345, -10.489216736067396, -8.74583766501682, -11.40711887803019, -9.919103760605914, -8.094693823355094, -9.876098764924489, 0.39719270709860593, -12.893084942841472, -11.158424529468604, -10.706201067886028, -11.53250677071224, -11.999359344933385, -7.794209342104839, -10.424385979910594, -10.27026887716245, -10.575447102426383, -10.36783055553978, -12.229836848919696, 0.45587607931087926, -13.974155989411129, -10.574298704183096, -13.99344021400653, -13.02522467387578, -9.856381119293479, -10.204074531481625, -9.475234204072054, -11.615182376626096, -9.437276287416678, -11.570002894281568, -11.890513227706991, 0.5790530431382307, -10.914961058434788, -10.461773417823055, -9.248574535436518, -8.675887228346937, -10.893460641030126, -11.954755972697393, -14.306516741175432, -11.29789879745316, -10.27399851838603, -9.334959284099769, -10.50432954620237, 0.8427332126293651, -10.745434231061223, -13.111714278879123, -10.641349108249843, -11.776945826104527, -9.326989840321508, -11.190725762562254, -13.750192089368136, -9.956440259665875, -11.532299045429712, -9.913480133054032, 0.8315996078926201, -8.308311046134635, -11.073057140739737, -9.522658955012943, -11.186509147410446, -9.82294716495421, -11.112039578384282, -10.526770040635967, -11.181942397827958, -10.320325064567788, -10.017741506821002, -6.468834821288648, -10.793889972748705, 0.49262840483901627, 1.918135814424773, -1.5558088659608558, -1.518019151217786, -1.5394049715688856, -0.4372132042004049, -0.6009849151425879, -0.5891384923359558, -0.44726066770825845, -0.5235972004256689, -0.36416147733147564, -0.5127153944423458, -0.44901359734386664, -0.4687344071433327, -0.5036533451520108, -0.565214637029685, -0.43701729752274904, -0.4476094522846145, -0.36429365253404766, -0.5698322500286463, -0.4142699943609922, -0.3518275252317162, -0.5490032899376506, -0.5708968132856294, -0.47472218032453334, -0.4864228392951797, -0.6048266565782066, -0.5188011983310197, -0.4424018160035929, -0.44963262585419544, -0.47430912010129556, -0.4195493436541149, -0.5031235870064528, -0.3278666539744564, -0.5153649389979954, -0.3354659124587577, -0.579851821621805, -0.41291640617381636, -0.53269382126944, -0.5415381215922177, -0.39844044194920564, -0.5260148799552604, -0.6099279418933835, -0.5519158644237834, -0.6258908484341879, -0.4509156422885026, -0.6064851042047719, -1.554076021527835, -0.5964235627280604, -0.384547936537251, -0.44854494239253356, -0.5377391834031281, -0.5846287627695049, -0.5839836235047651, -0.3845434644430196, -0.5155197264714907, -0.6056038601884316, -0.4470836845712464, -0.3129407955585828, -0.46463109938368014, -1.5459076850639961, -0.40358994537720827, -0.5452395910901213, -0.551768805037226, -0.4950657391938655, -0.4908484751260516, -0.6390011996964061, -0.49780991628896387, -0.4698182816539363, -0.5557649520923682, -0.5199473316066291, -0.6067236960378821, -1.548436556908678, -0.5247791400683725, -0.5495186241105677, -0.44747011143027055, -0.579064462560511, -0.5323883259467647, -0.42030894948548386, -0.5708129410281576, -0.6176276320720181, -0.4022152106778147, -0.6645184900942674, -0.47147527011878165, -1.513021304406357, -0.5578397425630288, -0.5944743964356172, -0.5956007482716266, -0.5214274751693831, -0.5064790962554823, -0.5073531285282735, -0.4287994768386414, -0.4820065492333202, -0.6005467558890843, -0.4027965516195818, -0.39512901151639235, -1.5021808299518133, -0.42170777656386293, -0.5641255533832155, -0.4751970984561765, -0.5877134759484209, -0.5121713837437323, -0.6561786441675221, -0.46195681693823515, -0.5356432929502447, -0.5764078690930025, -0.40438460692290334, -0.5075810726677161, -1.5894101766872324, -0.5221038653592508, -0.6319601883252921, -0.5107065606130804, -0.6487469304084629, -0.5207275329953603, -0.5631933375131665, -0.5028382249720044, -0.39931252695727426, -0.6071855761535253, -0.4718299536893635, -1.5536690657542875, -0.5187179042309122, -0.578508947112711, -0.50981308108202, -0.5130537318807755, -0.43129341658350945, -0.5047893983152806, -0.5289980201932725, -0.4560795950965894, -0.5016253927222063, -0.5987761952820311, -0.25242391733811587, -0.4427373932169553, -1.2718923084360865, -0.9685646107926603],