{"vi_exp": {"vi_seed": 40006, "coeffs": [-0.6021697285144073, -5.409779937892466, -9.34618325362278, -12.772228569227646, -10.11346424210492, -11.886892871790826, -10.122611913952886, -11.660263368967122, -12.598214349584888, -11.429908309591564, -9.63942676371397, -9.27577257536346, -10.470223792951343, -12.437552071020189, -11.310729853083314, -9.463072072106442, -12.97947812195801, -11.277733949583224, -11.044451409441455, -11.1700102853239, -12.309805796539216, -8.411304054989621, 1.1822479985449437, -10.853293204507903, -11.666321731193168, -11.73273699362817, -10.441434992696378, -11.575522886674591, -11.886178244454792, -11.057211324477516, -9.577057256293113, -12.710842653573545, -9.696400229183753, -9.636463426095158, 0.605733535166313, -11.818584136597874, -9.871065896768211, -11.496470501311899, -13.390529600740328, -11.92248698412387, -13.198066369787986, -14.128967613596737, -11.605336187029334, -9.736262402246346, -7.35578050879298, -10.710655095826487, 0.321356689068893, -12.326472422455609, -10.687680736719292, -10.68512178027433, -9.268628214715513, -12.040082657983705, -10.27002936000541, -11.36039702147575, -12.675444547114074, -9.801264238128578, -11.177544030145695, -9.705699958087578, 0.09942748993430253, -12.690567202426955, -12.109926698959674, -10.12012908690187, -10.074805927168365, -10.522729308995551, -12.11663212868643, -8.788070560695662, -9.037669240900938, -10.223862990490664, -9.540261727830087, -8.563699372153794, 0.004460516059781704, -10.68679647397671, -11.324813616946045, -10.623723917410006, -12.83228988931248, -10.413954352490261, -9.521533744898377, -12.262395954395892, -8.935202627736235, -11.035238529692673, -8.007548393415442, -9.588276093326945, 0.011744519451809782, -11.225186471978793, -11.931897434020456, -11.765773321347854, -9.182054411485458, -12.497085025217153, -12.720990671897654, -12.992713324828246, -12.895542281713627, -11.445903054906362, -12.524703284451359, -10.234347855811778, 0.5409879180355978, -12.192300172198197, -13.331828057033025, -12.727303379484466, -9.298624343393696, -12.429808131207867, -13.653356566220355, -11.85004269179631, -12.397363017395284, -11.89133295705822, -9.643173055622835, -11.219503064404572, 0.5793065532081116, -11.308556339435121, -12.69897647447377, -8.409964358609939, -10.709334806753404, -11.386079877645008, -12.141324891835147, -9.884588858502173, -11.768563150822954, -11.141225605859287, -10.35818083415153, -9.04117672500466, 0.657520774484866, -9.721469921350701, -10.134625898126325, -10.015634432803665, -11.309533198560516, -11.96991784650219, -12.05344222798002, -8.970392520067838, -13.638591340038358, -10.297316475083552, -8.492255462190604, -8.825336905933284, 1.1753288539885085, -7.776759850229184, -1.5448166208123402, -0.6009633447715289, -0.5554243031410553, -0.4818513841352214, -0.2707554033560344, -0.4272023202562579, -0.5449025665208571, -0.6863855323489072, -0.5302106786067685, -0.4795691991539312, -0.5077493095267687, -0.42870396201059624, -0.5306044958911939, -0.44466424285656697, -0.5010254426349022, -0.5291945468508656, -0.4272465838403005, -0.5270757006906394, -0.5773886080325276, -0.48461172419676724, -0.5050301665217709, -0.46912311222722053, -1.5337411668559555, -0.3986203051914669, -0.36051090286593157, -0.6707132156577952, -0.576537583056725, -0.6272081958389145, -0.5702092154715348, -0.4402773173214002, -0.5111564219350838, -0.668706149081829, -0.29520984636222597, -0.5804008825618575, -1.5689490468531195, -0.5003603045562046, -0.5576946420952644, -0.479096138878203, -0.5184582424938161, -0.4402869067607708, -0.618086538183367, -0.5471113780014506, -0.5026079461262185, -0.5169569734260973, -0.42705050219236984, -0.6634250529446928, -1.5401841945726973, -0.49715825105088707, -0.48618274622889346, -0.6493037055654653, -0.46002033425704747, -0.4825555205676007, -0.5062776779207973, -0.4401880199169, -0.5945293668891288, -0.5956320614979396, -0.3784596709175813, -0.38678591515937827, -1.5445571076414693, -0.545711630014022, -0.6152102363669647, -0.6008944945757595, -0.6006699426160834, -0.5666170417993712, -0.43130013158682806, -0.6173283305451068, -0.37686940023714494, -0.5263250975424776, -0.5190420583713635, -0.4103084239808285, -1.5600130594465276, -0.28229542307465283, -0.5387583147584456, -0.5016186581680617, -0.5458144170607641, -0.46745772158090454, -0.5506261196292243, -0.5803168334577541, -0.5145002589670963, -0.6254591489896165, -0.49520996872096573, -0.5335840660689632, -1.5501274450628035, -0.5747675786827027, -0.5561532775328087, -0.4995870321168384, -0.24163374236278498, -0.5331388661441762, -0.6420032484339728, -0.6177114118658971, -0.5513094479810463, -0.4714628240545517, -0.49317015292643424, -0.42827066595949276, -1.5570125570631626, -0.5330955905349822, -0.6247276725859181, -0.4936350902392745, -0.37142063546811155, -0.49067831468599354, -0.586613245928108, -0.5461486610128132, -0.40858479340903775, -0.47325548032478665, -0.5085265632948892, -0.6257743615741658, -1.5719211538201017, -0.4749518316820367, -0.40946437562153465, -0.4744031781962553, -0.58736771361387, -0.4271694757354807, -0.6013184649219417, -0.4586597147965656, -0.5201145583151233, -0.6008086056216451, -0.4943695427755971, -0.6127359855403794, -1.5123516222285072, -0.4501149092023207, -0.3869885266406141, -0.3649677587599548, -0.582817650191596, -0.5092054241068067, -0.586587334938772, -0.4146522279491364, -0.5081281442629638, -0.3236469670250456, -0.6072073669464524, -0.5238612891865551, -1.5453077245215512, -0.5526090095875223],