{"vi_exp": {"vi_seed": 50350, "coeffs": [0.12039578545152275, 0.12851604683736026, -6.081245533208925, -9.044641332271958, -10.494333173815798, -10.890191119592107, -11.974173182074036, -10.96676821402786, -12.729548733406563, -9.306649112523626, -11.451926078215454, -10.310336676940175, -10.607034941130236, -13.03859004474998, -9.487700530709912, -11.71202295861919, -10.923519776224104, -11.923650654985012, -8.507915259949279, -11.134282400549244, -13.339851585620169, -9.889250209649079, -8.027502316785995, -10.204269506989505, -9.358580466925133, -11.25768662108782, -11.417821025362462, -8.655426434874423, -13.158129388967236, -12.940290259989935, -11.045912473944814, -12.701399903438183, -8.39536283810209, -6.777525281431436, 1.214623187813438, -10.823992631475308, -11.67329972900423, -13.934210502700633, -12.290583137349424, -10.829329363559696, -12.376894453550317, -11.913319850853393, -12.861343337745133, -11.440218415822427, -13.490139418934994, 1.1964169538822214, -8.54544780292355, -12.387571617813393, -10.503728916799101, -10.602428310834044, -12.772962430951567, -12.5926703463363, -10.43255300889928, -10.697506226293969, -8.881024764012416, -11.129910800190352, -10.12475756079275, -8.908327279151571, 0.6637568722869859, -12.874295172847775, -12.025762637054846, -9.809799319333985, -11.875226362489034, -11.687326126073804, -11.697858747235045, -8.910464900099198, -10.891950550219837, -11.831824981494254, -11.191420595386885, -10.755158596672313, 0.5887442041066238, -12.731805548290733, -11.660243166579194, -12.569684444614795, -14.408813318191605, -9.975003532887275, -11.274069865014535, -8.67071165126788, -9.33273011155573, -8.804171923945272, -8.879712946592631, -8.438642807296393, 0.6837340127548092, -9.659783722981672, -10.233821431715045, -13.145290850111241, -10.982705521972335, -9.342808859044723, -13.490473605584011, -9.756110536868137, -11.041414375746662, -9.806405834845945, -11.713719959020246, -9.985823428230145, 0.7547484650492551, -12.513391437476784, -11.261917005705714, -9.322155680056992, -10.790789849414363, -11.634972522286787, -12.039407624164829, -10.378716684661498, -13.50201119350901, -6.976474808043038, -8.742370030142203, 0.7684045556715224, -8.762638391017434, -11.175679351148286, -14.196828594089943, -9.796377885254794, -10.308347395658897, -13.536834571452466, -10.27987500454644, -10.41914881782603, -12.00508095369768, -9.983547958746964, -10.197873503957654, -8.58845669382089, 0.8664886144301625, -9.103678558497476, -7.569020964222284, -9.219519651448225, -13.046337367305133, -9.295235080577191, -11.574513631333678, -9.814743408026233, -11.91497607198825, -13.057627720327547, -10.91600468780355, -10.513616923297219, 0.9445012247013664, 1.9078228258289076, -1.5205436600129132, -1.5496762528311367, -0.5949456147764928, -0.6114020141854813, -0.5386561499210742, -0.6683051552816975, -0.5727938648890922, -0.6361759878644158, -0.4255277681497797, -0.5317338885371642, -0.4918613566613405, -0.37092528411879044, -0.3700019231502506, -0.5944977740173693, -0.4312559977642025, -0.5222714791248574, -0.6623715332375769, -0.632369506394811, -0.39643231808915014, -0.3257689203026871, -0.7040047914715423, -0.4302860586900664, -0.5671591229274263, -0.4721470459777589, -0.3407784843388254, -0.19060964764240343, -0.32845442235842, -0.6503656971205793, -0.4739328644478974, -0.5394235755008174, -0.5247246452050814, -0.5663004819817146, -0.4938724405878848, -0.596715435179561, -1.5465818646961376, -0.4781206221796704, -0.5941651628508416, -0.579053094810789, -0.4353192979884007, -0.5518386858471146, -0.35713155475968317, -0.41986050537223235, -0.4657065000388457, -0.5316359249567725, -0.6181928002659146, -1.5501976522655245, -0.5321775263470572, -0.5251803865286907, -0.4122378601267163, -0.588731910259607, -0.639582124043637, -0.5929434761451303, -0.5358087816900334, -0.43255461757833613, -0.4047734615610979, -0.624755947719052, -0.3872152704872905, -0.5710624773781153, -1.5644600558120638, -0.4520688593793914, -0.5944086244719629, -0.3439471716132874, -0.6241897404405959, -0.4029954826885819, -0.6147310530742591, -0.5446066454753263, -0.5860343746575778, -0.5145851576557384, -0.5051548138963243, -0.622133773394205, -1.558589961398022, -0.5996867995704721, -0.5516952930734336, -0.5817057528584549, -0.48339073354262635, -0.4812697872303854, -0.4651994827708895, -0.5030108773283468, -0.5434323301134103, -0.4378679317240654, -0.5439921125904903, -0.6515721287977545, -1.5837170822408022, -0.5496769961366933, -0.4537987556832538, -0.40739004223156855, -0.4366912584825355, -0.4413892167587399, -0.5892838410635679, -0.49213846091563934, -0.5579021923631937, -0.5382154050969323, -0.42515219410329486, -0.41081843107388294, -1.5381956078914045, -0.5977364961658456, -0.555112680085858, -0.5813522423334343, -0.4464253681128606, -0.43749324331121353, -0.559043948868657, -0.5447639074620239, -0.47692096022243524, -0.4697341163407147, -0.4958660334878163, -1.5604956750313796, -0.47070352515842295, -0.5010459120941086, -0.5312967290345364, -0.5274564318353102, -0.5279781141181014, -0.539263498537673, -0.5335063337981433, -0.5990935276691574, -0.5121199952348955, -0.4778449871412496, -0.2854265720033366, -0.4220168301822874, -1.5379613748806507, -0.6107934790599471, -0.6014154081181993, -0.44517904671001474, -0.39996001849598767, -0.3855808131300015, -0.6181834749648017, -0.5079628316556105, -0.491278627701592, -0.48887328256303936, -0.537957996757527, -0.5526550171242353, -1.3616988759631943, -0.8777317919572081],