{"vi_exp": {"vi_seed": 45433, "coeffs": [-0.9898223993408521, -0.9957907969094133, -11.519886064460563, -11.236984717514622, -10.257660370248473, -10.411630345585912, -12.05950892874299, -12.795175697444312, -12.592825015808353, -11.673300712454122, -11.570728930821875, -12.047241851516693, -12.861516751240528, -11.24913002201511, -12.609814640435758, -13.009021151098041, -11.03629446150948, -11.639842253147634, -12.775676205129688, -12.762781095529904, -12.022673264800737, -9.988574749479943, -10.485786461296758, -10.201927025971223, -14.643291614030232, -9.019443495078399, -11.96308522690107, -9.665866579158184, -11.697884532924519, -11.33995011381121, -12.049070341551756, -11.476446015366992, -8.364865896372589, -10.715874957556219, 0.2738928338999308, -10.358654613893401, -10.884384507396692, -11.305865579717977, -11.646258251188607, -13.3357412405091, -10.026746596350387, -12.088211424693986, -12.035206472882683, -9.551017997947454, -8.496495815719678, -9.375586774199002, -0.017407172273360697, -9.46387937392059, -9.987597325346814, -13.39004438874555, -11.890332515803054, -10.572642445286967, -12.580446324220159, -14.359490189218802, -6.7204050864160125, -9.844793227001372, -12.532306139699825, -10.851946403952777, -0.13938085245075155, -10.993702745883848, -11.990791930963725, -11.592646572520355, -11.511909677217748, -11.236765086084706, -12.815398570907607, -8.244837961264075, -8.495068648491767, -10.932559610957687, -9.4176073554257, -9.523512812350464, -0.3305159587119318, -11.697984452330926, -12.113074775424465, -13.083469030385517, -10.293267933329338, -10.764430285712232, -12.298734568513375, -9.596944060484734, -9.882784319494405, -13.361097475215393, -8.822233387985067, -11.82873973212302, -0.2957813540646516, -11.545215022553592, -12.960010044940226, -10.3959259908846, -10.939226476469075, -6.288049097678337, -10.690766023136542, -10.165482764501, -9.885720519569762, -12.7738673199179, -12.830742174561893, -10.152911196839266, -0.2161592262397191, -12.001841442149281, -11.080438552431207, -9.875725678409733, -7.143527357023368, -10.412161761390891, -12.545231694618995, -13.900684722820401, -12.179449776710781, -11.702353335313235, -10.134637228519377, -8.075525320354187, -0.2586492083334286, -13.250504077268092, -13.02576665053647, -5.780240434661752, -11.511090358795613, -10.001708633198646, -10.957609205760575, -11.16603580303521, -11.472474228630986, -10.810156574593549, -11.789142608464749, -7.647668608439249, -0.13814935930249625, -10.539854996838248, -7.0865409734603055, -9.212422407765974, -12.514606077241035, -11.863743763154416, -10.417289276245324, -11.03828985134376, -11.438444223437294, -12.423227760776598, -11.837126853926794, -10.757030583679972, -0.35705171064649366, 2.8556588268444436, -1.5581686736382663, -1.5669647964035365, -0.6138903716867142, -0.3429327913751859, -0.47620375541190135, -0.562831740240463, -0.4751924132842366, -0.5556407577552538, -0.5632277509977476, -0.3901042827487642, -0.5291431751813253, -0.46904919201408274, -0.4367776414484472, -0.4007591287571229, -0.5121210582117586, -0.49134265213131106, -0.380869462164349, -0.5196644596833075, -0.5466100947527026, -0.6283832027552547, -0.5369522281577146, -0.4059257710595621, -0.5871954557603063, -0.5181119072508739, -0.6871835189693428, -0.5431110378065408, -0.5703755730909496, -0.514188448354717, -0.3774790926052835, -0.33892440894874515, -0.461800086911915, -0.5998218587524958, -0.600201367272983, -0.49406740616761224, -1.6053865495878117, -0.5307688453660672, -0.5733924742726675, -0.5646148526275364, -0.5371523996751439, -0.6201061837967576, -0.5447913748091575, -0.404273349015368, -0.4817896309379075, -0.5871551369629112, -0.43760371161027994, -0.535176744952919, -1.5389417607301124, -0.41417292584101373, -0.5607564163153571, -0.5870894342415895, -0.37614976928025856, -0.6177098635565808, -0.305089257502774, -0.6016813378020544, -0.4346285526321125, -0.5400629598267772, -0.532892955653835, -0.5078143680696724, -1.5601866168189678, -0.6938597973016993, -0.5913458839586018, -0.6360093711100058, -0.3820542465198055, -0.6983072058955885, -0.6249608911954357, -0.4787362143927132, -0.46714905120250966, -0.5468686472125158, -0.5846233934468672, -0.5777463987372904, -1.561617654050961, -0.5260156105207242, -0.6517420493265157, -0.29353084113984146, -0.39895350250646694, -0.5254343458994004, -0.5760125957204343, -0.42743068808810003, -0.5901525969160598, -0.3879546420453675, -0.4975633720484973, -0.575100695987827, -1.5759633917515052, -0.5996205940587873, -0.5547125496922178, -0.4868468245025989, -0.5257908632645891, -0.3264203645993491, -0.4870458282843078, -0.48404568322523034, -0.5699548808408762, -0.4130998986995799, -0.4973838117683079, -0.6189313299950352, -1.4740242832013564, -0.5116680710939916, -0.49040024976829205, -0.5840616683718632, -0.4447359791039073, -0.4621787831394444, -0.6821108207462067, -0.6010398043757296, -0.5085892533438383, -0.5917713662071941, -0.5191149052223927, -0.3263025374127601, -1.521787241899963, -0.5962336123202893, -0.5612562482748005, -0.34416569847183903, -0.4725978384231784, -0.4365500927228506, -0.5115013489378168, -0.4839771280047598, -0.6012664375768028, -0.6535899457197957, -0.6354427201405329, -0.39347469980488975, -1.5273417541660834, -0.3534268867027875, -0.539564657255091, -0.47931464763202103, -0.6284355029454131, -0.6045659808814615, -0.4782201615526382, -0.6338250804098285, -0.4790696953393219, -0.5069525163895156, -0.475831299934436, -0.4927029238480035, -1.253204288040491, -1.1978145882406803],