{"vi_exp": {"vi_seed": 11238, "coeffs": [-0.20540019046641303, -6.245069421103139, -0.21195227726540455, -11.821787081318364, -11.333017132442077, -10.444957474136148, -10.11689498941309, -13.311847163902547, -12.196903029260238, -11.85308281423963, -12.751259159360558, -12.81236142525281, -11.444497431749168, -11.367496745502118, -12.597358581080629, -11.17781396697171, -11.37322969351881, -13.309050479507947, -11.753209951479384, -11.217854932569008, -11.4931149187752, -11.251459773385015, 1.5602740002482856, -10.267725747991221, -11.034000305149812, -13.39353157423275, -13.01996289531857, -12.107112749069374, -12.18505888297286, -11.03880032140562, -11.506344424223757, -8.986790584062433, -9.311799788699325, -10.369652108956592, -11.380074792486214, -8.739343043752653, -12.487223019688601, -12.52028849785032, -13.184747773582188, -11.650106083430819, -13.11868571852796, -9.438478687141252, -9.387687772271873, -12.418836999304188, -7.6890706956942, 1.0422470581760592, -9.053175831640283, -9.837585446926767, -11.945401773183383, -11.984495859643243, -10.97272822513646, -11.005419541331667, -10.621538371330333, -10.412817713635702, -10.436451631363422, -9.162945908283518, -10.654965798342042, -9.117775985579561, 0.43609609476410616, -11.265558410394892, -11.196584389440861, -8.445612135183415, -13.499119133338382, -11.201667639689152, -12.890190265421692, -10.308082185551756, -5.411802752832296, -10.221738656107398, -8.920128855020085, -10.814010795853394, 0.37486612760997806, -11.991676990901839, -11.238097507799814, -10.661060651611457, -11.494077126224049, -12.404856161019898, -9.484266422212292, -7.204079990784707, -10.448299925186166, -10.302762800898323, -10.466181055662135, -10.277949900406085, 0.3940348829320879, -10.084785339557278, -13.374562979802946, -11.552624035228666, -9.563855387038336, -10.114780082696829, -11.499922364011828, -9.339144902368535, -9.964165956641216, -10.71924454306099, -10.29290151437065, -10.272634224600345, 0.5097899518933598, -12.069561517504136, -14.182728998079746, -12.281107988838055, -8.144907035811935, -12.757463350171152, -11.510396147121462, -10.85192243600965, -16.098786605370794, -9.78865109778384, -10.740987744097152, -8.276909485048249, 0.9178705531618273, -12.366061257062494, -10.649426237940332, -10.325306260042098, -12.024999898904992, -11.179872443930039, -10.597268869946184, -12.990735516176008, -10.62547613197358, -13.178109331009777, -10.461524452233352, 0.8982757259246777, -11.393455263056405, -10.928180820036395, -10.56974204977819, -12.749433695898828, -10.23363489529792, -11.440682065265023, -11.916124514227029, -12.000260475644387, -9.841094637567327, -11.586027609731337, -9.747046187396476, -10.332460237270453, 0.4689985376553688, 2.064407495496301, -1.5686303228468792, -0.4610969163092477, -1.5353652557353619, -0.5769355897621623, -0.5910976603548859, -0.527169548086252, -0.5417546107395432, -0.6367852799315274, -0.3941933668367849, -0.5214480313659073, -0.5129483374454781, -0.6045252822957243, -0.457204460003332, -0.5951274407961754, -0.4701047612034611, -0.46156325374625323, -0.60797251255373, -0.506054846515914, -0.5720567842680235, -0.5509221474455802, -0.3480406760533913, -0.5966733136226997, -1.542015155796673, -0.49371188086084805, -0.48185789517965183, -0.3955501983127489, -0.4600880191628272, -0.5187588115345662, -0.5599710607956272, -0.5215480298004905, -0.5941459220753931, -0.45011526670429447, -0.5363265163007574, -0.5427672376677879, -0.5748711279620309, -0.43776552870120733, -0.4667281608792847, -0.5067269676825201, -0.4118836712762071, -0.48716807814821456, -0.5918705526690992, -0.5906616517136472, -0.6107786317277798, -0.5289444413784538, -0.5371928990643586, -1.5278145848548634, -0.5183021306390412, -0.5267054334255759, -0.5724385214121699, -0.6005574403933205, -0.3963138774723443, -0.4143960123347236, -0.5840679147139015, -0.5722204500612763, -0.4200534416913301, -0.4933692309857003, -0.5832269636630447, -0.42803250981064744, -1.5249811754787521, -0.5205600019218114, -0.5977111761997731, -0.4249855010289829, -0.4658286617642911, -0.5683996103110812, -0.609272089093106, -0.4522352488677373, -0.4744551286537177, -0.5096546953316563, -0.3804785093813705, -0.6191402666627267, -1.5671717775611609, -0.5520111728285233, -0.376361199352428, -0.5240012718651338, -0.4750630257466098, -0.3972863281531263, -0.3715237491906983, -0.3911781459328412, -0.4246627284209111, -0.5365477897484161, -0.510565420741603, -0.5880578324731243, -1.5293133763607827, -0.5229617490002707, -0.528301028919736, -0.5377656550738581, -0.6541141476477738, -0.6188145343191374, -0.524233932209496, -0.5586253251147167, -0.6562969859639528, -0.6000795585905521, -0.41660391581062817, -0.5517776531637315, -1.541406325353339, -0.36776502961255336, -0.6281431669825868, -0.41656352398538116, -0.5549801653587195, -0.5437735881922132, -0.5782736384072551, -0.49814555211226236, -0.5726782844491309, -0.5241947763231243, -0.6184240047143532, -0.4519780878245823, -1.5041007229641796, -0.5494576201230447, -0.3570873737192082, -0.5445449217148438, -0.6953393755699276, -0.4292832327070171, -0.334328011960797, -0.6251189917446336, -0.36198409164352574, -0.25826379982699954, -0.48724471361237953, -1.5408414285933056, -0.5660497722897994, -0.3397686913726189, -0.3466691526920384, -0.5502475359185153, -0.41774923783134066, -0.47030584540389186, -0.5295399745294462, -0.48796309479470745, -0.32591481833232955, -0.5193430251618603, -0.5017944522798028, -0.4848147719822814, -1.273111092182572, -1.0216143132172997],