{"vi_exp": {"vi_seed": 64032, "coeffs": [-0.8227632201486157, -8.840150807668985, -9.94118354427699, -12.722892953477949, -11.687670718813449, -10.321259651775627, -11.428504279288179, -11.370175879121586, -11.133669710599191, -11.413352105804723, -11.102597664718658, -12.529160068092473, -10.988399861768851, -9.270893067413562, -11.705375806554864, -13.178853586425266, -11.622383328618184, -12.51085665650142, -11.008617614461478, -11.830741348775927, -10.864225744585415, -11.37469866346368, 1.0293669743559715, -10.688875588435389, -12.350091274846516, -9.188636726908651, -13.432014464419401, -11.786058381445914, -11.98097429234614, -12.504069019488318, -11.747698585127562, -11.370145543588745, -11.399987024820629, -9.77427716931952, 0.4339995009759518, -11.544621348258206, -13.079954768699984, -12.34468970256802, -10.914188538154985, -10.070463214303322, -10.452804052150928, -10.714609346619515, -11.012353979773428, -12.203972732662713, -10.294352792447832, -9.343765947032884, 0.06772766846265595, -9.705187190637925, -14.163559236218259, -15.025075082053828, -13.466329254640842, -11.339796883733824, -12.50597759568643, -10.077048935092982, -9.136924179910865, -9.823624412669004, -11.16112077942875, -7.576919116882019, -0.11933253907640905, -9.922220785338622, -12.516699572420627, -10.350849773378023, -11.139888014387347, -12.891951624499905, -9.412904184498034, -11.655088862101868, -11.639999826573941, -8.757293889446554, -8.985939447850654, -8.140223660290932, -0.2552580951112882, -14.371003694518558, -13.597253985375216, -14.170184115317994, -11.079410990290988, -10.659174047340073, -11.28967585510723, -12.372250829924944, -10.16601507355251, -8.80773662150005, -10.368319605199847, -9.886893937465718, -0.21913467414952928, -9.229416319129136, -14.143166774024396, -11.123216667784279, -11.032992704986262, -6.665988090563166, -9.042969394732095, -11.369129927645282, -9.669342899966379, -10.10521924346813, -10.559272925653286, -11.933921939232391, -0.09789874799669744, -11.428349472460313, -10.874908526272598, -12.196856513250976, -10.89921708755998, -10.754935317638797, -12.173034022511832, -11.591190068673331, -10.902420377155966, -11.276255906031844, -8.927571625617, -10.974467553191577, -0.07150664606182142, -12.209364254039292, -12.495926326912379, -9.293351948290493, -11.4419362356808, -10.051612488523363, -11.6249691130698, -11.232172936757536, -12.761216687619447, -12.348843261979418, -11.45880702643288, -13.643484509893899, 0.07315796198734817, -10.88390029862241, -7.82400799035755, -11.20802789050126, -12.439996107563733, -11.29118077180024, -9.71421029024299, -9.812963521691291, -11.737505334321794, -10.928177710344247, -11.061555432600864, -14.1746436502054, -0.008650590371122221, 2.6144439307192355, -1.4945663967853173, -0.4823191233614282, -0.4839572844408199, -0.5003475166527536, -0.4201391549356178, -0.4555792009979388, -0.5674443216004712, -0.38670349459111486, -0.5088629593212339, -0.5169987906612264, -0.38784267348751944, -0.43212996705182044, -0.7195059880398301, -0.6035448846419597, -0.42275370274667684, -0.46634830199816124, -0.5221152303765311, -0.43547600346528964, -0.5373109366044821, -0.5728680986204518, -0.4990364798984945, -0.5937552659245364, -1.5129186448363645, -0.32299859387525204, -0.4922717354141409, -0.5659425801754575, -0.5574766967994214, -0.6318301498254049, -0.5365164624575058, -0.6595296927833872, -0.5965611256463045, -0.4972812167649365, -0.5570154770325784, -0.4348703594364457, -1.5369565021620715, -0.559855842134354, -0.5829692134334742, -0.4470125514912854, -0.4630522133722273, -0.4335455367403718, -0.48938330542691544, -0.4721747302293492, -0.4567402923187554, -0.5355233759483479, -0.3745158893259023, -0.4558809059761168, -1.5429828038717703, -0.5096778191074626, -0.5704786357927165, -0.6113316125225093, -0.4656967593909715, -0.48608832007801894, -0.6970854568524809, -0.5286833572919231, -0.6123890469903996, -0.7338729823772263, -0.46006050082440375, -0.43335497111587395, -1.5260741059438971, -0.5660715194356327, -0.36923331364622053, -0.4421984792827653, -0.4969502645999441, -0.5145862590358876, -0.5256008626573622, -0.6159861341441041, -0.5206361109752359, -0.4338498122731775, -0.4559292302814987, -0.35161298068103297, -1.513936982485888, -0.5907841545674152, -0.524554584709617, -0.4286029196074314, -0.4240125760350212, -0.47428258177840676, -0.5264703043687905, -0.42907989965645454, -0.50693132760032, -0.46201224916273176, -0.6299611467250159, -0.555359200609395, -1.5465881952186407, -0.3922442742473478, -0.5660389817385847, -0.5161174962552628, -0.5962889958589874, -0.46165325972736443, -0.4755859729349038, -0.5433593115528202, -0.5069351289533649, -0.5642737793368264, -0.46331601504484915, -0.5327281223471851, -1.541040132131923, -0.556852062919641, -0.44293760594635995, -0.5746381553747293, -0.38100445491070695, -0.5032793140719499, -0.6355094969253002, -0.4362357886992497, -0.552641197603447, -0.5792880299794079, -0.43959562884514247, -0.4904021080991817, -1.5544456076499895, -0.5901823013036553, -0.4625890862562176, -0.4736207900234145, -0.5557506351765354, -0.5159020470577527, -0.4875902058302739, -0.45880537381246195, -0.4732483226668915, -0.5160950021597198, -0.5668764681099496, -0.5319034291246804, -1.5398518076596712, -0.6516906267972805, -0.391100698705799, -0.5806779980095425, -0.6662900280568739, -0.5805659299479756, -0.47889933349060354, -0.5821183311225558, -0.4970117495287208, -0.47738049170817803, -0.5575470547956389, -0.5717015892747918, -1.2333636568852502, -1.1425364140548138],