{"vi_exp": {"vi_seed": 50222, "coeffs": [-1.386381276433416, -11.07790767434399, -12.102523799676895, -11.564006010658156, -11.42773540563089, -10.881861215645472, -11.415302849278696, -13.582206721444827, -11.1363846977535, -11.538620057315027, -12.174533340145077, -10.79267299494598, -8.02525687711811, -11.559452851078804, -13.463642400609311, -11.672771429261514, -10.640010629468126, -14.808433129746332, -12.655328871729893, -14.21288755207359, -10.514917919947402, -12.650101273942028, 0.6035834326112756, -9.770106806520863, -10.045430126227584, -11.100699192485335, -11.987691172749429, -12.631738289176532, -13.66836344853776, -13.18327200288194, -14.073814620414945, -11.588959688840012, -10.440596424150042, -10.253605885552597, -0.05108752580816138, -11.76227744830882, -12.416850385156694, -13.49125848793277, -14.661564733585271, -14.213010188890205, -10.989327195076482, -11.17321493375535, -13.846630154613688, -11.070878691905088, -9.083676856789848, -11.609357191859534, -0.38733042725365807, -12.94376221291981, -11.958262378548145, -10.099986475985306, -11.520335271770916, -13.041446799612661, -13.661591308796641, -12.405217493722867, -11.296354174177395, -12.120359101629912, -9.71585921908831, -0.4123676388293385, -6.702062574533115, -11.454456766648622, -13.094146880151824, -10.700858804015548, -14.009003854674614, -10.833962185689016, -10.638531258510135, -9.834311493511889, -7.710767272056857, -10.407672513900074, -9.496482764123598, -9.636584056101421, -0.79903429855132, -10.941261216611442, -14.378736730246024, -10.93226631792861, -13.297660363390964, -12.454571286361588, -8.950662093870859, -10.197968978097768, -8.943870505565958, -12.512637256663549, -10.643448088859541, -9.8569267739284, -0.8956422195339028, -11.026309123185117, -11.078218023046713, -11.975977637553239, -10.080379063955206, -11.0460242260678, -11.187478391434261, -10.369524813601911, -10.114960870139377, -12.297272286865638, -11.561504838323502, -10.000309918862621, -0.9515476885318546, -9.620227512666572, -13.608828625594574, -12.56706516799558, -8.317904005366344, -13.098147861740909, -10.242435133867874, -15.37046592430928, -11.151983599974214, -10.352172456800789, -10.436576262395961, -12.490739240977856, -1.034783126694668, -11.187817407888215, -12.845145197725204, -7.731731164505738, -10.45543252933347, -11.33485434515425, -8.961689940755685, -11.265607275518313, -13.141968969637723, -13.500057398286703, -11.031073184480409, -9.86091121228079, -1.049870525776554, -8.956739496440367, -11.288657434773613, -9.93676518418593, -11.916279705563273, -10.675985942771323, -12.973761707238847, -9.459253675010237, -12.531296273015496, -12.374611393487822, -8.234735988172364, -12.52229438401781, -1.0241049905388462, 2.854785570508042, -1.5338966159171594, -0.5654826471163558, -0.6027615869229028, -0.40598977345434223, -0.6049507702415471, -0.4697280180076347, -0.5480050776225351, -0.605011381128842, -0.626452768413029, -0.4329908743060639, -0.5305419335785114, -0.48633449054431976, -0.5271565043041486, -0.6042986614855904, -0.49630620790623414, -0.4930528312988508, -0.5203721571562953, -0.556452374470436, -0.4129070355683455, -0.4335619112984925, -0.5055760392808476, -0.46189772669478074, -1.554209147163112, -0.3920746869434707, -0.4001163897887529, -0.5504365510568539, -0.4436792769564444, -0.6238583615320875, -0.5695754404675326, -0.5586735450789092, -0.4783856024077167, -0.4255187502470956, -0.6286106679532775, -0.6585378659606399, -1.5450923443878237, -0.5373317941718763, -0.6108464067837858, -0.5477057597527035, -0.6088098930899819, -0.483719583855292, -0.4777175985171668, -0.4911402252554479, -0.6615018338303091, -0.36295181535792165, -0.56987038397143, -0.5462950609310318, -1.5225647838069818, -0.4790370875020217, -0.4544143294942291, -0.2947497705830151, -0.5139085501190815, -0.441026190134665, -0.5327542939660062, -0.4258435280405427, -0.5783429802358079, -0.5527371196657432, -0.5574593154306123, -1.5639550169886152, -0.6433850814527868, -0.5801554573671923, -0.5261321605585528, -0.38536689869677215, -0.49222073495051294, -0.5091723014767371, -0.5881959306072353, -0.5427264601766811, -0.5065087655461592, -0.4523389390345048, -0.49000339118315517, -0.4196143264833801, -1.5645425614025459, -0.4713450418126732, -0.4112750993512117, -0.5484829996946093, -0.5510119386195704, -0.5233186822144692, -0.5118351023744286, -0.45928466080809893, -0.5150245790862442, -0.5209776466431039, -0.4262189912348229, -0.5836896340840165, -1.5310506149790812, -0.5002895089394274, -0.6007502505879669, -0.45673145904602147, -0.5206405821414936, -0.43958411955179105, -0.536165080520685, -0.5884965276149636, -0.347271094871789, -0.7077100317768151, -0.5559426420654723, -0.548429536381455, -1.545767876181793, -0.6292976404564902, -0.5900131453355532, -0.5107063801808052, -0.5801764243861104, -0.6336777826816136, -0.5410686472799785, -0.49576338255762387, -0.5334617712005792, -0.5367291116023574, -0.4961941966507244, -0.49499064555867134, -1.5451255123238807, -0.3309741849378347, -0.5340284351669572, -0.38670007094547376, -0.38327094553884433, -0.36401573340346643, -0.4561586158100143, -0.45588579567355214, -0.5741222240259365, -0.5154534929917702, -0.6428628261242294, -0.3965262494283921, -1.5134849062724123, -0.45016050897158777, -0.31800514481326136, -0.5286661368581187, -0.4014843186854401, -0.5197153503933196, -0.5582562117389677, -0.48281368931260316, -0.6091336742233535, -0.4574126155942349, -0.35032755410322824, -0.6534611534862805, -1.2830592258363291, -1.2225484737079753],