{"vi_exp": {"vi_seed": 61029, "coeffs": [-0.7707776085631668, -8.915377804048736, -11.74095914801568, -10.389165687033131, -11.969369485742808, -12.446242321016388, -10.836861006377225, -12.882620778146084, -12.977681910003522, -13.797110784374137, -13.089464285061371, -9.567116632764073, -10.449809940044139, -11.773938280750839, -14.37516294090807, -12.144412655274383, -9.799677565574296, -11.13862923006315, -11.208076185887112, -12.90796180736912, -10.456769244339943, -11.321546163495006, 1.0424333042485758, -12.244334394381516, -10.238084467996455, -10.998599020516101, -12.220547383057724, -11.981353723320824, -14.720413863873418, -13.167582080662024, -12.33802612199223, -13.563235757486172, -9.728046902424701, -9.782725106445564, 0.4753251245832079, -11.134509160378391, -11.530259550030499, -10.770870388652595, -11.104133030371948, -10.77351981708011, -12.144168702018494, -11.709657277424258, -10.260011470248706, -8.254106359624513, -9.814279443706905, -5.5942987136472375, 0.0516186938388935, -12.998344529845065, -10.405138692346661, -14.261873082185673, -11.31277528288473, -11.867739485985611, -12.397284370916903, -9.943775559836743, -12.254223307040117, -9.752095261110783, -11.24196881450239, -9.261622285171047, -0.09359071816000154, -12.61437996089361, -11.499986239786379, -10.339637979603147, -9.805298722024567, -11.07232201788293, -11.808633977065737, -10.467431920904906, -9.920517298128402, -10.531283978167759, -9.848045376735566, -10.882162380483628, -0.20173585022060447, -13.887488116395348, -11.537667242088673, -13.488338703733875, -11.227263634308066, -10.589223463871564, -10.678226807137486, -9.51770347729226, -10.257339062337744, -8.910338382793553, -10.022776981880137, -8.717049095431163, -0.23391228296849806, -11.282391992648465, -15.45060053369741, -11.60448347473006, -10.19892048692364, -5.567697981756985, -7.996009370270272, -12.650706441183257, -13.741029154295086, -8.231385021952564, -10.90883605436583, -10.210869797574174, -0.058630751966065625, -11.652092295190158, -12.93249120352588, -11.811704725056636, -8.686925251625745, -10.958942039106537, -11.290605362703609, -9.421939999108531, -12.433025940259212, -8.781119428253582, -11.286533884092481, -10.355242996835488, -0.06791380378723548, -11.108266052952544, -12.661351383275667, -8.991845910185214, -12.56084987203875, -12.201380897882899, -12.884433163706083, -14.072725551797015, -9.988865518530753, -10.706872041567681, -12.206171126269203, -11.469998209702862, 0.08687188288803704, -11.556577649730276, -8.988889445120947, -9.398376185750912, -13.666608968121018, -11.924699159821762, -9.338835052077055, -12.880001460422843, -11.465301038217019, -11.197181413683385, -12.100051269318302, -12.82959542041043, 0.028830403618732996, 2.674300553456872, -1.5606020551598017, -0.49506320756359706, -0.467398136897437, -0.5187219583540019, -0.5957191300187533, -0.49625110305606757, -0.4052882548276667, -0.3941863984338587, -0.5688101843106522, -0.4288288399245449, -0.6171746359125333, -0.4542082461323494, -0.5538194028219509, -0.5289280695761136, -0.41474999522496203, -0.43286725356412065, -0.47136536785124605, -0.5899175952239384, -0.5180268992797258, -0.5202023175538671, -0.49252755309492485, -0.6426425253816993, -1.5146271968273612, -0.3894903774319786, -0.47591674172477577, -0.513882011386454, -0.6343456780513254, -0.5350025336428362, -0.5329086194313201, -0.46141592486414407, -0.40572214426100023, -0.541158689479347, -0.6699720171785014, -0.5518417713972389, -1.5353222616201145, -0.532529423401922, -0.5574888673869317, -0.5544612872829433, -0.6316015123080989, -0.4597309437066444, -0.5194861967993875, -0.4579677157256947, -0.46487367677681557, -0.5059335172686149, -0.47804286355866293, -0.5605192996636738, -1.5752605452147386, -0.4791401919737234, -0.45035514624812306, -0.6071947227485516, -0.5936313285911117, -0.42873796632303557, -0.591955104839863, -0.4984647829210732, -0.5198565723312789, -0.625061331423815, -0.5434221319116985, -0.5274389532767956, -1.4802230805306544, -0.5198476341055541, -0.5308441231845084, -0.46400127599319335, -0.529205866930085, -0.569179265129711, -0.6567900661480245, -0.5398709595545559, -0.6260642981700849, -0.4749305367016799, -0.5426825939855723, -0.6693789443379192, -1.5259544224590738, -0.5888954857292982, -0.47438711272398715, -0.47559067610554, -0.5745508019500674, -0.5379089872074135, -0.5317265088383036, -0.4454543576677995, -0.46290012263874775, -0.5969057935742118, -0.49052116911947, -0.439656490263055, -1.5520334641696136, -0.40912876738072407, -0.5361157395599591, -0.47719276086261886, -0.4306341131097436, -0.5192737447883812, -0.5447766830599452, -0.4738882380250441, -0.5851159288793255, -0.504661791187698, -0.5237384687567266, -0.5181064562855592, -1.5379941658604934, -0.5301126952642167, -0.5586502583678904, -0.4433079325104227, -0.5044004125799302, -0.5087119876890931, -0.48672859027597176, -0.5751063177925574, -0.5506463610753175, -0.469279661407268, -0.48010725653137204, -0.4705298133383919, -1.5326593889181999, -0.5373626097026657, -0.45968505912136304, -0.46376964949922045, -0.485818208957893, -0.3314417566463264, -0.5283551052721185, -0.46592656112555575, -0.6005422729378654, -0.5389980378256378, -0.5474576786495389, -0.4549687892688651, -1.5621998689815293, -0.42258743089606177, -0.5439628900236783, -0.4141788384084839, -0.47785853859834654, -0.49703183760472675, -0.536837223956897, -0.48072836382661205, -0.5736675371864784, -0.3842951582637094, -0.6195814747293774, -0.5227643092318286, -1.2686015570702434, -1.1876677796869541],