{"vi_exp": {"vi_seed": 22116, "coeffs": [-0.24158733139457828, -0.2594666848686246, -10.498900560016889, -10.667079848073737, -10.637231666145176, -10.867609033117157, -11.320245334182415, -12.100040436726568, -11.040920405860822, -12.728021559849402, -11.224762091612737, -12.955825795961958, -11.943315184954672, -11.391176137933943, -12.288226413687829, -11.701058543863256, -11.980599696838283, -11.394130875150864, -11.548526040520033, -11.36583990689224, -9.409918207434972, -10.336878367292124, -3.4013445335476638, -11.034683278316763, -10.53647124966701, -12.154470992944784, -12.082111599900879, -12.305097317317658, -13.404793627665493, -8.341530950275988, -12.310749964719372, -10.965879472610839, -10.438681162333058, -9.09195914851851, 0.8792944389969298, -11.86953234260356, -9.281015898740337, -12.170307512919404, -8.20305778714171, -11.209377544331206, -13.594165617891653, -13.104857632757552, -12.606302475933838, -8.853503673378494, -11.556096512922117, -11.408867388092807, 0.5449104745849017, -11.982156087655625, -10.525133902175812, -12.597442959735513, -12.597116097064784, -10.223954208501537, -11.58577790638362, -11.588964766717455, -11.104478246505323, -7.912333947393284, -10.092233708933453, -9.024384702884152, 0.335271381845437, -10.485648564603908, -12.585650232320807, -12.52306817997642, -12.103058309832646, -11.38570255108544, -11.603028714389412, -11.57226060511259, -9.357332981786515, -10.9884106482636, -7.263712685899815, -9.72814100875926, 0.2461181367297918, -10.437843210203589, -10.815649405785113, -13.540039377899463, -12.247120622605761, -10.844860109681385, -8.336924400895487, -10.406529721976597, -12.466295764162512, -11.932142899184282, -13.584266142699434, -10.033971715311184, 0.2263113138911744, -10.671476130020483, -9.313158002929384, -12.93782365864395, -11.261592381580137, -9.487324237117338, -11.24059682422096, -11.821294484636491, -9.683746533149192, -10.196670746678898, -11.489683017499866, -9.259479920624942, 0.330156528262677, -10.825188665604244, -11.374414650219355, -12.928435535205363, -9.418621876587132, -11.862785347855752, -9.857845274214704, -12.825297723663105, -11.533689286587256, -8.619573559495013, -10.757146014268043, -9.97018600030218, 0.6111131603417896, -11.973064671148107, -9.4628565414191, -12.119244696260882, -9.732842711381224, -13.365837055921943, -9.335267597919612, -11.228001332158472, -13.222210397029118, -9.495115688055495, -14.00128603032386, -12.206961118683349, 0.8070376063767487, -10.042874174506519, -14.687496491955217, -10.560730164556734, -13.013396235722329, -12.322207952497308, -12.717663758589172, -12.84280287745844, -10.905090945833809, -10.46081038015331, -14.110621724940266, -10.417296330182776, 1.2648054221867056, -7.909064210487407, -1.5050431222950962, -1.534982000148785, -0.5272656445611614, -0.530188535354483, -0.473805645461427, -0.47048653404599616, -0.6536654946399132, -0.4856045271219145, -0.5662796655417789, -0.49945942363567325, -0.45179416956713686, -0.53006755475869, -0.5167963314873083, -0.6051446470108254, -0.5664780177865598, -0.3830599548676402, -0.4567679115829764, -0.45248818197410456, -0.44893290550261294, -0.4778299814621992, -0.4726655096373581, -0.65971538073672, -0.5673501694950067, -0.5171533463077471, -0.544201876270666, -0.608795483863419, -0.6062972872545783, -0.5986052232121549, -0.5872322158389404, -0.5311908385660757, -0.42158548918242295, -0.5044758613915952, -0.5878612311067449, -0.5032728291841584, -1.5758783012993363, -0.551031599591136, -0.3925196867521197, -0.5444637792991768, -0.528755934938191, -0.5175051279613241, -0.6283009270024053, -0.5036783495831018, -0.5930126009870009, -0.5440596877327899, -0.47645883829113694, -0.5723731989534303, -1.5183182060598563, -0.4766113426126988, -0.5346905384488735, -0.6205296863491266, -0.554560740399769, -0.48753236805223477, -0.5310688499018007, -0.4450391056312687, -0.5101256498808183, -0.4908492175102788, -0.46887637253032305, -0.4903688309011276, -1.5325262129385437, -0.4845630224965067, -0.48920702870005944, -0.4464918481379979, -0.5738354015018272, -0.49319260182017466, -0.5923411349965451, -0.3794022692263261, -0.6009201817655039, -0.5342755376847951, -0.3587491009146308, -0.5808654483317709, -1.5402436964901427, -0.641822756992966, -0.3437988599934788, -0.41077219551371, -0.4360033920477528, -0.40619196882626746, -0.46094825453969535, -0.4441657587758255, -0.4626695098201435, -0.4761679309680516, -0.46642836020332695, -0.35462700986687645, -1.562480365731952, -0.4918780988294474, -0.4558170699384924, -0.5868080926534434, -0.6540130937382914, -0.46691796602091606, -0.5152483292724053, -0.44595904505280465, -0.45659872427287534, -0.6218023840304338, -0.5364340787225593, -0.5041535032417032, -1.5520575262435727, -0.4001075989118747, -0.5153538755254491, -0.5559419236622054, -0.3981521966482606, -0.45305711391249925, -0.46177760422486863, -0.5748133763637556, -0.6001533157218745, -0.5047811477309162, -0.36875194560801655, -0.5043761544219539, -1.5615669890896697, -0.5334986498330446, -0.5275441653874694, -0.6671109465316124, -0.4545126324647205, -0.49032509044778694, -0.46978175969646596, -0.31047519867989853, -0.4987103458666695, -0.43455146774947223, -0.5084463946051707, -0.6223073475394139, -1.563263337211452, -0.5131117440492359, -0.46891545303428755, -0.45728726971242273, -0.5634129605514416, -0.5583969424832878, -0.5435753293354308, -0.6699246617042068, -0.5016936504830375, -0.5288484285151691, -0.5914256923870922, -0.5524380418077228, -1.598475593406756, -0.5118034461558333],