{"vi_exp": {"vi_seed": 17139, "coeffs": [-1.095976110093552, -10.43001913696176, -8.643952429605058, -11.774184921908448, -11.304348277632268, -12.127716988342344, -10.62037558419264, -9.629096904321512, -11.689617020473625, -10.679729346361675, -11.004025219686357, -10.3381093726475, -11.333662734662429, -11.998768506428876, -8.947324187984059, -14.718300550227827, -9.911288687365154, -11.077020594308934, -11.222091841204177, -11.569178686739058, -14.064419470072597, -11.936647320943182, 0.8145263033995035, -10.740971261130134, -12.072876706046078, -13.412384205843749, -12.03887900443316, -12.921675192014732, -12.597089104819466, -11.913504806098846, -11.66202200548018, -12.877531465152044, -11.229563570937332, -9.192911355308407, 0.1544740581207956, -12.742493889834455, -12.550167002386862, -13.440901772368267, -11.374208382728527, -12.07591912313765, -12.35795814427994, -13.091056296796172, -11.753219159977965, -7.590482760858729, -9.698677013942852, -11.606794614756884, -0.16436918518998347, -12.50293589077013, -9.388698761107523, -12.388057692039512, -13.959782935992964, -10.103472774402675, -11.19002022478395, -12.792250736032743, -9.227472583739734, -9.344048077220325, -9.103281938685104, -7.699138233475819, -0.3740229827273405, -11.096588796436341, -12.131326000864263, -12.623061816696014, -12.665843537832998, -11.86226926924131, -12.68881599541233, -11.18924740686834, -11.710697251593663, -9.935348393282137, -14.60015719809408, -10.215698706733473, -0.36362106404587485, -13.20103555177601, -11.506443759843004, -10.479273094853216, -11.360515040134846, -9.9975456703254, -7.642170186824655, -9.42509541084361, -11.873667797070034, -10.396708462849677, -11.543872159942705, -11.967777728782405, -0.4481796166876897, -13.37411419470246, -11.753644790610743, -12.041394374653914, -10.999887924756697, -8.869968841477256, -11.389864243394303, -11.873812311811687, -12.62745835134721, -11.568526722392328, -11.525226513482751, -10.36173652040413, -0.4306858625224037, -10.586749589836922, -14.887835373070523, -14.355008970182473, -9.250501431927072, -12.114084646005363, -11.97180678517196, -13.531978508234658, -12.90261538271099, -12.61638177394107, -8.118314953777576, -8.685049127537102, -0.45944948466923163, -12.922694092285182, -12.567590237158054, -13.431496029742238, -11.523554937194966, -10.721459513985193, -12.54686385266392, -12.068732465410784, -12.842895279029758, -9.881455503809219, -9.91138484799508, -8.953386661052932, -0.4362722762289006, -11.215265467569111, -10.105392684705262, -12.65772892981595, -13.549959902646386, -13.15511153639301, -12.498284572387243, -12.908811747935081, -11.8763354169086, -11.848858011244351, -13.981010166638411, -11.564183529399063, -0.4817668427010662, 2.735432215443112, -1.5256147010494703, -0.6042302125398111, -0.5419265545174481, -0.4633787994696723, -0.5679948598368235, -0.5480462227475709, -0.4901643442897017, -0.5530307526042757, -0.6187911586536831, -0.3878721386910842, -0.5338248819851816, -0.47022792199183877, -0.5807472760136182, -0.42278691757496323, -0.4401750633391289, -0.5925056425801231, -0.3978390143289882, -0.5154879421396885, -0.464340681281623, -0.4185008991833949, -0.4973421812137848, -0.5531362505277764, -1.5456449327112887, -0.3911774134263802, -0.5327159216388421, -0.46228574092494396, -0.508215971742449, -0.44474266683127966, -0.42474232541557416, -0.48081564869777565, -0.4713608370716642, -0.4961648563083918, -0.5407932221269289, -0.48873993069601346, -1.5396196106257514, -0.5475967564660329, -0.4594295496964855, -0.6043878590201843, -0.5039759718647339, -0.6163954730708573, -0.604894053103575, -0.5594495314370488, -0.403823921235121, -0.5112089120349768, -0.5858404501721516, -0.597801481906589, -1.538581710249833, -0.5967773950410423, -0.4215660641220446, -0.41934218705944815, -0.6400564774343104, -0.36229359518747317, -0.659057648655794, -0.4492849879226146, -0.3650568831280486, -0.421164714966308, -0.5501393992561574, -0.5559029336812967, -1.5696014108271297, -0.4444259855208121, -0.5322680162235692, -0.5242549330856313, -0.5260983642388073, -0.4709888687367875, -0.3472138212313207, -0.4588544720210641, -0.5358109794675493, -0.47857413847645486, -0.5104840311458408, -0.5656457282582212, -1.5050147616505252, -0.44284711387841497, -0.5551075499935717, -0.5764717021312121, -0.5484163643772012, -0.4444624477104377, -0.42646379260116407, -0.45962335664042303, -0.4098924157656417, -0.49503054562001, -0.620682174262337, -0.5688174442085253, -1.5683549279824551, -0.5933350709594675, -0.5319645776648724, -0.5246580903573966, -0.4869277223362522, -0.4634868067928572, -0.5121184245165045, -0.5231807527200842, -0.46444310527626614, -0.43749094078574086, -0.5518567930055731, -0.5072386158080279, -1.540025267353633, -0.5292885457090305, -0.6104436498448246, -0.5245143246824919, -0.522733719667272, -0.33889697363086385, -0.6297821568443058, -0.5299015166174342, -0.5603713217329507, -0.5454019959025675, -0.46831662416047587, -0.3954434844447726, -1.53813185556229, -0.4480184306406091, -0.5197056693433766, -0.5699365830706185, -0.5148244715819017, -0.630851626265936, -0.6010053446012456, -0.4097418414996816, -0.6223213111853333, -0.45270887351856665, -0.6083316720355617, -0.44276234944302834, -1.5407433780461735, -0.5451708186574227, -0.5316741998227114, -0.46782533168294393, -0.5914941686105882, -0.5839913758240732, -0.5075059899667163, -0.6256555466058968, -0.5640486168670897, -0.6496119445516605, -0.4366421990959896, -0.4653778996541461, -1.2492633887830624, -1.1485038762039836],