{"vi_exp": {"vi_seed": 4430, "coeffs": [-0.31092719435452026, -2.9896186970587073, -11.151062508264332, -11.650353939654572, -9.356637074533253, -13.294607610198604, -10.815664204071739, -12.213093386470051, -10.696324923163562, -12.963397058899414, -13.507013513690929, -10.383497465347794, -11.99476731637026, -9.805698697719501, -11.783742122475584, -12.208894411868302, -12.57573350433551, -11.47945626973266, -10.117997777981827, -11.261106740801797, -11.705544669356026, -9.828934693864028, 1.384151213460952, -11.616019508638832, -10.92592017609895, -14.474169617775047, -11.668114809517336, -12.869568097175817, -10.74353636435885, -11.126008422306866, -10.809620305042998, -12.114233161267139, -9.143091560930479, -7.429924318893453, 0.8172304828567243, -13.269238029407095, -12.70205526649552, -10.462313650499528, -12.765021944518777, -12.411658940879947, -13.480782444310162, -10.935560219494608, -12.774332156980032, -11.781099146985943, -8.802589909521963, -5.083897815473972, 0.42881668054689015, -11.59907477080979, -14.120419360161982, -9.139821410406899, -12.336502857681792, -11.23630087455915, -13.54372891297026, -12.351956909260894, -11.787239500848262, -12.951643392717168, -7.672550210143219, -8.646892063190458, 0.2025894783459883, -13.431550859575557, -12.228066454148484, -12.542552919004958, -12.457617175516033, -11.386216762641826, -11.537781287364586, -10.096761498990768, -8.20360426005016, -9.578670655056364, -12.210454342746141, -9.183940535478488, 0.3621921648918353, -12.617842856721168, -10.127906242926498, -13.420455484890411, -11.737073983473874, -8.979443868050888, -9.828001216574542, -10.88576422329162, -11.475328288969193, -11.712799059318998, -10.221259259349829, -11.535684341192905, 0.4105141559433032, -11.47824299469846, -11.955690207615053, -12.122458583574351, -12.15394181925339, -11.299741065964817, -11.816330898563583, -12.24019115030594, -10.102659722986788, -12.328400608249613, -10.183462083833241, -8.392444397024255, 0.46985160556235045, -10.921838037186827, -13.918874193772096, -10.804424553686365, -10.001384547357818, -10.060622415447996, -9.054759092830544, -9.557657116409965, -10.406346800433234, -11.971455807481526, -10.986004833161529, -8.495059337107207, 0.49136964090320767, -11.612091308915065, -10.013807171960057, -11.82788361990341, -9.431487968412402, -12.878676418164195, -11.262381596245273, -10.779104727764068, -12.955406563072112, -11.25938862004745, -10.546939258321371, -11.029116282560281, 0.5298472923813572, -10.02323592676865, -8.541479232009777, -11.334611194071703, -14.47472225156203, -11.452743422687135, -10.544674466248612, -10.295118838212908, -11.600836456741822, -11.99365827577166, -9.736183141736007, -10.085110724678733, 0.2982405871408622, 1.8678804751719325, -1.5468508231543334, -0.5747484453892241, -0.6472906123108068, -0.3461076306664455, -0.488325314484236, -0.5910558775163508, -0.4733546664808781, -0.6175789108383896, -0.44797502088345476, -0.6108859585165741, -0.5725344376327844, -0.5607176129800423, -0.5335082636322157, -0.5145134124563574, -0.5949050166681407, -0.44916238670736497, -0.4549790788099869, -0.5744065673348814, -0.6372994023346558, -0.5536412363237933, -0.5035291220621984, -0.4358748983624304, -1.4313452032136766, -0.4098645723132264, -0.38689568213932624, -0.5101332745060204, -0.4507731105409355, -0.5884192025649881, -0.6135466958957811, -0.4263033550403521, -0.6748426339570681, -0.5921797180877426, -0.48665955593948207, -0.5307708944318603, -1.5387207508596012, -0.45292460291265807, -0.5882561225733164, -0.4456883495463864, -0.6567253949613494, -0.5827881202578584, -0.530338313090899, -0.48394569699424356, -0.507380741670915, -0.4362920026691024, -0.5073034563761465, -0.5383682723770166, -1.5645971606241842, -0.5585249602530532, -0.6402443085117969, -0.31105674018998714, -0.5689206867346231, -0.4197041810494681, -0.5430798456948464, -0.5728147196470021, -0.6400689274689098, -0.48068330625282235, -0.37838174156894605, -0.5755629641228294, -1.5642780885674548, -0.44594937306970267, -0.545528089927418, -0.5054143942532856, -0.6709502928987966, -0.4865382384682007, -0.410297265678056, -0.4763830295558864, -0.5199774972448054, -0.5956130869189693, -0.5674265199942498, -0.6108177975063405, -1.5516693528695271, -0.45491464827646255, -0.3986788783620076, -0.48934215703954403, -0.4155049643820883, -0.427391613735453, -0.46370308715795105, -0.43629534136941234, -0.4925458590598123, -0.48343962617125924, -0.5026438239107193, -0.43470325772223867, -1.531615606637816, -0.4545615792471672, -0.6024146914591761, -0.4833060336520371, -0.5616753691787172, -0.5267035544168732, -0.6076125155205561, -0.6626574577698142, -0.4356696104310028, -0.610889363015586, -0.5225848525695017, -0.6614888374717752, -1.5420115533798155, -0.660851751299255, -0.4067188764821467, -0.4689767724745952, -0.6275330725500703, -0.541028664988894, -0.6606701786033824, -0.48977544951030866, -0.4125656327690417, -0.6510919187723889, -0.4521537250654791, -0.4237822303932799, -1.5776704622010076, -0.49443138417685795, -0.4663409978049787, -0.47628393244025125, -0.5058563103075496, -0.6035060952370633, -0.3646497425762836, -0.556617320291894, -0.4803931081716294, -0.5627595615405494, -0.4043687829333258, -0.5601392768532979, -1.5311126316427273, -0.4950012999035201, -0.5068532442047996, -0.6048435524272503, -0.7172283982326262, -0.6737150233906027, -0.46892989400138557, -0.5816808916717376, -0.594345349318741, -0.3816299113776117, -0.6529100686708202, -0.5035874264965117, -1.2976175635499103, -0.9529442091398012],