{"vi_exp": {"vi_seed": 27438, "coeffs": [-0.0635342124772547, 0.004238076557235608, -9.533108142244595, -10.884523021043222, -8.260793863102041, -11.878992437625008, -11.511415976969085, -10.358596212110871, -13.498969968613332, -9.353970231710669, -12.63316646725528, -10.617243140071873, -11.284344964323322, -11.555566770732757, -12.344972092754082, -8.995873044243881, -11.325129068882374, -11.481248810298911, -12.62990112355846, -10.03077559161094, -12.944638996753788, -12.155192621902655, -7.6030560689914175, -9.560085892307029, -11.673786037715606, -12.574684141117396, -13.385052372633751, -9.823068013400308, -10.658978024647308, -10.362241719209752, -9.843877226595511, -11.653802435573681, -9.632865247362172, -6.419259052704928, 1.0661497895765542, -9.38875476561522, -12.423022238080321, -8.628344484688538, -10.84950788205496, -9.847368558362714, -9.360784100543398, -11.84265000672695, -10.004420633219194, -10.832510968479154, -8.858087570056671, -8.279757932447252, 0.7206724516084678, -11.948323332668139, -10.031967025502261, -10.598260155402498, -11.324231584096694, -11.59874943549313, -12.488531192720075, -12.152535531222648, -8.785081840404299, -9.891655913964913, -13.055800357809506, -10.95351619963277, 0.5101064809930517, -8.618963980819599, -9.151444502470959, -11.95170919204379, -12.936478602734907, -10.278613457259905, -9.355090996517013, -12.791002645381472, -9.177934405566452, -12.845700013048452, -8.961698930513407, -11.43716629155398, 0.5105658787214681, -11.636811352543532, -7.842045081576318, -9.03925346179956, -9.911645760198292, -11.737157653160708, -10.183114765493672, -8.86787594016178, -7.728340337463173, -10.88195655943151, -11.77231937212216, -8.713498262368033, 0.7696004456808027, -10.212426263744563, -9.841018572550068, -12.720842450900232, -11.46932187461974, -8.598103851232596, -10.361554606147893, -11.57662552981255, -11.911284062567365, -13.28204670460573, -11.421212238835068, -10.674236789678522, 0.9133456078407031, -11.211302473413294, -10.050623161601498, -12.941372540905714, -9.105351296524917, -11.408077026975574, -10.214302924196899, -12.646323955449667, -8.814827047301865, -10.44062073088811, -8.767224524679476, 0.9251974014486202, -6.475472745508966, -10.339923976822256, -10.715477513996419, -9.66847558066933, -11.75962839507006, -9.509565235284837, -12.162215970420625, -11.515993597187487, -12.543980013773309, -11.723107014739387, -7.909741488441205, -6.602110334974897, 1.0874848713440464, -13.401500017024434, -8.09941173783677, -10.014511286538855, -10.971700901416636, -12.85935096197419, -12.339808490719186, -11.997676823435041, -12.262637057167442, -10.278043047146078, -10.308257504025272, -13.568966733468661, 1.5708166530642906, -9.538252130661775, -1.5597899075103214, -1.550021690954219, -0.5795434878509101, -0.5468348245924834, -0.4255714149172234, -0.6107445487151258, -0.5434821049569261, -0.6189666943883352, -0.584057730647713, -0.42082030117027086, -0.6063601457304079, -0.6250961628075424, -0.41914472117617896, -0.5230050694820637, -0.5415740474554506, -0.5307460308248871, -0.46120933047080875, -0.5663250378591563, -0.5417082138891502, -0.2767700623476013, -0.5643474089996106, -0.6441357650137264, -0.560299971914012, -0.5773147124347366, -0.5360531532124331, -0.49136595580369014, -0.4493091197944586, -0.5673169767658157, -0.6668100247970654, -0.49363746569158284, -0.5160039119495781, -0.40484795783003574, -0.445120397674333, -0.48479867443106883, -1.5459492051993755, -0.5013564734269367, -0.5899601856574885, -0.5341061934017515, -0.6027903426990265, -0.4433887874831871, -0.5449820680618146, -0.5857469877768591, -0.39325953508091266, -0.48804112855587894, -0.451673879926386, -0.5714877935338998, -1.5209693286127404, -0.4028214270704579, -0.435138976726902, -0.4880255126350275, -0.5766356004372839, -0.5164529681007185, -0.45444057967083956, -0.32304219028404574, -0.5340197591331858, -0.6205420130672201, -0.5432513221966737, -0.46414425817093613, -1.5108042093934617, -0.5348572638974001, -0.48842275184445655, -0.46820453937226775, -0.6804627794960187, -0.6059387565295961, -0.42786359493409304, -0.544674412573784, -0.31225396425002505, -0.6484927041594287, -0.4340775335270225, -0.4001481234464056, -1.5618650661574254, -0.516201101712153, -0.46685532178485384, -0.5605093903917657, -0.5449296483011317, -0.595181137416941, -0.5272874425788093, -0.5107914607241563, -0.40246426963744275, -0.5407184013550675, -0.5482391370048023, -0.4711488083022477, -1.5334783886003487, -0.5931007163163005, -0.49254637751195923, -0.5027321625422716, -0.5455829100022798, -0.4222980023063576, -0.4352988525089534, -0.602792963924668, -0.415481516354885, -0.5580126260647613, -0.3728895352873758, -0.4917602537128852, -1.521522354155238, -0.6349606503862775, -0.5048143941495292, -0.6175043977780164, -0.5632052440443166, -0.6817795298322389, -0.39971012826677577, -0.622588554139824, -0.4950363514335128, -0.4803276014990302, -0.4371223489084886, -1.5266663332538246, -0.5463089636799148, -0.4623219970950627, -0.6348608294150242, -0.465467108169215, -0.6855597107857491, -0.4475161829012188, -0.4662454674883484, -0.5221015824039953, -0.5852843288663544, -0.5618971382501834, -0.4841984543982109, -0.4779058245213789, -1.520485643374692, -0.6343362823982945, -0.5146686306728043, -0.4690481215926244, -0.6342106624138825, -0.5342753707421024, -0.5220350829508822, -0.5513921538930732, -0.689359152070996, -0.3644643318685151, -0.5315910062789274, -0.6008938878228515, -1.5224268428332364, -0.5834320612130132],