{"vi_exp": {"vi_seed": 8760, "coeffs": [-0.481245415830623, -8.297556083546624, -9.273850241537504, -14.075446197322098, -11.486994535272364, -12.65004353012701, -12.284779712961605, -8.155574984276797, -11.698375115587504, -13.424189329890593, -11.856813577158269, -10.835242957021322, -9.297987615347045, -12.151915657311863, -10.840654026481419, -12.825194987915026, -11.860926263504517, -13.251857990515925, -12.977940114176604, -9.690260458755434, -12.821078215521828, -9.142876418642496, 1.2792317654559662, -11.704175920442223, -11.730016581114201, -11.98024417467819, -11.182473256088805, -12.962968946975355, -13.057431626957248, -11.229504919151484, -10.633067272019764, -10.530671123541076, -10.545235015808446, -7.129201878098191, 0.6642465196219433, -10.816285479183545, -12.291437157826781, -11.814510644828708, -9.361960182238505, -10.641731364115108, -11.649220110030795, -9.952985033561223, -8.736972060696456, -8.303021639540509, -11.469491342481115, -11.831986807331614, 0.38765170217626016, -13.490215679552895, -13.27764558025023, -11.239289328607923, -10.41804713100975, -11.262064327487671, -10.32696301281116, -12.341067049525027, -10.22019251151303, -10.263627082598152, -10.546158495914941, -7.491515148225425, 0.16451855009988792, -12.751045742280484, -11.64906212251355, -12.492627261873121, -11.402478168518062, -9.749269977382623, -11.954970650517124, -9.382755557791514, -11.249729858214046, -12.303306418414962, -13.01931555968993, -8.950405266417215, 0.10842099293332318, -12.768015216858705, -12.33924477588447, -12.782993249468227, -14.222769650959842, -9.352712975081337, -10.342669833362972, -9.400706896524333, -9.95383858787165, -10.430627561134118, -11.907355784950244, -9.181145232868667, 0.2086293272344813, -8.279909458445168, -10.400749947132601, -10.317173852325006, -12.005708231247004, -10.13263271123836, -9.415554745735248, -13.037178005562055, -10.784000048871778, -10.784889140404214, -12.298791531843719, -10.200985833213235, 0.5659832495007192, -9.141759802253082, -10.867295154238045, -10.121578353055886, -9.436861666138011, -13.83422802258503, -12.532248187561393, -10.151638837103894, -10.121779987112497, -10.081509641473584, -12.712760092964364, -12.225806524436365, 0.6577655788914742, -11.417607193246832, -12.66623665469392, -11.47602920688407, -10.285542252434187, -11.891039805983445, -12.330278197052031, -13.373152913080208, -12.131190404614925, -10.334638119433286, -9.996595937170898, -9.537171057005517, 0.7764403177498425, -11.022104657485157, -11.443765497632029, -9.56327322708679, -11.077164549578468, -11.167706037472467, -13.14851211492975, -11.217332967354519, -9.845858854367052, -10.662612004770692, -13.01393172387084, -8.835268402037611, 1.2872608014190927, -12.13271667187187, -1.542312596358581, -0.5944590708551648, -0.5500447454254508, -0.5014130617618365, -0.5573640821810428, -0.6245860207956738, -0.5276882636117244, -0.5121946392120053, -0.545453848643722, -0.6127051006290006, -0.583447673269412, -0.6764036984652706, -0.46692232055764044, -0.510057554459571, -0.521103639950258, -0.5535807286313452, -0.5141650263813752, -0.5531542013779862, -0.6582570853002688, -0.4823287655721392, -0.47473662534991207, -0.40821713805696624, -1.5370331548394751, -0.5914761124247148, -0.5447210573356531, -0.6220400479184816, -0.5757050720522002, -0.5370122958694706, -0.5858768195610355, -0.5395416187116725, -0.48511210633814233, -0.5271602495958385, -0.5976599010269098, -0.5157035772707349, -1.5694305977378815, -0.6003804534438163, -0.41770602357022674, -0.4166804695739135, -0.6222791455214702, -0.5541044756414395, -0.5769893878799578, -0.5431303118298305, -0.5273167556324805, -0.6160389450750434, -0.45247972442472395, -0.4364684119037645, -1.5345132737160787, -0.5562677895697987, -0.6880037514739494, -0.4765915366991584, -0.5674065225107728, -0.5270572380851699, -0.4951301296475198, -0.5558062614554243, -0.3117467555294304, -0.5752080197176729, -0.5229450077696544, -0.5910446780850274, -1.5497114558232334, -0.4762118303355024, -0.5124815396368823, -0.454573896158964, -0.5229970897123036, -0.47038224742042467, -0.41933040991225357, -0.46631180434891634, -0.49223767707764393, -0.5042124983049139, -0.6789562053477627, -0.5846341497868537, -1.6004183200965463, -0.5536232003350072, -0.545633648257823, -0.553716804446548, -0.49734369232679077, -0.45279802000437963, -0.5688016322180749, -0.6287144271283738, -0.46479867619490617, -0.5500175732617305, -0.6431333935155582, -0.5026180905929778, -1.5412972041123814, -0.49387784840466054, -0.40017630770294665, -0.3685748307333875, -0.5112168073384681, -0.5690438754230904, -0.6197425485012096, -0.4242047617202431, -0.599406482279253, -0.5569264037027828, -0.6540564233116591, -0.5427035409870559, -1.5411218624120797, -0.477400804411389, -0.3318661193653172, -0.3154823266385956, -0.4049398050421796, -0.5441887898111569, -0.51748277018017, -0.5632655025348763, -0.643285221533632, -0.4182597546295081, -0.6718269608661559, -0.5392510016348824, -1.544834270094566, -0.5337737247697121, -0.4840246231051737, -0.5589381598855224, -0.5436655013193615, -0.5619164829029581, -0.5012953113459971, -0.4765858273666164, -0.40679903682454654, -0.6292692853047136, -0.4142251762797778, -0.5244182676116341, -1.5508317127385502, -0.6117159087060148, -0.6233008179742492, -0.5148079300972442, -0.4695962147603884, -0.516825294735485, -0.5114501595113873, -0.5213985630039392, -0.43852436692265606, -0.4113357325133985, -0.5504106826113099, -0.4986493134725025, -1.5394322895782973, -0.4260491729399775],