{"vi_exp": {"vi_seed": 7190, "coeffs": [-1.2348071651926216, -11.661856846092691, -9.049851660812347, -13.230317419213657, -14.123372603113339, -11.64247988945379, -11.109979195209538, -10.566223880541159, -10.931517457199215, -13.688245416136482, -10.778135529627694, -13.026316473408388, -13.712536457810007, -12.216050596423125, -11.227208949849203, -11.971530909360212, -11.720444305405039, -12.333462764159847, -13.421034928819843, -11.666052032249535, -12.843976263901201, -11.005161027161119, 0.74250217192816, -11.54267391690192, -11.594561459609169, -12.506013642346181, -11.713589273017112, -12.726950384267601, -11.063510058414114, -14.502678418245768, -12.949067970799943, -11.851444883025248, -10.750131553607034, -11.400416786873008, 0.10738270011357946, -12.26351105750931, -10.620444304889922, -13.358604760990511, -9.600425996664864, -12.685792106858766, -13.474744178566187, -12.226408531387204, -9.859142967737611, -5.193214894325673, -11.132570643438036, -7.614991463482775, -0.258741405253652, -10.68397975424601, -12.904991753979463, -10.820194451559153, -11.411553142115297, -11.425280277902235, -10.693416530576481, -12.164533803466867, -10.776491370283981, -10.046855899472687, -13.322724730202772, -10.328183943921971, -0.4282554744549739, -12.805072204599083, -11.679009727567133, -13.796414099749411, -12.3183636540474, -12.620266389557399, -10.629897779357723, -9.622139885644092, -8.475669422932432, -8.661883075525438, -11.461083568374658, -9.840477216630461, -0.4310154212258573, -11.441337290141496, -12.545152471955483, -13.041490509393045, -12.775899379403572, -11.97187497253654, -11.295407210160333, -12.639286726692411, -12.953607130862016, -10.789412497515132, -9.659007770607849, -8.45294571182334, -0.4396086000634388, -12.590364819949366, -11.86619674217444, -10.181498454981778, -11.28283926194535, -7.73429739492597, -12.140649526727477, -12.048692550735785, -10.174898510953113, -13.104599804606831, -11.489022984262048, -14.1587274838359, -0.20672008893984456, -8.628835221742978, -10.050881930883284, -11.818813178929956, -7.726344537756788, -10.40438814904836, -10.833472150058668, -8.734892410343912, -11.160853873019171, -13.618465274958174, -12.389807973909026, -10.10054616598067, -0.19325360868863103, -11.504367841160658, -12.713416674033844, -9.88723291372118, -12.88664543654189, -13.717441873751229, -12.984236251358514, -12.783859107164893, -10.346400132736898, -14.163128214507257, -9.649360100205374, -9.401568145035823, -0.1136398742735714, -10.512337108588158, -7.135981610406408, -13.525554408102295, -10.898367266626959, -12.592157418813429, -12.374661786683276, -12.452025621602662, -11.622388330896868, -11.414983165712979, -13.653000705260634, -11.291901244616426, -0.3543172523482738, 2.6108240600298473, -1.5943481416480596, -0.6416979585331422, -0.4835436102724214, -0.7070698498319922, -0.4290699921406258, -0.4818260837946012, -0.4715862005776191, -0.4154880085341799, -0.4613616943127805, -0.4606992948951639, -0.43187643200313497, -0.5573635845335838, -0.6818442631185211, -0.3858618205045586, -0.5000037362726159, -0.45966202856280725, -0.5293420371861485, -0.488018746902416, -0.483230528808931, -0.4415945680317516, -0.5946121232654399, -0.40655145144245575, -1.5045488146206594, -0.49076242181705615, -0.533243507040294, -0.4123506755310737, -0.6115515305926177, -0.5230161383085151, -0.4358496301102095, -0.5755339744639596, -0.6396315524510753, -0.617977463086424, -0.46569516657828236, -0.5553658871437754, -1.5708432637424699, -0.6499581499209156, -0.566151817274188, -0.4785006612733197, -0.5598525293562786, -0.5940470633535267, -0.5243744589101005, -0.6255591658939132, -0.47188075433508797, -0.40596992484383426, -0.5179508260420461, -0.5744886098702685, -1.5515031242372614, -0.49459212948075665, -0.2774226308176119, -0.44375161401432084, -0.5678529289314312, -0.5233423494084615, -0.5189958631597055, -0.40048394017621486, -0.5217868065594032, -0.5278155026734211, -0.5113255853988903, -0.5396895877383303, -1.5522294770664204, -0.42699133087459246, -0.5602415127370419, -0.4058113014090097, -0.5536069015084004, -0.5395786098683069, -0.3924273455704428, -0.6448791305770051, -0.3301351349217448, -0.3784385809416042, -0.470906420940478, -0.5269000940690877, -1.5762112527289567, -0.5312596484373472, -0.6256176346389469, -0.4695487005065151, -0.5824260544887808, -0.5227322179315164, -0.6559653517931406, -0.5260313794881407, -0.574944511826808, -0.5355556947643881, -0.5273195898833829, -0.34224110918155887, -1.5698956864346845, -0.6724500060469136, -0.5185701936597681, -0.48465437764245145, -0.3931735444116356, -0.44452151595539524, -0.6660693164117187, -0.48660164029498026, -0.5892889652662504, -0.5253083244869454, -0.4722549247146789, -0.512914555010493, -1.5611608463534603, -0.5102144423318807, -0.6247155052884843, -0.5223610607695746, -0.2957551757881992, -0.5561668121701491, -0.5780501871281026, -0.43453162329444783, -0.4513314639514682, -0.44554399017276103, -0.5551736854426301, -0.5161507238023268, -1.5569714540051032, -0.48101548259431953, -0.49537570535802644, -0.5178677072057001, -0.5079747340240808, -0.4177051905711044, -0.5498336136160359, -0.45843288075570326, -0.5802786972552965, -0.6071757136352226, -0.38174083295809164, -0.339933157534043, -1.5454614587632465, -0.4658951410936094, -0.6273849912499623, -0.5994769013189019, -0.4448827154565947, -0.5214946736484432, -0.29137639167015106, -0.4026079418085535, -0.4268109274160247, -0.5202806014466003, -0.5232817464371393, -0.41991731719534997, -1.2526133702400566, -1.1552908693124784],