{"vi_exp": {"vi_seed": 54872, "coeffs": [-0.2595686823235425, -9.530847849601258, -11.638786740373112, -8.777042567806767, -11.231737709300827, -12.824298267899467, -12.9133312925617, -10.723597408369073, -10.61688119653798, -12.47140781263145, -12.13845793604899, -10.826119600562679, -8.34426788262916, -12.065614344619338, -11.469320171455388, -11.309564557691388, -12.941692537201153, -12.109941140764121, -12.881735124850845, -9.030150046606728, -10.647298279857765, -8.386189438875299, 1.4546053163832457, -10.547673023925945, -10.954881370312835, -13.569110930389488, -12.836230659377415, -11.128678262839951, -10.08415701365711, -12.008104777425316, -11.708317183568006, -11.6164088322176, -9.870651597859021, -8.922717558624266, 0.8356787670521931, -11.368748326432591, -13.520910646261889, -13.464924169339383, -11.597991149735089, -11.03333234749601, -12.189261647788125, -11.712305274944397, -12.385844675896358, -9.521892772023538, -9.326545147738173, -9.645188803992866, 0.49448246200020884, -8.961401049781204, -10.29101155008399, -10.466448359185659, -13.091502584645257, -11.336479684797776, -13.128797829633994, -13.999845888624268, -10.177486548212599, -7.598118969778186, -9.102211549538058, -10.09844240283193, 0.26450848176382274, -10.319820641733644, -10.65562783985718, -12.796145197263336, -13.51504267263707, -9.338713850222822, -11.807935237339459, -8.830079975206376, -11.409339120240464, -8.977714383120963, -11.012031715903646, -9.502211289855, 0.2480371250345757, -12.113358032171346, -10.316490893587856, -10.47288446273677, -13.165035229321859, -10.8344785304042, -9.202627063504057, -12.79359224823786, -11.839534934190967, -11.653607664183728, -10.081626756370918, -11.470745293810593, 0.3987565419048845, -13.24185906602085, -11.196375284631179, -12.681397782247476, -10.845544774633852, -11.274119960639942, -11.256085292707422, -9.967912309069211, -9.762735649809756, -10.756680978272795, -10.139671358471224, -11.94307891083004, 0.6531230436248052, -12.885272971398626, -10.731119250762578, -11.162683960744355, -9.719178219607679, -11.273263603690271, -11.306089808176091, -11.548144176740879, -11.121688340907205, -11.914975037368158, -12.41136415935526, -9.752285368257953, 0.7910124061684434, -12.515990590782108, -9.502068868477053, -10.319024571893099, -10.262717221628776, -9.942906987218137, -11.59616369385654, -12.026142302297254, -12.436340416928719, -12.107240142895172, -11.467588568780965, -11.152986686582727, 0.9045225848787546, -12.072969775685866, -11.514460630051031, -11.278773431729078, -12.535770354619208, -10.839027599314715, -11.472126061298102, -9.973163017602541, -11.878779264732751, -11.319215944077282, -9.023559143926141, -9.294881080703375, 1.3500557331141012, -7.827086650494303, -1.549693550276107, -0.558433465087435, -0.3296171296712713, -0.5104409899164324, -0.5819486193306419, -0.6430182569877162, -0.6476275153223545, -0.46417570020365273, -0.48358533189235275, -0.5451975230359611, -0.5240021884696726, -0.3443830354419553, -0.4709487582323078, -0.6045120900963673, -0.5809736983463335, -0.4190296577779684, -0.5740363766656752, -0.5107728647983052, -0.5927076240419548, -0.45285180302483996, -0.49590603195470406, -0.3985597239269854, -1.536535417473447, -0.43642117877918596, -0.5698752319606298, -0.5745063047450774, -0.5533900905950746, -0.48753742045627513, -0.5294303186334666, -0.33966080022298795, -0.531651038291387, -0.5122541343916405, -0.5336543567061965, -0.49017738844053343, -1.526842007054582, -0.45710763460533865, -0.5958091608593564, -0.5198065230146712, -0.6423622624413338, -0.5767738932470997, -0.6321229462189751, -0.45643635682738176, -0.4846743114077378, -0.6327572242252362, -0.6119770097070807, -0.5017499724453048, -1.523416429867788, -0.32334557724321294, -0.47512969953963624, -0.6014074381331411, -0.4723992199062982, -0.4840325622053968, -0.5653814842280319, -0.5448270851714422, -0.4877165249024101, -0.3517121651767338, -0.5593709839240358, -0.5359839141446769, -1.5652899390446122, -0.3131510221343831, -0.5031775880560515, -0.49678055386730374, -0.5255424094178714, -0.4600076779106822, -0.499847059257106, -0.48884850191999857, -0.460361120045184, -0.36560480127083855, -0.5550408607527993, -0.49782082127512234, -1.5473013855180184, -0.5476636738840385, -0.47042726937394796, -0.42015688323769534, -0.4409506226880337, -0.43600721565047834, -0.4306942786445853, -0.5031034152091726, -0.5172104142961542, -0.5626993328672407, -0.4132568859343611, -0.6066982275569567, -1.5524877047177468, -0.6899808216493636, -0.6090263683725446, -0.5748290353735922, -0.5906757493820871, -0.3728672864476459, -0.5395518326021472, -0.5804768303785319, -0.5350427392040642, -0.5461708450786275, -0.4327976497577045, -0.4014254519162177, -1.5268909988602908, -0.5194185689263878, -0.4747453666801095, -0.5906653581602999, -0.5550954981310933, -0.334597964769515, -0.459585469711116, -0.5094584428123874, -0.5645878735890656, -0.47114196013916737, -0.4808038264453503, -0.3998967587905617, -1.5708155596887836, -0.5975286630068749, -0.5294873814207991, -0.5781824380733508, -0.5557299335979018, -0.5272321486325997, -0.5205284250244482, -0.378842013866221, -0.47657121552899573, -0.5948826889877784, -0.5631277393062546, -0.5476025182948471, -1.552141438205139, -0.518704578028643, -0.27626601554115715, -0.40413925151112845, -0.42178960986143976, -0.6252500269684251, -0.5338986432475643, -0.4506957696623312, -0.48911916798654553, -0.4297870515806384, -0.43803582805231767, -0.4694875389676301, -1.5341136670451725, -0.49135619047024176],