{"vi_exp": {"vi_seed": 46324, "coeffs": [0.28302762311287716, 0.27395127654692025, -8.264799226815827, -9.045451599769999, -11.109310302871819, -13.207134584459926, -10.407686415876467, -9.862009330014535, -10.991957771297047, -12.08299562588132, -12.102180880437691, -8.01247008794228, -13.451366440321838, -10.572712237465229, -9.91343883664891, -13.18287697955495, -11.011564944688903, -9.52187829168007, -10.650322198868649, -10.768141946429923, -10.027646667355288, -7.9285277588193575, -9.66678753691591, -13.656623731622267, -12.231813189882534, -12.285657523098624, -11.677879295641944, -11.586564068509329, -11.286271849058044, -13.78151756993407, -9.861569584214454, -10.081161899764865, -12.558892447861766, -8.190281274139554, 1.3603296148386597, -11.352765700220111, -10.157639212960905, -10.9236985035631, -9.37105728495327, -13.703749952426142, -12.081888132650713, -10.016846473134462, -12.297472282509853, -12.439479407669246, -8.366340003464922, 1.3572403375767255, -8.409341461271495, -9.195297237831225, -14.743190418648998, -9.330932118049844, -10.916229963942849, -12.92402196449154, -11.79595007122172, -13.29444870917332, -9.916697851039434, -8.977388161480482, -9.356429303554554, -9.329866114529914, 0.8079569688572534, -9.722176795246055, -9.253034073152104, -10.56139617766526, -8.84565471444702, -11.784921459445089, -11.488397929657577, -10.254493400514715, -10.24754430351967, -14.375656978383532, -9.949659154957066, -9.33944999873812, 0.7479372532437566, -12.641890914938932, -12.888724688666898, -12.031929421384426, -12.000386254136638, -10.992068788154045, -8.392598158724068, -7.957239656438871, -10.981124239804064, -10.386206704178996, -8.2754113686228, -9.920928733929117, 0.8062738362386164, -10.368650366072044, -11.162475522173324, -11.562620031141416, -10.104265319548206, -9.193355398158438, -10.61804408757216, -10.274497791130608, -12.723903936744133, -8.396947211001777, -9.873600967470757, 0.833789737100402, -12.30800841089756, -9.938370610087222, -10.39058886700602, -12.05852951950322, -11.905643096563276, -11.241832441299655, -10.16721152119577, -8.22534093176821, -13.393764683701354, -8.620010120022494, -6.635016170620242, 0.8365452296248779, -8.725181347843833, -10.839286870553284, -12.489554972691977, -10.050399011325206, -8.96976510482168, -10.863921663438461, -10.160529367238391, -9.837323914812096, -11.68538252770553, -12.582040362170753, -9.67702656276905, -9.545120016170019, 0.8775415342029774, -10.596067144931895, -10.897057680750798, -9.626609838789975, -11.42660753192693, -9.696783611199915, -11.614015510984343, -12.426648972935627, -10.891143781510268, -10.8974320109605, -10.746355271818722, -9.01969728901073, 1.0288943956705712, -11.89642880532963, -1.508544775920716, -1.5850922615661753, -0.42164158648965516, -0.3272521449983125, -0.5991293645647119, -0.5760924598476934, -0.43153518044991807, -0.5871612344015597, -0.5673253966450051, -0.5188040126365299, -0.6848132462950911, -0.4958888249525967, -0.572552664913169, -0.5278515894890421, -0.360061747592316, -0.5600338861785799, -0.5742444420785577, -0.48601888766055923, -0.5030930761553198, -0.6571555857926912, -0.616071831918926, -0.38742172435186006, -0.3366433956537367, -0.4541360696492592, -0.5007938665027041, -0.5330466290088518, -0.5926749090139493, -0.4398101572191083, -0.5655029781009694, -0.34707892413153874, -0.6508178762718423, -0.5806450695450819, -0.5905866006695569, -0.5766103202619559, -1.5541615148053112, -0.5747474664606129, -0.4717755370283224, -0.6156120030730343, -0.5501256541641699, -0.6160212462924478, -0.43874944963188, -0.5203838496990438, -0.6081959942874604, -0.44028868913507085, -0.5241084707681748, -1.5584366464633441, -0.5249418117773308, -0.4112478398416381, -0.5184048711491751, -0.4877549817500642, -0.512972257998985, -0.47979324815273466, -0.5067755850220945, -0.3946015584178381, -0.5546058989964763, -0.48314525662178365, -0.6681413867829081, -0.560583937116093, -1.5677404710167968, -0.5024224094584926, -0.5365687833013562, -0.5870462960617119, -0.578503519782911, -0.5197064796831107, -0.6039168268640134, -0.6467318293656215, -0.59654115893739, -0.6036707973259442, -0.6637001748605444, -0.4196750970069062, -1.526884975983051, -0.56303943936577, -0.49316249090430814, -0.5044565990684812, -0.6000295682820305, -0.5622598949629926, -0.4849895786614344, -0.48006974281993336, -0.5704549521348263, -0.5873771481103153, -0.4989769802466773, -0.5923694176472728, -1.533903132778605, -0.4951414666037587, -0.46132358873306406, -0.4668665320625294, -0.4474448564197102, -0.5049106725431919, -0.447969983854883, -0.5766079827200968, -0.569284161730097, -0.6556233136813546, -0.7037681197850317, -1.515982737874321, -0.5900434152007398, -0.4486058705943737, -0.4059850581748802, -0.4848941891584796, -0.6298205272503368, -0.5678958545437013, -0.4136042125703138, -0.5197244542187961, -0.5859359833944016, -0.4690356095450703, -0.5227829245094318, -1.5284156563390259, -0.5572819754930085, -0.5537364023137096, -0.5439536940645744, -0.3441349076462296, -0.5474678670669357, -0.4540059275108587, -0.48367220042058406, -0.44296922692960305, -0.45826421567920905, -0.5272447485987135, -0.4941970143214854, -0.6222923327556436, -1.537823835247602, -0.4750135674505116, -0.2897649459749399, -0.6027662706085565, -0.6333053351022541, -0.2899851358565781, -0.3925194743637439, -0.4685449628047503, -0.5735280460449369, -0.46574511660517887, -0.38366807045809365, -0.5007212873469796, -1.5133814261086038, -0.6599461573649705],