{"vi_exp": {"vi_seed": 18650, "coeffs": [-0.04744872975435456, -0.05426071792693395, -7.6988889200916875, -11.999967839968864, -10.855815477434115, -11.595550434120614, -9.249009300599623, -11.24174008065254, -11.567111474446111, -11.79853743498466, -11.622477755850031, -11.00662597931372, -11.430921933543063, -11.492366142031662, -12.190108326194629, -12.455038474230012, -12.821756290026, -9.108794636912798, -12.096787262197536, -11.77440112453794, -10.850836277024952, -11.490149881529254, -9.01705074213145, -11.67025172220913, -10.580694821666041, -10.791708549078633, -11.394972005882193, -12.695265260727592, -9.054966105243372, -13.36345085103304, -12.55201853538102, -10.302352758958087, -10.402607555633939, -7.695354902816492, 1.0748934047175902, -11.474206810060995, -8.934196211597408, -11.56447626345503, -9.609460387214881, -10.979204103297974, -9.691007287137662, -11.87560407154577, -10.458058953744217, -11.076526686584966, -8.259593291061494, -8.696010349161664, 0.7536256012031061, -13.053719082292398, -11.66459052136699, -13.730030484407932, -10.458487050110085, -10.923384058973271, -11.082002924615923, -9.335773832564762, -8.500344051294386, -13.714105124711025, -10.633620238271371, -9.089085307387458, 0.534837918692333, -13.197330126122084, -11.457552713597677, -12.501795803284244, -10.445771108544, -10.994063297375046, -9.774614224867943, -8.012047319294949, -9.83504491395922, -8.62855936769192, -11.867837723438079, -9.155043931350573, 0.6250981162813299, -10.012129244516458, -10.677363049771998, -13.400589167055005, -7.700633242981804, -12.17828710351504, -11.32609921186751, -10.855977553405625, -9.320492488807695, -11.507039627984112, -11.342955952404838, -11.021917829038308, 0.8036032169168704, -12.053697022886308, -10.129279207264124, -11.382944677020346, -9.70932818494558, -11.082947292883501, -10.984555169713694, -11.638601320975551, -10.694754976492808, -9.247193785565502, -8.356497779450645, -9.070142767961602, 0.8676514751266937, -8.868629047974938, -8.780418425436977, -13.869240478816167, -9.06300987160339, -9.986227025621448, -9.608388663084778, -11.263070143353453, -12.40562798972797, -11.998024017375979, -7.141979891290952, 0.8473243479142949, -7.649315940974581, -9.05201651624691, -10.858032504798263, -11.455571851434376, -8.950801280869973, -9.94093693706279, -11.62969478337503, -12.065170390381216, -10.777911294671252, -8.357626949758963, -9.972658214642815, -11.521300018599742, 1.0746003083994975, -10.628993949575309, -9.143757907968665, -13.648874961644358, -9.788326174729841, -9.356740586918104, -11.768778559066083, -11.758285231010806, -12.033666326872071, -9.550724155955061, -12.925212657797701, -12.627715991816498, 1.486073515612941, -6.3160886037475, -1.5365417985088323, -1.544612119274544, -0.4797551942326618, -0.5535588714845111, -0.4042145030221908, -0.5359459166514604, -0.491857476887363, -0.5672610257365406, -0.413015019242547, -0.3429902279846376, -0.5450832027096304, -0.5289575524598028, -0.5361462260717486, -0.4626928803814939, -0.5497591431021697, -0.4580818440680872, -0.4478944837941468, -0.42538212417667187, -0.4835962494993275, -0.5560700707920768, -0.4294511000850339, -0.5168623750003776, -0.4741927311852685, -0.49574758572498395, -0.6693197356571836, -0.440996138701773, -0.28937412635373755, -0.4993453556681199, -0.45851557189920095, -0.38777256950305156, -0.5751693712137642, -0.4100345283701583, -0.47636881194776265, -0.5857964299159285, -1.56126858773088, -0.5591635582127931, -0.5236584148194398, -0.32612624878771984, -0.5383246899439819, -0.48117487513504026, -0.6319696236623743, -0.48233455438613365, -0.49713436480699175, -0.2609919017020654, -0.5867872210086791, -0.44931529838660944, -1.5530521082882267, -0.5853144915509981, -0.5056805343820772, -0.6517103857309132, -0.509471048113201, -0.3639774808949174, -0.5671654724355012, -0.5207782895619429, -0.5885616615532396, -0.4011229397737063, -0.47683531318427597, -0.5518105708855073, -1.5355483176450897, -0.4610897532449831, -0.31015377168602115, -0.5122962057643701, -0.4216572618392062, -0.5357369038750565, -0.5000970959677382, -0.4124091326922461, -0.4869605831482632, -0.5879992562606984, -0.40109719248954906, -0.40120597169669986, -1.5539581959056303, -0.4776084995714102, -0.5775634394910116, -0.6917028306198786, -0.516024578227806, -0.6083507908362358, -0.5924528984320053, -0.5690124334515332, -0.46919973593204617, -0.5274589106947152, -0.40261500761635455, -0.5473530872472646, -1.545997457246746, -0.5564079340094937, -0.5740446502935527, -0.6138980322266644, -0.6190110456665913, -0.3511556149894541, -0.4690256567722222, -0.5464650805928033, -0.5413618212672116, -0.4429770776226536, -0.5503129028856012, -0.599835884834071, -1.5226289499992633, -0.5214623561806808, -0.509649807692019, -0.4901688118896513, -0.5740726761094596, -0.43785197815928983, -0.4957330025310562, -0.5454374763696236, -0.45936648756491827, -0.5361163666862317, -0.4432081920512604, -1.525032552644725, -0.3840489786229004, -0.44843989224606673, -0.5534384422295046, -0.39667801571467187, -0.30859110259974004, -0.632707423517063, -0.6316259234619488, -0.49969950885493253, -0.5178198245607762, -0.5469230770135405, -0.476282768040257, -0.5028633934616383, -1.533776726140766, -0.576257032679094, -0.4269372887905355, -0.4579602685015857, -0.5262873814073802, -0.6783048126814328, -0.5625562377179759, -0.48304921982335447, -0.6097160157088427, -0.5152138470848826, -0.6488925221813585, -0.5093838130939936, -1.5101583423963336, -0.38862544501780183],