{"vi_exp": {"vi_seed": 19341, "coeffs": [0.14940369364825262, -5.061567323753726, -10.406993760274029, -8.187248878797886, -10.782407278537207, -10.840975638172388, -10.862324085270396, -11.909160138353958, -10.00235424609172, -12.41279208071675, -10.404003490513688, -10.333332256995446, -11.926446484634466, -11.877436128499237, -12.908859311864429, -11.349308106866543, -10.097211026858668, -12.916186823343645, -11.76729875822344, -11.413219083863416, -12.564230688346246, -8.517759930978599, 1.8655463356391684, -9.976111289660892, -13.292771460999857, -12.181250262782388, -8.982986847119143, -10.374142610142174, -8.567740092936525, -11.954560461974102, -14.081068038480856, -11.608705545625185, -7.626452592271674, -10.677572876077873, 1.3809389595200363, -10.215404403265708, -11.27280924102131, -11.319482275905887, -11.257465618863222, -11.460652559864004, -13.384211725294936, -10.352398744939581, -11.364735065716875, -10.78979300878878, -9.322595106199023, 1.3889609460658454, -8.778231451888887, -12.330551944034726, -11.940747418634082, -10.289857392093555, -11.924934122079176, -10.300159345502864, -11.856682593583548, -9.593330283419457, -12.358821450909096, -8.525205999880178, -7.065756636649614, -10.054680151771917, 0.8117130025207833, -8.87936538989351, -14.473198690796574, -12.381212606803695, -11.484834980767424, -10.804064686357078, -11.390228317823658, -11.046688861523897, -8.59153669673476, -9.075052736279849, -9.150269870778743, -10.035304655460488, 0.7947195965119324, -9.852250106254031, -12.03268391870099, -12.264521695413737, -12.30914891064475, -14.652824556824099, -9.224565843488095, -9.36060791843508, -13.39492480129435, -11.81424932005007, -8.816790640329893, -11.367764364000756, 0.8790043408481114, -10.617896675243951, -10.421543562240467, -11.315541256328718, -9.618251257868996, -10.910001047900662, -10.92213097538539, -11.865616630948026, -9.866749594377213, -8.837218742675145, -10.549972348282902, 0.871367739350573, -8.242711223681482, -10.12561125041308, -10.36668755000187, -9.312964319510545, -8.317639915723355, -9.195932361969808, -12.140802180849688, -9.04618255875536, -11.098356959607038, -11.25979438481922, -9.033392193372348, 0.9205669932999544, -10.6500249718533, -10.823817161398859, -8.949056809836383, -8.522802014226102, -8.625818607506636, -11.561634886958466, -10.807246296541669, -11.922253701602123, -10.508370718128141, -10.680943836138038, -8.286979981181348, 0.9526496349724859, -8.565470363754754, -12.560261050841124, -8.933182270720442, -10.7575877081167, -10.543561130050131, -10.489051373181779, -12.770084154952425, -9.982320555289695, -10.595637819652229, -10.353102554692336, -11.719809035688757, -13.579633370586157, 1.2524626041027735, -7.981435452365186, -1.5652997879202817, -0.4679505470950484, -0.5625979951275714, -0.6343990752684691, -0.5058876211921968, -0.5080818220139929, -0.5382775312212935, -0.6185409042110572, -0.5110201295389251, -0.46354416384279407, -0.4713168241202963, -0.5501618318527215, -0.5659601846551546, -0.5074275842790091, -0.527323735461307, -0.221942665392036, -0.5480061016438466, -0.5752173291409156, -0.5835384268025795, -0.560766191490826, -0.5302432905574247, -0.5590735162330515, -1.544749721549784, -0.4748601664154549, -0.5473017978717607, -0.5405965478368824, -0.41434695487581225, -0.5754849051614271, -0.2328855987188122, -0.6444199669422263, -0.5885859160267873, -0.5320279377727939, -0.6162579546366548, -0.5905249161258564, -1.537417132871096, -0.4488634433749346, -0.6495910821980815, -0.616789415076675, -0.566539300901755, -0.4340474322392559, -0.5813222488685577, -0.5436880616623792, -0.3722260660771663, -0.41606384372820654, -0.6084080058912558, -1.5781784063194721, -0.495527430330015, -0.6004321431550167, -0.6685963981507941, -0.43895188673985375, -0.6053178628860325, -0.3949856852579595, -0.4006136939246765, -0.49885653663139784, -0.46542978275085534, -0.4829071411778473, -0.5020023710145879, -0.49843082501402697, -1.5522488355624555, -0.5064169944931308, -0.4623055909098143, -0.5359983632920359, -0.48531629640923674, -0.5537671113150369, -0.5086410052075918, -0.5032301619832943, -0.5225356697134881, -0.5535211111783996, -0.39999870973074825, -0.5022505185702596, -1.5269945724361573, -0.4383174203003387, -0.6334302609889015, -0.6060167486972471, -0.5317740255852578, -0.4889235280482203, -0.5448078104727703, -0.64434928338243, -0.6374229566846363, -0.4547617974152634, -0.5785281853857942, -0.4015327417631897, -1.5574162378873713, -0.6103164672733689, -0.625419609869169, -0.598297742800262, -0.4932250727373929, -0.6239442089429089, -0.6738094646421097, -0.5835658140820885, -0.512340822480244, -0.5219994699330577, -0.5482738897278903, -1.5877584425431828, -0.3035715307936389, -0.6338712901816368, -0.5282201517388554, -0.49701039386999896, -0.4521122470266543, -0.533607544524973, -0.45857856863175933, -0.2132967749252715, -0.5210004764920138, -0.5206144044224792, -0.527767534651729, -1.579783918359742, -0.49942607521734683, -0.42770071834535167, -0.48217389899846735, -0.5637749876923818, -0.39158463471122307, -0.5955039729352086, -0.4207422179293864, -0.4736243282217355, -0.5978363860928635, -0.5458637577689022, -0.4021169212395761, -1.5043276199453097, -0.2580462435416013, -0.5750105194289377, -0.42050979007386347, -0.5616812042859697, -0.4883925230730153, -0.34165547175952404, -0.7557735396895554, -0.512821258663518, -0.6601973573516751, -0.4922424374240328, -0.48974243700899106, -0.5779756690870945, -1.5275425632962196, -0.4965253398286039],