{"vi_exp": {"vi_seed": 36306, "coeffs": [-0.058130964612169905, -0.03305943870483552, -9.607368800349175, -9.937204309177659, -13.333514469584014, -9.774460890533438, -12.009878475590698, -12.714151603887702, -13.61277497290323, -9.95086025529298, -11.713078281840074, -11.166555596298107, -10.438715279058767, -9.29745648305652, -11.530497076619762, -11.330813555525088, -9.436070066838786, -10.19856561199984, -11.179025985490734, -12.398290483815698, -10.466684824835042, -8.439551501110156, -7.739565447360489, -12.086268447287582, -12.782215851445622, -10.485006032649725, -12.103853991782119, -11.264476560090559, -12.416360941403692, -8.427133317601115, -9.478907403389181, -12.907069859550043, -9.23868533211677, -6.092694524564742, 1.0152242435783605, -12.127932131416808, -10.183098118730982, -9.896485173818018, -9.75869081830413, -12.642873305291474, -13.79346739572589, -10.043666290805163, -10.905128555918942, -10.159447346734192, -7.982239838446345, -9.116806981246409, 0.6946383219545789, -9.047497944882732, -9.59017991389254, -11.847796578378846, -13.331166410882552, -11.919674443451669, -13.562871424359505, -11.141812251217596, -8.236239909971117, -10.165966521446501, -10.400832601896798, -6.587199581370002, 0.4475838056642434, -11.952751750286732, -10.530421525173411, -13.15219847299331, -10.73827402001164, -11.486867043472737, -10.570792305050398, -11.660627024982938, -9.10900893442847, -10.82650173738382, -10.317732907012706, -10.170986599579166, 0.40396429322918204, -11.58218845642511, -10.374076196161413, -10.072817364541566, -9.328718018997296, -11.367772921908589, -7.920075797656293, -10.571499122733652, -9.990188551751604, -13.190615692916118, -10.376851332518646, -12.180589931242, 0.8157742797982598, -8.346077296190652, -10.229435467979197, -10.991498882642503, -12.6585071575603, -8.554481743656861, -10.983316882662681, -11.555544172287012, -11.312979535345686, -10.169262367445318, -8.598783554747953, -9.525214058102671, 0.8344981262105163, -10.656072456713582, -10.438373789220856, -8.927777710398624, -8.317561686570293, -10.620260566529504, -10.321732894195495, -11.002116552681361, -11.386888096191875, -12.750532695767957, -11.293957687480578, 0.8341878032891458, -7.3143770617559625, -11.013949036171914, -9.327077795787439, -11.575877929804166, -11.919338519484086, -10.268769962460436, -10.48151582767949, -12.456834712963406, -9.616496480063624, -12.669403814880221, -11.827171809978498, -9.279673836797024, 0.9224744342895469, -10.294302659269356, -12.369354475356133, -9.295479782991643, -13.21822890782275, -11.853646561259941, -11.529538920521123, -13.634982877569263, -9.913170691905606, -7.75666414631285, -11.861758566658333, -12.173412298189428, 1.0326755808441828, 2.045542921481401, -1.5407500384197044, -1.5583944224641317, -0.5535467687053368, -0.5813301163811829, -0.4293731882075531, -0.39662847480504315, -0.5626502882363281, -0.5199499165360839, -0.4343898960729334, -0.5330986305124312, -0.4466261380724672, -0.5205127776244809, -0.4440038446546319, -0.39795865354066745, -0.5803131581427291, -0.36393856609104724, -0.4760905829034273, -0.46730100759399096, -0.4986936115486927, -0.5201084671503784, -0.4537712178217702, -0.5839609063769702, -0.598701339668901, -0.5237310628435159, -0.6255513438087881, -0.6144821653285806, -0.452628847293497, -0.5065188663742163, -0.527716601694665, -0.3385500462912651, -0.3741924581324241, -0.5009548002968514, -0.39175055907571366, -0.3571957710149759, -1.5236249776334116, -0.6804059837299383, -0.5602146199928274, -0.3855945762822826, -0.4351145465849509, -0.5438983596279285, -0.5736367919082663, -0.37942589223520257, -0.46642479373115947, -0.501831808115527, -0.4690066869679236, -0.6473524568140543, -1.5254675082014184, -0.4914114421577217, -0.5913901459000102, -0.5783387687117837, -0.49199907014488875, -0.6692626685666754, -0.47844030673812254, -0.5254345971416913, -0.5402864093522349, -0.6954567675615192, -0.590891644114036, -0.48914031599547386, -1.5451634242151226, -0.49602228654589275, -0.6035790195526538, -0.511570528346288, -0.5797349529196909, -0.4921943143561753, -0.4572081142427827, -0.5654635238925529, -0.595310818703889, -0.6022183848630608, -0.506259337581623, -0.5434223516186854, -1.507446020013122, -0.46095640901122714, -0.5444325542380625, -0.5761287922600193, -0.5004550835421457, -0.6341906595022113, -0.4834577050033811, -0.5426082016291134, -0.523633439144039, -0.4688123780946852, -0.5889613321837993, -0.6100939857889505, -1.5466549981538928, -0.42681125554787785, -0.5592573005200949, -0.4950583852454567, -0.605301648116068, -0.538705300502421, -0.5428097215093471, -0.4208617862671537, -0.6131730278400996, -0.447016951033443, -0.5176892765525107, -0.5550814046174416, -1.5595499263145285, -0.6048995836669276, -0.599226249783655, -0.5598922392159201, -0.43699801797961646, -0.5645228514375613, -0.5453242457546006, -0.4323239240759419, -0.6259770348558028, -0.6243873339274119, -0.6050561684168381, -1.5579660517327112, -0.5457517637005518, -0.5157606475487845, -0.3346427645247715, -0.5806894937417281, -0.4216388569407835, -0.47224048612031033, -0.4283411773341441, -0.6530095776156613, -0.5285396473324685, -0.5064264423772031, -0.519442392438508, -0.6130120002184799, -1.5475307756441332, -0.45847793306131607, -0.5393531632311958, -0.26761759939216817, -0.5625928417091547, -0.4892402712837958, -0.4443577080880568, -0.6089034988379688, -0.5278913038898783, -0.4681493939387399, -0.4690054975598348, -0.5386956374051283, -1.3572061017787562, -0.8457564265765378],