{"vi_exp": {"vi_seed": 63581, "coeffs": [-0.12095301795442091, -0.12850102485971387, -0.11377292213779754, -9.537820003160009, -13.411418154793145, -11.849545618424054, -12.128489727019383, -10.978232769668127, -11.926017136449142, -12.89341002086308, -12.625995673142631, -13.139030090575655, -12.901007936883275, -12.369938664196669, -11.018376737102958, -11.36865002477105, -9.952397102161752, -11.03882046901517, -11.569829573351992, -10.519943185289597, -10.1335623518599, -10.654370806914265, -9.43217132905047, -10.89410523780867, -11.84550895118431, -11.510817097137563, -12.636194402860575, -12.863316818031802, -10.361565872429079, -12.158611326423852, -12.062300533997918, -10.644443773689863, -10.991732424438911, -9.948700508173307, -8.100030302383809, -13.197812851317478, -14.03892197656872, -12.08778298077062, -10.505134668341523, -10.947917602808733, -14.301832586508224, -10.317002340836243, -12.691001444650599, -10.531388057482339, -9.434869817330235, 1.1742814887917177, -7.941371436649026, -12.08985381679232, -12.459663816540393, -14.58326559322648, -9.48634145179268, -12.602208828501086, -11.76368385312967, -11.263107480348712, -8.275863905022488, -11.9049812159756, -8.092484608677694, -10.769134277308133, 0.5363082698455672, -9.989482032885721, -11.892032515848824, -12.585237332008349, -11.73195008977742, -11.52249471837025, -13.528088315844318, -7.875532663695848, -8.554714992294947, -11.990900944166134, -9.284637710863105, -10.123671845306758, 0.48724331891932676, -13.089439992040505, -12.586479539089844, -12.300626147245502, -10.496801697557588, -11.996035835155068, -9.379832926199407, -9.836588866497133, -10.603428297121184, -10.538597579962563, -12.171600173399781, -11.075479771233855, 0.5064150555869166, -9.399052094497497, -12.309898250907624, -10.617989900562804, -13.428274043249326, -7.497292580328718, -11.64960717907714, -12.286094249108329, -12.018186273053681, -11.709315975563504, -11.738262073849398, -8.363183615798071, 0.5291992847394568, -10.167314566575252, -10.102839167679843, -9.655739287311562, -9.154089368726451, -11.471222217351114, -11.21997845751517, -12.807431666051535, -10.530067775496676, -10.167899561741308, -9.941472915059782, -9.394907863926825, 0.9312905903223738, -11.602265725638704, -10.568614678382925, -10.75966938452336, -8.929967581754989, -9.465680838808373, -12.040605216531999, -11.324964399330058, -10.680443431138283, -9.979102068433155, -11.960239874131613, -9.012536715804897, 0.8626525276185425, -9.431539758827356, -9.621551048085813, -11.674370339941426, -10.904054255407559, -10.900919003223432, -13.101194402094723, -12.220211746774941, -10.27471816549567, -10.702270771867123, -10.222366717887958, -8.931731068564007, 0.392286091284533, 2.2712338551192994, -1.5404413310443488, -1.5238678562071595, -1.5457710274999863, -0.4856139025187156, -0.5782761471407708, -0.45715556440173727, -0.5155337115325638, -0.4917305296719928, -0.5085317856195911, -0.42310463645277097, -0.6089987848097856, -0.5124102979173771, -0.4487015300061268, -0.4867476149881635, -0.5652585870531054, -0.5341460695411009, -0.5601335020730752, -0.5671403647638129, -0.4912628909590132, -0.44652291449035486, -0.5828975133272296, -0.5342182382028886, -0.44276828158005566, -0.4971488828071633, -0.5001951955220284, -0.5278862408540186, -0.5776133147783814, -0.47726134768703504, -0.5448456142567554, -0.5462358117895791, -0.4883344155455134, -0.42003575336949006, -0.4975554147069057, -0.5788911614473703, -0.5732480354709603, -0.6479186337855279, -0.5501295224003063, -0.5725106841336048, -0.42125241716275913, -0.5925925446661212, -0.4840886076783196, -0.4320227283444946, -0.6599668398995278, -0.4452317283395851, -0.4339595964797304, -1.5591516026620456, -0.4471236282339418, -0.5135391857075141, -0.37596593121287236, -0.5748394646905381, -0.5554719172091532, -0.4891335754299102, -0.5475991126571009, -0.54369073173576, -0.497661407354977, -0.4884466551267755, -0.5820847654317289, -0.5770938520689768, -1.565593402851074, -0.3186752165317191, -0.4905234135359253, -0.5476559832181197, -0.3880806949632804, -0.4931891212893801, -0.612760347612756, -0.6279982175125992, -0.4589607628076696, -0.6635860038720199, -0.4481831073151495, -0.49903270851576026, -1.5642375107534223, -0.5525487421869242, -0.5515911205812368, -0.48681504061938696, -0.5247581788221714, -0.5398895436248278, -0.44347067598153866, -0.5635418566803131, -0.5793620141129838, -0.5739036438067039, -0.5358403962763127, -0.5475169806798883, -1.5116186540881391, -0.5762974205258362, -0.415212699555682, -0.5120231371962579, -0.6466446239349, -0.4898779218881434, -0.47731886544609897, -0.3032574823743157, -0.402200978454554, -0.5812738729498502, -0.6216742305865391, -0.3905976346079728, -1.5642500622068596, -0.39217648610597344, -0.5693151842627523, -0.5042576191674472, -0.4495316581548486, -0.5688082937923373, -0.6151674545895475, -0.48810115810347743, -0.3810486863562413, -0.5538776691044763, -0.5712461500037578, -0.45332449976447914, -1.5594157750091715, -0.40452424283787847, -0.5654522570210919, -0.47121880247326803, -0.4181090686390387, -0.6149039323751447, -0.5977850942749756, -0.6395057539934144, -0.4929854199004827, -0.5175872020881892, -0.4738179521123698, -0.5286671251059096, -1.552659935428428, -0.4630896345763976, -0.4244396571034251, -0.4727377191529961, -0.5186683742189307, -0.5029927802815866, -0.4764633015454612, -0.6109153773733932, -0.5442908977200421, -0.4948206617861348, -0.5293322007250088, -0.5211592688986014, -1.2858240084357466, -1.0262540119771122],