{"vi_exp": {"vi_seed": 10499, "coeffs": [-1.2200895588138365, -8.510063491620688, -9.085203042469036, -14.440606513271797, -9.794161685817254, -11.895871652424248, -9.51185842688334, -12.468847300961405, -10.740398622479798, -10.47247434835764, -13.807976405001444, -12.712827819391105, -11.379014701137827, -11.536003406888245, -9.934344658125626, -11.81352669773733, -12.414693885044608, -14.278998151220257, -9.941377811154574, -12.31412354514292, -13.373270949751298, -7.3545795136584475, 0.7245568982294927, -11.844713505882964, -11.08680875444299, -11.012532596780073, -11.451637787465497, -11.00008878003931, -12.101742001454864, -13.105080864280648, -13.496576517253374, -10.025602353771362, -10.01290719154129, -9.114865355821555, 0.0791188737071479, -12.305764816824496, -13.805986645499472, -11.982986184684213, -13.95348765045289, -11.631570997729282, -12.475647638684219, -12.125372057142643, -10.343064348499482, -11.225063393517194, -9.696731664811487, -11.024738510056979, -0.25890971017276965, -10.562677853189674, -11.420112745133451, -12.789212748615403, -13.160871203673654, -12.928060633411002, -13.094652348543217, -10.106154342010516, -10.614035940005714, -10.2768906669105, -10.411971348222794, -12.096349894061223, -0.46446053939684373, -10.978899325105953, -14.27225813596633, -12.534176049366865, -13.787329959954564, -11.665510456621409, -10.72344066651678, -10.571113801311176, -12.30164278948683, -10.994275273503034, -8.374376590414963, -10.379393237582562, -0.5893123087195287, -11.58991316766299, -11.7914789445032, -12.464955958470904, -11.181037643846839, -12.51543832853866, -10.135473835314757, -10.204215292990746, -10.890942974220515, -11.519943244332806, -11.158004195989543, -9.278673717114357, -0.6056242099213894, -12.764956390564953, -12.114534064049785, -12.2709202849102, -12.806847674125985, -10.2615495032431, -11.168688405525002, -10.092404189645357, -11.971100192778085, -10.484738619498035, -12.122153747040313, -10.122687505654032, -0.6682154881354626, -11.341273279674716, -12.029376148098377, -11.6965020356486, -9.099294289850487, -9.950658466748646, -10.843922678387418, -10.683383088955273, -10.347927573214257, -10.882424016580927, -9.384018464719956, -8.919291634735117, -0.6322775179434729, -14.923251100017474, -11.864672471417476, -12.08398571452127, -11.032655399560978, -13.171274476709794, -11.030888680982947, -11.759377972185407, -11.292078438882529, -11.069985898965292, -10.779121639227297, -9.483047415189079, -0.6101722317668018, -10.236052952772054, -8.565300488594339, -11.628843578918096, -9.257617058962502, -13.077085869567881, -13.373609071710591, -10.566256147980258, -10.763161613690809, -13.188426996204933, -12.458568087935038, -12.233910053348747, -0.9932466922576367, 2.4455704507467346, -1.5338059306238556, -0.4019906551791433, -0.3203895486587593, -0.5721030106645275, -0.32544200433816617, -0.5715574753839477, -0.5654074471151249, -0.40046335070624145, -0.48713803733517685, -0.5712134743690813, -0.5795544546392348, -0.5603245144874086, -0.47002473825947966, -0.5516251032278034, -0.5738615459207204, -0.5289567319887035, -0.5296933545737135, -0.419881707249824, -0.45732027472910525, -0.5347883494557588, -0.4388662422629543, -0.48603791069461644, -1.5129505884369214, -0.43112431463758794, -0.5265129975978282, -0.544983610881213, -0.5642134359168677, -0.6461449608195676, -0.4798128913979022, -0.5021806628691571, -0.5731003220475661, -0.4807612713541533, -0.5356259410110658, -0.5508565188970954, -1.5682805707426166, -0.6147714652855586, -0.5843339193038329, -0.3702064919651853, -0.6223709906105027, -0.43766655731824167, -0.3747751586646301, -0.3728644252564684, -0.5462501810694812, -0.4504125076431979, -0.4113589913100286, -0.5770158776099812, -1.5977645648248215, -0.47878487995680913, -0.3784728626383966, -0.4313241088812557, -0.5905551242928414, -0.40546119440002754, -0.48423072733463984, -0.3990331842034168, -0.46941328690807343, -0.4834012992067549, -0.578146775619693, -0.5405212632030691, -1.6053713580394724, -0.4591153022915845, -0.6131933220724598, -0.4849191577708218, -0.6352924110000908, -0.5100372171049845, -0.6358582839956476, -0.6288702640180108, -0.5747636679639241, -0.574118744895834, -0.6281059672551166, -0.46290452802321086, -1.5669121066014953, -0.5446796661512187, -0.3627290848963107, -0.5765022963244327, -0.5071182658174536, -0.4943145126023636, -0.6650010222103327, -0.5343833204718985, -0.5414559269020104, -0.5447151799274604, -0.5282090753671524, -0.4653794314778082, -1.5147175210020454, -0.5430487214166433, -0.495775580342151, -0.6090969964705043, -0.4565361223190767, -0.5951280925223942, -0.464810970985324, -0.6137821950870023, -0.549310510141818, -0.4696703098172369, -0.533074916737458, -0.47133987401825933, -1.5464127537395986, -0.5415582188380397, -0.541745176462457, -0.5447306612205078, -0.46593985015872263, -0.44904932892767235, -0.6638092354078676, -0.5398419126100755, -0.6317966962334824, -0.5584453218543964, -0.4573011341409502, -0.5285724290856716, -1.559739098139732, -0.38137791954730343, -0.5635901535212949, -0.4555401517026239, -0.5453914600966397, -0.5843326773401939, -0.6275172170426894, -0.4444675262259816, -0.4532526669592533, -0.44083001851857384, -0.47128144123660876, -0.47384061492533563, -1.557438790605701, -0.5371060642145077, -0.40892719729784377, -0.5539294562970971, -0.3682736963342728, -0.5591118723674452, -0.5543166308507452, -0.47611598123434506, -0.6073472542281909, -0.37935083426737537, -0.5589218960980424, -0.6357822699117276, -1.2675684347086609, -1.192982590748683],