{"vi_exp": {"vi_seed": 5592, "coeffs": [-0.009835749983254889, -8.621180886870818, -10.368859794830165, -9.493332254330088, -10.526366339447211, -12.407682596229947, -11.34392750382175, -13.87669498153232, -12.515372743885015, -12.666801983174329, -12.327236808102269, -11.41644210360496, -12.942521427085, -12.336440412759764, -12.495267624848697, -13.09422524752004, -11.262625260427493, -9.384548407530621, -11.318820898643992, -10.674899584295874, -10.90756661040607, -10.250133953865053, 1.7040625225748507, -8.07068660621955, -12.611405911621686, -12.703002506700747, -11.659990659702116, -9.479409603531552, -12.695378311923903, -11.137133728895218, -12.391504001644885, -13.22009685042817, -8.240485454831356, -10.035293337539173, 1.033798814250501, -9.950907125425559, -12.008444717531601, -12.723590135916709, -12.410761843188368, -11.87099030318619, -12.310143226283072, -9.725982131399903, -12.274117659748866, -11.128333078082994, -9.760422866098834, -11.282437988550798, 0.7196068494619551, -8.900152290705284, -12.175420496561866, -10.117600680368154, -10.481803664885783, -10.776958392589718, -11.921528307104161, -11.2473607619281, -6.93229352363941, -9.34955303329979, -8.830406001075797, -8.74146181084026, 0.4578203538699658, -11.441900863343314, -13.696976926575063, -11.945782736870669, -10.1083287997195, -11.363256671492337, -10.568917821051716, -13.309277271948616, -11.560571121406939, -10.141989420671873, -12.089122721052878, -10.162228976313216, 0.4923059323768009, -11.533891585421964, -10.594908962438094, -13.296566038413202, -12.335948642868505, -8.213119782273871, -8.872798825766393, -11.154126485771929, -9.246899099766429, -11.619861930879738, -11.032387365131692, -9.4319381883419, 0.5901506450201583, -10.972845034711224, -9.478110117334696, -12.908121808021754, -11.899037824707394, -11.843377278091516, -11.274985234841921, -10.588734591810992, -12.023639707189108, -10.275505034141306, -10.250177219962104, -7.157383386530839, 0.5485296645094174, -11.02062720458136, -11.022057615833546, -10.05969266971387, -8.957239634570874, -9.924717956859833, -9.305828708474769, -10.794989493757086, -10.850839754854498, -7.6078144010710345, -7.3496920896202225, 0.5540733977732942, -7.8877834388441705, -11.642901297901176, -10.277112994228105, -9.495320802244354, -12.142911747464645, -12.890091285695275, -10.468096567767974, -10.224042139635728, -11.594048721033221, -11.687114092112923, -7.6177856584184696, -7.059838880607517, 0.6042612410043118, -8.394297962820623, -10.31897758516743, -12.24196477659353, -10.281199058075385, -12.26869398803975, -12.298179423959002, -11.651318624477405, -14.592849918785669, -10.17206158135421, -11.465101587872423, -12.621290715466728, 0.9050989544443732, 2.114794794720722, -1.4857472247209136, -0.5582031895674587, -0.6129725736808126, -0.37615680998933876, -0.5912084864079543, -0.5620092924570523, -0.5325863867408499, -0.5718281583959206, -0.5384497902828439, -0.6411181366667741, -0.5666748727226821, -0.5017531990972552, -0.47289388709729097, -0.42887288854486927, -0.49605351213263527, -0.6288726474101489, -0.40710240713260515, -0.5311662120545089, -0.4358049976639126, -0.3095491530592444, -0.4815052285138791, -0.39675885012398665, -1.5252252651267135, -0.4166253155147326, -0.5639883616987592, -0.5081499173768934, -0.5918380450335564, -0.5394078400804506, -0.52301956730253, -0.5323803645276692, -0.5305150734434763, -0.5596737286826187, -0.43967372069699073, -0.5807691383005393, -1.5558110401738776, -0.5011369695271548, -0.5385378642337628, -0.5623811129839336, -0.5053867189936465, -0.6379361814817298, -0.4326291130522505, -0.4242296979530909, -0.5632838691392341, -0.5825844660317852, -0.5542029105906049, -0.5168861808230828, -1.5264178106446644, -0.6020121566730285, -0.5902683350094889, -0.5491357418714702, -0.5058062550332202, -0.4014720343596407, -0.6816275516294017, -0.4106326770608388, -0.5099023393692456, -0.6151548617397807, -0.6746010392266348, -0.4072356737010185, -1.5415232628761317, -0.43686224606598945, -0.5903237287992164, -0.5152815696646137, -0.5018310749272277, -0.5787044558334385, -0.7024319340832869, -0.5456916723381542, -0.5675526620858229, -0.4868225042550475, -0.5025414107807034, -0.44435798185665565, -1.5625688009499081, -0.4541220921226094, -0.6268289900256192, -0.5677327244639402, -0.6153900665893511, -0.5084261757267592, -0.5463103136144198, -0.5869290170745615, -0.6032200660152275, -0.5123384746316424, -0.49741182491985075, -0.5628817485959167, -1.5455969845228474, -0.4836910615143131, -0.5625806764771549, -0.515645393026587, -0.536556728112404, -0.6679897912963574, -0.5511125465146867, -0.4674001670714706, -0.4080503333388227, -0.5444960672928977, -0.555317292829251, -0.4791589856451596, -1.5726298602247046, -0.5028618540841281, -0.5216950028941272, -0.5094971455539222, -0.5986071879700257, -0.5686878573411781, -0.5096660504151587, -0.4995398220605271, -0.5342255530135749, -0.3596221831585918, -0.4153950162971255, -1.5596931445870406, -0.5235736290479438, -0.5108911139658332, -0.4743402299655081, -0.5780337023533112, -0.5475788877114981, -0.629925152817946, -0.5056180406549491, -0.5584761840199294, -0.45922999867021796, -0.4178215208082259, -0.5205016144728662, -0.4879205101089361, -1.529819026112325, -0.5135501363485339, -0.4222560201054097, -0.4186497175905884, -0.48690640816371067, -0.5469927296088796, -0.5630893068007468, -0.4474669557439005, -0.5074541054597017, -0.5843399575593213, -0.4978349207597145, -0.4410311664790013, -1.3112687693489684, -0.872172929146637],