{"vi_exp": {"vi_seed": 55133, "coeffs": [0.36682455905190625, 0.3523576237672929, -8.77594884828676, -8.335387079981274, -11.190354342701777, -9.429701852050847, -11.662423199250496, -12.456158189347583, -11.074799524182762, -13.064429393799504, -12.047356925151187, -10.811060652830761, -10.392495206513349, -10.203448055394732, -10.092492048088301, -9.927173862387319, -11.7718436910643, -10.007261177783322, -10.356140106438929, -8.703212335844048, -11.290936610266849, -9.0894324191146, -7.21528270509077, -11.739148463579232, -11.841522603497706, -10.889132919472264, -11.957526962024112, -10.00484848893089, -10.454941269956455, -9.537658288917788, -11.064245534059614, -10.974282304014595, -10.729065387509012, -8.845433621038323, 1.4720843289353434, -12.114135238127236, -10.77357205715906, -11.3697117572565, -12.516191534090986, -10.948248562326214, -13.872659308836763, -12.605105059644371, -11.193365538725814, -10.831184748741633, -9.723210121108181, 1.4313957416943421, -8.111699883570289, -12.475041740792216, -12.995715363425356, -10.722726228419036, -12.869968594441897, -10.641619147538856, -9.45659398657101, -11.01864904430841, -8.523783469570704, -9.874033019459157, -9.941630283406273, -7.4998501863631075, 0.9118276600047418, -11.155119094300318, -13.723614260349809, -9.820591090825058, -10.140751087730308, -11.812747602500858, -11.23531902325504, -10.372419029834445, -11.940169347950592, -10.180886725389493, -10.904948686365026, -9.320726838309167, 0.8599329040205245, -9.874654253138377, -10.552991385319224, -12.36388521509298, -13.384502213690682, -10.874678444368552, -9.887157043935275, -12.105917740072046, -12.70359971716383, -10.66108590384634, -9.484922790614272, -10.90757724079255, 0.9617469179929808, -11.649190483774058, -12.097142118918109, -11.874532320140176, -9.577082013251726, -9.539876340101184, -10.04021311294401, -10.192992721459886, -7.238354526210563, -11.934983651689144, -12.243183217683749, 0.942198950424403, -9.216598158083768, -12.927124699498176, -9.146745105996793, -8.866292093219982, -10.017848390014164, -9.732167577066631, -9.88660916449848, -12.067820151038777, -12.042071757480292, -11.26408637164451, -10.46735957957381, -10.825473058214513, 1.0046906109892575, -11.433546520214406, -10.149545280621474, -11.543117524834, -10.000358654078724, -10.9251328678231, -10.571493390605987, -10.597743506999572, -9.851189358860273, -12.945427307209016, -9.035001003983284, -9.357138826738185, 1.154191414089377, -9.615906904569703, -7.272891093717928, -10.603111369932158, -10.715742352755242, -9.822112421185954, -10.161199025707363, -12.614481660625861, -10.511339674936915, -9.64874391727034, -11.707079392545564, -11.436375664513813, 1.6141966232298377, -9.259605747126551, -1.5438186686465094, -1.5428848220477274, -0.6690008578490695, -0.5471372330505923, -0.5059380858307746, -0.5936153118314642, -0.45294483859907186, -0.5889681198033093, -0.4524287096708471, -0.4688608172689257, -0.575935108886085, -0.4663290487423675, -0.4688918405057479, -0.3733950905221335, -0.3516796246298976, -0.5472957024693554, -0.48587083349389376, -0.5089838775955231, -0.5096053707930797, -0.33081293123046124, -0.6055675975850682, -0.4362622121437177, -0.5903744417092042, -0.5063642660423825, -0.6212100362740482, -0.6448795517739693, -0.4893929214961655, -0.452258081609202, -0.5200613485546447, -0.5988430901202138, -0.4882484373831456, -0.5915472420569905, -0.43469780458713614, -0.2991539227085207, -1.522272371712544, -0.6639042915920464, -0.43350400913670184, -0.5664589203703755, -0.5782586237243391, -0.5836569590424053, -0.5289592382320354, -0.48704039538647415, -0.5902108242222054, -0.6015150745361155, -0.5332970676096492, -1.5645929798862266, -0.49178231545975143, -0.3268087865525126, -0.6683833383436101, -0.43244562368973116, -0.5046823245586901, -0.45095091764689393, -0.5604699623423409, -0.40696175664334416, -0.3842258095662597, -0.4606320369991145, -0.44317608198389125, -0.42814834933890383, -1.553770515129295, -0.5010842515095887, -0.3994170838886237, -0.41894515348725686, -0.5010561791590412, -0.6069824467183452, -0.4929865184901954, -0.5329685776287297, -0.4694713458994574, -0.6073391174682848, -0.4155981783023618, -0.45323792313004746, -1.4996079286485815, -0.5324871381167844, -0.519749419454486, -0.6418514794269428, -0.5025488473986771, -0.5558807984035489, -0.5531374846716244, -0.4999708821534722, -0.6022219925193883, -0.39088676495142166, -0.6161950748453271, -0.4917913876881265, -1.5219384021006495, -0.5108016395811624, -0.5782439457963003, -0.42504223978662914, -0.5748284688130848, -0.4320801325924321, -0.47444602578038725, -0.48824266003238326, -0.5816911481695285, -0.6684660839622484, -0.5799670169595685, -1.5568303725677648, -0.47672654749641913, -0.431742386230518, -0.6715639254055041, -0.5168580471997658, -0.5369176249858214, -0.5020576308481189, -0.4721998633927458, -0.6294416907170808, -0.5610246103587703, -0.4564439468336591, -0.49520376916479436, -0.5662717392304055, -1.5417287651226994, -0.5750948931174815, -0.5259932103910323, -0.597912315860494, -0.4831148461680576, -0.49697371004725766, -0.46805162345854406, -0.5512784396659515, -0.43585518222819075, -0.38006061405401326, -0.4610857754399405, -0.5567960137259881, -1.554989111725912, -0.5455833405977271, -0.4615220650006321, -0.5234816094743799, -0.33636472952441676, -0.5510742385867596, -0.5539258133467739, -0.42351221606834233, -0.5638382218167252, -0.5461756191651542, -0.563524494040983, -0.4945494584402349, -1.546717151394684, -0.5217422413654745],