{"vi_exp": {"vi_seed": 27137, "coeffs": [-0.20149412532324168, -0.20565105759205105, -0.23517380536429322, -10.862624249341723, -10.135719964953028, -10.351671996351437, -9.285715870842544, -12.451140235848738, -11.038140982203009, -11.915823628082842, -11.215821289895722, -8.618648354356857, -13.27064284889688, -9.593593867856736, -11.893405235876221, -11.753756793926005, -11.309733736152149, -9.313534541679502, -12.265758710194229, -13.77013941998402, -10.472630616712129, -11.788953534967813, -11.316080470964923, -12.232280938809804, -11.428521295629965, -11.018981443894571, -13.31888591845663, -12.31430099839201, -13.218810432894687, -12.262442122058436, -11.77569251443782, -11.998507678141353, -10.602701749929906, -7.411785187806661, -5.442758778627933, -12.364515013606816, -10.002446821003264, -13.782011978408518, -10.247381917884326, -11.160115107321099, -13.060396855421047, -12.073790657079423, -10.760711210236773, -10.693420774306638, -11.071678348475618, 1.0531915527838276, -9.665618803983518, -11.05646195758701, -12.807136429289157, -12.692715490537163, -11.298860079103136, -12.441142107138798, -12.768813936494908, -12.391875836936611, -12.0384668175925, -9.852853205560088, -7.777417345527974, -10.760368179116394, 0.47219493324421385, -12.733597200784171, -11.500508320493863, -12.245133745491238, -13.301163229984839, -11.49977911547677, -10.621903569546294, -10.26015315252875, -9.870093284361047, -8.371222627452015, -7.946063369195435, -9.75224536157832, 0.39875436661686675, -12.347851844430677, -12.778997688911716, -10.888188112481224, -10.842655881051495, -10.57198732943754, -8.696140498195316, -10.343526702924368, -12.454122767945083, -9.522392564156664, -9.838531554407975, -9.909648188255515, 0.42323112856036765, -11.795117267694565, -9.526926406214505, -12.18583491553502, -12.384031808967821, -9.323063916135844, -7.578649224153125, -8.97012446487987, -10.416439756069742, -11.433122159463014, -9.25415805614762, -9.980344266975973, 0.5581427117718912, -11.451543470301127, -12.62942128497629, -10.974124011962184, -7.039562701335713, -9.336585378528564, -10.662957094914518, -10.239973880897843, -9.43057718207375, -13.924082167971495, -9.918063981362945, -9.018765911494475, 0.8497160680654814, -10.734952793599405, -10.599882156369617, -8.087800961621248, -11.95713281703995, -12.847750921094736, -10.672288544864298, -10.308062458568703, -11.856320991551765, -12.374157935000902, -10.05293468467185, 0.8116480126199634, -7.874940180580004, -8.983172581806976, -9.876577757521403, -10.808563887447203, -9.702354520253014, -12.474926522104834, -11.599739802431035, -10.882811923189553, -11.008261231111149, -11.10979385627481, -10.51198817590741, -11.170775993830164, 0.48997902438013113, 2.067637896611222, -1.567804555841464, -1.5114485127987454, -1.5528992827033903, -0.4713224730750807, -0.34182713114638147, -0.5415243269746525, -0.48480427333271253, -0.5082853701851995, -0.5048023302453917, -0.5941416794364353, -0.6066656797563321, -0.4098401124760096, -0.5264994381605028, -0.658370267340675, -0.47937132822674583, -0.563882283997494, -0.48494019836727964, -0.394719777691107, -0.5544730965681738, -0.551558547615095, -0.4115337003638504, -0.4615562398493015, -0.3630504232271526, -0.5375488400546574, -0.6081250702075818, -0.36832332583923255, -0.3843831026709378, -0.5323850058643407, -0.4614601032717403, -0.4189303464602579, -0.4599448803299465, -0.48053036641115127, -0.4803136649694185, -0.5708992718059859, -0.47003713443633693, -0.511324170869316, -0.550497176750744, -0.573530276422756, -0.5533015061670531, -0.3964441084999603, -0.5537681184534513, -0.5717646284274629, -0.39551604344370056, -0.5749741345369858, -0.6120610506628847, -1.5054500364735264, -0.6421765890308606, -0.5720842705891652, -0.5448659585457423, -0.5188956982610947, -0.47368402543547083, -0.5453709397571076, -0.4537287905795719, -0.604281788685373, -0.3806060219461254, -0.5074912295189802, -0.4543524609754777, -0.5811057475376327, -1.5399548908648895, -0.5085327179905196, -0.3654235400809469, -0.4664575137171014, -0.6265597007879695, -0.37374488918506216, -0.5429620129955852, -0.5128349149480345, -0.5770909014687367, -0.5807582577188097, -0.5472800726099313, -0.28072360387634415, -1.5324271235456295, -0.3782796724271971, -0.6099081543845765, -0.5785443996823316, -0.5507481238312998, -0.5080505385255798, -0.6440514416377262, -0.4509954648396702, -0.58685457612484, -0.4681007179537361, -0.6885287833432218, -0.5695703057237452, -1.570293874289024, -0.6408770366657264, -0.5164763086157599, -0.5226935664495448, -0.5795805171554732, -0.5962369708461128, -0.33605999937712183, -0.5307458957378641, -0.5305040085131308, -0.5573552772381912, -0.38707333327229604, -0.5207272641926625, -1.5293411600633227, -0.5525122768876368, -0.4366708819732809, -0.5110145669995966, -0.4587771446030619, -0.6169953800389257, -0.5180400512445563, -0.5808046237505196, -0.45889594657319255, -0.5232222966971076, -0.5005032703607256, -0.5359827559912811, -1.556908481907888, -0.35537370288625136, -0.45207411912122225, -0.4502187921466571, -0.5260399420881299, -0.6304629123863329, -0.39611195724363074, -0.5375818247889601, -0.36860926865987903, -0.4633360866743433, -0.4348053220775922, -1.5568459358778257, -0.508429209122588, -0.553581975973182, -0.5236077356834624, -0.39801696941415066, -0.5190050963989062, -0.5649174816680952, -0.43371136857256815, -0.48632610469079074, -0.43370901633476083, -0.35171078305204245, -0.5172238553036259, -0.6128555349985159, -1.2719576826412033, -1.033740599419083],