{"vi_exp": {"vi_seed": 31654, "coeffs": [-0.07611214960120104, -0.10277472325334033, -9.009008813901373, -8.153904276777633, -8.816953137591845, -9.277295498283982, -11.580370030894905, -13.004266372325127, -11.342347440485353, -13.105559212203408, -11.063840527567445, -9.576326847028106, -11.082903445585135, -12.525574344733933, -8.041428256316179, -11.947944760887037, -11.104374896981579, -10.887520255135469, -12.203427229035816, -12.804158871263873, -8.946863542702905, -8.30571245569657, -6.508211249397632, -10.222703326145682, -12.882958535690427, -7.879810859072541, -14.497642566536307, -8.975022510107733, -11.500800746127503, -8.51389368313538, -11.73280309289287, -10.963030931323082, -9.980150145561709, -9.06341324780341, 1.0371953427770155, -10.980877197357636, -11.220585211620655, -9.163969522148667, -12.139703000296604, -11.053583678508506, -10.59412604307085, -11.2987707701633, -9.460363354652442, -8.44630512082405, -7.100590830962554, 1.0563247454482492, -9.552394703503246, -12.30302194636544, -13.095676564772178, -11.100668121694188, -9.911341476172394, -12.66457081172149, -9.245667838097228, -9.828742685264935, -9.658925380070283, -7.693008254489031, -7.031119398074583, -9.585202183572159, 0.5186462033499072, -11.74233034669823, -11.504165495587733, -10.721917211262177, -11.429372062372668, -11.710302038772076, -11.91121488191216, -11.67878707884193, -10.043590662358694, -10.29628745121343, -9.903925961722804, -10.328946712245159, 0.4320028964316647, -13.111035706667101, -12.326100523026259, -10.43921414637683, -12.972361018255286, -12.508879040916893, -9.532260301896468, -9.821317917825263, -10.244195641182849, -11.59144605852987, -10.224155149260286, -10.225504167617641, 0.6200839721927861, -12.631255318799125, -12.384730026076257, -12.739286221852735, -11.858642251720482, -11.44666650966796, -9.399887701045662, -9.151793486722, -12.99559280125195, -13.519171498218823, -8.258895705186305, -11.389508300238674, 0.6505828324784083, -10.616826272985238, -10.06012657073718, -9.540955898737774, -13.956241563688057, -8.286881203423395, -10.201582874193612, -10.930917560940848, -14.19137396203986, -12.710481970879224, -10.905497786713479, -11.048324297104461, 0.7372833832854322, -10.483031295276977, -13.463694055306219, -10.41713764591747, -12.615106155888002, -11.34401432257173, -9.531677871426519, -12.926457255646232, -11.686985405960227, -9.77097709643196, -8.426779450516166, -9.286865801181632, 0.8604824825618795, -9.070192442798767, -11.386748730035944, -10.53359944256893, -8.517431142521021, -10.934814512769647, -12.88048127725314, -11.216973015039217, -13.405339394622686, -10.000436704228997, -11.022247010636594, -13.556149110727977, 1.3053306670713498, -7.297342650400467, -1.5254963051740416, -1.5205508597413875, -0.46542015169126894, -0.48404151058064776, -0.33759048439611533, -0.3754599158995308, -0.5529737107934818, -0.41860587850419245, -0.48086885356719933, -0.4600510290021801, -0.6550568368812661, -0.5299084849748704, -0.5610364303356485, -0.4925778657737913, -0.5120542558548253, -0.4092854184620512, -0.4108561003187493, -0.44494961305664354, -0.5018547222720802, -0.4954204722639567, -0.4430795001604504, -0.248750825893938, -0.41346357663219285, -0.5339885245224624, -0.6192680473318115, -0.5387190748263997, -0.5567258286310869, -0.48858700672603483, -0.36879738773493986, -0.4249508294727333, -0.5205865733457539, -0.38314004305607363, -0.5952421518594595, -0.5174169075987338, -1.5602413879067285, -0.5540991014388137, -0.5214560717006923, -0.472340886067408, -0.5910505867495514, -0.35913414869979715, -0.4897296578170271, -0.6339123917746868, -0.6668171529599706, -0.5659291786462156, -0.39757447772039906, -1.5244183385240668, -0.6040641773770005, -0.5142843400578532, -0.5281685696947858, -0.5267249067364849, -0.5343212087135087, -0.5489642387140885, -0.48743076748361075, -0.5072305865343425, -0.5779083478006967, -0.6005595888188321, -0.4059902864924024, -0.5061269636553798, -1.5785273258031745, -0.4792678325265647, -0.5072256908720606, -0.40925932869825077, -0.536752053189385, -0.6564828843947291, -0.3631546258265399, -0.6104946785157144, -0.4683997937174893, -0.3591165943000248, -0.4183167276127955, -0.4991872533664871, -1.5092255396545964, -0.39055646523592774, -0.40141255204208, -0.4721258735437945, -0.6475262332732559, -0.6624393259997754, -0.4103825467811223, -0.3870140878162039, -0.6059211383970368, -0.5282768485111783, -0.34371974911508724, -0.6582840375456225, -1.573797887890865, -0.47163398012253815, -0.4101926564494719, -0.5603824560270689, -0.5427654488423619, -0.6669891443338253, -0.35943211935101566, -0.461507812372328, -0.6872409068997317, -0.5224456940184633, -0.642497894660614, -0.5189788556268022, -1.5486332184956735, -0.3804061440204507, -0.3541769016245656, -0.44596207833007473, -0.6210055840544253, -0.49594095882403094, -0.3747336387157155, -0.5351581951636407, -0.6652766286676056, -0.39760375520269087, -0.4776168703142586, -0.4553145801026305, -1.5732272835119383, -0.5583099547878642, -0.5412685949960466, -0.5221573620879436, -0.6465586262792737, -0.41992566775893336, -0.5758097457982133, -0.5988502827931718, -0.3265563805271614, -0.527518839756487, -0.5012055829343702, -0.5513006157280668, -1.5139949062598057, -0.45146683445643276, -0.3994371689975783, -0.5535021290625193, -0.48729035564640716, -0.4687789446561681, -0.5824263323262446, -0.43760955225732723, -0.5739255140160071, -0.5753689980844858, -0.5209670748738482, -0.6176506809677583, -1.534698695587873, -0.5390371590944243],