{"vi_exp": {"vi_seed": 25333, "coeffs": [-0.18060572787019696, -0.17138940318245108, -0.1561353737820657, -11.293853923388284, -8.009569843668674, -11.55734606441702, -10.060772361096905, -11.23460406283654, -11.510322294696584, -12.43682832962162, -10.865075025921705, -9.581958191850298, -10.040191985667864, -11.994946175657214, -14.127225993440462, -9.695664888162634, -9.839776663646179, -9.846966011003062, -13.268420549632985, -9.699642476664192, -10.990913179792626, -7.588418333669183, -4.148521584240799, -9.67088129860951, -12.92164655577022, -11.509383338624774, -12.086093626826933, -13.597777141357776, -10.260497737686054, -12.326476584428086, -12.050280588177982, -11.101509870121543, -12.482260944205835, -8.638708772986988, -8.497981594042214, -10.851065875315303, -11.088071729308425, -12.211225245331494, -13.308742587238521, -9.653664037780299, -9.115365550377913, -13.454874289021546, -10.442539320338042, -10.723979020345215, -11.175799476979995, -8.732427929868068, 0.6414848391353294, -9.632905826564466, -9.739758803966303, -11.717822061519893, -10.415680380549345, -13.622592113069468, -11.960600180716515, -14.182977053205994, -8.91214188018578, -8.890316958840568, -11.08619458909651, -6.102346093966603, 0.42181689879670664, -9.642187882765672, -10.356252622871994, -10.430562191464263, -9.076130991726824, -8.91076828023339, -9.526933041081607, -10.02171678555301, -10.881123449264347, -11.373073520083462, -11.140182904653642, -11.053818138272131, 0.5251919915886878, -12.221033191290273, -11.47839410862744, -12.288346074893179, -10.905304408582836, -11.636736105003493, -9.932235871406265, -11.138580029043775, -11.011326279322608, -11.990500665751751, -12.233394469763754, -10.480265336493595, 0.637642211455453, -9.334119558280594, -11.865448043743594, -10.318639473968718, -9.397336204895536, -10.572923999523047, -13.913812158471913, -13.712615722849511, -9.29012847767693, -14.069816503405322, -11.37508321770257, -9.17807393787218, 0.7669437835882952, -12.392019170039068, -9.788980447543512, -13.033215385563818, -9.226494742124315, -9.646197765110623, -11.8460629293176, -9.560212249505934, -13.171627715698207, -12.60021614375152, -8.723534921070433, -9.96021067164068, 0.8130181595443412, -9.565423672593434, -9.287798837518103, -8.523987437257814, -9.059133072170901, -11.388214971248745, -12.329000332159668, -10.49497484376247, -10.480414216317588, -11.623670896527285, -8.218717625030074, -9.759086612176288, 0.9492814896709743, -9.842837222169937, -11.624908671091182, -9.218192940232278, -10.606024882174063, -7.51068462329603, -12.865691831898697, -8.22487726012607, -10.326374285010905, -8.37854839482032, -9.356497466463573, -12.497122454268863, 1.2966231149826213, -1.6671959756489525, -1.564730436450662, -1.5411708251661347, -1.5330059430127478, -0.5528972382347568, -0.5524868496825672, -0.4145500631127523, -0.49506244639870695, -0.46591525344290124, -0.6386621850648907, -0.4524882082667881, -0.6251100783982533, -0.5726209820844468, -0.33671223665302935, -0.427524337200276, -0.6351945635244585, -0.6094900165493409, -0.6806421887650733, -0.57337021408501, -0.548864237367896, -0.4699672281801086, -0.41211323739753525, -0.46856830459239296, -0.5366749438053723, -0.4513311198488225, -0.17250476267695963, -0.503943222394805, -0.46348866386835186, -0.5245010056047883, -0.502362865996866, -0.512488489142864, -0.5713018879552123, -0.5778090913297916, -0.4964119491913865, -0.5019193676995196, -0.5566022119605154, -0.579092257934888, -0.5011812067817315, -0.518430584105586, -0.3483678719052769, -0.5452397956922753, -0.472591416306186, -0.479136758903751, -0.5896097551449558, -0.5433924396653531, -0.680079738313457, -0.20410667263793106, -1.5291692800639682, -0.5205620494085399, -0.3587881243892442, -0.5965921769619261, -0.5914621044496976, -0.6281501420341555, -0.25639850090662464, -0.4450687518986255, -0.4741609436336541, -0.5572566268565992, -0.32887483900955944, -0.49464929672947033, -1.523597908653476, -0.3589180836171244, -0.5607107366246469, -0.42241762926840093, -0.4807467423108398, -0.48043495989389945, -0.5089690079606072, -0.40652733419781667, -0.5282797659602443, -0.6487916242156713, -0.43593304051214926, -0.5049815270533768, -1.5383315800541548, -0.5723160356642994, -0.5009275267100112, -0.5185767077809821, -0.5553010713736793, -0.555319568311033, -0.5894937274941094, -0.5234184512602005, -0.45993224826518253, -0.4772582082996161, -0.5044773450797634, -0.5024385247672165, -1.5715850972138508, -0.5334187874371837, -0.6742305158580495, -0.5847589415937093, -0.44514377332048133, -0.5562036142752653, -0.36371182834917887, -0.5383973091057895, -0.41236674983631266, -0.5302611218015396, -0.5052264033697992, -0.49459084399257697, -1.5407779411526727, -0.5336378107301326, -0.4445720053248837, -0.5326596976236652, -0.4319568534730363, -0.4939324993475751, -0.5747805092980369, -0.5338089995536933, -0.4481758638426164, -0.5758779473805677, -0.6015459752050772, -0.5205370589134597, -1.540072331906852, -0.5005127799669025, -0.5128026540898055, -0.4683008385127832, -0.4992205024461478, -0.5494799272124938, -0.540886060708723, -0.5375926602431539, -0.4549900775313997, -0.47701135393001654, -0.3966255312609671, -0.5419613500089788, -1.572472308308513, -0.4587531145805177, -0.550421957678781, -0.6564920948415202, -0.5554516917813503, -0.5805293515895505, -0.6151551072714423, -0.4507308163286472, -0.49605303263557143, -0.4686575570515749, -0.5859613449175393, -0.5732091113905359, -1.508115317431877, -0.4915818881830239],