{"vi_exp": {"vi_seed": 12000, "coeffs": [-0.9752581925498001, -1.0384339536606164, -13.092535976163871, -11.548610922884217, -10.751774332410198, -11.732312797034753, -12.72463937752977, -12.783990425652284, -11.599996876042702, -11.063491039890915, -12.872350959150936, -12.346625680119425, -11.32965195225716, -12.418080769874514, -14.538832967440216, -11.212405805076688, -11.694039645233998, -12.38909087135544, -10.367749908096762, -12.831266247911936, -10.114710687284045, -7.663273196891427, -2.6706606993356026, -11.936802512459291, -11.34000070919779, -11.09387376377277, -12.80019921928858, -10.99128055340852, -11.77040674141595, -14.373883476521952, -10.700953869407357, -12.366471070972677, -10.03813546290687, -9.251377973742347, 0.3790727679579699, -10.842518555262041, -13.260233937180674, -11.087041628533292, -12.490171633613524, -9.501592714749453, -9.920395443101244, -11.25033247487773, -13.428082607210685, -8.740880976687405, -12.041870681016917, -10.411202021621028, 0.09603005918619861, -11.82795425854912, -9.357074610543185, -12.167378916592263, -11.934550880579158, -9.97734379148885, -11.96279149151129, -10.27867090356446, -10.258712327585991, -9.645873531224844, -8.958199842229138, -8.969175284180018, -0.12403323215898535, -12.942191442251296, -10.431326405000243, -10.329145954236095, -12.419260309449935, -11.927276379541414, -11.627738039560192, -9.348392853130807, -9.74426023514198, -8.865070144305328, -10.579884157335202, -11.983616441265474, -0.16525676230969907, -13.511993002518246, -7.768538135650448, -10.907489536072694, -13.420499940910455, -11.620886832696991, -11.795586731578622, -11.736229297863753, -10.487896097725198, -11.909095017034288, -13.38042506196791, -11.372827366331387, -0.1813358312995229, -9.603265864481159, -11.084732069843456, -10.782113131203278, -10.55384555100333, -9.395305175458885, -12.21370624839021, -9.785148668816364, -10.851492501596505, -10.905238781049215, -9.922926080351788, -8.937820123036987, 0.0767112278038069, -11.368006501424224, -11.054349417839166, -11.355200425761806, -12.54934374477121, -11.05729008776331, -12.735832980382106, -11.233929341719962, -12.719350116594484, -10.239965888337391, -12.415962166252218, -9.371689303213431, 0.09766820914050461, -13.293831293688983, -12.30428423896499, -11.381171648251401, -11.926935586331618, -10.662103117577315, -11.627355367982833, -10.66924512765082, -10.581541200152662, -12.100436855724231, -10.216011946792465, -11.033995677550493, 0.06629079431346392, -10.290601160020007, -11.959831658162301, -12.666258057597748, -12.703697564382042, -13.809223117067582, -10.922616416976009, -11.617017294361604, -10.762375204687554, -11.932584129071396, -12.30085990757241, -13.906911315425036, 1.1314588781160608, -9.722901614468716, -1.5465549242682468, -1.5133145945736444, -0.5266918174463342, -0.5666284309155704, -0.5420267752776083, -0.48314660125646186, -0.5639995465467642, -0.4581143201755455, -0.6046143717072683, -0.4740867851440521, -0.5760329067728553, -0.552001203936692, -0.6802719368296332, -0.2745690248260549, -0.5432760459407807, -0.4021346607190701, -0.6273616816965015, -0.4446998126289469, -0.5482108877624966, -0.5308940416082325, -0.4285410935802833, -0.5713044105105005, -0.37516825583973595, -0.6214547969522556, -0.5110980145788642, -0.43856001240561016, -0.5543357991873185, -0.5731853436033553, -0.6563848507611549, -0.6830044214810104, -0.13412832392357096, -0.6545145037174256, -0.3397728825099752, -0.40022679303815656, -1.5402181727893245, -0.4574050174032154, -0.5151758782179964, -0.5628402572939867, -0.5610317510464469, -0.4306494986129094, -0.48856843531325767, -0.41595062865357346, -0.6013036292818944, -0.43835731549990625, -0.4660178220472861, -0.5002065762627294, -1.5599234536669613, -0.6022293669534431, -0.4729021354745455, -0.5573233864970925, -0.553520011415866, -0.5273597966432327, -0.5789320594510078, -0.43631903177407483, -0.490049859418952, -0.47575801174486165, -0.5381972033472553, -0.6520633225306611, -1.5635898014315375, -0.4817836995869135, -0.32866373738105453, -0.524492403722633, -0.6145342166154734, -0.46860081516042634, -0.4987608833116045, -0.3819465074723917, -0.4204164180325047, -0.566988128587092, -0.4147602359393441, -0.5419901231654304, -1.5772939665842591, -0.6092866011899545, -0.678861637532792, -0.5473847495245996, -0.49519330316058563, -0.4388840838340955, -0.5539467337337486, -0.4795765778099844, -0.42338765476062545, -0.5213551259821254, -0.580460835312007, -0.4813512618478252, -1.5566647441837704, -0.4920193985266174, -0.6407844696145699, -0.46410856918726795, -0.5203118529985912, -0.5232564803092603, -0.4456520223444576, -0.5251344077687102, -0.4164152733423437, -0.5692420405569284, -0.542481553359738, -0.5565928441237424, -1.5805421771785277, -0.49252694753247833, -0.5118791022939091, -0.648072721525561, -0.549344120951627, -0.5047833636695789, -0.5438072723089337, -0.4172879021275325, -0.5104216792880146, -0.6863823150216497, -0.43925096399266317, -0.6137953200549476, -1.5467270419439108, -0.52197239459088, -0.4596632503392497, -0.5278736344696067, -0.5850182091634686, -0.49368542877189864, -0.4766521807308488, -0.5688292014361868, -0.3599629651787151, -0.5898610283421789, -0.42310223022681925, -0.5529439185340335, -1.5123462540612747, -0.37555352394677755, -0.6566386319324494, -0.5439138424135905, -0.4873072046682193, -0.4306686925384881, -0.550909724561801, -0.42956043331116023, -0.5190483184907636, -0.41747919746780343, -0.5787800220815872, -0.5545950483077555, -1.587172653531972, -0.49574400769924437],