{"vi_exp": {"vi_seed": 46130, "coeffs": [-0.9326740776007443, -9.69219336348983, -9.658022166485342, -10.795619280957734, -10.335232207271899, -9.748688907353992, -13.237464431973242, -11.752681404811355, -11.215066991877112, -11.001942469868162, -12.61389221221712, -10.235694334609889, -11.550968017709398, -12.593793562753483, -11.973172637047673, -10.289146934708828, -11.40943072510058, -13.406385147016787, -12.145041284690002, -10.779182555263896, -11.91334515642835, -9.652600752938907, 0.9159862070923537, -12.46529895512279, -10.639694947913926, -9.874504193295172, -11.408600583470374, -13.78433790290148, -13.89390206446022, -8.705005186378814, -10.440657661929386, -10.882002973175789, -8.159443744703342, -10.895160563852674, 0.26451130180011717, -12.424699723596952, -12.867875419559013, -14.79691834471316, -9.600521895894799, -10.867266218497937, -14.81803123612421, -12.29828283807269, -14.089131314482948, -11.709728186576429, -11.054299290106023, 0.2536325108890104, -10.584212540323051, -11.22244577623367, -13.322693797705274, -11.236760289103954, -11.935299376517536, -11.98344267548661, -11.855078333266349, -10.737413763793525, -8.215554058492465, -9.488095274900537, -8.337065249540037, -8.27049808844196, -0.3919750004823009, -10.356865900635803, -10.695384885669187, -11.1519004747934, -11.388935708972953, -11.973381386680195, -10.354148103954671, -10.103094645079613, -9.67224629688597, -10.509377639274634, -10.732252398353138, -14.1660878209599, -0.12025859829782735, -9.10428067455415, -13.262955906588592, -11.791462601094388, -10.360395854040515, -11.348095164185738, -9.972672474299875, -8.530001307024602, -11.920207944350778, -13.912966645852135, -11.858662440701229, -9.293702418564695, 0.02584328066331827, -10.296308120676732, -11.170516185014124, -13.642173143379145, -8.905678362304556, -10.874176149965912, -9.571904904470463, -9.85847623253441, -11.084633167185947, -10.56293383404649, -11.420177528576437, -9.582330365008863, 0.008285190629438548, -11.637810196034968, -13.371770564889033, -12.592726298731213, -7.812596257058086, -10.696090027031518, -11.920262987968279, -11.693037772274398, -11.02892023653737, -12.860970407426185, -10.866322889446428, -8.455873844200875, 0.010992687979239956, -13.209695920016081, -12.178795158028189, -9.592847156695361, -11.354042002436428, -11.372711522111953, -11.703130506284976, -12.015372917871378, -12.127772608364847, -8.528958596964879, -9.711614662444454, -8.680352971638317, -0.02213800813373513, -11.049420307847775, -8.910487610835277, -7.894380063101473, -11.107626227129138, -10.691749682835967, -13.315350587923183, -12.078620868290134, -10.895162934343805, -10.618906996838977, -11.756393162793124, -11.09492089392804, 0.6024610912773094, 2.5585666846077624, -1.5555495824124126, -0.41341224814457905, -0.574983544011084, -0.5009854396135935, -0.48045885908534286, -0.4919764974400971, -0.537713894498388, -0.5184580604653147, -0.47970871214277155, -0.34129822432958506, -0.6155464217044635, -0.4959006658261716, -0.6049228817282197, -0.5116317036473884, -0.43357034291503893, -0.4524303172928094, -0.5479860020581329, -0.6165408228112931, -0.5693794277444739, -0.4990961589034611, -0.6017291255184103, -0.46503229052065576, -1.547298579837533, -0.5387121133436074, -0.36219392439943354, -0.5649781572169971, -0.4050102907537754, -0.38594068781213603, -0.6030453727732865, -0.4918028194658182, -0.5244678963203006, -0.5058409389953838, -0.49124808452419727, -0.5280340351909018, -1.5628032983512217, -0.42927155529376276, -0.5233253887143919, -0.5765417940661338, -0.4201726691913549, -0.5326891833708337, -0.5992798261603496, -0.5633152897941, -0.44911787231647754, -0.4739551339686178, -0.3087873118650801, -1.5345449433689609, -0.6223789267787028, -0.43316322224327997, -0.5240745242578619, -0.5544406569379056, -0.4779389557077361, -0.47416671083521045, -0.4239919226977556, -0.472243488987276, -0.48921801280318894, -0.41922147150034916, -0.4629297230331723, -0.48318579034440784, -1.5369139093236854, -0.7000549512322266, -0.3153528605987152, -0.5261144237795212, -0.30375549978583527, -0.5198922322123397, -0.3650002871165942, -0.5217042934754326, -0.5298023842460767, -0.38462055493365, -0.6117528754518987, -0.6109345528580343, -1.5336492714756442, -0.5009700869342878, -0.3784523829682656, -0.5399883774958851, -0.5025934007050458, -0.4628135360015242, -0.4283932444113028, -0.4308788547112681, -0.5859722978458073, -0.3974714877354585, -0.5447855259487975, -0.437999385962376, -1.544089051213711, -0.47915529638314946, -0.4842938500649161, -0.4311996377643218, -0.498282562962362, -0.47727873591081993, -0.502545322308614, -0.3370347866802795, -0.6345045014607281, -0.48456993074898547, -0.7116107569571295, -0.43653053996978847, -1.513761260211721, -0.4826754583583448, -0.6326934737889741, -0.5348211093241331, -0.4049606325494001, -0.3653414725741157, -0.4647979958062775, -0.5589817897393167, -0.36387766802653704, -0.4387530238193067, -0.5984529961261774, -0.3703638537135256, -1.514623772284397, -0.4927176699070773, -0.3389984381164162, -0.45967262875337833, -0.4741625705437558, -0.4739194538560709, -0.5023052682469284, -0.556825163084557, -0.5341696720538728, -0.5249538116793981, -0.6755460634144729, -0.5269641064330703, -1.5225094416626996, -0.46258125685598067, -0.3844562472214483, -0.46187686005330014, -0.5466484722382451, -0.3799747862082936, -0.6340045801450485, -0.5715953623038523, -0.5140140124252707, -0.5331189706248101, -0.5877377710544084, -0.5018410684618979, -1.241968148027063, -1.0406302243793744],