{"vi_exp": {"vi_seed": 57253, "coeffs": [0.01102363704072929, 0.0235860324224778, -7.553720115241199, -12.527719908968944, -12.587626503771356, -10.311141607037179, -9.274341669376513, -10.910759606789624, -12.217413894919133, -11.586440675747, -11.861903441023848, -10.904247107137579, -11.200063590180072, -11.016527855610299, -12.069414566920216, -11.962117290959185, -12.877756714187996, -13.306751744966794, -11.129241885577203, -11.24299730029142, -11.384949285862943, -9.675721928194303, -9.707961655071609, -9.182993913695672, -13.103704345303877, -11.318467493670113, -12.51740298061144, -9.923058686005493, -12.551745445689683, -10.652033827371167, -10.890433906451465, -11.554232380450653, -8.482706237844875, -11.17704659959257, 1.1564866136031582, -9.533604265337878, -10.971564931892646, -11.059512515787937, -9.971389302901096, -13.19213875723089, -12.379822244138497, -12.279311385135168, -11.514341326147065, -9.06836914417186, -9.39900004210215, -11.847993270278957, 0.8094486794689996, -12.10501386448981, -10.809877806970515, -13.143599363793177, -10.024916189923196, -9.54934393570676, -9.255579053245446, -10.765612764326477, -10.537957312182808, -8.791703527207396, -8.466515098601906, -8.58653539545087, 0.5549891900147024, -11.048558080945694, -12.49280760253027, -11.350554430576056, -10.80973957274024, -10.616661894197694, -10.620643393884201, -8.284270893375634, -9.661667084258712, -11.355213830338688, -10.53444400829265, -11.520890486169536, 0.6613955085965325, -10.782213886597617, -10.602312278071631, -11.005186424405656, -13.438023503756943, -12.072971423837808, -9.427051904339166, -11.43470253144197, -7.957251715824934, -11.9112030076162, -12.217664279528488, -11.23360873858612, 0.840053072834496, -10.538546356852828, -11.824460240148301, -11.45944524220343, -13.483948858670315, -9.990086935280855, -11.640925554455269, -7.415601696366969, -9.15821519944489, -11.054894024944465, -9.675380848285752, -8.81730739909695, 0.921088803381804, -9.215074415887516, -10.14512433040183, -10.370552547630108, -8.737795467898824, -10.526160027862193, -8.46728912111057, -12.346905467831327, -11.751158082168738, -12.483268698516634, -8.995331475499619, -9.340575458457481, 0.9847353710501685, -11.348594046462773, -12.252525823794947, -8.84875692501536, -12.61887969483999, -12.805703551670675, -11.084011145773129, -12.693675700699181, -13.936557527704917, -10.678865948388243, -9.982450725152411, -9.616859973300292, 1.0782170392771424, -13.3803207018607, -9.75731398181398, -10.033069942871391, -12.40248985983873, -11.550642832228855, -8.976717113623025, -13.96442110685091, -13.184694889403515, -10.118231167816045, -12.005330637801094, -12.746529813544981, 1.5564543141018081, -10.139431002577053, -1.5742312898543103, -1.5552934285362798, -0.6478584237940204, -0.40761283069122056, -0.502366652766929, -0.3276619635498404, -0.6144162807894251, -0.5719860578832189, -0.4101847734761945, -0.5703450401062539, -0.5203725433512136, -0.535570265981425, -0.489734174945902, -0.43700887712393316, -0.42409867593771605, -0.538856937062728, -0.4581111626211086, -0.545027097703907, -0.39799458323948766, -0.5982637076153291, -0.5314840122560806, -0.3789236756988569, -0.587374465950226, -0.46650173008621365, -0.576613683012624, -0.43462127337188955, -0.6825686658293887, -0.3873891077330319, -0.6030102347664322, -0.5039444290000389, -0.5241675817124105, -0.4828087025934912, -0.6048471297572239, -0.6108022531750438, -1.5249649974594068, -0.4806733735709035, -0.594541495721409, -0.44478380300993786, -0.45931825391939596, -0.5978778460257609, -0.5362625652459331, -0.5934362032712874, -0.3346990096943947, -0.5395524016858428, -0.4736927197112057, -0.49733539414352446, -1.5269251984242125, -0.575006217485929, -0.4858455714238767, -0.5634870076221338, -0.48218547769010517, -0.5744130994471641, -0.6101157850359896, -0.47832895549811477, -0.535328348655538, -0.5585169540440361, -0.4636736343887747, -0.5027714284073894, -1.5512099339320604, -0.5930730913935846, -0.4532156342126068, -0.4982800840434783, -0.530749647977931, -0.521118450398038, -0.5535410120313959, -0.43767346342120983, -0.3185996338250972, -0.4344885377611026, -0.49648643762021405, -0.5422589093050085, -1.5231231067842315, -0.6432817591988078, -0.5158343227790574, -0.5661965930034245, -0.5301770841034024, -0.42152550983929654, -0.43787804697741256, -0.4031835945739972, -0.4150888199410963, -0.566009721389681, -0.4919783768625481, -0.5025930464145273, -1.551968147030929, -0.6862285753175473, -0.4470666416247123, -0.48996882190274904, -0.6217505236178833, -0.6071283930210941, -0.5646001588695345, -0.42183269401286283, -0.4291946923640722, -0.5706587635150845, -0.4897065365983605, -0.450454902701001, -1.5298365521379758, -0.5418452885283251, -0.39026744822790777, -0.5287681618592576, -0.40832037024839724, -0.49738267701488825, -0.7122210758150356, -0.4514975816358351, -0.6304155278584891, -0.526139419446238, -0.4797506346945443, -0.5510442159681634, -1.530932887985436, -0.47603745231769024, -0.667461292646789, -0.5552333162177402, -0.48349019724955505, -0.6185569030036311, -0.5306177361208115, -0.4821794532090419, -0.5531927153995266, -0.4905814746184277, -0.5591132146925095, -0.4691930562692366, -1.527132257880975, -0.41387902958216477, -0.5250144625712813, -0.5064832552956724, -0.6570340321799373, -0.625754930026288, -0.37823313246682777, -0.5098487260794738, -0.506435085398445, -0.47416379685475646, -0.6725217295598586, -0.5663811419322528, -1.535177717749049, -0.6228543213373373],