{"vi_exp": {"vi_seed": 58907, "coeffs": [-0.18286307502646237, -0.2143100969267333, -9.31812039546434, -10.939719716304388, -10.711906353292242, -11.883881025149861, -7.79052178025945, -12.320106120118187, -11.90000530382139, -10.011088589165194, -12.718692349041676, -10.227534140856402, -13.491393735829556, -12.338461604218455, -11.15306777601206, -12.399433032497173, -13.250717285299476, -10.838767990630457, -13.91374737110192, -9.972538577534717, -11.756887015953776, -9.952235164690284, -10.1477591815168, -10.812130978499596, -10.04545538253448, -11.012967399298272, -10.717554792750148, -11.10109333423314, -13.343221517384567, -12.231331980830804, -13.634174490611773, -8.036567252923204, -11.39648539350961, -7.354626564478286, 0.9037252708457096, -10.336290911846264, -10.80141151660295, -11.538219093676489, -9.611955644260059, -12.373277625978849, -11.696756746011141, -12.821475770335917, -10.70855635620231, -7.839812674216743, -5.430204125344607, 0.9097795861345637, -9.484993753114011, -12.847070898312168, -10.584519252992434, -9.961890888480477, -11.89338283253814, -12.275230138074035, -11.430679763393043, -9.21479105968399, -9.745588306993808, -9.794119463498074, -8.55904272310186, -7.53855281572727, 0.3145532399261524, -11.499791433417052, -13.449030885262122, -12.665224181835079, -11.334427210251757, -11.180466588974697, -10.614404788162568, -10.677214685647698, -12.739708724086372, -9.620883659339848, -8.86295178299871, -7.837368066027365, 0.23491595678985383, -11.772739977201969, -10.96720894296427, -10.933368344611072, -11.289609231685613, -10.90422863771202, -8.744112451317724, -13.178757697732468, -10.091376355675912, -10.638810916548419, -7.425369592045836, -5.885543841932141, 0.31868319904307785, -9.702262347701723, -14.095151093088795, -13.353233540454152, -9.977640039045111, -9.60253310713248, -7.821000264583797, -10.653137500727096, -10.774100986767923, -9.580790814006999, -12.322906478979462, -8.270622746210993, 0.27952678894751065, -11.13264371852674, -9.69040223694204, -13.293127036530326, -11.248159139291767, -9.019128474101912, -12.218077132416179, -10.064899573970207, -9.805585508298226, -10.68899983293894, -11.954731178869649, -10.742456592957463, 0.301780562032528, -10.160496000058703, -10.927162727656912, -11.631134406190434, -11.121730936681242, -11.555121910994801, -11.662352263478448, -12.897279906101058, -9.574984169431364, -10.815619577142433, -7.509839992095621, -9.39078190221253, 0.31073577417388576, -9.7970461060938, -10.655490548347453, -9.19114999627993, -11.274708364175268, -12.714511577680472, -10.972016505532693, -10.958377351136422, -12.767448960514521, -9.573635081516626, -12.696177438163216, -11.676137239777262, 1.129124121952912, -0.5226277521321954, -1.5821978652693534, -1.5397978116243078, -0.427850121296472, -0.5319571245971549, -0.46534853209671695, -0.535395838291006, -0.545132678310852, -0.5256820962857089, -0.529766000327552, -0.4667957440326365, -0.4541872297425163, -0.36418866930792304, -0.5907665330314998, -0.47506572756647, -0.5081697559516535, -0.5538537717189268, -0.5573365020720973, -0.4135684600527322, -0.5280008677525032, -0.46770627807742854, -0.44482461660854106, -0.5714069082644948, -0.4777775423986394, -0.4982847811364276, -0.5193699971809654, -0.43982341015707327, -0.5920593908393051, -0.6042690031040441, -0.47632846179248556, -0.5946784978825035, -0.5645321988658571, -0.5097050035751503, -0.4742179351609576, -0.41015617673091653, -1.5546995276884585, -0.4616798212219822, -0.47033620916858104, -0.5653007645634119, -0.5235211043381978, -0.2142620893626147, -0.4726087599101379, -0.572973821228727, -0.5673777380798244, -0.5241407342899176, -0.5255765529230585, -1.5465514690428974, -0.6037002592111484, -0.572828379301285, -0.4563766880908188, -0.4860656280203286, -0.5543470887659908, -0.4372964797775099, -0.48899070501800157, -0.43338783663000746, -0.485869387625097, -0.570518516984426, -0.6182558835308829, -0.4567657019475919, -1.5500564278317188, -0.5467638659079956, -0.5225295246191203, -0.537482429713855, -0.6147183753252753, -0.5744305797682353, -0.6139086459118631, -0.4683811530724573, -0.6645471275018905, -0.5189805777285597, -0.6530681833252608, -0.5338040067903026, -1.5280056239597046, -0.6146387870277726, -0.4186250665557161, -0.5650026150235723, -0.5790934523944646, -0.6085266396818471, -0.47376146905168465, -0.5819399027649224, -0.5305107611816611, -0.5628626103552876, -0.46524146846297304, -0.4632258324195992, -1.5309161447925166, -0.512358269088819, -0.5496028679612404, -0.5861217256288982, -0.4488675825885303, -0.5599660385811855, -0.45242658977790357, -0.7114968076583013, -0.658938112314408, -0.44889891966818934, -0.5474644678046766, -0.41053487794418153, -1.5679804534932633, -0.4813316539270089, -0.4098240894200299, -0.4640892603157988, -0.42002222634205305, -0.39224414729580415, -0.4639415172928769, -0.5254188527030059, -0.6468760918787573, -0.49721119182614887, -0.5871401572163175, -0.6176291809567565, -1.5438840248115882, -0.497230078705688, -0.5453083499277651, -0.421063750679262, -0.527459172335883, -0.49756835059200805, -0.4511854515597055, -0.4543809256521981, -0.4931039739293332, -0.36091550709868975, -0.23771424563640112, -0.3816240188498272, -1.513936367383392, -0.6243245228265634, -0.507125229450543, -0.5497720039335313, -0.4039859150507669, -0.47149065271281637, -0.5285813056610711, -0.5642542057271738, -0.44044122459579566, -0.5680274698124678, -0.4609581027365951, -0.5638761080232532, -1.5337380404618914, -0.5937175620371911],