{"vi_exp": {"vi_seed": 28410, "coeffs": [0.10989420358028125, 0.07926378178831779, -10.903385607225438, -9.519672972872655, -10.86939883528689, -9.744947588992863, -11.186487152246421, -10.538669830316039, -13.264698418559055, -11.487948438936145, -9.516865445187502, -10.474609923586998, -10.169065195951884, -12.345430094560589, -11.44415952340374, -12.996273299857735, -10.448883257967973, -12.246649010079562, -11.78223836253569, -12.725571012610535, -10.563518984819074, -11.861162569001001, -5.670120508800604, -10.464955852351439, -8.990784245042219, -11.275966736742104, -10.763967019651258, -13.955533167975432, -10.320726650863056, -11.190231787704894, -8.913293307329173, -11.311953117679211, -10.632180508152905, -10.248997852093288, 1.2507790495717803, -8.42979998628204, -11.486520629605693, -12.619010450142019, -13.010712640335402, -13.165274495780986, -11.511623550956797, -12.189859138508774, -11.756024800040409, -11.23443124583017, -8.699752041917439, -10.891101678670845, 0.8740891873305849, -11.021915035326112, -12.377645027833696, -12.077770312765688, -9.733110298905713, -11.834592190020777, -14.03906014712312, -11.008230625635429, -9.23488060715881, -8.920445654642071, -11.54559530095575, -5.382664682554675, 0.648247706734476, -10.394835435663735, -10.39061494472618, -10.20987317118083, -11.197932023158604, -13.747012064913319, -10.219912111159191, -7.45936543408348, -11.493666273294371, -11.03850343426795, -11.02472522420501, -12.511241909822068, 0.6153627682555073, -10.347188619896253, -11.016186134480208, -10.52599316018772, -11.395529402510578, -11.780942784839501, -11.708967427453098, -8.045046366696885, -12.437651122533362, -10.36414862530576, -12.795506696783773, -11.184430816156611, 0.7725029196852691, -10.368432198461585, -10.797832319621827, -10.061771481441903, -9.293706565406346, -8.120559302023103, -9.592674769318524, -10.385474404249802, -10.331254949681968, -12.595527206666942, -10.608322937348676, -12.083845587762978, 0.7563805079082989, -11.532040033780648, -9.686836861757097, -11.043684931822035, -9.822750455997536, -9.161028577554902, -10.558970472484788, -12.504581722776242, -14.867854290092591, -9.651566136454782, -10.43915781374601, 0.7544358323205383, -12.258596240657454, -10.67181988440806, -10.34973418691938, -11.239741500882863, -8.811886671831763, -12.331742305835519, -9.349582425770755, -12.788201640438583, -8.782692662686488, -10.919707588877412, -11.90345957531494, -10.216524761356558, 0.8639434235242317, -10.420623611422194, -8.194365126381475, -11.4148649188696, -11.070950626393067, -12.098133045037676, -12.312690717092059, -10.30076081542053, -12.249378424019259, -8.274267607012591, -10.294177102313636, -10.048853789671282, 1.4754624827993073, -8.052468401322736, -1.5613394145993005, -1.5144627538275997, -0.44990079422011936, -0.4863494728726417, -0.5076142837498027, -0.6292290387998669, -0.40367189206184884, -0.4491140591741835, -0.618850400874027, -0.46720558888976826, -0.5064207660598985, -0.4831660941059428, -0.4732040053315968, -0.555661645547444, -0.656113413212499, -0.57323294487358, -0.4933720559802721, -0.4715796992215672, -0.5853802032163183, -0.5121245066025072, -0.5622919574222823, -0.45986981881749, -0.4528390703995323, -0.3158125417425273, -0.3668412093690843, -0.3954877440638736, -0.44049104684350443, -0.5382404789344104, -0.33211341171682324, -0.3528101930985553, -0.4258760903652275, -0.5357551993863664, -0.4757623365700812, -0.4017456790545444, -1.5455288444706379, -0.5892840820883957, -0.4976034107999621, -0.3624648487093123, -0.369728444404847, -0.4790942088015677, -0.5989293932417449, -0.4645595463049764, -0.4551092506230339, -0.5249481157941582, -0.44530132114571264, -0.5191646952062449, -1.5474920033250983, -0.44707054902330196, -0.49252732764693974, -0.5015974543597889, -0.5856686217298825, -0.6100835271178333, -0.5403339380675496, -0.5149922546833278, -0.40782608387425767, -0.5751755734629488, -0.5106803734351434, -0.5451282494208254, -1.524499267168703, -0.6352321517034986, -0.4110155932475413, -0.6269841183018947, -0.49445787994702434, -0.42059584922858745, -0.5404302790765015, -0.41724522676076026, -0.5617980893800912, -0.3870563213844554, -0.64462069373226, -0.6507903058934513, -1.534043421387612, -0.4907863121538258, -0.4702434791219628, -0.5258644307889891, -0.6152218314865785, -0.5399087817372492, -0.5737445327715301, -0.5397338400678897, -0.6620662072357442, -0.4128294990591951, -0.502657271056128, -0.38886708441569284, -1.5636376823157845, -0.5472542543957873, -0.6133697562249536, -0.4192595915066407, -0.4065261897017504, -0.49449839252539834, -0.40326482102529365, -0.41235739699664686, -0.5626773575312398, -0.5624416071045003, -0.4309605362860694, -0.4962615682455171, -1.550082298636472, -0.46468792988208035, -0.17103244097224413, -0.6000221986883211, -0.40950018835188534, -0.561906245785245, -0.48399019141778077, -0.38191752314130833, -0.5172347262827469, -0.47499161093619763, -0.5865837416860313, -1.5367450430479137, -0.4437754452769128, -0.510363410941021, -0.3928320052597658, -0.5320566524701054, -0.5634646452473874, -0.5056818597409577, -0.4050743353191259, -0.5130449454714492, -0.4718297136740379, -0.3539851751806445, -0.5269211561238443, -0.5769672996506483, -1.5363938890290318, -0.42057630868600915, -0.36740630199621666, -0.44763752298884363, -0.4870892354389645, -0.5170608636777684, -0.6011943147084412, -0.49630477498413905, -0.40904513481731714, -0.5982494012469423, -0.4025369252671337, -0.47673649823511377, -1.5602914733271873, -0.5340623659329712],