{"vi_exp": {"vi_seed": 63353, "coeffs": [-0.31741519752933217, -0.2957505941953462, -8.892616565228327, -11.96967280750183, -11.37137608977366, -10.109261450296113, -12.913187114413923, -13.04958987248906, -12.962188518812052, -12.707712439422815, -10.66264459298476, -11.332833642907609, -9.634753686897927, -8.504987132994348, -11.696437006148136, -12.604773281676506, -14.426443323524344, -12.393307193542046, -11.97357719859017, -10.433386143189898, -9.984441247038447, -11.324621207567873, -5.818888994711791, -13.795106998655841, -9.841340288629302, -12.498169886497681, -12.349803918086765, -11.049379998417402, -11.892907732193667, -11.132208018723244, -11.825224138219562, -11.452431626454231, -8.37893759965282, -9.787883543054312, 0.8456473449872821, -10.505163067784295, -9.485952154007853, -11.08011677448459, -12.739632107333495, -12.851306838029295, -13.37658452048805, -9.969397998505487, -9.95364114675253, -12.86987718710188, -11.854201508739306, -10.55945811626659, 0.5176991662499127, -12.877273964939631, -10.60601024230634, -11.230165661032075, -12.176577831872777, -11.839109128747939, -10.618222878708044, -12.39384589816887, -10.907710485570226, -10.589382301974942, -8.807955864384681, -11.185627049396604, 0.3193776358012229, -10.465823486350965, -11.127291874080331, -14.202358322799485, -9.602451088191373, -11.431069947020822, -12.176173700559124, -10.663621191580695, -10.642923890475574, -8.265157756733277, -7.540408315996537, -8.738378827395884, 0.29096666971112084, -10.928013634449284, -11.136456198204376, -10.76050509942307, -10.95181738114655, -10.079267487932329, -8.137678053066635, -7.498182562858769, -10.064326349058218, -9.654792686618572, -12.151599016697999, -11.785998722549518, 0.5189852500891027, -12.71010315569122, -12.815891972100804, -10.887459993574744, -10.990483821325752, -11.200893436368615, -10.163081176252106, -11.305295618023075, -10.575337795204053, -9.230215111174727, -13.070221809806458, -9.401788448243574, 0.6070562617647659, -14.475206838211445, -10.432247712637079, -8.521557697982196, -8.70036661757632, -9.331866598416239, -10.160680608557856, -12.369808589474298, -12.171926553793988, -10.718616162732365, -10.365328245511353, -8.111117923224228, 0.6267075835644292, -11.781824916707045, -10.134397865084521, -8.590187366705553, -12.058209332016437, -11.201831043715142, -10.034806323077794, -12.711295085727606, -11.087477538232328, -10.806965364230681, -12.105245418467725, -8.956230205198425, 0.8070152620429869, -7.462985373653977, -8.759860585621059, -7.367954458452751, -8.706610144147573, -8.491737254014106, -10.637065964237589, -11.998260784350041, -9.890523606013533, -10.760521194377267, -11.213434906285496, -10.3546969036965, 0.8106373333825664, 1.6671341446941095, -1.5816151003169945, -1.5180395338242014, -0.44270723855576216, -0.47052880106384987, -0.5111906660394984, -0.42322268562731513, -0.302981753182601, -0.5172879410257991, -0.6831086513277668, -0.4599720037043991, -0.5219733886947068, -0.48840027107035955, -0.40989673346155847, -0.5612571637962993, -0.5111571952916922, -0.4508742994254354, -0.5568843004604497, -0.7006357678649485, -0.4679984766312874, -0.5083579531820999, -0.5887957027010832, -0.44723242923566614, -0.4863124847116739, -0.6096641994297342, -0.5078584457142167, -0.3027885213488134, -0.39115667910776697, -0.5334377582144554, -0.6963004935288042, -0.4577115086870971, -0.41544971864106056, -0.3795682764879945, -0.5430690699545342, -0.621643251165485, -1.5542064164945515, -0.5489763926142718, -0.43873757762680315, -0.489685216592973, -0.5631071527432581, -0.3687339312538115, -0.5552693810324341, -0.4333339239905758, -0.4609604212622102, -0.576815250548487, -0.5439177155517484, -0.39251583027364334, -1.512708263338486, -0.660343847270436, -0.4616629984908483, -0.3802346459963087, -0.5255782869669255, -0.4955750772840231, -0.5466553365715044, -0.48868265115323983, -0.2827757854814162, -0.6266763165723148, -0.53963828707959, -0.5161718012239881, -1.5259498779456269, -0.5493163816380963, -0.5780105036570768, -0.5220711504023379, -0.49250630093244413, -0.5202260696113362, -0.3938978506542618, -0.5348532666043017, -0.509563697226707, -0.44519217245861614, -0.5871016640312868, -0.5059548799116105, -1.5620456494699515, -0.48742735005995874, -0.5451991026268798, -0.48307769988879906, -0.56730609158159, -0.48968289161569595, -0.37184047431132644, -0.45442967961128916, -0.3972220898087238, -0.4481478285631237, -0.3972840042455794, -0.33694187590547076, -1.5333532919849122, -0.5570490879559221, -0.5803253226929332, -0.4625293138492144, -0.5125332825876461, -0.5178014600417864, -0.42073620342351425, -0.631899243571089, -0.5549403922113135, -0.5771424784490737, -0.5647320722940382, -0.49795579187246375, -1.5544830872120987, -0.6866600846042844, -0.3321536571748376, -0.5176592862314596, -0.48657000526554645, -0.45327326828049747, -0.4595825278302956, -0.554031622119304, -0.6070344986391287, -0.5067451339402828, -0.5481685788294497, -0.2878921964384903, -1.5266553853190472, -0.3108245631516312, -0.5263581597693682, -0.49779565149378074, -0.6406613442206521, -0.5381277762939617, -0.4619739695984353, -0.5736664676449185, -0.4301426630151101, -0.517752780344196, -0.3080976212938115, -0.5054985555979936, -1.5368482379685597, -0.5315169658890092, -0.5014635385289585, -0.48304755408788397, -0.5403297040222459, -0.5145408278726091, -0.5792250841171985, -0.6418066062868468, -0.44623310158621377, -0.5188642814574941, -0.6020946348036939, -0.5268298792127611, -1.2974637895890684, -0.8220541390038335],