{"vi_exp": {"vi_seed": 16497, "coeffs": [0.13879684964439065, 0.10208226831250464, -11.694896562946322, -8.613823910523985, -8.626947046614763, -12.089938088279284, -12.142462962935852, -10.478321936592405, -12.189560115018294, -10.664234421986066, -12.508188507625329, -11.384842795176485, -13.216337093990218, -11.055454677969367, -9.526166385667214, -12.442433930767852, -11.996024801873203, -9.345673912054021, -12.731317083635185, -11.09966490034339, -12.973857530476383, -8.061732800167832, -11.216058571609487, -10.396516815511273, -13.799086441229987, -11.756101086445698, -10.902525597871918, -10.118183659941177, -12.213532535703662, -11.062414276286319, -10.902197544178412, -13.47185003086121, -10.821032953146446, -8.037306893914119, 1.246570416362648, -9.726644422215044, -10.526460508499847, -13.558731371126964, -10.425000958774206, -11.47173000506062, -11.579538539814896, -11.39112019062114, -10.009065755448747, -10.149578365319586, -6.876728345849786, -10.738785543638693, 0.9624370365034243, -10.967475778540884, -11.73527653722251, -10.592606544807136, -12.635032019810815, -12.656361713099901, -10.468476359321949, -9.533265750128418, -8.09955127657415, -9.911427815660698, -8.937455254371082, -8.548543428253225, 0.7675453604915056, -13.2931973396521, -12.167984157782497, -11.277064482986185, -11.932702690706185, -11.310806350058126, -12.074492412212217, -9.359008911618721, -9.02859321395878, -10.717681320745319, -10.330682440733693, -8.54195614915571, 0.7110422791123204, -11.14702336266582, -11.732732287763643, -12.48884384546378, -11.246961220074125, -11.824797598920865, -8.160690121968045, -11.995306838797806, -7.190473140268402, -9.501362605237496, -8.424959054215226, -8.257294179501256, 0.8414393663714537, -10.835933572209406, -9.545416922835518, -9.01631169095504, -10.852257617666094, -8.720734214650133, -9.013844785553498, -9.258314718037939, -8.6291677952239, -10.520472224364608, -9.285654652312253, 0.8444761976674838, -7.409461042665065, -12.440270844805966, -12.202089714374363, -11.097878360033658, -10.900777116778269, -10.249706979889162, -11.135592288860547, -11.03958019517061, -11.723420748955464, -12.065857696999405, -11.119367173760855, -8.111448442692481, 0.9582198556213452, -15.186541827167193, -11.027655672320803, -12.252274726095362, -8.385840243031483, -9.657425795852136, -12.067875356526669, -9.200750954289868, -11.926713888641018, -10.704646471619558, -11.476294633716595, -7.3362215466868514, 1.1360629350982232, -10.232367158287241, -10.004936777206446, -10.444634243628823, -13.072214959729827, -10.651054052525538, -13.368418376091345, -10.619836168016443, -14.28122549751102, -9.985566138031103, -11.352178466211676, -7.271932372675795, 1.5215896775319113, -8.093246061138608, -1.5480026993531983, -1.527004366843677, -0.47678110585980454, -0.44558037126032024, -0.3756446581444933, -0.6040862359569097, -0.6081230532938158, -0.5732975477347377, -0.4105967072063164, -0.48052234892533585, -0.6108205325378079, -0.5713744319902622, -0.5435977168959678, -0.5842002618626593, -0.5034723267133866, -0.4843120806462395, -0.636664637982271, -0.4643507523817123, -0.3542574034093503, -0.5910091907734878, -0.40809156001593516, -0.5371116213232681, -0.5056848436554736, -0.4925895100072611, -0.5275711917085478, -0.5225955721790544, -0.47665756593886116, -0.461542242821604, -0.5377975991381466, -0.44955158622925245, -0.5597860077343747, -0.5429372472557327, -0.47885247571047257, -0.5477711689643289, -1.5610880418363338, -0.2659942749992778, -0.41067360214698634, -0.4873154336115304, -0.5324690435146089, -0.4489799221074021, -0.564133418256477, -0.452986866351328, -0.36723833708264825, -0.4062135838204206, -0.5652997239103661, -0.48491719339663086, -1.5023685066248007, -0.524841979445514, -0.4728818093641963, -0.5355688773935199, -0.5655882457715198, -0.6742162898675488, -0.499742462744537, -0.5124793830540638, -0.2888265554633235, -0.49427452889587464, -0.5371914609378667, -0.46192212066729194, -1.558344867131634, -0.5255125757388173, -0.46526625572953834, -0.4893291293284451, -0.5239393675826722, -0.5212707689892646, -0.5592692201421553, -0.6278794721881058, -0.4023897125592233, -0.4485645189686973, -0.6408779948686507, -0.6359261485973843, -1.5145845902173132, -0.5382347806824369, -0.488305264306754, -0.6287105153301766, -0.5296754329911834, -0.5834530218524037, -0.5149770127185865, -0.6374692019156276, -0.5712410969305414, -0.5417175819112152, -0.4613230100991334, -0.35600964444724137, -1.5615164496160925, -0.4259407757072483, -0.49311301448544986, -0.4840971801962724, -0.5041412803267752, -0.5040342430352232, -0.5076121994746836, -0.3649598120524188, -0.4506559889079556, -0.5307464855009764, -0.5355400275060089, -1.542925826782436, -0.4518972673394516, -0.579988733230436, -0.5038355379340517, -0.44887555098660126, -0.46241193825445653, -0.38254458082101356, -0.546393143018215, -0.5441679748168956, -0.5896209134665185, -0.5989611499605797, -0.49087522571117886, -0.6143766478906161, -1.5761262575974022, -0.6088935836025398, -0.40593068613155114, -0.48688609088474966, -0.5237982242674377, -0.4388510689521408, -0.5034937717588928, -0.427634626097346, -0.5981410830206776, -0.5137031118461247, -0.6490629390436609, -0.4059823284974429, -1.501112448190244, -0.555662602292343, -0.4604180181570605, -0.47951435458341535, -0.565465672417324, -0.3839404186615003, -0.568126674917643, -0.45641960624105293, -0.475745179254727, -0.5550692554431772, -0.6153246646284584, -0.3736788958626744, -1.587751731178361, -0.6560717589959917],