{"vi_exp": {"vi_seed": 1562, "coeffs": [-0.2324986414845135, -8.593404257620818, -10.064160023813853, -10.645277338596049, -10.509606658714983, -11.647555827401906, -10.982838569048461, -10.955884587454044, -12.902582541650634, -9.44804414431273, -10.690969117535285, -15.421291600296694, -13.040862483065535, -8.98275894511879, -13.043076244640627, -12.066534514036434, -12.116955426249067, -11.872188471622575, -11.369787581734757, -11.318048897360383, -10.80403969121623, -11.240187634502915, 1.5163867014595998, -11.135960347176786, -7.993186741550781, -10.68702589756705, -10.483197088809934, -10.675137573751057, -11.761496780570646, -10.765891892418347, -11.780618817014506, -13.703053269391786, -8.884549964755541, -10.820096611921937, 0.9760968214263501, -10.96117827860079, -12.72319977729741, -12.108570482475457, -13.60871861829624, -13.089900351311334, -9.628870910658005, -10.577749233555206, -11.206616854331045, -12.641606124173187, -8.976833433752374, -9.559913516293388, 0.6097292559150586, -9.89072126119574, -12.01555336704273, -12.322083950911969, -11.884804119054358, -12.56505147452497, -12.248377226152204, -11.312375080427525, -10.657427125528395, -8.870560969795658, -9.136178005265942, -12.161602389077773, 0.4013288567789, -8.682937261141488, -11.066647629251877, -10.295588652654812, -11.848320973333172, -11.900545585047562, -11.174367099147531, -12.096928284517412, -10.01246097322073, -10.05614603043638, -11.988088050665962, -10.596842397964611, 0.34115141016813255, -10.817144297570687, -13.954315799690123, -9.838393574478296, -13.651344147227183, -10.415156207824023, -12.593516949749507, -7.920144149086475, -11.428914904782918, -8.797959066200153, -11.138611413943798, -11.230672098918292, 0.38460203080847255, -11.588079073711999, -10.14575433337362, -10.844394430121735, -9.828365939486806, -9.555765155860383, -9.521572248722205, -10.920051603972496, -13.258451470212021, -9.841633613598557, -12.0272868780333, -8.985565948237104, 0.424616656364758, -8.365469693146576, -11.643394789777219, -9.910737879941719, -9.984845522643285, -10.924490213926699, -9.621611492781154, -9.743830328899989, -13.346515128506379, -11.127830631919208, -10.552756108954235, -12.145260757395578, 0.6676210299744252, -9.194583968828695, -11.488815196441655, -10.48282102592781, -12.286246268425426, -10.218030711116825, -12.112095751535145, -13.284787492047123, -11.801834352651754, -11.717828700434177, -10.63534377440788, -10.549936771931224, 0.8813498184568118, -11.588200924224052, -10.90662176071794, -7.629880164505975, -11.778690095458172, -11.009195764246487, -10.46396346204297, -9.196652607296423, -14.658406957799071, -11.007164836358614, -13.171767483800274, -10.663473830849405, 1.2414507828251287, -7.2396350513027175, -1.5702032116699216, -0.55382003764492, -0.49869599062495257, -0.5624854946643565, -0.45161555800745645, -0.5644479050129713, -0.3430189515675344, -0.5654121022347125, -0.5205539203906848, -0.40422223067724117, -0.4704865857501692, -0.5400487478330155, -0.5121062016059661, -0.5614136121711832, -0.3540392131962108, -0.5783728245975907, -0.532799237641567, -0.560653779756115, -0.448652255871846, -0.41726539442033383, -0.602085485350601, -0.504390022004881, -1.5638428548185175, -0.5768716077209183, -0.5512886698414059, -0.43892217190631366, -0.47571833075022674, -0.48370116211261394, -0.5289046687074253, -0.5576792590199996, -0.5936643566151223, -0.42557012720900506, -0.5287246159134406, -0.514031923475878, -1.5303506843995929, -0.6523667509920013, -0.6357672797895229, -0.6078286246534368, -0.5985658336314033, -0.5423956888099893, -0.5049194572880357, -0.46768449524770606, -0.6049092278346756, -0.5240846851361785, -0.41806187325989225, -0.6215762385658709, -1.553437199811779, -0.4547319913049492, -0.6346115187251093, -0.5275060298177263, -0.5003678659837447, -0.5610978687962441, -0.3979179495403361, -0.46398718372946035, -0.4417394701884128, -0.45047534669613104, -0.46894613379255523, -0.5579061324306333, -1.5690020846766706, -0.3917062661630961, -0.6326311213569651, -0.4488264643352154, -0.613072570717181, -0.5132112796055663, -0.4890489253406582, -0.5719515228899182, -0.5426890125117813, -0.40219047726995066, -0.47787807734309234, -0.49330683899206906, -1.5362417516707194, -0.4383383163392613, -0.43813261914570006, -0.5432252922340982, -0.6818592965649201, -0.5541204697802895, -0.5347903231983651, -0.5049134021664564, -0.41752385279916343, -0.6230815369954755, -0.5968838328672639, -0.4858550318535276, -1.552913181851446, -0.506881071674696, -0.4609992728285705, -0.6277195489096873, -0.6082516365258056, -0.5399033671742108, -0.33735906724241027, -0.5467095944339423, -0.6192128537607703, -0.5503211072003387, -0.48333698038133177, -0.5622908403385966, -1.5304849297380325, -0.5167299637691966, -0.4328993931823798, -0.44548325445940773, -0.4971979972913274, -0.45212708402323437, -0.5463010249472542, -0.34907247742036696, -0.6164940438251711, -0.663695535549865, -0.45851746063940574, -0.46219997353579667, -1.5289059665371425, -0.5169433207558485, -0.3799097261055607, -0.515164581310024, -0.44497685034316514, -0.565677090173622, -0.5856872896444505, -0.6532969680459213, -0.5208900500584697, -0.6010043034459658, -0.5752378052087036, -0.5754997702947591, -1.5101619941635236, -0.6201582969227468, -0.5502273113590711, -0.37840841949524157, -0.483121928660729, -0.5642755783219136, -0.40761153816676704, -0.3708803764160432, -0.5588963400693558, -0.5048860305812418, -0.3528259398725379, -0.41939644336069304, -1.5114523437633018, -0.4805862636347699],