{"vi_exp": {"vi_seed": 64716, "coeffs": [-0.2932966393954421, -0.3088412063485004, -0.29054924186640196, -10.852338747383982, -10.053499248106172, -10.974291623096903, -12.463017823256905, -12.108019307637019, -10.837330532723428, -11.340579311603966, -12.514515559639525, -11.070301406992241, -14.298446742620895, -10.34622467957772, -12.37148000467537, -10.483586627716898, -11.212767388338687, -11.026380287252247, -12.017269873278234, -10.62834806807616, -11.863312276084313, -11.049820023137439, -9.189351070427534, -11.211565535787763, -14.033010380024248, -10.81965131714861, -12.495745532462692, -12.910169318202808, -11.061835535367084, -13.211321455117313, -9.139392916279974, -11.424173385988663, -9.20601234452072, -7.5999868105046975, -7.826507676499252, -11.59889884068445, -11.021999011478105, -12.223532651761934, -14.028844536997601, -11.037583304698897, -13.121145045527898, -10.429626828530976, -11.863488515514083, -9.70476921508803, -8.124725764564927, -6.673554553273263, 0.6155401721039144, -12.803184581095673, -13.328277713797803, -11.946831479765477, -10.681540512397007, -10.8382058858134, -11.21621407867076, -12.576732976443912, -11.688602774681556, -10.53231983384949, -9.949515946488372, -5.988579323054567, 0.36485631970095733, -11.28920074825963, -11.656041941962455, -9.709089363047154, -12.517395626157342, -10.711076432741905, -9.756234891641475, -10.813807166789992, -10.205450102933192, -11.065929454745076, -10.365541601100333, -9.70733834564747, 0.2944005842124326, -11.244177089661124, -12.6599840529794, -12.759446320348976, -12.004678720095686, -10.466620217554338, -9.877734849679461, -10.443376305527282, -9.5677848047845, -10.352443817715747, -12.127955293596598, -8.562610879778138, 0.3230071655170736, -10.55548025381626, -9.394283700918923, -13.69451977937477, -9.633879039963027, -9.429059371885039, -9.278258886624139, -9.721040821882493, -12.444439390896846, -8.827047897477964, -11.083456664710994, -12.252319746560604, 0.44075995130782036, -13.041112359556495, -13.064480073978674, -10.556021169439818, -12.028357195828464, -10.276685294990934, -10.599287142377603, -12.24596554088392, -13.494341497579944, -13.028096068646429, -9.484863327450952, -11.787531190742381, 0.6904399442690563, -11.366181404886571, -9.425463070152375, -8.68781661634947, -11.568978813152295, -10.4269343591904, -11.075984296300708, -12.296019406997171, -7.594401899142087, -11.22377356568547, -10.501388247884577, 0.7073308263598918, -8.882921669636003, -12.70038197324324, -11.572554047764463, -10.45227810004135, -12.797354459795754, -11.298472408920624, -13.335830827049634, -11.351339537597076, -10.44344747372083, -12.424855514771284, -10.253855336276914, -9.17764208934607, 0.3088949776787793, 2.387016916376524, -1.5469243750500303, -1.5201027779479692, -1.5239051953206577, -0.567330883181004, -0.5528987530962753, -0.538299024136213, -0.5270482043295721, -0.527998549575331, -0.6195040557855385, -0.5555243933723918, -0.5194510787847547, -0.4881123903442504, -0.5990195253663209, -0.46116368599189483, -0.453600275933161, -0.5723284853069932, -0.494838403471209, -0.6296871502855089, -0.5443899889181372, -0.553068041956834, -0.4436980093274248, -0.5836962338880554, -0.4597353107905242, -0.46684938442131, -0.6926116085408752, -0.6009720853365459, -0.4153385159899971, -0.5907217727221439, -0.6001805444596457, -0.48737192655442557, -0.49143051024206963, -0.5946013364437676, -0.6202785694022568, -0.4060061946863318, -0.3483178821057916, -0.704062411407982, -0.5925439601828387, -0.6232645113545014, -0.5424438509512716, -0.5495760822631032, -0.31726980007513544, -0.5020019686913456, -0.41084243924404723, -0.4261919039284234, -0.4977038420292387, -0.5309146580480334, -1.5538806467797701, -0.382117688476668, -0.41644133744124034, -0.5412769828640095, -0.5396298525648647, -0.5282262886844524, -0.5308343926866297, -0.4830653512819598, -0.633183775293441, -0.5033700642230197, -0.5277364582867753, -0.5092235840450682, -1.6041013519907086, -0.5672722358568203, -0.3381529134926029, -0.6076424099092638, -0.7109107022261156, -0.26663927073504207, -0.4712428764398168, -0.5186108879102056, -0.6130000246955374, -0.5306009922904555, -0.4149689085597309, -0.5177132497606745, -1.5394176857252813, -0.5512172036662619, -0.6309698814695335, -0.5740326847584277, -0.5774923995477705, -0.4040360957241716, -0.5641122576259907, -0.5893920421235711, -0.5157490525399056, -0.624245133095859, -0.4771557772177891, -0.4462734280652665, -1.5405555478028627, -0.5671628742320292, -0.38861916807302277, -0.707986310665618, -0.4536644200421115, -0.544910750453174, -0.4867801659442328, -0.39698054559555757, -0.43909260271790246, -0.48469270445906987, -0.47378962667591823, -0.45725461177466514, -1.5485838718701161, -0.5115748555245901, -0.632486878984284, -0.3440962579503378, -0.5332165988583623, -0.48455122514610344, -0.6446846330767012, -0.40827378556368255, -0.49581220954336125, -0.5502731009500385, -0.6469909807829097, -0.4992003871314438, -1.5697070049477162, -0.4639818313610186, -0.5202817599394927, -0.41238738493085747, -0.5763571682151195, -0.522738851487885, -0.45823290391520294, -0.5052903624773888, -0.5153085771858138, -0.5555532943259661, -0.4782634799024525, -1.5563721451215033, -0.5273739403167265, -0.7826062997987014, -0.6096461451024895, -0.5220599198269912, -0.6722325447509038, -0.44293718790105313, -0.5042491714222168, -0.4871776840565727, -0.49607728240420357, -0.5780659078831147, -0.4621919688696662, -0.6191996292804148, -1.2804337535173067, -1.028165028105058],