{"vi_exp": {"vi_seed": 47159, "coeffs": [-0.0007142799102233591, -0.028319949546935154, 0.010345323560490229, 0.004320869262039244, -10.651526524308913, -9.196732453447815, -10.88078599984927, -13.490761899226953, -10.681051033257754, -13.15411546016933, -9.83001190186397, -10.302920245431245, -9.224803496698348, -12.332723940449368, -12.230157275764107, -10.833754724659833, -11.910953721444713, -12.067439061971852, -12.667733028703541, -12.853546833629968, -11.33952098716893, -10.542896413166947, -9.66296827930961, -9.917301888491716, -9.894125977013138, -13.167434229709421, -9.733567734255296, -10.12319024886539, -11.085705423310959, -11.796978089402089, -10.99778749852605, -12.044584897514587, -11.619328387263248, -5.686560313389013, -10.214665572214795, -10.72438432301322, -12.894152057023664, -10.70602710742146, -11.247371863616667, -12.784997817441027, -10.363698842974102, -12.19888429454769, -11.431947411324414, -9.308265942442441, -7.494348404624511, -5.580487118138093, -10.372373454932779, -11.55206578830062, -12.541742035943233, -10.889293580714703, -12.110297529985768, -12.241289622326862, -11.083066715791281, -12.67128533141966, -9.988899681855363, -7.2892181989942255, -8.295412027283467, -4.8537731605641525, 0.48292823123785594, -11.690787545268144, -11.39938984855659, -10.413677530934322, -13.154978848303118, -9.609485167165854, -10.304430786739232, -12.91715907895855, -7.140959550632161, -11.304839128070554, -8.235203183929922, -10.693348037727969, 0.5378626986994433, -12.554878651667261, -11.895542562754622, -9.986336440387456, -14.747219154487398, -13.75284189567135, -9.128758773950738, -10.225674145165726, -11.744514461675172, -13.020072134672146, -7.8630692586329936, -11.460010264549746, 0.6816971416130022, -9.962597062149035, -10.333311892665566, -10.767747732160718, -10.383043301681878, -8.747170419683702, -9.34781662542717, -10.670636508549842, -10.361881493055597, -11.75393158848802, -10.238287766932292, -6.693723728211262, 0.6909022916111478, -10.08214397845179, -12.408053620383141, -12.353415214622162, -9.736300804438713, -10.421090973320517, -11.393427417138486, -11.994442549818947, -11.812824805625107, -10.463688336292241, -8.40768711254504, -7.833019349333491, 0.793678783057369, -9.525265931576783, -8.967213020911174, -10.558318909349772, -10.932315631865794, -14.237800031557306, -9.319338555340634, -13.177301158217041, -13.109664677135031, -10.208467812065038, -10.017218825174474, -10.950540172197954, 0.9024573530093835, -8.72777248494597, -12.178060949420106, -9.988014181085651, -12.773432897031473, -13.392862328343405, -12.09163067135741, -10.849149451961967, -12.703558270496671, -12.024509725328302, -10.565750436762293, -9.403306630919692, 1.405864981414022, -9.328343578507777, -1.5484326644888613, -1.551871010566779, -1.5197187026490104, -1.5189280075803275, -0.4647682735337934, -0.49233070425832387, -0.5885147417159732, -0.5422281762354919, -0.47242733701195916, -0.7088894335456789, -0.5229436950656533, -0.49863084772113986, -0.4702887493407865, -0.439855924091536, -0.5588907178063368, -0.5318056656457311, -0.5466852628662631, -0.4446001086356948, -0.6263974998467825, -0.6187580246661949, -0.3383790352937562, -0.5725365930309834, -0.45940293938429017, -0.5894022023782874, -0.5395781202323435, -0.3529743702382222, -0.42047595098908486, -0.6313837260063583, -0.5602955280212848, -0.6219710474382634, -0.484739569650808, -0.647302689387699, -0.6731391631728817, -0.5675710524925298, -0.6034076829090163, -0.6010173912379547, -0.500430869022132, -0.4820903312057047, -0.6321929485935605, -0.4648923966052713, -0.41635692895072696, -0.5823153774534634, -0.49226555544825135, -0.5104134419026211, -0.6640900427568454, -0.47918244586400616, -0.5289653091310749, -0.5815869138103352, -0.5358639118815173, -0.4857600428174603, -0.642717520711209, -0.5001472030481928, -0.4341586183903831, -0.5705972259876219, -0.5965413151340713, -0.41900699075439013, -0.34445292997711874, -0.5218560828681488, -1.5617587492268126, -0.5272637926347034, -0.5572333854692013, -0.5933245808786851, -0.4874492654737155, -0.5062992275893501, -0.5216749242694086, -0.43453156415668703, -0.4595221462020815, -0.5470271890884579, -0.4130214417290067, -0.5635107006857254, -1.4994699358652683, -0.338916940659144, -0.5348324497096557, -0.509681376764729, -0.5855951379993067, -0.39838247560501705, -0.45055394010057304, -0.477550254932539, -0.5812679973520102, -0.4765164053976116, -0.5829340256858326, -0.5375129592441148, -1.5627544867664682, -0.4573117547241652, -0.5903470393599979, -0.39915370405685746, -0.6055163788772733, -0.48306560381061486, -0.4721607175118973, -0.5224542691615003, -0.49863527298543925, -0.5929914623206051, -0.46935990717839543, -0.5384070850865079, -1.5261884345886207, -0.4920520548331622, -0.6192731794291964, -0.6271031376457777, -0.5477223857996826, -0.720557804099168, -0.48489163993663303, -0.5290567462465404, -0.4899570445651337, -0.5404684225042319, -0.5637559772093188, -0.5018044721850502, -1.5495061710026512, -0.5218127180087883, -0.5996223298811252, -0.5648283893327677, -0.5603172886881569, -0.5731425884991646, -0.4116659714591275, -0.4836062591929859, -0.5206607980962188, -0.4699513367790634, -0.4921485866958929, -0.3968342346311727, -1.535475410566615, -0.5041665900628202, -0.6421902360624591, -0.531860121237561, -0.5092113620150155, -0.6304904642830338, -0.5446770349623672, -0.5683846550848662, -0.5646318616591418, -0.47273179023417056, -0.4848242138781324, -0.40261453934218683, -1.538131551601277, -0.545373710344247],