{"vi_exp": {"vi_seed": 32133, "coeffs": [0.12406195628205703, 0.11705364308771002, -8.726795208134694, 0.12021084254007654, -11.969490046527856, -9.098301628242517, -11.305526724241078, -10.311506492745753, -12.24310978831551, -10.58005110277212, -13.946474642966031, -11.276539896402717, -10.96561748454312, -13.225153560085849, -12.442856150307723, -12.685681688876784, -10.415977701787497, -11.958885213395066, -12.929636443908425, -13.18220960237497, -13.260478305558282, -11.374504579802135, -5.8842148443185485, -12.156277933179341, -11.36909804444727, -13.026573035342766, -12.705391332319685, -12.043558252045218, -10.7233540603488, -10.066768507851224, -12.19371320113494, -11.14120083632255, -12.44138342388025, -11.040943154850078, 1.2314498259453834, -9.278684659831242, -12.683363608612874, -12.088311153420456, -10.68087907680538, -9.950091128472074, -11.301175874316675, -13.53255175440332, -12.008755581951698, -9.019137883734942, -8.313055427134197, -10.093600049768613, -10.754151791431967, -11.797519369941552, -10.134011626264828, -11.910375485260284, -11.881981638484234, -11.73353770415674, -11.965606625843897, -11.411690321158048, -10.529745607388847, -7.821255635961274, -9.715924688135678, 0.9137728671445747, -12.226073440079368, -10.493962624089813, -12.556177490168649, -12.370729780104949, -11.510573747575538, -8.79885482858445, -11.6026584917401, -12.65978973040188, -9.595022952662589, -6.190977451315676, -7.730858946001614, -11.166026340374815, 0.5465276509445777, -9.930021328777967, -10.820759298743821, -10.992135023578152, -12.34469440149693, -10.562430224905235, -10.28946614731707, -9.598407056429817, -10.424652764469988, -8.90636389739546, -9.035853050624237, -11.959108468982505, 0.6780284699123565, -11.20745700014959, -9.696625691184968, -10.339800585786488, -9.4308558181862, -10.464858538244474, -9.249526956928365, -10.366560023043942, -10.26005025241712, -10.507679130964938, -10.315167616328228, -7.132952033402113, 0.9311624714770829, -11.911357950509505, -10.214780208860848, -9.998686911306182, -10.121939057743553, -11.985004699887137, -10.564376855846783, -11.452009606562031, -10.005153136845706, -11.750922350391182, -11.143412163339892, -9.738610778099428, 0.7990140423366514, -11.652773804057464, -9.483543940574306, -8.648321627365766, -12.003279197336742, -8.627655754718958, -10.903343669657994, -12.365849821550013, -10.762397489323826, -11.514914717047647, -8.1063154649671, -8.735788525119776, 0.9954190329181584, -9.629470506533947, -11.108286632489898, -11.891845254510185, -10.344826585919057, -10.731198829701647, -10.19925976697613, -12.759890404481606, -10.32542465732057, -10.741973757520983, -10.368026749535119, -11.880045296311726, 1.254739037889262, -9.70447143673193, -1.5336625944959614, -1.5334836181874285, -0.36723703049643575, -1.5567187774098146, -0.3569958841514826, -0.25362303652610285, -0.5929335095386647, -0.6405780846503554, -0.5131246428099151, -0.5692498083962947, -0.5382135862034153, -0.45475538058705145, -0.4746885447964136, -0.5738687316826907, -0.47369297964174306, -0.5661024294267053, -0.44264077855834194, -0.43464488791073547, -0.44619224867875656, -0.4681135744586692, -0.5856358288021609, -0.5045408518806948, -0.5119962571143979, -0.4703366592401615, -0.445546800189089, -0.38651169039558864, -0.509311167254634, -0.5206317591408104, -0.5753323325562972, -0.295671186422817, -0.4950425145477037, -0.4949991833804439, -0.3955397193696807, -0.6293357505458808, -1.5626142728046546, -0.28060948596315893, -0.5608832883061058, -0.6401709988348456, -0.33106549597904245, -0.42463636234437846, -0.42400675559382234, -0.5131385373250997, -0.5189494296385279, -0.46799472722254737, -0.5024710090885365, -0.6471079664515382, -0.5356907822842916, -0.5183792681343529, -0.4911089473030844, -0.6151588325578704, -0.5167188651449439, -0.3968342857821468, -0.6143202613429442, -0.6773112812341325, -0.35991768351478326, -0.47240539416130106, -0.4935601378333268, -1.5380003971964145, -0.5395901373395041, -0.4542796843831813, -0.46746713293082637, -0.5556676859721514, -0.43701304262022567, -0.5104021057073633, -0.4871781112851057, -0.5139724431109073, -0.44328993902390557, -0.33180803749967674, -0.4776092625286302, -0.5203794229851911, -1.5404150300438941, -0.3406164037069866, -0.5030054851658589, -0.5810395168553422, -0.6328573341384919, -0.5716403852738638, -0.4041503746422857, -0.4060567674616613, -0.5615454466273219, -0.48949892579171006, -0.5296218070186033, -0.5533424384455433, -1.5926660518419533, -0.5173618447749577, -0.5062971046903371, -0.5116571464140283, -0.4313459647769035, -0.4643240922807557, -0.3667715315517799, -0.5654750256201525, -0.42411900603159874, -0.6308791377377201, -0.4907356122679461, -0.5200031459397021, -1.5208903432109935, -0.5881214226706641, -0.5010906221938556, -0.38419919127137, -0.6351303269246548, -0.5017857112905749, -0.4475700497967827, -0.46826706554385245, -0.6226321164997191, -0.570213100609792, -0.4308253567926315, -0.49227282476154843, -1.524985342436069, -0.43841576898059254, -0.4965527308446798, -0.5247333180785382, -0.589093929302592, -0.6270432206064622, -0.4511240246367703, -0.6319608403002817, -0.40624253998826315, -0.5171985533365234, -0.47223570980484475, -0.46855331159720404, -1.5868414221194982, -0.4810017809577118, -0.40457198470646266, -0.522371256514391, -0.48878214047167723, -0.3848236117038351, -0.45098685808803496, -0.5667876338579906, -0.5492019261401974, -0.5048951945654658, -0.6155130642637349, -0.6128246068144024, -1.5461494511387515, -0.6389654993848037],