{"vi_exp": {"vi_seed": 1347, "coeffs": [-0.2351314753692023, -0.22033030676150978, -11.283224600847413, -10.404443425422206, -9.371946097604935, -11.217188853649873, -10.961342996627067, -13.44305709108968, -13.268121760480279, -13.91266807714246, -10.17424480826099, -10.022337614993814, -12.689715412033783, -12.370515144832112, -11.954557732682257, -9.277571395839795, -12.180629092718942, -12.996093649824223, -8.789596598715576, -12.631795403750896, -9.645279258602795, -9.403910576864133, -11.19523088576354, -9.278179983449284, -12.6686128796485, -11.616876567730129, -10.413632720599924, -10.860995178374102, -11.214766220117065, -13.3963565241162, -11.324389762409663, -12.137802921010318, -9.544163653394543, -10.974418365837543, 0.8962510030847433, -12.509724961634646, -10.738832680723954, -11.24771996068861, -11.555425722193712, -11.650190126979046, -10.54088621550619, -13.788388829963779, -9.675458075060689, -8.813614029792937, -9.276216583007162, -5.019686940928909, 0.5482527247893906, -10.763970402700922, -9.557758234192793, -12.565605972858437, -10.125552220554434, -10.369269821628789, -10.237546956718655, -11.817219479787019, -8.707165643721316, -8.44617751530086, -10.814073090761193, -7.888830967547255, 0.30093319585138606, -10.70454696587787, -13.124399913932935, -10.295401818967106, -9.486082290379965, -13.047746919635832, -9.050701497327514, -9.964732336819486, -9.323886634842172, -9.507541331166397, -11.009475178768716, -9.63078891293267, 0.4202129685402567, -10.232191971482012, -10.725629938047906, -9.074819872893066, -10.751747779690291, -10.652380673269523, -10.73957798786926, -11.835319681335283, -9.491191391398841, -9.439177045700522, -8.761946962087102, -10.46827182072719, 0.5604210113075327, -10.69940696591337, -10.49669355512279, -10.8850133743345, -9.98236468087723, -6.666979993867948, -9.49866035507382, -11.146420509881528, -11.355420028256198, -10.779941794256667, -11.573573035986465, -7.816462886180141, 0.6667413061107195, -8.264908917684705, -12.05121240005238, -8.251904991514948, -10.878684463118198, -11.003062803923351, -9.976036442200774, -8.868940836044885, -11.647143558185698, -10.3056663435023, -11.551240366913067, -9.984202075954208, 0.7996172239666582, -9.992932957931744, -11.776149900645358, -11.063660476289746, -11.834839084405852, -13.889911493563627, -10.758304436492491, -10.400674268624332, -11.41871674142224, -9.975125872029881, -12.702377397832853, -7.589110286393466, 0.8680287948481622, -11.192405396654097, -9.731719506282607, -12.277198340796733, -8.740076268426122, -9.353990463877052, -14.054818660253419, -11.15372478587141, -12.908937774822654, -11.36544577110316, -11.385961070502201, -9.09958127456616, 1.3724873955207393, -6.645448355953533, -1.5216437734042318, -1.5443825350263134, -0.44044507558117213, -0.43770825089463794, -0.6084932802701838, -0.5770910440684286, -0.5283931164536745, -0.6228366830126829, -0.5511314725193338, -0.5405810659242274, -0.417151244374418, -0.5904370287092975, -0.5793500666918798, -0.4706979694339157, -0.5068421131928326, -0.4862620789961984, -0.609371534933749, -0.6334142989925701, -0.5081713708237864, -0.651551347100855, -0.20734787516301875, -0.4726575845530545, -0.4006490329629212, -0.5624173633181893, -0.23453388274242276, -0.5027340479946946, -0.4907776155420009, -0.4756106812516732, -0.4755427344455976, -0.5072811093169475, -0.38476996141400077, -0.48183107029811373, -0.5086543124562592, -0.48823306109093306, -1.5192316054064898, -0.4391261372818518, -0.4723055795330867, -0.5727935305180959, -0.47055947617472804, -0.5175428085608346, -0.5561923811901712, -0.4431817619611579, -0.3978472193089111, -0.5310952246002616, -0.32521755533448643, -0.5911091423319312, -1.5191875663489545, -0.3326244472363599, -0.4200426892949865, -0.45756788810412213, -0.41273463569566826, -0.4183074299644847, -0.5058680197071396, -0.48341806376497354, -0.343371553523557, -0.45124682467818616, -0.414762257252438, -0.46330264505172664, -1.5373865872624548, -0.5639934100281915, -0.5897286983516895, -0.5636562470480558, -0.5022498388553761, -0.6723590242065771, -0.5312741042183045, -0.7010686409574026, -0.5798267408852247, -0.398427110140793, -0.4555362664217275, -0.6427425941910082, -1.5549800429512333, -0.55597674975377, -0.40408827993614144, -0.45869409567177416, -0.35587789609075915, -0.5231510533236227, -0.353192305872044, -0.6419552871266901, -0.3517298929583768, -0.46081895051157207, -0.21494477804949286, -0.4749302536605638, -1.5345393239111387, -0.313760441483404, -0.4850218013192476, -0.5837176126056062, -0.4650569243928329, -0.31783885108517623, -0.5130682231827928, -0.59848161659972, -0.5997007567037064, -0.6819518909687868, -0.45867890938909217, -0.4774487084719021, -1.5849266934475006, -0.5941046470497738, -0.5176046973442028, -0.4609268702378923, -0.37711931373514634, -0.48639762581078905, -0.400711859901208, -0.47123738821222877, -0.44722658084068995, -0.5909882499282882, -0.5636545330367636, -0.5273257697254001, -1.528337155853691, -0.5705655019226389, -0.5195654860065697, -0.5064542788070532, -0.5492270353031983, -0.6594022172604801, -0.6174565834237732, -0.49912742685858413, -0.4640573375160942, -0.5458771598082859, -0.5883782454165956, -0.4913702238586757, -1.5305222135927397, -0.42736404167979236, -0.43142692651937836, -0.6055698074986267, -0.5543549629848682, -0.5131719065905437, -0.5542749128475782, -0.5865684278960289, -0.5825416260328363, -0.6143296924423919, -0.5291243304355548, -0.5267335737362809, -1.5277816250025928, -0.4434362985549543],