{"vi_exp": {"vi_seed": 45421, "coeffs": [-0.4507470430196338, -0.40534206481151747, -8.849130262359562, -10.107000493316324, -10.204485024344786, -11.782890887826845, -10.667485845362826, -12.828427852414146, -11.577683242375103, -11.835158699432474, -11.364743028143554, -10.534992607416818, -10.786579446066757, -12.049883703072044, -10.596089949976685, -8.749488131517316, -10.791094494136246, -12.191827629535062, -12.29268795281753, -12.229457121765032, -10.358854659975115, -9.705969116914286, -6.662558038282474, -14.195216179328193, -11.547965365809297, -10.290698654208065, -12.262249221012093, -12.750808485632563, -10.57631413372604, -10.014293801749282, -13.368385535526178, -10.551897929611195, -9.699972242233487, -8.616993664170153, 0.6737651110474046, -11.798951279903655, -11.266941879695974, -11.585283233177774, -9.647591420364675, -12.052553620950945, -10.496342107364447, -12.444923029565043, -9.729725973850718, -8.988693132956703, -8.03300319586624, -8.864326447407546, 0.3513632388187186, -10.85276492461059, -10.785689074681107, -11.463056479459572, -12.166450050588146, -11.811821733180585, -9.835985568936088, -10.89945578935903, -9.891308842828124, -9.705081135432806, -9.615128317933088, -8.507324885910522, 0.11959953618146786, -12.93747118288035, -11.208763753819657, -11.88042855588875, -9.650624238992322, -9.569750424714258, -10.342803335159553, -10.383321591078731, -9.870081045352132, -10.263910052436048, -11.070549293509014, -10.262159601115089, 0.23513967912662687, -8.934909996349893, -12.573010982957383, -10.604104605570468, -12.74647006453625, -10.264953913873283, -9.949788653963466, -7.045619728508076, -11.195998230864339, -10.477822890300295, -11.954748343926, -10.266843722236112, 0.24964536100982912, -11.901684384260669, -11.066446515743369, -13.59262219440516, -10.817095719344701, -8.445964598203878, -9.82189782563708, -10.645997254455906, -8.70083138061937, -10.875160356860581, -6.956733142222681, -11.235543613221596, 0.2299750375274066, -11.368803880786016, -11.564095964592237, -11.563215817587798, -10.341258003513149, -9.662626042488348, -10.497942981878147, -12.97505925322457, -10.44046814981569, -9.848634811575007, -11.296085358299544, -13.316827524193718, 0.8305549086307822, -13.639391863250863, -9.683791370543586, -9.983927777059739, -11.041119352542884, -11.913103396584148, -11.649403329383155, -12.287945366283099, -10.31529834508727, -12.225749582428545, -9.491057708382336, -10.393739271892521, 1.0553625624478662, -10.187532593913351, -9.535546806266009, -9.764851308810407, -10.840103262765629, -14.173580369517994, -12.819849570593538, -9.99414122729452, -10.759228784557685, -12.957300563454998, -9.01344356780511, -11.56804414579508, 1.4272625107076913, -4.988618426572688, -1.5421672147211565, -1.583467021200521, -0.5447278327297197, -0.474201040650724, -0.44799124231050275, -0.5073746496586437, -0.620468714399885, -0.5442377710821326, -0.559323536144784, -0.5017222901468098, -0.5540324467766853, -0.482905391947536, -0.4556533801646378, -0.5845480738026329, -0.6564735272654582, -0.27877017836600576, -0.3965105221844003, -0.5703435028627865, -0.5994616984218766, -0.5145730002403507, -0.41131347360436105, -0.543130616807237, -0.49178158597794513, -0.5548209515668775, -0.5446134724350907, -0.49409123256330645, -0.41603708565795333, -0.5657396123212082, -0.7117433595912857, -0.3145096354213055, -0.4234832318591301, -0.2997323047339513, -0.62916671387268, -0.40142923345748, -1.564008372465808, -0.4229181028406787, -0.4313862521984512, -0.5801338120374689, -0.47181132428816874, -0.3846986377307161, -0.41109937713989564, -0.4152807687752801, -0.5501129936064508, -0.37051443826590436, -0.4886780903750296, -0.48538725924907544, -1.5614982451291606, -0.46521388320151275, -0.6182231983358967, -0.5036833794210065, -0.36497049646371277, -0.5731098438939163, -0.4911478916591581, -0.4562130026005106, -0.6508108737347854, -0.42121365841162195, -0.4405305627613963, -0.530755519064791, -1.546235876659963, -0.5184201863771232, -0.5169353907904224, -0.5335314308643498, -0.5697797828287323, -0.5624803466695908, -0.5878269514192377, -0.5633773850653424, -0.31028337863581285, -0.39783595906141805, -0.3263841917290323, -0.41774965054298724, -1.5383153938472773, -0.4478257358382934, -0.5651209990816137, -0.5031239908563047, -0.6535811141239478, -0.5429620069225198, -0.5124378429356761, -0.3674523323676161, -0.5418965975495252, -0.43422477963668504, -0.5654771338778217, -0.48552737091070053, -1.553219485683955, -0.5123715300378411, -0.5046710555372507, -0.49233281992007705, -0.539724823424235, -0.4712560080330734, -0.4049508040757726, -0.5974308519837364, -0.37588745922074684, -0.4231848508670517, -0.49193769206334853, -0.5317900236145765, -1.538712171912578, -0.5406659846537488, -0.5344939660514973, -0.5618509817944483, -0.565571339549967, -0.5056587059684262, -0.5059273180909449, -0.6123025315898524, -0.3490877028601329, -0.39936697159766604, -0.510725080406973, -0.5698806067924967, -1.5377853542003368, -0.607425371216814, -0.6138942837807486, -0.6478636343970465, -0.5397705046742397, -0.43212055969611224, -0.4117001361145554, -0.47171701189765186, -0.6179840824430914, -0.41653870542588767, -0.5325645124312713, -0.44886949016089916, -1.5030095665082357, -0.4486998088837606, -0.47778290102002907, -0.4726767837538129, -0.43300285639720326, -0.5793178653782654, -0.5255661395616178, -0.5262726479547026, -0.410073750487893, -0.5666264431369502, -0.3897652690835088, -0.5661237399845997, -1.5286175783014464, -0.5425203529990438],