{"vi_exp": {"vi_seed": 54682, "coeffs": [-0.48934559065278194, -7.970908346569446, -9.579308638696043, -8.919859983793227, -9.185403489312511, -10.45327745838938, -11.680570368108091, -10.355032489848881, -12.491129078985077, -10.77440767215526, -12.524270672927242, -10.771543299987348, -10.741710916019565, -12.123856395823209, -11.008888974868348, -11.06932156760734, -11.315742551431612, -10.868094107345824, -11.954500315685108, -12.368100427840128, -12.6140736980656, -11.067196711068936, 1.298605657468094, -11.71574435173504, -11.186879093735492, -11.641728806205466, -13.813964619099409, -11.006378677292542, -10.70436763954885, -12.01864829890084, -12.570047563583165, -9.353545703587319, -11.103731827319562, -7.1099777597035745, 0.6783730188535215, -11.480704115232912, -10.183151238520903, -12.152899446261904, -12.944254989188524, -10.892755436742547, -11.18959586648914, -10.465654732808689, -9.925556026401527, -7.005049463369956, -11.046654736949476, -7.1573221813177295, 0.3355971350594008, -11.22313637271518, -11.855748582976021, -10.67110970706308, -10.91878523147026, -8.95961362354176, -10.314224050282565, -11.067062543530655, -10.034109903022326, -8.746559308524361, -9.443197871830394, -10.687788638805756, 0.1671472250425579, -11.834522105789501, -10.172024461253281, -11.313803228980671, -11.06006099152082, -12.370052131293273, -13.100071388015376, -7.756627633151568, -9.792296189609305, -12.378692428612899, -9.819862902600585, -11.472544084455677, 0.24429614829989726, -9.709560743071538, -9.440691366894999, -10.76041388863436, -10.263918301519729, -12.48164971803184, -10.157281061052004, -9.43759867537092, -10.637405100369937, -9.434773098950219, -10.515550456668143, -9.464589766970454, 0.31794845664280313, -10.514979335596678, -9.413107361554632, -11.917166268137239, -11.892652965059245, -7.811018341645142, -10.563496794638644, -11.829231921267727, -11.298962485356505, -12.276821836679453, -10.68666485313139, -10.30216467803993, 0.4509192855012084, -12.161292919516843, -12.54831674385441, -10.265500535429947, -10.062687506631294, -8.985945679188658, -13.34332234435483, -12.601946618850576, -12.407796543574342, -8.229016528158596, -11.195565314865021, -11.41052786511297, 0.6479555852335224, -9.41257362830416, -10.21533554445062, -10.324541643862089, -9.247416476980671, -9.497298658853493, -9.771227198158835, -14.395103853695868, -12.628304929777068, -8.777460628001196, -7.995572285298509, -11.44228910330676, 0.7952196316171845, -12.063310502042064, -9.449639436619828, -12.747433901282745, -12.165647028381576, -12.206650676247339, -12.171247580814788, -13.493297647241546, -9.244351494906605, -11.167552052358575, -11.161688879889434, -11.423857676674789, 1.2204292637902747, -10.697078511937395, -1.5276357416342412, -0.5263621413540708, -0.4657238983460847, -0.4735544155148514, -0.44927932525393266, -0.5787060514254615, -0.6036990108277893, -0.4981783367322246, -0.6210628481953491, -0.5020276642076176, -0.49929857529762983, -0.621736921874672, -0.5491219981543416, -0.5096738632243377, -0.5738552637199946, -0.6003562400465625, -0.5705314692282594, -0.5620961682040458, -0.5826789619293375, -0.4684310153360296, -0.6313226508625329, -0.5535482903134455, -1.5375730775113159, -0.6320719821769022, -0.5118098841991671, -0.5917151074369799, -0.3408874402488596, -0.6748928842177466, -0.4328741681934288, -0.6006486582227705, -0.4156255684429541, -0.4829470661701311, -0.472391586713488, -0.47961788544130607, -1.5095964562052058, -0.4049326736547636, -0.4417227802255866, -0.5074780555128492, -0.6205393879591754, -0.5083237875523694, -0.474608827412184, -0.6145891858649783, -0.4572811169425752, -0.5343673647935011, -0.47830831439252247, -0.5126684216097849, -1.5463483250547487, -0.558108376146742, -0.4763792421751605, -0.46288743456208814, -0.5293564143412076, -0.44235126614387954, -0.48384489009307363, -0.46275318590484316, -0.6111721973155996, -0.5480523897013299, -0.5280604945316633, -0.5118343404583392, -1.5487365798040706, -0.6321701489432745, -0.3813434372969629, -0.5423445066636255, -0.5377768919432584, -0.4761709163552173, -0.5702470835407049, -0.5771186489916574, -0.5403756053600856, -0.501034535554493, -0.4460271836805595, -0.44000141628122474, -1.519257354137719, -0.5641594800692505, -0.3071212049385838, -0.4789900919269891, -0.5039949507277416, -0.5692471530483922, -0.548510733344595, -0.5316039434337725, -0.5268376119827661, -0.5012309814548678, -0.594654875626181, -0.6299490774534859, -1.5192402530686697, -0.65040714139684, -0.5923190528608471, -0.5959799065656859, -0.41235683230268366, -0.5483801246589913, -0.5448147060984951, -0.4752439727465094, -0.4817331321564253, -0.45627376925972235, -0.591507159982576, -0.3844402045399219, -1.586834877612109, -0.42948026312662096, -0.56421400520992, -0.5675976468563085, -0.556530677777753, -0.5677917044637216, -0.5567467020376033, -0.6155150618178337, -0.5556114023951272, -0.4202906646743401, -0.5291052884274687, -0.4747166513886614, -1.5586974509854854, -0.36737674200823783, -0.3984383042591974, -0.5533049951979037, -0.5600210123984344, -0.4826311411309732, -0.4871061101847577, -0.4484347672163946, -0.6107979448628676, -0.485783972539563, -0.38661051820051207, -0.4806640567528459, -1.53553286214024, -0.3198794511042666, -0.5180807530937789, -0.5589512691877186, -0.6528012717012299, -0.5410416340994467, -0.4908483293709151, -0.4651970227389678, -0.5598194756403203, -0.4437871994964915, -0.39509234846805436, -0.4446785786241184, -1.5410633611922535, -0.4580120572065326],