{"vi_exp": {"vi_seed": 6166, "coeffs": [-0.17131119977440998, -0.15509961345051035, -9.47543954311516, -10.318724000382495, -10.492683597579326, -13.472397931088524, -10.289661022760676, -9.226272063274438, -10.938111482598604, -12.769418196668708, -11.864126611197804, -11.399086967631705, -12.272873191416698, -10.519363722739202, -10.8009996572696, -12.10653123294746, -10.747091778225112, -10.804063086096939, -8.79138125686623, -11.213859797397326, -10.837879038751343, -7.577350239094491, -6.604108975887615, -9.191309931473969, -13.308545019202338, -10.55743329660253, -10.609416988116593, -11.091831882331853, -12.295093054575881, -9.889274178995898, -12.746357314392162, -11.601742660079822, -11.33236211316136, -8.214804420621782, 0.989264310257222, -9.72847066736026, -12.52723450544793, -11.83556712621677, -10.44356769525241, -10.92213311523014, -13.420301741760685, -11.212643237023023, -11.853584075440137, -8.474051134821774, -6.551995813866722, -7.379039085503977, 0.6508705011249346, -10.797919782334157, -12.125564084788529, -9.54921184790068, -9.898733419004905, -11.015436945346469, -11.500700779334823, -11.527425845953365, -9.429399208452507, -8.588930083533095, -8.846552454144273, -9.393668563901194, 0.4156016082141369, -9.02314796074575, -11.022841389381815, -10.544227146619335, -13.04968905115724, -12.002559291331911, -11.963113975350977, -11.580249044369943, -9.655785994962107, -6.672177140163896, -11.522683228427244, -11.876737106236783, 0.47175001881604417, -9.79779301350653, -13.295248466586445, -12.217058190847595, -10.799467042768411, -12.845356083998967, -11.99417236489241, -9.595012483744853, -10.778196438832076, -11.748476251778955, -9.174086427407033, -9.172393127322666, 0.6130152144925007, -9.699627928972458, -8.56912365497019, -8.864519368690452, -11.753955378400766, -9.922496917914872, -8.221018677121977, -13.078953701327332, -10.073921490394879, -11.599721324607966, -9.525595542731137, -11.526619110266166, 0.6868286581209718, -10.390412195190383, -10.885377675767225, -11.017376286276365, -9.757489067408914, -9.097535892774625, -8.794928393391976, -11.490236509579814, -11.761709664610002, -8.651352906323073, -12.83298440561692, -8.939199081074033, 0.8359806503454329, -9.894878240138864, -9.265141068594929, -9.562888365966957, -10.477690588876753, -10.344536923412052, -10.61470000977077, -11.705580275124637, -9.909843314902814, -11.026321906762522, -11.033185352043395, -9.656510588147068, 0.9317816457935273, -11.759628444562944, -10.66448199264047, -13.19908964481168, -9.374679256486809, -11.083644698453636, -11.53672707578501, -8.051522809158548, -9.704734876716548, -12.154050751459499, -8.976870005739933, -10.31271521624343, 1.010896575394146, 1.965675792864559, -1.5179136149396557, -1.5566806586861661, -0.5884263942172479, -0.5699440032303544, -0.6171657531774212, -0.47794598964327706, -0.45619320446863665, -0.4955663538984509, -0.37673054752514423, -0.5493879383135998, -0.6062721205752077, -0.6118058689096617, -0.5452364119113517, -0.5060932373226721, -0.5192101303915982, -0.6225104245417173, -0.6539314718283844, -0.5543046788463647, -0.4035705211008257, -0.501440022634134, -0.5551844252114725, -0.6046676383377197, -0.45005610214142777, -0.36431251133066617, -0.5841939546357869, -0.5434743666043148, -0.558299154570452, -0.6288679686801173, -0.6056531942137352, -0.5635523393066612, -0.4575098847035349, -0.41661389944707466, -0.5185444844407716, -0.5599575967452659, -1.5041161047239409, -0.4821444423118216, -0.5666075302977606, -0.4526375292004792, -0.6197978936228314, -0.48401076419457484, -0.6376900017693967, -0.3921439085792351, -0.49605217100185817, -0.46096915306059183, -0.33627831371967143, -0.6577373989987935, -1.5279500615395933, -0.4727616588544379, -0.3003221332076184, -0.543764191617386, -0.4610097944217109, -0.5896615794036416, -0.480527593097705, -0.4953937295223381, -0.5246160519983173, -0.5444126157979775, -0.4859785783507136, -0.6981639037762748, -1.5396674940852513, -0.4226399888505876, -0.40235306781034885, -0.45320371003788107, -0.43698774979352256, -0.5870069494947692, -0.5258902178107654, -0.6119181251292378, -0.5139864946292642, -0.5165876929906197, -0.5214547471878745, -0.4552077163926598, -1.5714397333727481, -0.4743771104313329, -0.5387068709383825, -0.5013699200514574, -0.6339234564643643, -0.5164592697321634, -0.6755961497109528, -0.5983350249331704, -0.5042753239879669, -0.6657856124305519, -0.5085676308582152, -0.5045459788085016, -1.5185428497581537, -0.5440700986704943, -0.5120921759111204, -0.31884529383243293, -0.5081395379374501, -0.5546169173606654, -0.43276026259209505, -0.6386870434027103, -0.542567989039393, -0.4957422944483808, -0.5355077861660597, -0.6093546862536635, -1.5181373356645453, -0.4424284158780207, -0.4565379930329105, -0.4903624952032327, -0.46122499425717967, -0.48199927615254845, -0.36397881124526427, -0.48367305194449334, -0.5972143081181371, -0.5483647306790335, -0.5731692686738742, -0.3906538739728809, -1.5385339152625255, -0.3587228309883624, -0.5780701044518464, -0.3834716840652297, -0.5877608485338607, -0.5123304267705387, -0.5776909614955562, -0.551193862803519, -0.5612767549667116, -0.402564204700066, -0.37759360425270266, -0.3522101270762237, -1.544050312988724, -0.5418244906205624, -0.540409228903983, -0.48994211717117053, -0.5773904091529786, -0.5767253930551401, -0.5475256889731258, -0.505362563582837, -0.49972281666727, -0.5099763056215297, -0.45208406371936405, -0.5703646076792078, -1.3148420334387736, -0.8111135710184226],