{"vi_exp": {"vi_seed": 54263, "coeffs": [0.11345653033296672, 0.13928454309685853, -10.83514025665133, -9.549023672156029, -10.324609616695057, -10.75177450491945, -10.300968807158567, -11.356138105139504, -10.535749685026754, -11.978939937346356, -12.474132352938891, -12.350496693272156, -11.223081839511083, -12.480861043388895, -13.388320095260957, -12.612949326180205, -8.376806301870047, -11.126271842498637, -11.266502410493418, -11.019810383519351, -10.901717780727441, -9.107177596866029, -8.153729912933617, -13.860866236812713, -11.19044740065679, -11.274598405717104, -13.858297551157959, -10.41065612096444, -11.383176448411286, -12.321239516987115, -8.838809883603636, -11.289588658050585, -12.574053085546904, -5.578990879940511, 1.2142049284399672, -11.216519314365769, -11.477741651453423, -11.283206740340967, -13.063939036380996, -12.549538745341932, -8.493969614331188, -10.688560204997009, -10.638851372772013, -11.42043834622363, -8.383505622354525, 1.2237321960974419, -8.848760242372819, -10.365958087891592, -10.615670012555563, -9.976973552950938, -9.36174053570346, -11.833254424685673, -11.179725833180722, -11.795629732116094, -8.286778721768286, -9.182314875546425, -8.974695108982873, -5.772265609682146, 0.7022719478448164, -10.201460029445713, -13.111199996809143, -10.658225181154657, -10.145065125871383, -11.26305693924331, -11.08254164682911, -9.517624117527877, -10.491242721898137, -11.671389130130589, -11.018044985961115, -10.508486215531867, 0.637047928041254, -9.686675069311537, -10.578255899551495, -11.076169374932682, -11.906731638147791, -9.453556300682326, -9.734670207118336, -12.047491847861727, -10.242492341064086, -11.2636567940077, -10.188602760137629, -10.99846259851241, 0.6929038331554092, -10.247965378514017, -9.06179621009834, -10.989651465466586, -11.270567332169614, -8.662954354874644, -11.399500236854161, -9.497869052425143, -12.277547548020248, -12.88330925951473, -10.877472863885822, -13.074041571741713, 0.751940902394766, -12.72540285745186, -9.409719923660663, -9.619093433117078, -10.087907653538648, -10.851091849091988, -11.958108337200818, -11.015112902767903, -10.48036690820061, -9.458348822872734, -10.416002635026238, -8.806990202244243, 0.7710967676196098, -10.22191013956068, -11.195979919460815, -9.664928965682043, -8.70568744216408, -8.942578074241464, -13.217244389826602, -9.663563248015949, -13.22370727434069, -10.455237500151028, -10.777739848445245, -8.828306974357314, 0.9265188866350006, -10.429868412016251, -11.502476080511569, -10.778198081279905, -11.55054800522909, -11.465946168397851, -10.46845857558823, -11.989757818596061, -11.166122672568815, -9.963111099535961, -11.502538609137384, -9.20002299372607, 0.7966617894372905, 1.6124570616705145, -1.543282885344351, -1.5440736291224126, -0.47933901290892494, -0.47599239423153844, -0.4937497382119712, -0.4478250287997261, -0.5671241671561652, -0.5441185714773917, -0.4153565368016549, -0.4903948560717672, -0.6157679056769323, -0.3697631722749834, -0.5451709554574193, -0.5056792271418689, -0.5332491975085246, -0.5275786088913236, -0.6411632451738517, -0.5649277284636234, -0.5753944820565315, -0.5751392702994789, -0.6098582745514011, -0.6180865485710244, -0.5560714136812318, -0.5660192455484775, -0.4843865915901363, -0.5214407488940683, -0.6785251791187837, -0.6123659392216455, -0.49349923708500393, -0.4103472455080787, -0.3365053324661604, -0.42141576311735174, -0.4156397742679966, -0.42761685903770114, -1.5662468939633796, -0.5405890849384848, -0.5819508675423949, -0.5468755048680323, -0.4937086752618033, -0.5827843723747702, -0.5081976573017556, -0.3379335730850515, -0.4297243585103958, -0.40374892143462954, -0.5407819920817774, -1.5503336728274486, -0.5393867499899326, -0.5804766894593885, -0.43152951658983624, -0.6019364025234584, -0.4312706831296599, -0.37616640988140904, -0.5399674137618096, -0.4616780658732723, -0.4849473107489425, -0.6199378093698602, -0.3749980915988407, -0.5653157350808589, -1.5327218068943123, -0.5592745058636638, -0.5613640430181791, -0.5716632760479544, -0.4655943148183194, -0.6102117300079769, -0.5258870016265749, -0.5291423858480965, -0.38589604765679286, -0.5376378529034492, -0.6264057256644628, -0.48686109665164234, -1.5582834073496163, -0.5248770650358404, -0.5007501564003801, -0.6883367724750928, -0.5758024393273793, -0.5029019656223427, -0.48312052357221963, -0.4855387045074958, -0.528552670852039, -0.49456766886297104, -0.5134371937862018, -0.446937203318094, -1.5350137964291486, -0.45428545746773946, -0.3872296789923935, -0.5871956631660031, -0.5588342972696475, -0.5939828021205205, -0.5720939329685725, -0.6464191644524864, -0.43599888774872264, -0.4059972570491578, -0.42257288016117023, -0.5264566016391535, -1.5296576611934973, -0.530879363966903, -0.4794422684961887, -0.5517547957925902, -0.5651725009296711, -0.60072550907188, -0.5588528697204427, -0.5981951055530674, -0.3404691276710098, -0.3504883592990892, -0.6804642498238272, -0.6611359964901341, -1.5584131192330957, -0.46144300193905663, -0.5542160902090546, -0.510227728369442, -0.5964808252033091, -0.5674214011522104, -0.5140721920406263, -0.48828246219009047, -0.45197176330863176, -0.5854077732798628, -0.5400364236280967, -0.42748076092059223, -1.4759148718863695, -0.46296916484151895, -0.6222154638787246, -0.5406502544304371, -0.47444445318800016, -0.5808802002539355, -0.3943890925472128, -0.43623975482733035, -0.6543166839369254, -0.45156864350213566, -0.5116836095542111, -0.4345157908057215, -1.3283885593642633, -0.8954842585345567],