{"vi_exp": {"vi_seed": 65283, "coeffs": [-0.6318760477984853, -0.5944220839003564, -9.638443923281388, -11.941442260398706, -11.327825364307667, -9.97173573282301, -10.051212259249379, -11.724343145968923, -14.67950833467317, -12.449732512589804, -12.374249493237029, -12.751853589323701, -12.447579365146662, -11.67734504638244, -10.971956691585417, -12.898212679504798, -12.545335105027437, -12.533707582983979, -12.363390777539127, -11.857414363483533, -11.773597239654393, -9.563913774691871, -10.687313541227207, -13.987995775632672, -12.347747857361048, -11.14196525660012, -10.806568795314764, -13.299844402686963, -12.570098699782632, -11.601067967772398, -12.878416080274901, -10.578829739028965, -11.555715384138747, -8.762005949939255, 0.5329330555379405, -9.970204079284606, -12.921553240858865, -9.3393097981405, -10.356063072896854, -13.33907253160339, -10.631303486911, -11.160182619192156, -10.705649898786513, -8.54769797272922, -10.838910036407995, -7.971378901098308, 0.28160447422607926, -11.147097986753177, -13.644379984229872, -7.865379924833366, -12.815835647854318, -13.139802919524591, -12.254082405506177, -13.117188430497281, -9.99715439715596, -8.167824165174187, -11.25026762532559, -10.793335823574473, 0.023568489703430315, -13.185981003857748, -10.417374770878977, -11.969510306974392, -11.800287394382362, -11.486432857769714, -14.03894583244152, -7.9542634201687585, -11.21918024286203, -10.266804255200501, -10.910740144755035, -10.478110748522836, 0.06485730515232671, -13.266977016598617, -11.119830200966083, -11.54733795799536, -11.857779968858294, -13.128894702854335, -10.055967632110884, -11.717028346615091, -11.515005999442224, -10.48955093211941, -10.58057576560169, -12.45243314800268, 0.08293224862244886, -12.356876558754358, -11.876378617547497, -10.185728899572627, -13.840063915653785, -11.788463740528078, -11.415942596637652, -10.441169448112394, -12.6230906357702, -9.326781751291229, -12.668682920712445, -11.254025490134914, 0.43216011402152743, -13.59016430225197, -11.847030466419486, -10.071875761570395, -13.414622316138528, -12.296888332124173, -11.064938388963402, -13.721226629711223, -11.463889873635328, -10.8779302095779, -10.24646503266611, -11.937539074578503, 0.49060347547885347, -12.039464554699512, -13.403945656549077, -9.27868677932622, -10.234710375216158, -11.934931128742823, -10.76308235832741, -11.070746539668008, -9.213049226131888, -12.403284095898666, -11.438103933793457, -10.608435225950743, 0.59692588938215, -9.670230547878145, -10.506553166114859, -11.836904467189777, -10.16662955000752, -10.468876731737847, -9.684041343346374, -12.999508743438955, -12.382824239251336, -12.781258917530288, -11.652417298018099, -11.691642682626068, 0.9658008779765375, -7.973709502569864, -1.5240201060059566, -1.5402379470154464, -0.5569114104280357, -0.49294200291528173, -0.5921044673883679, -0.675884266382505, -0.6060156934349489, -0.597028391827754, -0.5391290359164679, -0.4175785252413029, -0.5193938352999791, -0.6065149813001518, -0.5466119375280019, -0.52698081613669, -0.41145231028884155, -0.60679055476623, -0.48968256052634734, -0.5058883154620482, -0.6042303721341435, -0.5435695958133819, -0.5083850457498467, -0.5878945946547421, -0.5724646827314851, -0.576255194581849, -0.49631034676274216, -0.4319097344484206, -0.4207163167237843, -0.626169668568515, -0.44897461160032953, -0.4552368203255949, -0.4769323646966239, -0.5107888073610788, -0.39016290958005306, -0.6651182585315669, -1.5422835463297504, -0.5656978206628196, -0.5307215373749099, -0.5041417141380896, -0.47401750161787753, -0.5610572360215309, -0.5008977725397515, -0.48344908475994713, -0.6062384751057263, -0.44152285721683615, -0.4852955994238278, -0.5329835843242128, -1.562192089663799, -0.48219002834518576, -0.41447742774965884, -0.3366192001554765, -0.375417391878739, -0.5524452015540243, -0.2887541905373281, -0.49348562879712365, -0.5683449020907987, -0.4152804916086115, -0.6449408671398643, -0.48346621110235466, -1.5077862729049927, -0.6222141711872624, -0.43868162838707603, -0.554187896091901, -0.4952825505358295, -0.5090422427014791, -0.3826364573788822, -0.4577775609496836, -0.5269581968024618, -0.4679335953758134, -0.5152486737209616, -0.7137398262644216, -1.556434539282393, -0.44411539743629175, -0.6048521858043121, -0.44318379949874853, -0.6095631241896948, -0.37523703375065115, -0.4444864596113023, -0.49271459831819064, -0.5902282179989579, -0.4787863737747657, -0.6791879062848037, -0.48290602772986707, -1.6099677936484775, -0.4639379550625078, -0.34745706548466443, -0.6124891860656295, -0.5010649626830538, -0.555484013406361, -0.40006689355744174, -0.585318030806245, -0.6301849373809092, -0.6314616440597555, -0.5002208426277575, -0.4900470617257108, -1.505647230231146, -0.4658384768179597, -0.5590227103563056, -0.4569855826169133, -0.46657140462993324, -0.47296127494616824, -0.43196629849325296, -0.5689717941569877, -0.40587857570188296, -0.45363330098265997, -0.5269202286084621, -0.5855806375786672, -1.5248545041378605, -0.5368800678829978, -0.5726736189676774, -0.5414548357140393, -0.42424505531271645, -0.4227157801495411, -0.6585292638954072, -0.4269402273955192, -0.4720764076902686, -0.614672924582267, -0.4811821349762202, -0.31098531212110575, -1.543028211124911, -0.4874069863549422, -0.47943918343145553, -0.5242299802178307, -0.47271404468075484, -0.5611227534494736, -0.18734427762656733, -0.5239113545083433, -0.5898144291124923, -0.6496188778122179, -0.5361860583554939, -0.5694695746125009, -1.5179156872594366, -0.5011827194769157],