{"vi_exp": {"vi_seed": 9538, "coeffs": [-0.757591532717898, -8.875851533143654, -12.716798799816244, -12.81106891376456, -10.71183007084738, -11.136569677194192, -12.696073470376186, -8.992995438800282, -12.019195149808366, -14.095950732019405, -11.217410947133375, -8.010421161593946, -11.984690415973704, -12.644006939102846, -11.67580184660112, -12.12920219802285, -9.834721091329394, -9.171627295846404, -14.687800450966057, -10.007389040505654, -9.964576721440329, -9.337684865611019, 1.0768690543322226, -10.348916607018582, -10.609260135380914, -11.359386473643223, -12.156454409228612, -10.2295476785541, -11.030489069505347, -10.636616624671989, -10.088589704420098, -12.072276503292406, -6.599430768729644, -7.252474572299389, 0.5025031737837378, -12.385608476757545, -12.333169719126252, -11.116748172028753, -13.936830259697768, -11.590758715629223, -11.446566718309512, -11.634065024699213, -11.991546281178277, -9.708863634358815, -9.335106578357733, -7.732297317743058, 0.14870668376242538, -11.65202193841389, -12.137859426695016, -12.730948960572263, -12.101322810272551, -11.950002465638725, -12.387931021749708, -12.341021537312038, -13.388087862082445, -11.124983254928235, -10.904705559090408, -11.694516537622123, -0.07176333977693691, -11.972732824687924, -10.980668034404395, -11.73747275875756, -11.455847831510814, -13.339288932590808, -13.451358171121571, -8.218035046118064, -12.520866775777206, -10.067321393223429, -9.997143144541244, -8.596410907604822, -0.18614868183668737, -11.380078623316141, -8.940915032340506, -13.197145382095934, -12.003762138415956, -12.2557132324894, -10.478568605517427, -12.204317819872571, -11.071819435033103, -11.418724902454708, -10.2008354330353, -10.322996559872424, -0.16984910547623086, -11.632197661381024, -12.344742964366118, -11.635874353924631, -10.967060446312587, -10.813270375897948, -9.360400701939271, -13.053332112342419, -10.038429353439119, -9.059994817782373, -9.622692604150085, -11.589327900954858, 0.015770351250277773, -9.4023960560881, -12.818468618920456, -9.424340601524136, -9.803648485349544, -13.233524306934804, -12.20643962839297, -10.826702518757097, -11.47685857553697, -12.344326988324674, -11.087645020613481, -9.80223712658211, 0.027041226065258727, -9.112792183074058, -11.673604339183969, -8.65042172534145, -12.23287800909241, -12.682613293597802, -12.59498735410559, -11.002007381367791, -11.283437634820466, -12.438845736868329, -9.50230544968819, -10.773896203634314, 0.08975058109513244, -12.62725804067083, -9.277263777033944, -10.964094617436503, -10.697207311145327, -11.35322790428096, -10.00083859031937, -10.850938988202842, -12.229116124044168, -13.225266993662927, -10.396743853418982, -13.570543001310888, 0.08167663573961119, 2.7372742331042543, -1.5781870306957038, -0.6006644906572217, -0.621050593683708, -0.6582029324361619, -0.5770540959383743, -0.5692294667408984, -0.5746912157157591, -0.35891013581535064, -0.4922867502347683, -0.41500462354562895, -0.5458541351255118, -0.5346977521381379, -0.5193546054879187, -0.41040195198806645, -0.4904254655445214, -0.4553572115630946, -0.46866499167802333, -0.5061114945039124, -0.5286432402761765, -0.5494979352241863, -0.422301832625023, -0.3739651672434923, -1.5787635356523142, -0.3985389067912347, -0.5066840637174567, -0.48259336550682597, -0.5115403049920263, -0.4306825564562189, -0.3252013837572344, -0.5693619942901664, -0.4102211938048411, -0.511509605061572, -0.4866222711671377, -0.3490502239647413, -1.54500625844547, -0.6296165695580973, -0.3043650131822481, -0.5282878147928607, -0.5235618968421453, -0.3979407104093201, -0.4746645116405548, -0.5047505440265294, -0.463524885719556, -0.5746730219554899, -0.5291234347839885, -0.4241821383831738, -1.5382353357517655, -0.3945219783882575, -0.5993550397401118, -0.3849411931039493, -0.6889535489298646, -0.6138442323244602, -0.629584850195174, -0.3845562706646738, -0.687077453047776, -0.3908937249401633, -0.6312875247528181, -0.5888017604379918, -1.5443159465299936, -0.493132142355036, -0.5238679267458722, -0.499011643771164, -0.6080419202173153, -0.4394551015128353, -0.6231629612178171, -0.5793386364460062, -0.5480905843860363, -0.4828088489562056, -0.46863650368004905, -0.5712606878620881, -1.5897688857577492, -0.5172593620895208, -0.5782707584874457, -0.5418194821975658, -0.5560944190617806, -0.3557448161727402, -0.5518893562522721, -0.5359409602236647, -0.4696849683893152, -0.5419966611368493, -0.526718032842797, -0.5413277268013135, -1.578516939924439, -0.5976303059011244, -0.40169508159441547, -0.5485862931339496, -0.6913992809439752, -0.602161577492705, -0.6496865448913375, -0.6300520612794159, -0.4130845851175581, -0.4606212655885856, -0.5558949686216499, -0.5257191190954054, -1.5353557005858842, -0.5148585238681904, -0.4805109596920515, -0.4362029518460232, -0.5484365856931553, -0.4476721381324571, -0.2998357724106099, -0.5333337025874932, -0.5874827739334008, -0.6154294905687473, -0.48776957345073135, -0.6089472754395786, -1.565446255795212, -0.46977787759695433, -0.5161339957074298, -0.5348070392239529, -0.6435743828000295, -0.6837304681680415, -0.5776386278000767, -0.5252584270872623, -0.5796762834550288, -0.47832962720597766, -0.5874384576301376, -0.3951474258510669, -1.555458225413685, -0.5682474958768398, -0.4718224114752575, -0.5290727993798885, -0.5331868644980926, -0.46555549122883855, -0.48371084884434745, -0.549739218825162, -0.5364737054437316, -0.425214975332822, -0.46147495122076093, -0.607862201224374, -1.2496013436199551, -1.1240295407188523],