{"vi_exp": {"vi_seed": 11965, "coeffs": [-0.2475000814853186, -0.23717822023709043, -0.2903003678863159, -13.046456066898806, -9.921459101508672, -10.32663583997853, -8.794511252403046, -11.389520817259845, -9.152979403804613, -13.108072087231445, -13.052695637479495, -9.544895299509864, -12.2888439953193, -12.911078238781226, -11.859105375817613, -10.774043835995924, -10.125081124960264, -11.405328665850975, -12.404039108742541, -12.840295294012016, -12.223265632735396, -8.43330326954028, -12.148937559444777, -10.810384841624165, -9.907063784583508, -12.397572966273042, -10.037715851347327, -10.206683862861441, -11.653422885066782, -12.317211001726175, -11.634157787642295, -13.059286624646328, -10.057671719436176, -4.359589133299677, -5.973537424074777, -11.237586439062687, -8.656897936274294, -10.860359835838292, -10.220656140771387, -12.44581850914516, -8.714936114945475, -12.376133006340947, -9.186661388962635, -8.537309182988212, -8.102383467280546, 1.0327441781847713, -8.150582797891104, -10.620540631621802, -12.443945682203452, -10.88101190209151, -9.282308910517848, -10.70338877771026, -11.043389315839072, -12.273313285000041, -8.6040802562348, -9.822252991182339, -8.312636349897671, -5.64474851283785, 0.3982885449413015, -12.742403378301972, -12.79760875861558, -14.454800862772322, -12.731957336988113, -10.447521519749591, -12.96885128356478, -9.278816493797999, -10.794045184900519, -9.12513815016537, -9.708084590082958, -11.360877736015798, 0.3288350347031424, -10.999248715901837, -10.654271175214335, -10.583039035280814, -9.123994482753739, -11.756610202656391, -11.05825798567525, -7.325673790125625, -10.023947333969248, -10.043629213621745, -12.80789139805358, -10.767192331616556, 0.39450598790551517, -8.345159889742153, -10.764543353654663, -10.103066983246073, -13.256005303216703, -8.905960968104816, -10.495186046643164, -10.79096438033695, -9.694966554887285, -10.840928367134387, -8.361313667180257, -11.271903854096763, 0.47430512828392385, -13.213278635427104, -11.005462351274955, -10.632320284100155, -7.540257097614354, -9.630163067994477, -10.385499890843404, -12.408684418065802, -12.325206316943028, -9.748382298001811, -10.482242949722787, -8.692511423261104, 0.7644746928257942, -11.878925865566828, -11.178257435845794, -8.89748037961769, -10.293024389367716, -11.87163432891788, -9.206307945983463, -10.565157356159864, -11.493366799485914, -11.082361381795765, -13.512150700693967, 0.7620918469233262, -11.57629218207236, -9.096188960570542, -10.961269215589372, -10.912713885952114, -10.635978457147921, -11.470198286200475, -10.3929039916007, -12.83923708035267, -9.309224532047313, -9.134070723118338, -10.644613736307207, -8.40294197027368, 0.3046259728974337, 1.9106459935638411, -1.5621214049982357, -1.5821424915727778, -1.5599124004475906, -0.5007978489178596, -0.6737161556265, -0.5727297553079239, -0.48439116083644346, -0.5027871931170511, -0.4779237413458798, -0.46343753089049217, -0.6201222051808433, -0.442130823912655, -0.573649318014228, -0.5095818963906265, -0.5551565414911535, -0.5431575228937296, -0.43920678644427474, -0.5400446404418086, -0.65350762103301, -0.34453165126141233, -0.4428981079588328, -0.3699806399723103, -0.4232518928147695, -0.7064342689056046, -0.48443032899764465, -0.563349760522299, -0.48233810778250225, -0.616387620691157, -0.4873615228944654, -0.6238390380523594, -0.5967914677871399, -0.4522902673274208, -0.37572337762143576, -0.4870233831013022, -0.19438132626440313, -0.5804498296933873, -0.5516752314206046, -0.5332184380029298, -0.45670171450152186, -0.59750606481495, -0.534559823016449, -0.4650075617724252, -0.5345346839193815, -0.4491680365996605, -0.40872980451686286, -1.538492962395257, -0.39256065080063174, -0.5049590108416164, -0.552725509450881, -0.42133812931613074, -0.550352257970403, -0.5212845839868964, -0.4970564642196165, -0.6220100023038848, -0.46105317676229407, -0.4475797223841559, -0.5961688656228559, -0.29690816238270695, -1.530908228765926, -0.6210959740815071, -0.35687424129998974, -0.6506020112880653, -0.5078126004051112, -0.3699134585930803, -0.3574995522627052, -0.6283912775821738, -0.41721832754166943, -0.6257896850629198, -0.5226253568500935, -0.5481472432992395, -1.544918710135136, -0.5500243315728064, -0.5233408376695227, -0.5160097127274356, -0.48322087633891986, -0.4313602337834112, -0.4507391425002644, -0.41448229748717047, -0.35087129141623463, -0.6406444571109465, -0.661596400325815, -0.6712478942549355, -1.5745173870011389, -0.6151166323777679, -0.4506895394392328, -0.4649627209720777, -0.5457976006607365, -0.5615349910361298, -0.38206068445605307, -0.4684407774274613, -0.4782626401797679, -0.4930237394336566, -0.482868590585562, -0.3844319987524504, -1.5614655833713376, -0.5162481118108404, -0.6943104166251978, -0.41521123296942103, -0.5210342747064981, -0.4548423495373812, -0.519387142284185, -0.5141125344708949, -0.5242632555439916, -0.47669743880785637, -0.5438912715299177, -0.3647277033170621, -1.5428611573963003, -0.49715432192600423, -0.5914347944067803, -0.5251599326806702, -0.4301803833513888, -0.48249775157063785, -0.4936184874453345, -0.48216078601710766, -0.5147951542687613, -0.5543784254160932, -0.4430956007934701, -1.5779756576255148, -0.5055278598278449, -0.520993760316392, -0.5707167594173054, -0.5633918233390302, -0.5273358821658093, -0.4426391255234284, -0.5696280334926299, -0.5711813270177246, -0.44642748612783273, -0.4831169520509691, -0.5268228369130497, -0.5378120127392758, -1.2615199883945012, -1.0600870593180076],