{"vi_exp": {"vi_seed": 13896, "coeffs": [-1.1657182840551235, -10.16188417346392, -11.13893841667817, -10.998655127897756, -11.753632748341348, -11.682917205029904, -10.789272385209738, -12.639585138260525, -15.05462185102158, -10.318483350737326, -12.366596883529095, -10.509760925657051, -13.076129625110935, -11.443517465502797, -10.923963606065442, -11.539527648182228, -11.788732699750526, -10.497598264974224, -12.379504739530805, -11.153720765790418, -13.931915418846101, -10.092641405951383, 0.7250116207403735, -11.042702927706644, -11.27683802835948, -11.528742692986475, -12.772866262321367, -13.526684656838784, -10.99934054458102, -11.023193972607098, -13.272043158218024, -10.184105965349245, -11.528473948434648, -8.569185864194921, 0.0850844660316902, -12.285751963191474, -11.19299475166939, -14.238188330312497, -11.867849623588105, -10.883622150597766, -10.84719916401695, -13.979080683806272, -12.863382085292026, -10.584907775128329, -9.911647651214432, -8.24790447791775, -0.31517947507526617, -12.309182734994446, -10.3606128920066, -13.843593129509474, -12.973586919564044, -11.667017445392599, -11.692637638866087, -12.273346687242615, -7.212215401356559, -12.365937060490237, -8.651576559116975, -10.481195538743904, -0.534545576248746, -12.057062381984261, -12.553154110623547, -13.222046322039406, -13.567441368734146, -11.933427727869638, -12.132301056136107, -9.485996787224598, -8.746725733311981, -10.471106946055471, -12.349903171841355, -11.07890089114027, -0.5117501649196631, -10.519644833503051, -12.812988357627034, -12.122854185374132, -12.837648174526482, -13.243387196528987, -10.256447391556717, -10.89207333036953, -13.390186610174855, -9.854007127569817, -10.028099599576713, -11.434925655921125, -0.3836586877065997, -7.7406705038854975, -13.489434094563016, -11.720297357300923, -12.242113900547142, -11.056133116721023, -11.250949760887671, -10.749889351571237, -11.763853660625992, -11.931293640731296, -10.934888580733102, -10.944083939054565, -0.2289401790501955, -11.238776572044156, -12.861493125012679, -13.340812564805121, -10.716739831547446, -11.896992372503775, -12.707006942045753, -13.597474651402287, -12.07981136981729, -12.17803265538887, -10.194598383425028, -11.215550268176303, -0.28070718535486733, -11.39096158913255, -11.30756649377354, -7.379965719867411, -10.78722475206832, -9.3197123453067, -12.522557918092188, -11.55394535963731, -9.164687200051876, -10.448202919055063, -12.215207060224682, -9.879729347845283, -0.2295873699275374, -10.758561119686593, -8.174335167385081, -10.806272615592365, -11.456240742271751, -12.007809111986782, -10.668418858688803, -12.36228472843011, -10.966548170467899, -14.336028621718878, -11.136555259879135, -14.322636838850263, -0.43271381894298605, 2.6077520058277304, -1.5243287084670647, -0.64216695976384, -0.5701313431999404, -0.42770961328177487, -0.5671895080180329, -0.5599277923018227, -0.5617350180225212, -0.5079705977709308, -0.5041925223176064, -0.4414551523768264, -0.6321718093962947, -0.51677225931982, -0.39010532453436614, -0.5679355987649648, -0.49565019940140403, -0.5062169754635067, -0.3885794039649276, -0.5815062765812175, -0.4869107129762153, -0.5627456698854496, -0.5359411510306361, -0.4281941292451422, -1.582117692548195, -0.4748812172429763, -0.5487964194992184, -0.5742554025199254, -0.583336276532934, -0.445302743842581, -0.5453056197894756, -0.399849746715766, -0.5715316750569617, -0.3881808186326025, -0.6755696629077246, -0.4288587602219763, -1.5434211923171246, -0.46235397905004666, -0.611497075832644, -0.508882782331404, -0.5478222678310899, -0.4491818410908724, -0.5207726828601622, -0.40947991240282583, -0.6396664332552525, -0.4007067620933757, -0.40197126953865114, -0.4548601136298825, -1.5439291937781279, -0.5363890167029582, -0.5434392770501235, -0.5931763142073874, -0.5504372023383244, -0.5771395254339785, -0.3421018656503091, -0.47815256208541074, -0.43442167746035215, -0.6136812974556247, -0.430911788044112, -0.47527533764853686, -1.5667357003721354, -0.6210581414003121, -0.45066448634881934, -0.507737008836707, -0.7252044521472691, -0.47548644044368876, -0.49531269733356614, -0.546061119700073, -0.47748007700776784, -0.3815167734143497, -0.7348516747429583, -0.4889414652167136, -1.5529329420195594, -0.5835060916202834, -0.6591312392778025, -0.6803078278586874, -0.5973470939547901, -0.3720380532950894, -0.6507855713580575, -0.5102311590271836, -0.6377047882713233, -0.6667795118350667, -0.5138008380005755, -0.4891923399702838, -1.5417489287331927, -0.48329422609880435, -0.4871325408262571, -0.35063200013787277, -0.6103152346621695, -0.4036765377286968, -0.4563397578153969, -0.4565406455358691, -0.6023144596062175, -0.5484224669900982, -0.4487341856861478, -0.5168525572384228, -1.5142382737562665, -0.5208753248689835, -0.46223693980442837, -0.5023554338477273, -0.5139757965010091, -0.5401520512101323, -0.5432335248336532, -0.5824283354923311, -0.5433740622067503, -0.5535549677226717, -0.49802439989476555, -0.4268291942924572, -1.5160891313186418, -0.559615310345217, -0.48831583870194256, -0.3818683134914636, -0.45109123138379775, -0.38513343960617885, -0.511036589727391, -0.37388641319421034, -0.6857993424746525, -0.5501272329775565, -0.5004087404419884, -0.5508031947380441, -1.56682351858612, -0.49988897045117203, -0.5023833785032603, -0.4493125751937473, -0.5457239394556553, -0.5276706846754284, -0.48423140730785813, -0.5314578232799345, -0.501697027503674, -0.6230203809459154, -0.4112367342596478, -0.6430035264149634, -1.2609283969376577, -1.1682410922184185],