{"vi_exp": {"vi_seed": 18170, "coeffs": [-0.9928896570920042, -0.9789572995391539, -11.91383693512768, -10.59487037334678, -12.056291436803544, -12.418346069666098, -12.131542810820445, -11.047946728536584, -12.212555770612905, -11.547339476625842, -11.223698236310804, -11.273931542971548, -10.41565462446572, -11.328456001106574, -13.195707138029183, -11.93751269013506, -14.412420882425096, -13.196223249374235, -9.934743389925487, -12.704833839664387, -11.974995578725709, -8.697036980002812, -6.500842780425171, -9.091273602261788, -10.253558531501278, -11.908784067482797, -12.212530240007506, -10.670929217107705, -11.099296871214156, -12.51535024709854, -11.442080050524618, -12.6806396811222, -8.956746189452947, -10.094925816928075, 0.3702464844389115, -12.298458860778771, -12.544686253591744, -11.105871275787607, -10.626585964398778, -12.330187913174584, -10.52727738751139, -13.436085578746308, -12.066263072992237, -9.263010705439537, -10.41599691149389, -10.374780486295244, 0.026355767808180608, -12.387568080214262, -11.679172356422061, -13.097142942249269, -12.445752579454512, -12.805745157535592, -8.805805941102864, -8.94022193623154, -8.461376839806904, -10.365058484012179, -10.998553790036842, -10.264452042834739, -0.17867451788169547, -10.600904211360684, -11.980076111016112, -13.966632962046456, -13.580130247824068, -10.267670065049213, -10.809411815216922, -10.918471418582625, -9.084773752643668, -9.034721338911373, -10.139025133959764, -10.993938884108994, -0.21889110747309926, -11.337585867934685, -12.163368812633365, -12.003423277279591, -11.959702115031964, -11.619718877525736, -10.812954098640047, -10.90477141694744, -11.154781532806762, -11.90097377335924, -9.799436716127646, -9.445147998528242, -0.2793540289388103, -8.956905711765687, -13.93984400917055, -10.22556644580465, -12.974893341243956, -8.27611717347257, -10.70867876263517, -10.998966498719417, -10.961889246836678, -12.353376393212875, -8.91436401854247, -11.734076019083242, -0.13511795468778443, -9.935014475509211, -13.284354694774432, -12.937886967006337, -9.487747404335176, -10.823480719772197, -10.093692062686323, -11.470780672269711, -11.869479122097884, -10.500628420567784, -11.711143005343905, -9.609233799187558, -0.04382157973166929, -11.618512649041092, -12.447509609905346, -11.993764808320124, -13.44490978755065, -12.111029761244101, -13.459928645219977, -11.459545020667575, -10.323775149325863, -11.625958770921953, -13.891775898734231, -11.219504589648135, -0.002527256902241226, -10.682329424565443, -9.674885887004095, -10.46115326918361, -11.113253573807594, -9.054300267270571, -14.096063910198112, -13.462166450646771, -12.732939592566431, -11.757358611460228, -12.939052681840847, -9.321793434826619, -0.24765902227859085, 2.824242544121756, -1.5255101126714485, -1.5724370845149038, -0.3851177252322299, -0.5114035394417303, -0.5872289548819742, -0.5308336867902053, -0.6553790406538932, -0.5091736522711445, -0.516596352764292, -0.5633450293972685, -0.40261963769576303, -0.4607511188899609, -0.46629154774226633, -0.4524619052910716, -0.6275766515787522, -0.5186405880323032, -0.5740618632294363, -0.48795103790093597, -0.5783162511715645, -0.6745215068443321, -0.47569486383811876, -0.5945894966040152, -0.3809558492358721, -0.6402452054344423, -0.5894301872422985, -0.48613792601801525, -0.46261234529925804, -0.46740748484152, -0.31190683305939376, -0.48433858301380145, -0.5046308768421995, -0.4734426714235913, -0.5220847200480538, -0.5354002649679962, -1.5485853472725613, -0.5361987725796896, -0.6559100746696845, -0.46311914431614487, -0.6093451394684501, -0.5655209947992232, -0.45918205797010714, -0.45495555150400663, -0.5387330766111557, -0.5766976596487332, -0.47198089343650335, -0.46899757440424, -1.537585257236994, -0.5123328678208917, -0.5394856278177409, -0.6314516454496285, -0.6106198365725534, -0.5675274757444368, -0.496110409120957, -0.46232059490840044, -0.3943142276146276, -0.5592449653014587, -0.5554100383844516, -0.5144475922422547, -1.5461955397273695, -0.5347543427063683, -0.5365126488980633, -0.6108699872240255, -0.4797763601134922, -0.6087550545320408, -0.5081485485368888, -0.5004930409681349, -0.4252317039557897, -0.48015711807534556, -0.4517840009187225, -0.6300885389040035, -1.5381076817254762, -0.527826834047983, -0.4131948710726521, -0.4301509869846753, -0.5427663381923651, -0.59031105114097, -0.6329514687248665, -0.5751420823041662, -0.623138817594566, -0.4701056642577982, -0.4030537928720417, -0.44276079289543385, -1.5275913209595537, -0.49054692918829496, -0.6636060567682914, -0.594658593081991, -0.3261891772109535, -0.41029425569095795, -0.5999680154110408, -0.5430642004148222, -0.50609519675024, -0.6618558872062543, -0.4810667047065228, -0.5155378501505139, -1.5121144374448923, -0.5353998571315003, -0.4838874198189789, -0.6088400825481003, -0.610784015909251, -0.44341460002844724, -0.521412118882114, -0.5192765625669216, -0.5917929969593534, -0.481027062840604, -0.5328153957820316, -0.5241890992672141, -1.5318760473014024, -0.5288360659124861, -0.5383545148788156, -0.5314839505769341, -0.6098765944269017, -0.5639154093538217, -0.4749154371023841, -0.5632792547894789, -0.6291703983938042, -0.531106006675409, -0.4931030149700567, -0.5421960398688465, -1.5519494386638708, -0.5874413341891856, -0.4516597550951887, -0.49522595242442347, -0.5097191502600148, -0.6501662569124053, -0.6037712286055651, -0.5479263166979552, -0.5554320273995954, -0.5215419024232525, -0.5071024656446018, -0.5580834563221035, -1.2855086592014642, -1.1751445058057992],