{"vi_exp": {"vi_seed": 40232, "coeffs": [0.21033566033434664, 0.2015725465587267, -9.152536125173716, -11.10216706989191, -11.708209707245905, -10.996257721907748, -12.605801559423366, -9.978596735982718, -11.390520081977593, -13.234282672626218, -10.159849027503583, -11.109865484711081, -8.564003395093211, -11.67335534520021, -11.667538134251673, -11.595440984172045, -10.915138227748555, -14.25059497216185, -10.523644830578556, -10.788204361332488, -12.45735447907652, -9.309592924086793, -9.219339029655508, -9.53147359076679, -10.18282177003121, -11.663032617614324, -11.71351959767607, -12.334208117746643, -12.166740227155167, -14.258288190649173, -11.605482095546847, -12.441041106472122, -10.413166565316274, -8.077056275563569, 1.3086225983376352, -9.037444306631668, -10.076900082384958, -11.951328281219173, -11.851830396932803, -11.447710981016685, -10.388007225418846, -9.389825709695511, -9.58830154821226, -9.948897200977846, -8.430883732885805, -8.458189814017251, 1.0155512893888137, -12.687990699493952, -10.539463511437223, -11.614712382641434, -10.34569147340765, -12.31537104160512, -11.647407777999682, -12.028080428240836, -10.889529712345071, -7.79245443021798, -8.618382175131714, -8.773143523980375, 0.7728657419667831, -10.171610645826352, -10.601387829397636, -12.735341655643104, -10.11347465332364, -12.499801918868243, -10.833101107512302, -10.870781770151138, -7.932777093121781, -8.623411253903585, -9.099900980175413, -7.651722139465416, 0.7150173304984843, -10.50876238074858, -10.057400771350883, -13.065502424366649, -12.895170926879029, -12.86616379162656, -9.59210568381968, -12.959974019033751, -12.32359268006442, -10.356872248342519, -9.107687812481927, -10.16342787277122, 0.7459931502046648, -11.677165139701927, -14.370522939626023, -10.661469092434148, -10.721530253299566, -9.397561940012178, -8.596369094094763, -9.690827823533747, -13.452963352180868, -12.327355963355727, -9.097165188440783, 0.7782515167132915, -9.348159391769572, -11.95607838556583, -9.09250939033494, -11.30845876980105, -11.795027806507768, -6.846672928944614, -12.004701414866549, -9.988505793367487, -10.756931084502426, -10.067395384226243, -12.065064934523477, -10.138614818003106, 0.8643976249648939, -11.908918409088807, -10.892688093386695, -10.016019263071657, -7.76459142016999, -11.62554280933982, -12.838099893934737, -11.966634308955824, -14.653221495774487, -13.71022906111643, -13.51669094250637, -11.825725847326504, 1.0059394620568634, -10.7243406387192, -8.45356124938559, -12.813557179223285, -11.602455505351706, -10.183847781894174, -10.310687974690094, -10.395870197532671, -11.634586776007593, -11.261181537203928, -12.445473580566192, -11.80657157658757, 1.4617755542773332, -8.184685208897067, -1.5710185377993124, -1.516307456518078, -0.549683534338841, -0.5385472615274199, -0.47936340503765346, -0.6580210203825662, -0.5686663225968887, -0.562450991381901, -0.38886651452136733, -0.6366943149298291, -0.4857051219758025, -0.5814867229751862, -0.59131889029021, -0.5287565907884169, -0.48408673283367243, -0.5105433411829632, -0.46483063316755074, -0.5082568503585903, -0.4998203022270252, -0.32635338901416533, -0.5488980721151961, -0.5185207613287934, -0.5753571192505345, -0.569520325775293, -0.595217269875518, -0.5739110418667418, -0.4610624516742406, -0.5178939874378092, -0.5396318311013402, -0.469042143226814, -0.4652032739858795, -0.4686279630085543, -0.37504337825234285, -0.4930546327575647, -1.5183221148999992, -0.5899777121984722, -0.5933061626667114, -0.42572714780806586, -0.34898505865197993, -0.4639982301269779, -0.5437496940508039, -0.4773450128243496, -0.3891549513074601, -0.6355266053447484, -0.4429442678563693, -0.3748715844480933, -1.5139990144311828, -0.5524194135826482, -0.5934957122152499, -0.3674388011579326, -0.4346850615107846, -0.6131100364896004, -0.5170885396896484, -0.5918740697866779, -0.47382596683822453, -0.27832553130653825, -0.43079478497881535, -0.43479421481545616, -1.5466238872723255, -0.4553367547353844, -0.4142659964918029, -0.6255931460352204, -0.5477442980165985, -0.34629004958177384, -0.5727080076277719, -0.45843947561607945, -0.5122076740172131, -0.529403772880742, -0.4395653626299691, -0.4705744171248676, -1.5290026213766048, -0.45679438589692456, -0.5114816316880751, -0.3500791392070076, -0.4004020386731232, -0.6465570134978673, -0.5261907696388539, -0.5740247009849095, -0.44570219513092885, -0.40149304379978973, -0.5400366627315778, -0.5289718109365636, -1.5653637042749227, -0.6222372436577094, -0.5380496019321973, -0.414113320256618, -0.4809639715058853, -0.5076442475869292, -0.48661431663630134, -0.5515149717432506, -0.49012942608573473, -0.5089483627544474, -0.6663928337326473, -1.5248161084680265, -0.49679071544235115, -0.5832506433968432, -0.492752627092879, -0.5262092543603929, -0.5524689844615627, -0.35403368850581346, -0.4671662516238934, -0.5435551565118544, -0.39282001645823517, -0.3520072355218085, -0.43586346300146306, -0.42718282171692473, -1.5688180711473716, -0.5238798502563917, -0.5116842347108458, -0.3458215718589391, -0.41117456333673685, -0.5111066590898267, -0.651759914010049, -0.33256285108637235, -0.6180728921234068, -0.41038335081287625, -0.6485549894292426, -0.4983600845381157, -1.5695221424960761, -0.607758917150227, -0.34192615293867284, -0.5389151341851309, -0.6489455837439362, -0.5142538378430843, -0.5736852026914603, -0.44263940027603565, -0.5058904219191205, -0.6529639339583992, -0.4492444616677319, -0.5577708224523257, -1.552600086472119, -0.5997018488462987],