{"vi_exp": {"vi_seed": 952, "coeffs": [-0.26014194142901426, -0.26290454196511587, -0.2725102623785393, -11.125655640154866, -11.811976230792615, -9.918044393410362, -11.732168505666653, -13.381705505785813, -12.24992285605995, -13.044864298043612, -12.46393793060053, -8.981646706594212, -12.037536482975048, -12.262331108399493, -8.964092437915005, -10.106389963355527, -15.324242526446135, -11.579280660216087, -10.277876473107284, -12.190634713858373, -12.046338472843345, -9.757856613612155, -7.834570107300271, -13.326828608933166, -10.000147418230345, -12.040327461629431, -11.566144655151703, -11.323657529298734, -10.634800799878164, -9.860052719636618, -12.073697461776222, -9.980005820641153, -10.22753672165355, -9.3170712345888, -6.565611539617741, -12.450385558698164, -10.775753385206423, -13.027346747222353, -12.331322164756912, -10.991616822905677, -11.302662696076768, -11.914382484567051, -13.590834090289528, -10.122669563736803, -7.716462116015118, 0.9921456007518972, -11.634944579577107, -9.837650521580871, -13.007110963148504, -10.299882948418627, -11.05803002332536, -9.06888153365473, -10.084218945237732, -10.360362658764986, -8.930410121421723, -9.17799003246548, -6.201953102284182, -8.958954558457357, 0.39135133132284805, -10.172481217733372, -13.169471787767195, -11.561361705631036, -11.322143198307067, -9.986442631936304, -9.421065531256328, -9.743093899282888, -10.259610769811841, -10.064564430191806, -10.939154997992983, -12.098880730306671, 0.34000201697629173, -11.995199917226982, -12.24631305292847, -11.107278291391538, -11.599877703883594, -11.36500734364848, -11.330546412718551, -10.796987030981068, -11.96938609764838, -10.54403119338796, -11.586036507739289, -9.784403496031027, 0.41097801535468714, -9.823248452948908, -11.176705272266231, -11.627605343065913, -11.138895048883935, -9.658107345489967, -8.135293183737906, -12.510400014198574, -12.402638890287152, -11.329302070115366, -10.887913429443117, -10.905556202101415, 0.4965911871086788, -11.388999154976702, -11.467699870144811, -12.220751895626487, -7.306746107960563, -8.548380933628833, -12.298551165377924, -11.042268375676139, -9.849692311321297, -13.335252202477982, -10.629325867192827, -10.065260871980804, 0.813481565681617, -11.960159840905561, -11.970365369317062, -9.465900054894547, -12.940553176138494, -11.264407164477145, -12.152753623047046, -12.075248794937108, -11.279031213571345, -11.396457945373925, -8.412168127194857, 0.8273670118346437, -8.241206243480923, -10.858329884498604, -9.194566461381122, -11.00472369325465, -8.145285022766128, -13.151769206363625, -10.676939006397795, -13.077438085866579, -9.394106352111761, -11.1887525750173, -10.446967512004703, -10.942098992257359, 0.5538733708088441, 2.129262110007647, -1.5489343882589741, -1.5723516134614466, -1.4858891386484552, -0.5666049989294312, -0.4247077105186408, -0.6046219126319666, -0.5433069621397765, -0.582054193630958, -0.6247106847688343, -0.5633680617764182, -0.6113368721012592, -0.6109218355999642, -0.5087747429682518, -0.5286517142863094, -0.4861802930279619, -0.6000347331096549, -0.6330013148466594, -0.4613627638131933, -0.6128033827591152, -0.4872806284626733, -0.49203630152060646, -0.5942056722368724, -0.5305095244663782, -0.6039726482064997, -0.566397896420127, -0.41139170326196245, -0.5431886824713957, -0.5347040327735696, -0.5040181700661214, -0.5515506618371468, -0.5424185255565847, -0.39200316619242864, -0.4570307675352003, -0.4296259158808492, -0.43751838089444356, -0.6376559828324568, -0.49808655708576144, -0.5024076837550215, -0.7009885942796669, -0.5334893379792084, -0.63950896580306, -0.5526798495878454, -0.569083627410958, -0.5110226074962487, -0.45764931211617804, -1.5439682839265296, -0.607394214385028, -0.49419128822108516, -0.5375594743011756, -0.6196495162052299, -0.5585368367646053, -0.40530987088801584, -0.44774384885687896, -0.47383512469529443, -0.5386802616918007, -0.4913565389603628, -0.5326912846012554, -0.5006309526228925, -1.5601106059140373, -0.47895409171948905, -0.4936152467483489, -0.3326866822049823, -0.4620742351868229, -0.5037479784170024, -0.3700507839190332, -0.5283491658893459, -0.6608122436911872, -0.34342953804426885, -0.5326644529518447, -0.4738913138601749, -1.578266345681197, -0.49890716127643975, -0.5089698889242715, -0.4323451778410343, -0.562944643371282, -0.5161355018397957, -0.4561219928839916, -0.4576031233430632, -0.47753882825609395, -0.5780828869023363, -0.48036423494674824, -0.6022726565581322, -1.5112318322371596, -0.5097461930352878, -0.4984773361962094, -0.5590250887911549, -0.5440194848565111, -0.47148548535446183, -0.6249371057269342, -0.5312699095265109, -0.6577838906550545, -0.5356412120597932, -0.4460731657677437, -0.49406616847314455, -1.5547502469500296, -0.3441672453274779, -0.5486466367989292, -0.5258857395287606, -0.4113674701943006, -0.5759773840098437, -0.6043601103750912, -0.5006162137613245, -0.47507221135199224, -0.6205256844966122, -0.5070979719665306, -0.45366400439030974, -1.5315845769965075, -0.574978578669088, -0.5088121312937885, -0.4082896374043368, -0.5203174134957133, -0.40211169834128596, -0.4536531809193847, -0.47762971849652336, -0.5179888534298904, -0.5364997144559801, -0.3067080838316152, -1.569513770202993, -0.4828298008893726, -0.55670493316597, -0.5639791493995392, -0.4018549206582625, -0.43175431087404903, -0.6176428077651196, -0.4603960064281762, -0.518972611455725, -0.5550339863034957, -0.4566741729895184, -0.5539772794933429, -0.6558396489274219, -1.2866214959748965, -1.0044926658570406],