{"vi_exp": {"vi_seed": 50743, "coeffs": [-0.7613173420690846, -9.019691009722875, -10.426981292429696, -13.271204560910684, -11.10807311260239, -11.191025455474152, -11.98959289194389, -12.571967320292345, -11.389645911221603, -10.390367867664274, -10.290050972392478, -11.466255330623566, -11.69843234470064, -12.012928847099476, -12.555519010685925, -11.850541855031102, -11.609750946971149, -9.650342689221079, -11.135362661687843, -14.524518117906492, -11.776951357472434, -9.642382887658803, 1.0432530260593111, -12.800796823187799, -12.753154380072273, -11.42216894974754, -12.084073374593265, -11.260295818432022, -11.40681825401574, -11.876268270676062, -12.657548404790726, -12.567464716705297, -10.128350768028085, -6.2780290630222515, 0.47795125796098326, -11.97884720035316, -10.273344783724074, -13.809578115313647, -12.32108573178624, -13.176237492996199, -11.001980930455675, -11.392379041367144, -11.843229243306537, -8.182767408439199, -10.681085318305229, -7.9550973828026645, 0.08943747388157466, -10.755030920337235, -12.20984657136571, -10.856590145426926, -11.41630703131165, -11.778701749365643, -11.568092942617552, -13.515656212604629, -11.013524719047853, -10.206631609897741, -9.478767186690101, -9.887969149875875, -0.06970717920949038, -12.2582185341227, -11.315395560426236, -11.216341173585247, -11.294239066548897, -12.4491694016831, -9.622861229765753, -9.671732132550671, -10.638321907969384, -8.767314417931226, -8.48999937471183, -8.956923626776202, -0.22421408773230658, -11.713592460750423, -11.571332966775577, -12.735976697907379, -12.581005661409915, -12.855500643196903, -12.83479924935428, -10.504992089962114, -12.173929638736343, -11.790434412066576, -10.866470683199484, -11.563845059109696, -0.15799467313891535, -11.85603007184683, -11.97000189548252, -11.853997037621982, -10.66582007559557, -8.763660445419243, -11.866708898145514, -12.408282331976483, -12.193079673864824, -12.781534699245098, -12.510654419265027, -11.19244012470917, -0.03091185936808728, -13.180945361652707, -13.370899594586774, -9.875829236422557, -10.420206645226044, -8.438787328976908, -11.120433186692475, -11.101708595307679, -10.120982800963382, -11.059891228635053, -12.60390265192955, -9.182575450272779, -0.07266103161513145, -10.608416435653398, -11.427774805839723, -6.881917847629923, -10.291350393191754, -10.827990095576054, -10.60850196273989, -14.468013098168674, -8.54114995152564, -11.49900929764366, -12.110262734955532, -11.464885665344875, 0.11998566330080875, -9.64767271078636, -8.812568515013137, -11.745950462102135, -11.39015821223391, -10.878412546713097, -12.0542577640976, -11.83530998201446, -8.923505077603515, -12.3046443326651, -10.495268179061586, -11.887624678390878, -0.018137273316751332, 2.8219885077620446, -1.5382804754696922, -0.5097490907342841, -0.503223116792373, -0.4658541238005372, -0.5663946331510961, -0.5408969520559472, -0.5427314495471433, -0.5725906299040231, -0.5528710095887642, -0.5892731943847154, -0.41750941768383276, -0.40487789050838857, -0.4996011728276549, -0.5498422421131465, -0.4651457301990123, -0.41271799821807786, -0.5101681444500866, -0.5734796630533197, -0.46707396324814526, -0.5679427149751105, -0.47324265170283103, -0.5976515909132225, -1.538507690220239, -0.49405291169997606, -0.5397925246698871, -0.5953592613219136, -0.5548834142564637, -0.5367702407482137, -0.5572115114041988, -0.5123733898411577, -0.6106878806651185, -0.5803482559946502, -0.42053993069594103, -0.5065636618221739, -1.5385594783034107, -0.5600208317723978, -0.5225498806803044, -0.5271832929765286, -0.4804350232640185, -0.5526113944479687, -0.38749205981615076, -0.5124893481152302, -0.6224199170087946, -0.41450594710240435, -0.5747373799825556, -0.5581084552102267, -1.5608780140319163, -0.42732090594666, -0.5660549958398181, -0.5139487022138346, -0.4636298758822255, -0.6077147997596691, -0.6652761881540907, -0.5629907658286772, -0.6120920731994096, -0.6060956607479592, -0.46744287720555083, -0.7008096683338149, -1.5486642646512156, -0.5190861656882204, -0.5353325813060126, -0.507866632205464, -0.5781737026251464, -0.6038009033991629, -0.5074630116188149, -0.4029727030031333, -0.5603429304326395, -0.4673301038177972, -0.4752581974212386, -0.6795327015119645, -1.5583251185362255, -0.5818865988422124, -0.6848792642962314, -0.5844170129600574, -0.5351222388364462, -0.4018289266470377, -0.5415792393220262, -0.35642497427749287, -0.5730601598857559, -0.4153120901860614, -0.40556025566376674, -0.6023057374710687, -1.5414154410424996, -0.3925948963968124, -0.5767299604030749, -0.6667398092948271, -0.5347951387128295, -0.44661420698299503, -0.5527611971294045, -0.5343602465329018, -0.4227630567620574, -0.31577275047993564, -0.5740974163292418, -0.5992023136169382, -1.5388647120963708, -0.4128838850386443, -0.5366042770948992, -0.5662747953665676, -0.5153509089690284, -0.46390246334977986, -0.5888528313036147, -0.636706277581071, -0.6039466806464135, -0.5203323991226259, -0.6098850302180449, -0.540719110714621, -1.5816609218812994, -0.5398731983161809, -0.4031556783156482, -0.44963861124280236, -0.4860738111768843, -0.5409894832273607, -0.5580014230547401, -0.6362448179582535, -0.44252660996018556, -0.5552700888022527, -0.4404402628853917, -0.3637470107313891, -1.570549311944968, -0.3634571052706133, -0.45010585056885616, -0.2666487744291139, -0.5359850355577973, -0.41513744637584027, -0.4571661884987978, -0.36724774628192974, -0.5093345585252879, -0.4914832487049314, -0.399554831427616, -0.6058249740662939, -1.2357328989350969, -1.1418617552384005],