{"vi_exp": {"vi_seed": 60142, "coeffs": [-0.09466469229189983, -3.4850122800374574, -8.986856411287794, -10.15925786961864, -10.310412036410673, -11.474598716774267, -11.247787898827298, -12.670458750446668, -11.7533080065685, -9.103927782188455, -12.245327569033625, -11.099725311442349, -12.067319738219922, -11.119969259300854, -11.465810735575193, -11.091097966814457, -9.993441140819808, -12.32050068924201, -12.70698650891023, -10.834725334026547, -8.990180622724537, -7.712678721116288, 1.585143915825476, -9.990852022562791, -10.802560218169027, -11.070104868257706, -11.215400821147265, -12.445113726957363, -10.789279979456683, -12.965349241299027, -10.202435433164398, -8.182107047325564, -10.676500636178046, -10.694583158651009, 0.9670048849513, -12.721412285152883, -11.106130484619177, -12.010372239262537, -12.092682518960872, -9.12984750939939, -11.777668071701662, -12.267863623257742, -13.05571450656978, -10.774033433658254, -7.84639768956662, -12.533088636721722, 0.649207373400815, -13.87467649210047, -11.951605497490046, -11.417802230452077, -11.352881574684597, -11.388557457771078, -12.405632262126703, -12.733238186977044, -9.729013093321562, -11.220349877674147, -9.363623897897252, -9.323542792039405, 0.4411515518066786, -10.81102110734414, -10.198650126826877, -11.466111564577584, -10.258916412649752, -11.601068531759237, -11.443100747854945, -9.678370327961, -9.179483421186994, -11.018107092066138, -9.72521544073146, -9.735348926113685, 0.4426724937286432, -11.327334717106712, -9.984517832988073, -10.962904583647262, -11.19252581544605, -12.738689349558511, -11.0125080857025, -9.429470777010094, -11.787948532546743, -12.213248697036105, -10.687998464310429, -9.601766704294068, 0.5392891243023943, -10.234027608384535, -13.141618928941096, -10.387118099756485, -12.588509665604345, -11.175752429838875, -10.086117963411697, -10.479183369190599, -12.5946124143274, -10.731170092554342, -9.730495815217639, -9.300433700559264, 0.5495511143822341, -11.52374464549481, -10.7088741551293, -13.667578875312877, -9.923959371407527, -10.71018262927583, -12.920495343040034, -10.556225808958315, -9.086917262450905, -12.792136003247945, -8.3927324058472, -10.826705667418667, 0.6887825035692517, -11.388309952459037, -9.299736836644565, -8.632829123194375, -8.941356541207394, -9.78127152561628, -11.679129165559603, -12.099525999514345, -10.703419031638862, -13.298873835860153, -10.590384133287031, -9.953905434794924, 0.8547868053172338, -9.784671718836696, -11.206055384200994, -9.488735092712643, -9.78153378975688, -10.728481411000798, -14.55876056649194, -11.066427447317919, -10.676233223438109, -13.327154056966876, -12.0648232742511, -9.904683844678724, 1.4006527703100897, -5.880065279396559, -1.528534049352773, -0.4713531662025507, -0.5134201648194103, -0.5718313587452855, -0.5139365798511488, -0.500760196288233, -0.42740386382162576, -0.6052493475041738, -0.49837079145109553, -0.6239745407276779, -0.5496581488546733, -0.6916113631548808, -0.46963640615566365, -0.6178760495830968, -0.5633414318142419, -0.47049077662597755, -0.7367436683108906, -0.34138510405074246, -0.4942320537022412, -0.38345711632311585, -0.2616536352648545, -0.6326217569835351, -1.5091026591758492, -0.5098976061498807, -0.4476740075680991, -0.4995182048771495, -0.5812192242970582, -0.4900054969646998, -0.5279944758259495, -0.4218428848313795, -0.45700666534054213, -0.5800053364482939, -0.5314683324038697, -0.5843149013219049, -1.5945427124407656, -0.5135942716894989, -0.5132848089571341, -0.3894829278296791, -0.5242821064265359, -0.5921437922153623, -0.33646948949414285, -0.7358308145820432, -0.5243707575846618, -0.49510016464087453, -0.2655567789637731, -0.4276470989842825, -1.547223392812619, -0.4336169808238524, -0.40256876810758435, -0.5827237347903418, -0.4206352209289492, -0.5001188582164976, -0.5437977127492301, -0.5267045306783291, -0.5625705827627088, -0.6278299303025946, -0.42841623622062, -0.5133907443097152, -1.5774328925898777, -0.5519783819487332, -0.39302782082024584, -0.4009668499696118, -0.44987092788750843, -0.5578803679255652, -0.41673169659778825, -0.46746895130107335, -0.46973445586421436, -0.40833743537973893, -0.39468857022314446, -0.5602765242178418, -1.5552735775084672, -0.4375661365842602, -0.4466333823110248, -0.47571561734649576, -0.5676765687339471, -0.5350340097282329, -0.5689582516130994, -0.4309352639131727, -0.4658148561421971, -0.5559348534197501, -0.480174458958281, -0.5160393767230674, -1.5241047740489575, -0.4686674626112909, -0.45941763310814837, -0.23787293206019633, -0.5919314005861, -0.611061501390279, -0.6391619887231391, -0.5686670208439949, -0.5397296296950947, -0.476236151128675, -0.4867532523143769, -0.5237046018887693, -1.5285978134672449, -0.4325514553561457, -0.47429309745235604, -0.47977550825571186, -0.46742225868510434, -0.5928133574473181, -0.6174182532218572, -0.6329195350374301, -0.4709709396954623, -0.43214015069084705, -0.41253401567733483, -0.5549790120901648, -1.5356290993832498, -0.42421641117550096, -0.48428455350508637, -0.41856038289565073, -0.5659893434860536, -0.42683951094008404, -0.5853566423986891, -0.5345533326348498, -0.40012805685038855, -0.5359581226496681, -0.5280603182196958, -0.529579845364522, -1.503306133660254, -0.5203015671762492, -0.4239806672957557, -0.4882616187975666, -0.5285863094015374, -0.5352069177004, -0.5562611078319865, -0.37306382637171925, -0.4875562201435325, -0.6544722349026901, -0.6820181735878483, -0.4607135865938555, -1.5444837911156084, -0.500895226573486],