{"vi_exp": {"vi_seed": 53435, "coeffs": [-1.113208332930518, -12.178184689936831, -11.220416360485787, -11.044284288896138, -11.24382041321949, -12.641998324660177, -12.382574294580046, -12.466516523043147, -10.672824341819055, -13.458410128286442, -11.81804082278088, -11.474469023275809, -11.683312507631452, -12.738984745803386, -12.849661850399364, -12.095994268120617, -11.687531426240545, -11.806117621489626, -11.104541261221332, -10.893758332875088, -11.304045548236713, -7.25625371609592, 0.7527980266184516, -9.844451057176359, -11.000660745759452, -10.197174973408366, -10.781154171975077, -12.155868190066126, -10.634035703210232, -11.28888349893057, -10.120076521830129, -12.368026374570489, -9.84978928915431, -8.399086271573935, 0.14163359828867403, -10.002405887060497, -12.928014511795489, -12.2488753120794, -12.21539039037803, -11.447261298812, -13.386629375139329, -12.805277054636502, -10.677348530708462, -10.134508270522899, -11.344027686843663, -10.105954200372725, -0.15214825836537407, -14.362018603530787, -11.266288138804358, -14.707046252397173, -12.991717000999943, -11.959367062743421, -11.3477267569912, -10.112750399430803, -12.712292591547529, -8.81665556879225, -8.943561097831413, -9.930371833765836, -0.3849530885024305, -10.080792137774893, -13.627548188673599, -11.783526139005584, -13.622709357219822, -9.301012796834703, -11.482723980749089, -9.723067036498637, -13.202959486552809, -10.387648996570755, -10.443713006590578, -11.714859394114043, -0.3410993053949045, -13.669976837553046, -12.491678573768485, -12.06391114853803, -10.352453872537755, -12.54995957739939, -10.34910025577891, -14.41770703560699, -10.505576980019342, -10.853335495534514, -11.098025591816354, -9.369896570280254, -0.3593883757858379, -10.637756714184274, -11.143097523327272, -11.370881463640378, -12.679190127973904, -7.079303798155744, -12.835760910630846, -10.122458282752115, -10.827904410085788, -14.218040864176457, -10.10627095577833, -8.559019021073969, -0.26600889708890796, -9.694451074904448, -14.774067207237131, -10.792740049913501, -9.521687846729888, -14.859728050365964, -10.619899073572743, -12.538025632541315, -11.482775874955827, -11.257260717115182, -10.717089999260677, -8.88197225940387, -0.3598870694083648, -14.357532097171982, -12.095728131155013, -7.726343530305742, -9.405450063201062, -13.046040835186531, -9.433951057006999, -11.470741671409334, -9.421019180082999, -11.44785822717463, -12.313432670211611, -10.013065604082213, -0.2505854903775487, -10.876123468962929, -10.839938457060132, -11.9234600517868, -10.855637103178328, -12.54186085163998, -11.727796655516936, -13.513265950967916, -12.357007346210267, -10.847268343734255, -13.791793333661344, -11.570391657047796, -0.36435626893664896, 2.764380693659332, -1.5567092412912322, -0.4566555358560228, -0.5444092521821448, -0.480444982196764, -0.5631885037240495, -0.5330677483329519, -0.5394483074086128, -0.5345223241212814, -0.4846298728287216, -0.6547308942509446, -0.4849933147889689, -0.5042446990642276, -0.38806757962636934, -0.517280265956992, -0.5066295812217625, -0.4317203697531435, -0.5163991798949847, -0.5292990022466083, -0.41017190232335904, -0.5688800917855557, -0.4926944409321062, -0.3351153062941565, -1.5711151441032774, -0.4880740130540021, -0.5308871917577481, -0.5860309585748744, -0.6057015792405224, -0.45431791024494694, -0.5280013011751733, -0.5991285883725563, -0.6006630233703869, -0.4630613958162072, -0.5286784355162124, -0.6578360485815561, -1.5186455212840242, -0.38480499486286535, -0.4232675966583452, -0.4532019069211048, -0.4892698687037501, -0.4706052436781084, -0.47796421283384705, -0.5022633069120201, -0.5093934542197212, -0.5360405077896693, -0.4493866030676538, -0.6568893918111581, -1.5328207877752698, -0.4543745547695482, -0.3939935022001774, -0.7472214841236905, -0.38476550058727016, -0.6177323404713732, -0.5461522572615501, -0.6534150727607817, -0.5247778389819228, -0.5381382506251795, -0.40606413045215856, -0.46681361348475525, -1.5478049301172436, -0.4407863956840796, -0.6886150065211444, -0.5301593957760578, -0.46998331352598377, -0.5396735314330553, -0.5345860801693727, -0.510032513686797, -0.48635955460030406, -0.4816550744302871, -0.6310541788325379, -0.4910568301122256, -1.5532541239183373, -0.4153335614176091, -0.5247519875008485, -0.5755677281729212, -0.3128970039349894, -0.5378473080142422, -0.6055256967644423, -0.5303223586289557, -0.5387834231750349, -0.6378267986949226, -0.6041888701879358, -0.4448733112266373, -1.5485010953183282, -0.3675810076950178, -0.5559271104285972, -0.5276621924965813, -0.5178141638026181, -0.3499128411658652, -0.5109322369403038, -0.5644952862488336, -0.4509893700022372, -0.5257344145518549, -0.38916662119821294, -0.38994545116339135, -1.5002943433694529, -0.528483072980886, -0.6709109514704806, -0.5584956085846737, -0.6216506724223084, -0.4628495073967851, -0.5803565113241448, -0.5106382818186528, -0.6574485184623302, -0.5723472877330968, -0.5333952071207536, -0.530478867105544, -1.5541673660640716, -0.5622456292101833, -0.49502426665017246, -0.6424765944775259, -0.5754750136110635, -0.4903931565682479, -0.45487354164759813, -0.4915914464469978, -0.49555136061016913, -0.663182302046333, -0.6387836427674756, -0.3936565363871737, -1.510388760157691, -0.5601178022946749, -0.5381176504286017, -0.5829561626304114, -0.4623968622552729, -0.4495689546475262, -0.4707664855735847, -0.5765263674832567, -0.5999364551035669, -0.5757937468088423, -0.5785643976097254, -0.4342151813524264, -1.2013540638445102, -1.1926912041145283],