{"vi_exp": {"vi_seed": 47772, "coeffs": [-0.30700362910040635, -10.03258043993506, -9.901417153278237, -9.99884453188335, -10.683192083622854, -10.477936448200781, -11.807640848448242, -11.057166605735548, -13.077158601971421, -11.728761716994368, -11.870654280599556, -9.84044073247212, -9.603113560393616, -12.513069987549128, -11.674096344128678, -9.533814446784904, -10.836515523255585, -10.595161425928385, -9.782351404429283, -11.914267166700665, -10.951141244808989, -11.806288626791993, 1.435382015235858, -11.185610635329972, -12.330404505667138, -10.97974113996138, -9.466277623858232, -10.969635716188078, -9.772568457089536, -11.804620610183258, -11.982777139043094, -10.076621958134513, -10.726197337246504, -7.9821188660868, 0.8109007768320566, -13.055922960572481, -9.842470824411553, -11.087662241398167, -13.503506193486073, -8.640266059967846, -12.722420909847912, -12.172778644035937, -10.098933921384246, -10.688397347425132, -10.48141373182607, -9.402782561831335, 0.4506619610858128, -11.630909144221008, -13.065840653076208, -12.724186624451429, -11.370185559801254, -9.80229562707449, -13.263643141979944, -9.628165182104558, -8.674960520465197, -8.738622204535565, -11.300925137815584, -8.061184499246984, 0.25246165664718845, -12.161091427764733, -10.22216093198948, -11.555769458714076, -12.634736114563784, -10.306803200385525, -8.764606361224873, -10.708797395201428, -9.587227431342685, -10.051986543096577, -10.161268754080792, -11.945177495186437, 0.33696252922739034, -11.326713356877026, -11.111131120931542, -12.784097698830763, -10.578983107227709, -13.51357772562138, -10.657972263023673, -10.408635111909952, -9.738428013964954, -10.609708552037068, -9.742027821867804, -9.09535745770359, 0.3566046968804006, -9.268592428761018, -12.404794985641276, -11.723443396535147, -7.782509597345301, -9.249670700132071, -12.049346259635394, -11.01904929371714, -11.611395341518438, -13.810937056265022, -8.361381423577953, -9.229733691950985, 0.44776280489813824, -10.771219126346052, -9.921343102046597, -12.033278528891858, -9.243070063072683, -11.363049179262278, -10.063382435027897, -7.864601253361452, -11.60695701198505, -10.581105803526166, -11.884616918644427, -8.838329584395016, 0.422661913944742, -12.877262330531895, -12.904821082592955, -12.70046672667969, -10.273622089050612, -10.127011737565734, -11.888930320389981, -8.847585731835792, -9.25668607744281, -9.34573112613475, -10.982973667707938, -9.609577358489133, 0.4631276435352459, -10.652019004041014, -10.569860125820217, -10.395064058605431, -9.755236923455382, -10.887275002149487, -10.639703846243336, -10.594526636585291, -12.041643483618618, -12.037362931607182, -9.222137507935189, -12.60287571750318, 0.4843563795428662, 1.4643168996915603, -1.5463962806293923, -0.525644337541953, -0.5479623066207912, -0.5065746564185226, -0.606590791167622, -0.5252970779921953, -0.6142886724227762, -0.38950517867545426, -0.3885470851887566, -0.5518059146896193, -0.5249860581658876, -0.42670458081386825, -0.5312633830204929, -0.4891188626962222, -0.3659444122338199, -0.41210229261114534, -0.4397418050308346, -0.4860423932312358, -0.6745281892017322, -0.605986260762444, -0.523272019784458, -0.44045857563069146, -1.5437321978678695, -0.5629654716980211, -0.5698306199453954, -0.35077016293955265, -0.422617391929839, -0.377682591151672, -0.4498428464973107, -0.557970111586301, -0.499494450605898, -0.35823737708615594, -0.5149691964131787, -0.4729435763954554, -1.5475256483766437, -0.5510920449094714, -0.6287930263999606, -0.5291270517621864, -0.4806862980049691, -0.6209094969762997, -0.5999810991598112, -0.4061163727240268, -0.3968596671257073, -0.5117880448717169, -0.509329103992882, -0.47431678495137103, -1.5681666672223409, -0.5433846453575234, -0.5150471198915635, -0.41226471235514256, -0.5034476355394392, -0.566622346168964, -0.5003436863363099, -0.6082035451351167, -0.5150621125264979, -0.3641587634297751, -0.5400253767096815, -0.5579389928624717, -1.4964660163685133, -0.5987355727021461, -0.44701850070152277, -0.4883734882709807, -0.47555881520395704, -0.6100214706314647, -0.42950454968631174, -0.5738213504915596, -0.6307117921992771, -0.5665156596668299, -0.5618625203891308, -0.3426452495733076, -1.530629037664969, -0.5644394768216, -0.5025887791383175, -0.5612798016128075, -0.5962723038844167, -0.521130818351427, -0.47934544287220504, -0.33225964441255634, -0.45635827573432436, -0.47526505503438843, -0.5557174071944505, -0.5598790918032487, -1.5455241394048804, -0.48185567342226704, -0.49938006102118665, -0.450487068687155, -0.4889134937547642, -0.5638062477969448, -0.5896474200832442, -0.5183764931273201, -0.5302161515103629, -0.5357107202165012, -0.5321382778940589, -0.5662045846550402, -1.502589481651299, -0.612988742210527, -0.5540165724485643, -0.5804756132504493, -0.6083641769115555, -0.5846234426994922, -0.5479012180791537, -0.5502291476158804, -0.3876452388160152, -0.5197832159453674, -0.4913882327006431, -0.5106940743954199, -1.5417140548368933, -0.5223510651840779, -0.4110218606951358, -0.5396574284315276, -0.39531066061528497, -0.4698193289267978, -0.46783007588132175, -0.4903960089190229, -0.4393093828159786, -0.4472522660173368, -0.5075820878746271, -0.42624363391749964, -1.5410940573213943, -0.5581719145474199, -0.5808842125910901, -0.5633373706155551, -0.4816884719051479, -0.5268715810320536, -0.5810479492373462, -0.5620953933054644, -0.5069005744168873, -0.5027636576796995, -0.4394112136355493, -0.5169548201797765, -1.3031492777598224, -0.9189668936471507],