{"vi_exp": {"vi_seed": 42789, "coeffs": [-0.8660539773062035, -0.819091241745634, -10.98153649852888, -11.530711241125237, -10.344203823815885, -12.04988114208192, -11.813347811683675, -11.353378728040125, -12.874274743719877, -11.366218466072597, -12.330896199106594, -12.200798286535848, -11.912362323098261, -11.906307136286262, -11.624263722561095, -14.06268093048398, -12.755043484711148, -13.559354174058743, -12.56429243699192, -13.355187574659736, -13.034970013504063, -10.08419517586189, -9.716478448289196, -9.196641371368464, -11.023277395616095, -12.54046282076471, -10.905516211533715, -14.437225231613938, -11.199809679650286, -12.122330384068436, -10.195917143713178, -10.90389148987522, -11.541928653699598, -9.22551311382141, 0.46821702957435996, -11.746121147975577, -10.579818663079658, -12.390363084903932, -11.860891392272752, -12.684186191339206, -12.620853493190502, -10.156262894238575, -10.395302750319352, -10.68275716341027, -10.660275157574597, -9.41862319941925, 0.10039249094011499, -10.990289362426127, -10.40207533469954, -11.337263196963603, -12.111917749285867, -13.70352249711697, -13.132581230735374, -10.842605653437555, -10.256612596022906, -11.891338074429475, -8.916217641726874, -8.893951736426027, -0.10815312389692326, -9.525197125107992, -10.394716483748812, -11.280493376273117, -11.762053774146233, -9.538250179525127, -9.55483045688916, -9.282410550622041, -12.364059158706942, -13.629406557827618, -9.617176856149243, -9.278600965748067, -0.24731259245039, -11.975700589796052, -10.795179129840626, -11.145337155491042, -11.642814822248761, -11.74866950611101, -7.6869095440640995, -12.345687463825572, -10.529259628521267, -12.287372250990751, -8.929195409356376, -12.608524711980373, -0.1683851657636647, -11.767876458595884, -11.633189758466276, -14.48071187789017, -13.194052023720728, -9.826991218057195, -10.492055345377242, -8.99784601758365, -10.704867982422671, -12.058735318351125, -11.570498430460665, -9.18854322181033, -0.020515399114272515, -11.8555269850907, -13.965800623413479, -10.545744844775525, -8.21469404154721, -7.785120785923294, -13.00742145795988, -11.859556181681585, -10.422245614672056, -12.009757032733976, -11.408565997780045, -10.307456184826602, 0.02786174862474797, -10.650495950780185, -13.448427687631185, -8.164681256573392, -10.56223959458263, -11.540464336741037, -14.009724555066141, -11.747454636421212, -11.223510924274038, -10.866326457323698, -8.12560772238009, -9.680426354023899, 0.09691130427502159, -11.557192676930123, -10.540705545822966, -9.58964513882584, -10.132459137545087, -13.224456564622129, -13.054811820248592, -12.672798571921993, -10.020125469085972, -9.505139761516482, -11.637271642308912, -11.500251791335911, 0.028536556728495487, 2.8716497476802605, -1.5572797467175548, -1.5126283605956046, -0.45648432078336715, -0.5534802354455515, -0.576285386927917, -0.6980237375512961, -0.4991753055774755, -0.6064779769468407, -0.5446978580084808, -0.38936967802442135, -0.5886315089874857, -0.6076915746283053, -0.5134066225106243, -0.5692190474793146, -0.38468253841217187, -0.6281736169455346, -0.4208555835929583, -0.6323610272368987, -0.5642135549944162, -0.4896485346456818, -0.4263666500862687, -0.5550002763148287, -0.5865898734873687, -0.49876827602279267, -0.3626755456543811, -0.583503380208739, -0.5616459956746312, -0.4498434913732218, -0.3761660031325557, -0.5517453523859689, -0.43259535112928016, -0.5513933098664873, -0.6046249393138233, -0.5002484608494416, -1.5599632755348327, -0.4809231911613253, -0.4781786685088995, -0.4878538533986006, -0.5112173752505642, -0.510477154425222, -0.5343915172791628, -0.5198028104322725, -0.5126493643587093, -0.5271907463017875, -0.5924901557929102, -0.46714428593216906, -1.5441648555023937, -0.3858615708328495, -0.538576911385615, -0.4235990003486123, -0.5558521101572304, -0.6288322524852508, -0.5593494450637216, -0.5066988007722951, -0.6051940351359667, -0.535634746055513, -0.43766462969710496, -0.5260557898325545, -1.535524531805173, -0.4861281936894117, -0.5306434441214936, -0.5453319531647896, -0.45076364817252573, -0.5476532893287092, -0.4195075280943191, -0.42511164672013224, -0.524855137528267, -0.4578610331916014, -0.5450341551421999, -0.4950984254355798, -1.561736003307758, -0.6480784759549348, -0.4019359544370157, -0.5206184611303368, -0.5983026787901883, -0.612857434134933, -0.5026870231010683, -0.33038473145435343, -0.4700249879928016, -0.5015034963351832, -0.5361634896069195, -0.5011964422922335, -1.5403964430185582, -0.5613101876742643, -0.5127074639817442, -0.5505660115629191, -0.558014861749241, -0.5548007627903113, -0.47243348737923097, -0.4689571583413993, -0.4729920490441376, -0.451041457012413, -0.5220933649887199, -0.5458624831419095, -1.5291250623014483, -0.6534215514224069, -0.5144430711249043, -0.5901570728401185, -0.6170383878416118, -0.3691018790570735, -0.6025369319565801, -0.4053593816333468, -0.498154525966445, -0.4998692752840644, -0.4280960110664966, -0.633038874844152, -1.5528953579088018, -0.5605538203257161, -0.6580752727563172, -0.3254256017337138, -0.45814913337475327, -0.594772309949295, -0.5789621087741702, -0.5052112293897587, -0.5653147847872158, -0.5953355153265774, -0.5805704738472304, -0.4951086679082817, -1.5261033706870961, -0.5241318999895725, -0.5802825817704734, -0.49800269389296103, -0.4764548491950548, -0.5171832066804122, -0.5253950662581772, -0.4634052064717998, -0.5801423805951712, -0.4300385178587672, -0.5761144818743081, -0.45040211022287485, -1.255786972127568, -1.1546662541248733],