{"vi_exp": {"vi_seed": 11196, "coeffs": [-0.2501069892630019, -0.23232848112192792, -10.602662188139945, -10.619229618358972, -11.51349597670507, -10.855532659187872, -10.59964763077225, -11.034319039463186, -12.126073540437327, -11.351647512065615, -10.698938050852531, -11.575887961789189, -11.187694307991531, -12.422911623593368, -11.647964097742834, -10.483758292530297, -9.744119524768042, -11.962458019613306, -11.422047903056376, -12.891304178131934, -9.745705332926395, -8.475288571871664, -6.587140418801724, -12.012367875919757, -14.677318720891222, -10.311651311014593, -11.793612657322328, -12.985285771848996, -12.814065086460444, -10.791012652368297, -10.781180761699682, -12.561305855806225, -9.296144959642762, -8.39927519840237, 0.918688494621132, -11.118465250285384, -11.522901472458305, -11.908351836753525, -10.609872054677115, -11.930463579143028, -11.779806539231995, -10.607950212327937, -11.503484326364696, -10.083641151888326, -10.054699793706165, -9.27969847720634, 0.5875361799083141, -10.34662794012305, -11.597404260118822, -12.02112087575027, -12.70321300406795, -11.163306659907821, -12.213773943327777, -11.252128451642387, -9.398980660447446, -8.788879025982075, -10.798362652682552, -7.143341783059329, 0.36453375616436196, -10.613491338706503, -12.09908011747415, -13.94283990610788, -10.501180547400576, -11.686678357960842, -10.43470751855557, -9.51030284138138, -12.895972958583817, -11.442154213132433, -11.651160081479064, -10.152325704769236, 0.28053074233183467, -11.774122460336397, -12.69655914500131, -13.51901223646165, -12.904736994075147, -8.178298618402705, -9.381964320436936, -8.141477344038876, -7.860749150508318, -11.886120658178383, -10.715185888288238, -8.693143877698342, 0.4790132039206869, -10.8199967371347, -9.877096050583166, -11.093914064362302, -11.983323262873286, -9.927398825259575, -9.683712445931079, -11.046123085279184, -11.52631614946488, -10.560231725318024, -11.076023298031922, -9.829719153126828, 0.569843870353523, -10.980923397545526, -11.383771791954464, -11.002667130277935, -8.774352607269725, -11.40442109408762, -9.099640910583805, -12.727965361558866, -11.589248790157699, -11.825710983477656, -12.092329170846197, -8.960487732980619, 0.7198989503943148, -10.876619901866553, -10.700454341053595, -12.704370579349506, -9.43800530037553, -10.473485421556829, -9.58548213266936, -13.549525994703325, -10.927869010405715, -9.11500573302416, -10.894447646572402, -9.91412516202119, 0.9908263834342252, -13.452017254215093, -6.386835023177944, -12.632974422642896, -10.21723018693273, -10.875016301649007, -12.376232404446675, -10.841126155870711, -8.359866688256881, -9.480951632404611, -10.756551816321512, -11.43714644252692, 1.4111723967431709, -5.446325091354065, -1.5871812303519601, -1.524530797906403, -0.5336658132319185, -0.3457542424186533, -0.5597837021554363, -0.46645340126276186, -0.4991473469260022, -0.5575108288547177, -0.5838589189061519, -0.5183945347773912, -0.41192604809746797, -0.6219692799999402, -0.590974292336292, -0.4823980115448872, -0.531999872550131, -0.4344328035638477, -0.4056427065229828, -0.6312394748854989, -0.5340914019092217, -0.5142584456128882, -0.29221211199755315, -0.44800407970992057, -0.4960177972130249, -0.5919892451070442, -0.5614143563189014, -0.4938616151969759, -0.4669063261355858, -0.4905088313585959, -0.5558978989327678, -0.531810916813135, -0.44755959018865626, -0.48666073721306013, -0.5449326258612102, -0.47257749992508824, -1.5412311769295324, -0.5519750714217639, -0.6379541817341139, -0.6112034659325013, -0.5014564205551113, -0.5916908235179287, -0.5818296368282819, -0.5152186280393608, -0.311989109635993, -0.5338777818001387, -0.5793768743793977, -0.5261851772282885, -1.5478160146072486, -0.5183934031160519, -0.6394848060902596, -0.4695961684941933, -0.606924939666201, -0.5279252295686921, -0.5971719476974683, -0.4613345447904032, -0.47693503894106654, -0.5283746900251307, -0.4811310533303772, -0.5279327482375682, -1.5521572576754257, -0.521916302044254, -0.4488250512594182, -0.5592322976877928, -0.5700456651071237, -0.45661428325370346, -0.5398650693618657, -0.5184999016417658, -0.4985869061765141, -0.45977840277214527, -0.5165021989364326, -0.5796426414296868, -1.5333425410558403, -0.473983489238979, -0.45084270431757717, -0.6868276613931145, -0.5009584502505146, -0.4859972187004347, -0.47294742586316935, -0.4035304736438219, -0.5320881525959523, -0.572784030183947, -0.5670264940479031, -0.5242544875158239, -1.550116693773518, -0.4398371224986492, -0.669079476138739, -0.5601671809896708, -0.6067999075404765, -0.595267946738527, -0.5105665575420181, -0.5860003626378943, -0.46019804139440523, -0.514541249612161, -0.6078209101263925, -0.614388750152266, -1.541624758635349, -0.5873818626193545, -0.4771109787946039, -0.5920254199132071, -0.537736824912893, -0.5595842838254306, -0.5911395906643367, -0.44303814681347226, -0.4682937746597949, -0.6344101905345977, -0.6236373287179248, -0.4691968664785808, -1.534282605836798, -0.445733594451057, -0.3831827173774624, -0.5376285221053986, -0.37560743741533953, -0.43964523207887635, -0.5734999097964876, -0.5835073640020606, -0.4786426285910048, -0.39056016266507093, -0.5013571273116155, -0.482946338399323, -1.5529011529174626, -0.5948450576234839, -0.24888172131700007, -0.5532724312188839, -0.4176909236438745, -0.5673900460923119, -0.4299274414324522, -0.5268405760115838, -0.3242758546070454, -0.45970050800810086, -0.5216855247985382, -0.38588741507048796, -1.5402237092433042, -0.6689572757058498],