{"vi_exp": {"vi_seed": 17534, "coeffs": [-0.17578803921858988, -0.19286084667754363, -0.1861142127234891, -10.94945008346136, -13.079041879900618, -8.44827070636876, -11.481417506408782, -13.969283559616184, -11.394311609658407, -12.389515082381084, -12.187154462624814, -9.146411866413715, -11.760980638917792, -13.239280219969647, -10.6218731080763, -12.31808273938009, -12.688303594091225, -10.942039625400984, -12.438445100772856, -9.942232190580135, -12.839202563329248, -9.32232343067224, -9.670485529047692, -11.021938450838153, -10.493467302466081, -10.536144673631586, -12.049777844185403, -8.808879550714222, -13.09603035927964, -12.320958029608066, -12.72920365399562, -10.860827498101715, -7.713119758122615, -5.054232160721357, -7.047196591542049, -10.484890641620666, -11.337675025371432, -13.018724590539863, -11.089607485858506, -12.252564847723118, -11.987286144576498, -12.882768168031813, -11.681220452919433, -13.57581172620087, -9.561543473568904, 1.07554374739502, -8.762428187137667, -11.00351531059167, -12.04714081636471, -9.71097600170231, -12.307369454071942, -11.083876434886122, -13.416950752633621, -11.325673368957814, -10.56616190282701, -10.705022547851303, -7.368681704994736, -8.594456238119744, 0.506057316170259, -11.307849250351861, -13.62308655698314, -10.042369600300075, -13.540785213134084, -12.062786193198997, -9.619910552213193, -8.944614407592733, -11.017441906870214, -9.1911581395497, -11.578003138940842, -11.983275822211386, 0.43402386816090605, -12.11360589350858, -11.330348687844001, -9.361575466480232, -11.607269141965531, -13.518904567987677, -9.37728038098465, -10.127908117577016, -10.543603684038446, -10.594864815571754, -10.444951214674193, -10.459509123021984, 0.4284877340984881, -7.746822382138138, -11.482747718383695, -13.64048880997571, -9.613764554098863, -7.363569736062624, -9.331618948241989, -11.1503219454727, -10.218464473284198, -9.935280852126512, -9.580376371368967, -8.908437993139067, 0.5702308666802968, -11.425243250170153, -10.279628833502205, -11.994746224186239, -11.205805679170965, -10.595108273601376, -9.166284906369361, -7.158314945063883, -12.246717470667035, -10.526867324784162, -9.306394549772214, -7.567800605562664, 0.8863045443800972, -9.65342044854742, -12.280270614966378, -8.850172488359608, -9.813661780803386, -10.716674743476053, -9.524971137470084, -12.874992073931509, -10.042871099346398, -10.435798320156412, -11.74749134817687, 0.8863146555740693, -8.55366672831462, -10.298219895194867, -9.027520346522481, -11.178481777017842, -9.58320143704382, -11.710431463350556, -12.277626630937972, -10.592412370720517, -11.131686125094607, -10.679738720529054, -9.52055970989035, -8.67685896240264, 0.4342263535115182, 2.195429059002746, -1.5375312518205124, -1.5625712037820332, -1.5636667661593469, -0.6527727712476524, -0.46854636891258544, -0.43230083613205555, -0.5918570354934088, -0.5658195698994539, -0.342129677446842, -0.4447746842347543, -0.5695021600162988, -0.5666595703244586, -0.5999392858100187, -0.5672964177397751, -0.451738161413123, -0.5398709539617763, -0.544264808700505, -0.5069357589858021, -0.48531967017189, -0.5768816513156843, -0.25547108502333765, -0.5074902559220352, -0.5242410030451364, -0.5908042140800916, -0.3545148186510679, -0.6323314752236256, -0.4449540325840161, -0.5865944217802174, -0.5271032672768986, -0.5355586787773059, -0.7219498589067099, -0.4327694265318825, -0.5361812038219576, -0.4210222834236814, -0.5723694138774016, -0.5595796843727165, -0.6038947662883447, -0.6032295554350585, -0.5017684881819051, -0.564228737830693, -0.6455292668364524, -0.5684320301805288, -0.5857709600996002, -0.6038922578737983, -0.5323893809535991, -1.5665741935759987, -0.49265906698083284, -0.5365953165347325, -0.5092289361963691, -0.4281837167108698, -0.6146064539426525, -0.46555137409160147, -0.6041666621107858, -0.6951686647362508, -0.40438364812448047, -0.5093508533749344, -0.4457299473579771, -0.5575156571322056, -1.5459777716573198, -0.6942409067229457, -0.6855802510628247, -0.3687439321453502, -0.4162231855959002, -0.3968990829576292, -0.5562975505586832, -0.5280620248516082, -0.5363349156363711, -0.4767350144322536, -0.5511008713646918, -0.4289158682973218, -1.5728266135035383, -0.4281745745451014, -0.5437302294846893, -0.3346387006282009, -0.5537197922294176, -0.518963676262142, -0.5898070376911059, -0.3935340891166953, -0.4577281688680855, -0.46048791783206233, -0.4898539414685853, -0.4833938176294614, -1.5017656063703368, -0.42518229077031644, -0.5592062845420515, -0.6241965265087982, -0.5172203594704936, -0.4206901417354485, -0.575074797910129, -0.518711788805635, -0.5532760122435079, -0.5540359321403402, -0.4636402552032851, -0.4982147155096735, -1.594953678535574, -0.6592349285932099, -0.5787699762602165, -0.6293099584347269, -0.4522353844483996, -0.45138664289967, -0.41134773426470156, -0.45824312368012915, -0.5806979597350048, -0.5437519206481635, -0.403298805783144, -0.6353133253567609, -1.5770349258806495, -0.5154682730190034, -0.3702891383728872, -0.4061540387841198, -0.5525717276825435, -0.5883760174367398, -0.5400443701057255, -0.46800644820495524, -0.5045887960082739, -0.4840178469636099, -0.47694383459268636, -1.5284753634115638, -0.5206825692196618, -0.4973664972131558, -0.5012124809111498, -0.4706398578718673, -0.4167372674306681, -0.501967943955912, -0.5647007033278043, -0.593833866926248, -0.48850338214805383, -0.5413125093581214, -0.591534370879126, -0.43894751963544915, -1.2906869877758407, -1.0583039036638684],