{"vi_exp": {"vi_seed": 50999, "coeffs": [-0.2605689664069817, -9.708338906752688, -8.258723488035773, -12.405168195959469, -12.55584724855676, -10.514126862198207, -12.243185162150029, -12.146333311272882, -13.245945686449547, -10.53860999658993, -8.596869103738541, -9.724441139801309, -11.52111439493032, -10.326120981875787, -9.700500113129404, -12.20327489727228, -10.520530817319967, -11.246286821571402, -9.068087184502781, -9.963936673632825, -9.155914271600427, -10.111242550019329, 1.4981965093410725, -10.850883886532827, -9.956596895718786, -11.938001216617453, -11.753478237697681, -12.123111274839085, -11.61901743882326, -13.523521997795205, -11.14757031142676, -10.349462362976357, -10.472202081063731, -7.40118711292814, 0.8638705333625948, -13.346971880487965, -10.963437166264475, -11.135677981312421, -9.357364411388348, -13.473854814275759, -11.98791530143253, -13.473909313736746, -11.545237138167062, -8.911466338038037, -7.751611441126552, -9.293779298558787, 0.5388187629827818, -11.812353432608933, -10.456324515280981, -11.028755140297797, -9.93607789825759, -12.754576832787496, -11.00822384660524, -11.008973766153026, -9.641235264964545, -11.387239834431847, -10.063584740253324, -11.25918684573195, 0.432096481781537, -12.748229329412975, -10.424679164697169, -12.652886427387765, -10.3364010286815, -11.927499936744425, -12.496726098720776, -9.603521978475202, -11.09195449737683, -6.956106323216705, -13.429919703002756, -10.479083949735216, 0.5419865872741796, -10.447524411447345, -12.083774095690073, -9.56507623141179, -12.212135757779, -14.477302135948198, -12.092265588879878, -12.807915794783069, -10.48687252956478, -10.246968523206034, -9.597638393981137, -9.107662532766236, 0.6552412295622769, -10.342750064230454, -12.647200327496629, -13.50397984357833, -13.420124799272745, -10.117268479634191, -10.237090407276908, -9.360940208556077, -10.40472800769648, -12.447102461955433, -10.429589527181657, -7.817241974422508, 0.7645625507026443, -8.411981879214727, -11.264837204373947, -8.432622088317274, -11.061343396779703, -11.915080941090253, -13.798790445288816, -9.580286475747203, -11.369736752464709, -9.934623515200185, -11.962386814369253, -10.363434499130083, 0.7909694320459164, -9.936272856586314, -10.684091154315619, -10.271224777574009, -9.32614913241723, -10.630800409382843, -10.176704776292512, -12.114420696317485, -13.149996081321959, -12.567011802309201, -10.454026444213289, -10.654148984916203, 0.9174567877433542, -9.617237514794896, -10.78762668336128, -10.226755986573535, -11.756605498289481, -11.451563189839826, -10.21048818942661, -11.994827626497095, -10.813753048179986, -11.55580280202269, -10.793945799077523, -9.426189959656536, 1.3136444365777478, -9.104824769216874, -1.545653252997722, -0.5827982161767762, -0.4752691598661527, -0.43688252220334034, -0.48183251420944856, -0.5001354412925196, -0.597719156952164, -0.6109561063759774, -0.5916897861997749, -0.4532840069736578, -0.448890201139698, -0.5486012128638761, -0.5948035211766115, -0.4865431602170414, -0.3919620247098031, -0.5648533192012615, -0.5528733930501534, -0.4617751387472912, -0.3939678923818183, -0.4585779542677649, -0.445264524280505, -0.4509880546755726, -1.5575583684207865, -0.6377169303691491, -0.5593827188057041, -0.6759161118464815, -0.4535505961444163, -0.47476224933510247, -0.600490377457807, -0.62063423780754, -0.5524894896100997, -0.5189641170335538, -0.5404042876902725, -0.4626762815545326, -1.5376526962953592, -0.5360893354071, -0.5926072597432415, -0.41622216040143845, -0.3066840652370192, -0.6018762518825022, -0.2767228249324485, -0.445458004964006, -0.5275283728487362, -0.4784118351337299, -0.585977737376643, -0.5318087276709722, -1.5450612833377815, -0.6809592818806355, -0.5723167198215121, -0.4702297148550507, -0.305257646157871, -0.48957252908348337, -0.47501896720755704, -0.4439394768925481, -0.5503550620495745, -0.5152942065152945, -0.5360294457940561, -0.5851341604514104, -1.5127581250675937, -0.6390984151313304, -0.5568667717667628, -0.6848642199966006, -0.5264598481643147, -0.5848609852323222, -0.5067112173835033, -0.5008007655373335, -0.3707210989022899, -0.4102883066963483, -0.39203557063040495, -0.5185322157583308, -1.547020059739475, -0.42674096851879995, -0.46254359551598284, -0.5294426943251094, -0.5467813823258907, -0.5387042922057664, -0.614498213835677, -0.5166399362263673, -0.5341865045512819, -0.4407908369288312, -0.5707077330439085, -0.566041219212542, -1.5416935244192516, -0.46766727166649996, -0.5980406267063699, -0.4433617754017018, -0.6671539275134911, -0.5979427942635643, -0.4755271650724331, -0.5579086732938828, -0.4920138575646926, -0.4805024020889976, -0.49549637540132546, -0.5600858517573338, -1.53690487863386, -0.4655818760241242, -0.5197502480448778, -0.4539931158524312, -0.6235487861803782, -0.4471593181328872, -0.5165270677722754, -0.6561221753003255, -0.5079262251945124, -0.5591063170751022, -0.6020750707379239, -0.515447327920349, -1.5788884127928957, -0.6503974122368477, -0.508019200681352, -0.46716714408284166, -0.35241118115434056, -0.39293239407101654, -0.657192780979337, -0.45452831242845504, -0.6254187144402984, -0.5000428057029411, -0.537721252535422, -0.48672941382563445, -1.5223924274781306, -0.4969741292058322, -0.5306762786586507, -0.608417678439558, -0.584672469822873, -0.5640679652022005, -0.5037653473388943, -0.5035189195549021, -0.4283122469551514, -0.39349324472414016, -0.6288857642887123, -0.5612088961717819, -1.531184682689372, -0.5165095842705953],