{"vi_exp": {"vi_seed": 38193, "coeffs": [0.1468078585360177, 0.14032130633793327, -9.490624323008793, -10.61534075042906, -9.751771768391421, -10.890636839617958, -11.124390591033196, -9.25941837387799, -12.490966324381667, -12.105175128279535, -9.659742656688561, -9.749447287199779, -12.26578932315063, -11.408504066216201, -10.620062508742691, -13.204770150729983, -12.070870124697626, -8.6296139934649, -11.586003758684377, -11.77929548275212, -12.036644543290205, -11.425922631703457, -10.59254672035838, -11.621733117665316, -8.614923104168092, -11.007160990473169, -10.87872813090349, -13.780606433911847, -11.495936055533953, -11.191230657704532, -11.965001075342489, -8.816667686522369, -11.430744228041007, -8.597254781168866, 1.2434892514497269, -10.71678756512357, -12.588066764136082, -11.135248665353936, -12.46792762890102, -9.970933426732092, -8.913588826823663, -11.388963827729109, -9.407521938025011, -8.755682351666433, -11.583321768863666, -9.508491081632204, 0.9290690899282902, -12.375251069135999, -10.640815340737172, -13.099020501347464, -11.071168165885164, -13.6292971466374, -13.099580587448514, -11.444383290543533, -10.983968032929338, -10.499260807588149, -6.814688642011627, -9.899692708151953, 0.7021348536739238, -9.646397990837851, -8.843916337993539, -11.899938787330287, -13.956462799997102, -8.725795372672886, -11.579072757041562, -8.813189799280366, -8.560733550469521, -14.123053779900816, -9.695672567070982, -7.488658178117799, 0.7313506471844841, -10.010748527609232, -10.804756109685353, -13.18157989109409, -11.973255409836066, -12.972749478283426, -12.118035353712045, -10.402385141327509, -9.578987297756646, -9.533594351977474, -8.821561430129075, -11.491682999768614, 0.8544565541379402, -12.209306898722462, -11.593362275665445, -11.375899703304691, -11.691017308416125, -9.097412945397641, -8.391189405107344, -11.854464784646842, -10.405978205399839, -11.884983903042526, -12.616237939174797, -10.291367538181202, 0.9395991208791817, -9.857220275259415, -9.962154671452119, -11.818807423402953, -8.435605823156424, -10.103741551254265, -9.36045403242179, -12.578351817039488, -10.092146600171171, -10.460676295688408, -11.520332771249548, -9.874685307966981, 0.9760416839918677, -9.93514970954396, -11.634234817717832, -9.404653040370848, -11.165598305917078, -10.55720384213502, -13.375821160001243, -14.372979837784207, -9.753546877162758, -11.53301452324819, -9.665142914944566, -9.59823740745968, 1.0993666186955227, -10.791434274011317, -7.210651595626184, -10.852819826407249, -10.552647682512935, -11.261302900102935, -10.139173363213057, -10.906712985515645, -11.234103284455154, -10.441029776679619, -9.874121282615265, -8.666128679382174, 1.514289794854227, -5.761912386626801, -1.5502954745757822, -1.5292502748894736, -0.4908628967561337, -0.5578151538967386, -0.45277888161219737, -0.4371482142577542, -0.390852706428039, -0.5114746942847013, -0.5845193467322278, -0.4578951002034278, -0.5986084821296261, -0.5188752188908482, -0.4808176625911018, -0.5784460874922329, -0.49973104373621685, -0.6330091511805985, -0.4372173763213073, -0.49679647460850235, -0.6241923043832966, -0.4945259829643606, -0.5533772350884979, -0.6775049860560645, -0.5438952845391584, -0.5233901316241996, -0.5320860446255591, -0.5125693317097555, -0.588520850657628, -0.6086793769413447, -0.46873300044934096, -0.5071460261102612, -0.4833833729938096, -0.45044332788269026, -0.5320949640670215, -0.5618522387734995, -1.5090520944019512, -0.5525853003925024, -0.46709144935667785, -0.5275774033715627, -0.4650973718944347, -0.3897838624021106, -0.4179574947583591, -0.512563672531324, -0.3782180819425957, -0.5806280856585698, -0.4331912632661586, -0.39233181431420733, -1.5402069358079307, -0.567380494346077, -0.42571482707917263, -0.5155551017941364, -0.4731251171918198, -0.5668081290630678, -0.48567769064948657, -0.39866933428801465, -0.438091152877438, -0.605031631437214, -0.42042433134738855, -0.5655569968930927, -1.5374252506680133, -0.4800528708489645, -0.6335214987012757, -0.5007486859988838, -0.4930129535921965, -0.6619389861497708, -0.5435048548123516, -0.4811766016756021, -0.4604144575107391, -0.4984974130532736, -0.5113161883171368, -0.5495908956995822, -1.5439517090044048, -0.5079017451297986, -0.4399566610482448, -0.5853979636998751, -0.5300644062963077, -0.4670616378281807, -0.3239374331700931, -0.5102747976566459, -0.6298831084773618, -0.4442722570930563, -0.3281356605087569, -0.5146736656847183, -1.5540878170491181, -0.7363679376173038, -0.4289779755474813, -0.5431075251295369, -0.42479990842320126, -0.511813899306679, -0.5418424110427258, -0.39356852968817596, -0.4070112901627168, -0.6077590955889629, -0.5160856215561939, -0.5785657684362058, -1.5674614065886465, -0.5458084892847207, -0.431825126695639, -0.5213872328889682, -0.5427699601918607, -0.49129714845385963, -0.5367528106404885, -0.6057194493115372, -0.5943187650745023, -0.42496249849225903, -0.5393492966314395, -0.3710497801488346, -1.561813533405048, -0.5146116077976712, -0.5258248004209873, -0.628815778536011, -0.6060096325021814, -0.5043491969168337, -0.5513388689087048, -0.5495991160814514, -0.5220231410278177, -0.6130057447179058, -0.45487220925776356, -0.46556036824346214, -1.5148432655254944, -0.4210409727277028, -0.644492820617929, -0.4635778674425081, -0.5097294434440516, -0.5529890901010097, -0.4803637591999397, -0.5508448120187647, -0.42928652036010495, -0.4622101438364199, -0.612499127581571, -0.5968479285268513, -1.5311643562182635, -0.5321892288141347],