{"vi_exp": {"vi_seed": 25225, "coeffs": [-0.26158029979992026, -5.433979688708469, -0.25359337590466224, -12.278231900917795, -12.665955443551903, -10.69045069123015, -11.78852498855079, -12.443627436797664, -12.053012818833894, -11.159864056952403, -10.91454946187738, -8.808172446387868, -12.031736342645884, -10.739885322552096, -12.258122678237507, -13.091425027091713, -10.882010610762553, -11.721008316679074, -10.964476073044137, -14.028130011517609, -10.567982201167274, -10.763743466395217, 1.4890287646502267, -10.015323503224936, -11.286902030985265, -12.207128990966675, -14.02096280932975, -11.469317826431661, -12.803252813570015, -9.8252901175768, -14.51550400219283, -11.4688014629039, -8.187001811804736, -9.292682760661654, -8.688167223474524, -11.093657571564385, -9.916302556228597, -10.939712585893943, -11.881013794486396, -12.347360209040552, -10.715112162414242, -10.367683432009734, -12.334847615720662, -9.515429954243247, -8.62689112634811, -8.605809510812213, 0.6750723297845724, -12.127108868188726, -11.753345550302114, -12.939528103815464, -11.35905367446048, -11.545059905651348, -12.349156727864107, -10.265522850230582, -11.666574605955851, -10.08819962948378, -8.479078902188947, -9.8110166471111, 0.4377991212429757, -10.7608761979599, -12.40141432103539, -10.676219334143479, -11.164249923780842, -11.779103672981519, -10.967453648813073, -8.808977166577028, -12.75770042431064, -12.257990899047854, -10.233839951512438, -10.879718608743008, 0.4091950954340085, -13.482358639532311, -13.111081323517134, -11.572911493638614, -8.312447962542052, -11.765312085590118, -7.030091882358955, -10.39266984586421, -11.143834261556094, -11.876254608190338, -10.012342842426198, -8.411869611134877, 0.39988561165959763, -11.087661447942422, -10.505200663690504, -12.680943244847402, -12.9688714262505, -9.299817422005491, -11.673451499550298, -10.593013659683248, -11.823243776184423, -8.866933315465946, -12.163734334203303, -8.84190015795327, 0.49217688534347465, -10.605243961808672, -12.541929508512613, -12.02465020964397, -11.649363201973975, -11.08634900602515, -12.529429051713889, -10.59913097184746, -11.181613002587493, -10.122984128881981, -11.00782212123835, -8.811451676930504, 0.7385790169498713, -12.159918182448596, -10.10967958726031, -11.215493887291034, -10.198829195059066, -10.330639480745514, -10.533345358912522, -9.018043941987319, -8.849083722912207, -12.590655384089175, -11.481125073373486, 0.7167791258659835, -9.827094363707653, -12.679103865889507, -8.315597705748006, -10.854684529917446, -7.833850889471368, -10.85399880071492, -12.999155619641689, -10.833255956053497, -10.378317710878655, -8.951098047284612, -8.392616916400737, -6.867718307982127, 0.45858900173415335, 2.019085084456999, -1.5415423759891438, -0.6551451776344654, -1.5397233977583886, -0.5366520423889105, -0.5851227625701184, -0.5355220922508415, -0.4903673801102868, -0.5651888426159057, -0.6234128207328238, -0.5449358218628761, -0.41205821320605135, -0.5140757532449407, -0.5883725285725196, -0.43698652365544566, -0.5840979995081631, -0.5124102566168885, -0.5542628830065024, -0.5333852332619627, -0.6224026763094445, -0.5532498509424416, -0.5207077864783272, -0.6389873451966782, -1.549338336414269, -0.505434552249981, -0.46561281660213577, -0.5225817978282173, -0.5094092167281526, -0.5355326856065785, -0.35817969091684476, -0.5179892333914916, -0.5250171270292107, -0.5349831367784681, -0.49142279718012116, -0.5151522891925314, -0.655417351594548, -0.5566879636119066, -0.5849096093569344, -0.5682558250413293, -0.6519967503187196, -0.5564004016007308, -0.5418341209279964, -0.5100278797041247, -0.5799334545922621, -0.49518325654001966, -0.43463283006281267, -0.5125594820593226, -1.5421203662140395, -0.5461301756199708, -0.5191278083163663, -0.6674390423799197, -0.5134845427898572, -0.43732618030851206, -0.4184434374679847, -0.5083783756891712, -0.5701124189773342, -0.5021503508623784, -0.3945149941824084, -0.5882645454481314, -1.5378449808930315, -0.48657355731875646, -0.5515678285625227, -0.41942113116938007, -0.5599280614608819, -0.5510717586007483, -0.5940634591070124, -0.4125797813281983, -0.5070226252355122, -0.6201927656964192, -0.46632347378027356, -0.4268607010606729, -1.5448211301463206, -0.5913070681861687, -0.5089751946212012, -0.5663848339792914, -0.5249249825028753, -0.5880869628922686, -0.47154459805062887, -0.5918264971471109, -0.47848271692175803, -0.5434008688445949, -0.5053083273467942, -0.5379875532833268, -1.5340218791871636, -0.4046507917573039, -0.46561642869760494, -0.3757054113090318, -0.6133698675694981, -0.37466550802213144, -0.2753114462611959, -0.586564488346133, -0.6066259426430396, -0.43104070534300876, -0.4659475529961362, -0.4132666322715559, -1.5173131063804728, -0.30977196347999003, -0.35994455908666795, -0.5025602045734717, -0.4908029440185016, -0.4946546143730568, -0.6222625135206287, -0.49175192500274745, -0.561834957052913, -0.5554500907334975, -0.4788351926965454, -0.47127235723344824, -1.5426459619464556, -0.661431550516619, -0.3698718412976937, -0.49260723006567325, -0.5704054600179039, -0.44575339543733616, -0.19997661850753357, -0.3981923999728504, -0.48623779684644136, -0.4634480079938852, -0.5394799419536294, -1.5824305622500425, -0.48939963323400476, -0.6572374858510902, -0.4662188197433827, -0.4783654464619967, -0.3935628542895581, -0.617287556948073, -0.5407040138660645, -0.44551738092324655, -0.33283049333216425, -0.5232041232285838, -0.4123818960600141, -0.4682759649690379, -1.2234912763221553, -0.9604314230345978],