{"vi_exp": {"vi_seed": 48435, "coeffs": [-0.8045815998772915, -10.90132410954888, -10.065823085822263, -11.38492251202306, -10.806290357756309, -10.748285423724875, -9.46724395781677, -11.641933845674883, -11.556103954063902, -13.662089486854116, -11.970958472416813, -15.169894436985643, -13.28338747175106, -10.120327404863822, -13.295474325330462, -11.576106543995989, -11.69756712086728, -12.979057702878436, -12.28418097316599, -11.742029310705332, -14.05279108668094, -9.2596779525329, 1.0146981306749867, -11.96552917636491, -10.263734643787256, -12.189415831805865, -12.203293445097568, -9.863149930381622, -12.677639894930449, -10.387074800188396, -10.519096387416539, -12.809656341427408, -9.267854706407432, -8.483575900054058, 0.42645417145428166, -8.350580857232922, -11.495258940827823, -10.789302666355459, -11.497581151277403, -11.825607398671453, -12.895566596920256, -12.617379546738936, -11.022078417349482, -9.889088306674186, -8.35825869196486, -12.125067787514773, 0.06989746723199353, -12.3360381776159, -12.50263958740577, -11.479403492178198, -12.880606731786438, -13.262001449404261, -12.345741320117959, -11.250134404192972, -10.319746720148247, -9.800305281747796, -11.693470235019529, -9.264523167976817, -0.10554169389199539, -12.21642453202319, -10.219490444394106, -12.049316050094843, -14.055130296536237, -13.935807788619986, -9.570470348518732, -9.924224470441994, -9.958170142513298, -10.719687067429732, -9.636482042743449, -10.563384026100536, -0.24000688572754372, -13.512662174255034, -11.441836448763464, -13.614166384874206, -13.507901796524823, -11.97976413498062, -8.728610439121741, -12.257003395904118, -9.097229979055927, -8.997329541955276, -10.295397375940322, -10.006253048146494, -0.26990987196209637, -12.98386688287662, -12.499644727661394, -11.120737496267902, -13.55722562446542, -9.852769054920767, -11.811748013523115, -12.775403634255815, -11.236444808087393, -11.436639570603608, -10.736926006574913, -9.774620671391164, -0.043429642312901265, -11.727485487065838, -10.564398122311617, -10.25573098934274, -9.0854654092718, -13.207644925671328, -12.870469630357665, -11.830800259676463, -13.49478342390455, -10.146579102862832, -11.194459551283076, -11.09971823251032, 0.010745697089424631, -12.384755857317792, -12.310326330035338, -10.939631258329088, -9.920328624742812, -11.302901832423673, -10.072121752632095, -13.560032984469176, -10.672715716643676, -9.39138535513345, -12.491343558017396, -9.919430987126313, 0.11752737305391647, -12.81982695516671, -9.82793846045881, -10.460350068546335, -12.003723886791848, -12.264083632442205, -10.745575085632602, -10.478892991399128, -11.473101378867296, -10.793752540821643, -12.189486544502898, -13.353261111520256, 0.07023507117916099, 2.9874510035832387, -1.5410624317327375, -0.5057309764703466, -0.4224300574894333, -0.6315499409136648, -0.4881442409033574, -0.5439076767127639, -0.5322374395637249, -0.5028392997060467, -0.4878573274285862, -0.541440739406531, -0.6412071722775304, -0.5938171944409515, -0.5080207637957743, -0.41705798363632907, -0.5370491830419258, -0.31185253737013646, -0.5903480959865589, -0.47777858644623594, -0.5655021817826064, -0.44583478463673515, -0.5177387800894656, -0.47313142696610866, -1.5799427288846706, -0.42347742235622715, -0.4250360604758836, -0.5255460757535035, -0.55200593225344, -0.5228897037911148, -0.5433391970129235, -0.3437453776459285, -0.38287264482402883, -0.6672018527372283, -0.5213473245212303, -0.4268630950204002, -1.5649177304666348, -0.47212304462107096, -0.5924416709784689, -0.3542897878982669, -0.48067852331030186, -0.6034651770576868, -0.6895296177058998, -0.5540942850269492, -0.5728470117739934, -0.5217509939069431, -0.4531529689040129, -0.49892427704764747, -1.5338362960978382, -0.6044133883289726, -0.5187878958255389, -0.5251560659964141, -0.5387923081273144, -0.5036405843536813, -0.5990047133318424, -0.5408714197162039, -0.5024027711703981, -0.6088553832713172, -0.5400877083485761, -0.41912724458865164, -1.5186722862981392, -0.5310924791178999, -0.3722658848446122, -0.615743749036618, -0.5267041319105761, -0.5523623048760457, -0.5526848970512768, -0.5917864086946449, -0.4968566803282206, -0.45734953008582846, -0.5142438449625798, -0.5682585102482461, -1.5400662946227572, -0.5784950019192372, -0.5705688000713778, -0.5031268413749321, -0.6036361832722349, -0.6744921879344361, -0.608165852246044, -0.6056666901616602, -0.5132911359660214, -0.4477487132800039, -0.4651881216187483, -0.5182933476953049, -1.5325245802009417, -0.6372445865891814, -0.5096057630454883, -0.5189295838260325, -0.5481474956019087, -0.44302025406883927, -0.6236029274605874, -0.5281927752362068, -0.6074271466427823, -0.5309791653462351, -0.5525529550564214, -0.5313803688673646, -1.5134316317112415, -0.5732474716905752, -0.6474195228108337, -0.42513238571062567, -0.602667543448872, -0.5726202476842651, -0.5248312459695439, -0.4538622358238015, -0.6661977563154672, -0.5296576635421243, -0.5947754519574026, -0.47262004971377286, -1.570976452871226, -0.6264143929130049, -0.5508260008944854, -0.37263939016172964, -0.4102286789941558, -0.5576505527640219, -0.2798664274444945, -0.5096259973923855, -0.5578674168895718, -0.43036062696294825, -0.6092447979141867, -0.4840325266319179, -1.5027715996119393, -0.5309862433929323, -0.4669136639045862, -0.5414679896140854, -0.5164432152608223, -0.49603304396158243, -0.5352780735578355, -0.5145119673496366, -0.557925000496003, -0.45437804750285093, -0.6504407201902521, -0.5168947087508323, -1.248290896777504, -1.1749993480980307],