{"vi_exp": {"vi_seed": 53951, "coeffs": [-0.20028358172998906, -0.20268619103134491, -9.28114084115035, -10.086914538869106, -10.178980222780199, -11.495378316876064, -10.937988523734425, -10.10666520452559, -11.377719284398635, -12.500420387731232, -10.025045978430924, -11.450871291446555, -11.106685852783656, -12.890982276129238, -11.349460912456083, -11.545847643481148, -11.41092266892131, -10.394223832855172, -10.186019753034774, -11.807954195172302, -13.476395209792356, -10.179510367762859, -5.569174422038378, -8.694352922234124, -12.378645486862787, -11.019995503084695, -10.190346557476627, -12.935403736832328, -10.058307276830895, -13.15479589791041, -12.708118705980487, -13.507891618013693, -9.744676948798675, -7.667172501128807, 0.9284491503027014, -11.523029171407229, -12.660054188367013, -7.870062823281437, -12.549562510462618, -12.237666849925313, -9.922622651358294, -13.670102566997548, -11.73623391013548, -8.109194406215826, -9.560027002048697, -9.869971850104495, 0.556070181349845, -11.51799250860345, -11.982465261759325, -10.656887812600207, -10.44735174903312, -11.051047793508902, -10.276726203210194, -10.610103720667448, -8.564692336952266, -7.951085149371028, -9.518390855126427, -8.837694171850208, 0.3819124995759234, -11.83366164387984, -12.61478274987636, -9.535655492105512, -11.662291380548549, -9.850488473638114, -12.002008385309109, -9.639392093665874, -10.340625070046476, -9.817839003595113, -10.310116658860162, -13.344135640778301, 0.4336957543907872, -9.984149232153502, -11.261023137486498, -10.101343466589066, -10.685800351781156, -12.709527491162621, -10.141663147107847, -11.729041830181389, -10.149489322864783, -8.850617847898375, -12.064691091826933, -10.945192226941016, 0.6254974314422351, -11.503076492753548, -12.182644710918892, -12.372611996770997, -12.320972431946492, -9.772577176598444, -8.8376858439539, -10.273078679638525, -8.912413024954885, -11.578791825643053, -10.768814659848024, -11.401612478161208, 0.6584896573806563, -9.643318646320326, -12.929182789343894, -9.834467412005226, -9.387088416864527, -9.482286413424413, -10.803996770572416, -13.438456678656838, -11.346660644042963, -11.635025776885339, -11.828074918557265, -10.16606451853612, 0.7753335283298154, -10.816277238745645, -9.9659235555954, -12.830466622451903, -11.375694525687626, -9.609901271938332, -10.274088348648565, -10.477993838725096, -11.166372242188483, -10.438647977980333, -10.917686190305675, -10.140731402836778, 0.8683698967234557, -10.480131943253248, -10.373279572444249, -10.548672505172231, -11.745712569372566, -12.122144907579221, -11.429920317397816, -9.335859453624686, -11.99372919054225, -12.116273122812903, -13.096709997431956, -11.777584191955697, 1.3097533656546974, -10.657743614010856, -1.555898116997519, -1.5525728791644249, -0.616873540908053, -0.41435311885766374, -0.5721562618056081, -0.48398302376026786, -0.527549061374325, -0.43041699765539504, -0.48571876013198395, -0.5504767184132205, -0.4014287857030024, -0.5228688999257322, -0.6170800164297735, -0.5200177264002533, -0.4818099223994459, -0.3119430125497829, -0.5070764129074599, -0.5515002605926899, -0.6195029534835536, -0.524344455110332, -0.3395043756591596, -0.5138267947721361, -0.5884935264712232, -0.4939802641095602, -0.4710859350035657, -0.5285996869565369, -0.614878616488956, -0.25141052881149145, -0.6168077388409667, -0.5633836969079808, -0.4099451096692721, -0.5417019370273898, -0.5306520147684857, -0.4736643355592203, -1.5595077194739757, -0.48646769743058516, -0.48711270708318216, -0.4121937578430158, -0.5116626246978481, -0.4773240094056652, -0.5297320772426527, -0.5462570749872839, -0.5121988254523401, -0.38907750506009575, -0.5319092497320743, -0.6078590809405272, -1.551531108060518, -0.5988122731714752, -0.08745120935989453, -0.6201689397234251, -0.5054995187852952, -0.4018028349392782, -0.5168873895835916, -0.40900834523082336, -0.5377417963489756, -0.48634371878164473, -0.4663476938659521, -0.47789435867660307, -1.5279227186840698, -0.591880967812305, -0.41681853210070285, -0.48500937948915396, -0.4313399373022601, -0.4825909674618898, -0.5403674189328368, -0.538761800457761, -0.47936554963213346, -0.4851154201878582, -0.5097069208984499, -0.5143377830059744, -1.528116765816385, -0.5122897603899725, -0.4261764482914643, -0.5051321711283621, -0.33700695942699926, -0.5334079954615782, -0.5873507078719674, -0.5164752659995093, -0.6802648530595924, -0.4319220374891014, -0.4409968636845644, -0.5679632011613703, -1.561051603389874, -0.6590304450638127, -0.6127072981586662, -0.6220427582812273, -0.5453835304033705, -0.5326926501635545, -0.3297088181653281, -0.6909133237931273, -0.35488537855699787, -0.39281239917156746, -0.34509931591717385, -0.5437808588439741, -1.5298619594571679, -0.5161452804101145, -0.4275942663258065, -0.45498346086417363, -0.4615248942909156, -0.41220241630393306, -0.6231104320707368, -0.5300974351436636, -0.5425193223149267, -0.5785569288038978, -0.5532800194388043, -0.4239729744533259, -1.546806155525347, -0.527906618238497, -0.6039596077531797, -0.5772115269880296, -0.48636344920116115, -0.5059603959357919, -0.41578422795050407, -0.5058378820764283, -0.3810744682760448, -0.512687515688472, -0.45404287589961667, -0.4849199577008563, -1.5614852242402313, -0.4216489394601393, -0.5231995501223015, -0.5512074793080156, -0.36455319111385404, -0.5198923004970079, -0.4604193377329282, -0.4666452984272827, -0.47317320827892007, -0.669294239463879, -0.5314633479073733, -0.5335442750082579, -1.5614746237996282, -0.5740293950391063],