{"vi_exp": {"vi_seed": 41434, "coeffs": [-0.5515504948098281, -6.088141491322786, -8.949519284011414, -8.266330442262959, -10.897332151630216, -10.981277931705403, -14.934098665642367, -9.732529458119494, -12.051504545211449, -11.74750138581286, -13.308851521768617, -10.60835627633817, -11.59557233832845, -10.868565059652516, -12.807945979503035, -10.163067950886333, -12.619973870572101, -14.569345351187941, -11.633496766786148, -12.02538705239805, -14.013248210477503, -9.75622754084409, 1.1977073107223803, -13.710192696584622, -8.841790400281184, -13.117531641865778, -11.438192427650081, -11.599731650442596, -12.83332983064072, -10.478538871421264, -12.305822279203754, -9.659247057752715, -10.465971830695132, -10.460902525808878, 0.5923492414262259, -11.908732081250891, -12.940727456083657, -13.947004571885467, -12.071962425891057, -9.971029155498936, -12.525762803414642, -11.0122704522678, -12.7506369745324, -11.748965178728504, -9.89395046247521, -10.954671043733779, 0.3029460832169794, -9.920844697173795, -9.254525339876196, -11.885538422972429, -13.458110353327195, -10.853253237976205, -12.412026078704876, -10.850497620516515, -8.855041072728612, -8.519243851814972, -6.953606668522508, -9.264245482007494, 0.0644808254466684, -12.022314341939175, -10.520895614026472, -12.645148815452943, -14.63592054638697, -16.153015991501437, -12.772826276540117, -9.837163941809132, -8.740717825671576, -12.292683412790494, -10.484585370782332, -10.121530554973031, 0.13014547100510188, -10.768332204788644, -12.866945297530673, -13.261368484101864, -10.662005661176105, -9.847006137424753, -11.436215929937777, -12.001710874730135, -12.1437718167649, -10.20416708283004, -11.48311240788044, -11.943187564935673, 0.07494492077420041, -11.023120108313803, -10.71157172617265, -11.331934791326994, -9.63024330002944, -10.332097086191423, -11.610169446542479, -11.436378130788256, -12.490734567353087, -10.573525130533765, -10.988291297680403, -8.570367930131228, 0.09579579765806452, -10.915430393510624, -11.997385361957207, -11.19419007445171, -10.66656478753905, -11.663827509019098, -10.266628134486249, -9.673046466238704, -9.578686373398751, -10.358627954214475, -10.509230886261244, -9.314005742926593, 0.1387567018032676, -9.866135308868477, -13.051103360597843, -9.419927038423966, -11.048182015897659, -9.519015336668794, -9.955753246639013, -10.408008463679412, -10.394386424203383, -9.606187531970534, -8.680695008909355, -10.957100591551312, 0.18021554009022173, -10.911476230663387, -9.263098404005198, -9.689970468246472, -9.773813984056549, -11.525195461400179, -13.309687522123227, -10.01708760601205, -11.937723471657456, -11.147299126234264, -8.409498291437298, -11.74670262575116, -0.076656415447763, 1.6908681845743765, -1.5255571256976657, -0.3768283513081416, -0.46392198301247495, -0.48160753106255366, -0.41993110109880516, -0.49911029933905604, -0.6183164276133389, -0.5241561439336223, -0.38694605319033165, -0.5672959431801315, -0.32083634747689316, -0.39280964836579074, -0.5007204127392014, -0.4583504716024263, -0.6207460691812289, -0.4981220622152708, -0.5278438509843781, -0.6597520549891939, -0.46800937908266554, -0.4491842335164428, -0.553166712762731, -0.5300380402896415, -1.574516904141304, -0.4487140667766614, -0.5651996990363162, -0.5816300028322636, -0.45406368143584425, -0.5844642338822101, -0.5727142180427496, -0.6135000230446552, -0.5331353874318625, -0.4039937118624388, -0.518536765490867, -0.47864310474665744, -1.5594030589292018, -0.49091369056865675, -0.3892181254597463, -0.4525441633664553, -0.41085598822062774, -0.37007454608574286, -0.5238256579978433, -0.6042191132327279, -0.42251213081834593, -0.548338918558679, -0.4185252114542076, -0.39350518485373503, -1.5843886914380607, -0.41237332274101646, -0.5926697881267722, -0.4751478104024647, -0.43174517183946254, -0.5859972334657567, -0.49681053046205403, -0.5326651928933117, -0.41644345994252496, -0.6072731193665646, -0.46365263204552015, -0.5555167526072806, -1.532546446278949, -0.48093104178069823, -0.5008798123065566, -0.4289118540270124, -0.39546131935850437, -0.6508309681211502, -0.5170675857559394, -0.42744267430734506, -0.4254544601104229, -0.49645639076024295, -0.4751959045044883, -0.4772578598656422, -1.521232794638919, -0.6087993965520075, -0.6190224412215456, -0.5334832188678916, -0.5278246126515742, -0.41276604171725706, -0.6093560003631071, -0.48541132756352257, -0.6625149156628389, -0.4535544336678655, -0.526461237811187, -0.5527352783381994, -1.5623539277116623, -0.45769895805062377, -0.5561696715327152, -0.3707454201178959, -0.38939207788458335, -0.5614679173509459, -0.6215437862698592, -0.36977950845279944, -0.5214120719071151, -0.5199066588243761, -0.5496355171673237, -0.55996890106042, -1.5587106463103737, -0.5184448896431901, -0.6385046936791822, -0.46302952084643206, -0.5106305208734496, -0.5394751174823649, -0.5622372391563988, -0.31710306394052895, -0.50456925600472, -0.4317407234405221, -0.5855829688743807, -0.42972693531599016, -1.5093173237701136, -0.5274180291770586, -0.6426717533697288, -0.5196250826065406, -0.5020031291920999, -0.5366734631376072, -0.600765430645407, -0.5266822855027821, -0.5651683819202862, -0.4594333581071643, -0.35290086196722903, -0.4903381770536355, -1.5519923839691208, -0.5632520700252192, -0.4884265120574958, -0.5430197690492707, -0.5200837592042665, -0.5080343658754249, -0.669924640169552, -0.5425690800988417, -0.6726306047819062, -0.36211543900731735, -0.32928655358460496, -0.5330818753603903, -1.2345377989422368, -1.0619856479617895],