{"vi_exp": {"vi_seed": 25030, "coeffs": [0.04302205498119014, 0.015441064034703819, -0.018309030179293508, -10.519779575366826, -11.941246156534849, -10.405619728469736, -11.102812620232898, -11.377584286084517, -10.88396604642488, -10.218294754277293, -12.272501833036712, -8.22034039272815, -12.121301731548318, -12.932622544072306, -12.423135944916782, -12.480161670193047, -11.536143102862216, -11.239022807855806, -10.801542697953499, -13.685833815458713, -12.011939746846998, -11.41989807783007, -8.396478158782454, -10.900263080496032, -10.899754057377331, -13.118137526128136, -10.517047896318127, -11.97242441686361, -10.336001195710553, -12.061017077309005, -11.100654923452042, -9.700558624632999, -10.783092337326789, -9.680138805629094, -10.26342194704493, -11.810156982842203, -11.43334558542554, -12.125021480025527, -13.015061148877333, -8.90540532081307, -10.406039677374634, -14.085696178047694, -10.03864831956686, -8.702571584749215, -8.413943097250794, 1.329478176854038, -8.841956461603441, -11.639375167478219, -10.536300949565632, -12.602376683335702, -11.727672358085744, -9.533510831741197, -13.222743199685663, -11.844323678380514, -9.51261106988802, -10.38241304639415, -11.159153438457542, -8.684687766745592, 0.7210989139974762, -11.423763412197362, -9.408371542223348, -11.947622279216546, -12.193096045220496, -8.386248036048196, -12.298072494695564, -11.959667821617762, -11.519495825203723, -8.901203212577528, -10.15057692834972, -8.421888561916628, 0.6736691957935691, -10.691986705271631, -10.874275069167874, -11.70112884773403, -12.822229209276353, -12.42148291225416, -11.734695196703417, -9.804027792655653, -8.988589731798069, -10.30926411176889, -8.84234328443668, -10.941350624260963, 0.7331633275407927, -9.800765802671885, -11.265527365553508, -12.455037036392063, -10.438892891623803, -9.97998100816425, -11.92035676687182, -10.484782295527308, -11.975482673378574, -13.301587764616874, -12.098415488256565, -9.475481922761295, 0.8547770338203713, -10.169659149968815, -11.588551702353307, -9.285406464153704, -7.015467890481534, -11.66230745540721, -9.11904484410071, -11.262589120931601, -11.830605401909345, -10.493366288706964, -8.038672140517315, 0.857194864807237, -7.951119368243004, -9.344065000459217, -12.550864379102764, -10.589237493083358, -10.324148279279171, -10.394041958343992, -10.154796027958447, -9.97725243610437, -11.719943217986796, -7.76460065085385, -10.51131539315022, 0.9774954785302812, -11.110315433966365, -9.355158149210546, -9.11150944529719, -9.492533985052146, -11.023058388056445, -7.648845606400128, -10.391614825770771, -12.06407790572238, -10.300600039414062, -10.067678707169648, -10.55575143781656, -7.821324341741537, 0.658952283588614, 2.457144441267131, -1.5302767466885425, -1.5460988638108633, -1.5601844893121126, -0.5481512736612795, -0.5934044737173283, -0.5989776428389361, -0.5135417166520265, -0.5569587326294128, -0.5895349994277702, -0.400353138084493, -0.7108730315362194, -0.3103492341880368, -0.510938004041706, -0.48901085356663404, -0.4969860226360895, -0.6329812108181946, -0.5176182633558465, -0.6286417473707089, -0.4892302077630168, -0.490625201371499, -0.4929815933383242, -0.5824643375976076, -0.5764179411232836, -0.4315350314977164, -0.4680405582550274, -0.47758954540261545, -0.5927736110330457, -0.5917929064932168, -0.4969518007550432, -0.6287372067761083, -0.4581615926921744, -0.5437117039163759, -0.5664830393192273, -0.5467307736771172, -0.5708154745060923, -0.5658256833484895, -0.6315730419321178, -0.34248139101500985, -0.5779528520970273, -0.45429686393262014, -0.6152315819830376, -0.4599424053049183, -0.4841619950079544, -0.5330100258820657, -0.5227570963433268, -1.5779735652848332, -0.48533130615252384, -0.5328342084014823, -0.3782300537659941, -0.5662004540504278, -0.538603960678849, -0.4959340157834968, -0.4389129665170788, -0.5818183024874776, -0.44321180803557525, -0.616142540372037, -0.5081480928206451, -0.5094322759025329, -1.5705233446021778, -0.5184838870891672, -0.5981554389618355, -0.5012727177513508, -0.517029312609315, -0.39548432888723767, -0.4855607190648476, -0.4502928826310558, -0.646294243153085, -0.34372890951645013, -0.5614829095397691, -0.5179619508557873, -1.5516479149572062, -0.6079768143943252, -0.39392171251920216, -0.4281557861361935, -0.5976392051733073, -0.5918718809385226, -0.4557155957911791, -0.5196817668840946, -0.5620552069909327, -0.4172335177509448, -0.5989780786288947, -0.5726075316671606, -1.535656365578825, -0.5532446538821617, -0.5533044737992896, -0.4243083114013753, -0.46348557270538004, -0.6199356969894733, -0.4383334801709466, -0.4372223095546423, -0.6305054037830063, -0.6086172553214231, -0.3216657345473591, -0.4792707199921465, -1.547532050891924, -0.45993731030959206, -0.6150729594691264, -0.4321289545760872, -0.4673218579978378, -0.6092944001431461, -0.4802987878570021, -0.5810900616830322, -0.5685532901549789, -0.34627874488457744, -0.5916181342205562, -1.5863052923035952, -0.4900837801506735, -0.4580216207204589, -0.5785395766191552, -0.4025833480053479, -0.4849494864756836, -0.4415960518739746, -0.5655688823630367, -0.5906049667640169, -0.6325723696338746, -0.6042881543910514, -0.35431005061633186, -1.544341236266635, -0.3912727123604675, -0.5728638646728292, -0.5618365540008856, -0.34368700670089697, -0.4597362484311126, -0.4529714228519611, -0.5799986899145441, -0.4869596079899921, -0.31332592632170936, -0.5733890155145505, -0.5778426416561337, -0.6961596823752562, -1.2628349110036006, -1.0728944033527974],