{"vi_exp": {"vi_seed": 61396, "coeffs": [0.04009417098082362, 0.04310229148811091, -7.896782519620647, -11.613963306039212, -10.229195682888797, -13.44183130460642, -11.556504188352164, -11.053595942025337, -10.744304210251885, -11.715988791252085, -10.751871496415783, -10.119280247207683, -14.629511899092742, -11.855347408588832, -10.976012515623827, -13.283335588437838, -12.553056895347652, -13.614620474452865, -11.153778940350108, -11.13181380337011, -12.207633392045318, -11.243867531154603, -8.57243774475167, -11.05094392822229, -10.01080329678922, -11.040082889833307, -13.016499811897294, -11.576314106069704, -10.336632207290409, -11.276182776344283, -11.409525328373906, -11.513449251164449, -9.166657961687608, -6.94469885608353, 1.1722631507569397, -10.787794106558938, -10.576191983031167, -10.83896676434771, -10.338715944522725, -14.585728221950117, -12.059808155193693, -10.667415082719529, -11.477646918153152, -9.88275882521046, -10.656532848692713, -7.45162094313015, 0.8064830432854936, -11.110304373442432, -12.607748430346446, -11.166362472016939, -11.984602534179851, -11.076427280471597, -12.651884319837976, -11.556206878955628, -7.779651978423224, -7.032922759878416, -11.368994880754029, -7.478323643641256, 0.5743103022804698, -10.094270794576264, -11.23743650211955, -12.201134395246818, -11.055508856393745, -12.045603811543854, -11.324488578757094, -10.12152353969242, -10.830214173448457, -10.11697987507626, -9.485664263987264, -10.644153249763738, 0.6155670290532561, -9.947393428643174, -11.794947767871179, -11.718756372370274, -11.32693979568251, -9.07634795875969, -12.05073405617515, -9.021006623582585, -11.20574470699403, -9.808124635450431, -11.76401961358599, -10.943398449753346, 0.8154793325171126, -11.441392558064093, -11.634809389630101, -8.977492302936142, -11.981040440250469, -8.630098353676194, -10.727826836037009, -10.804834436092937, -11.558910339488543, -9.068879352632305, -13.138856443960362, -8.951989965206984, 0.8492160102527228, -9.908414108856846, -13.093567880010715, -11.066228428539834, -9.916115520301817, -12.46654048800603, -11.142846723933014, -11.755681946646138, -10.836369148927437, -10.361317484151774, -7.786736781616992, 0.8968339030456238, -7.51991073127007, -11.534772424928818, -11.91053589717458, -9.965700898386483, -10.602731205069695, -12.977406210948331, -11.49188247796139, -8.623664191591713, -8.684675929751672, -8.822780123417099, -9.455436654248208, -8.810141783282905, 1.0425702526478173, -10.638058992142176, -11.260436655928489, -8.395025329344804, -11.962068521592887, -14.269182569419835, -13.10639822537486, -11.554150206576631, -11.523459836296416, -10.421057387333509, -11.768659263529225, -12.037819993531176, 1.5376388242827994, -8.181093351930581, -1.5207137070441545, -1.5523913865045487, -0.623983435702244, -0.6513868886955207, -0.5451058264727221, -0.5614845248233467, -0.43834079835607986, -0.4539167119942728, -0.4150010273423842, -0.5759858938809796, -0.3583823390167126, -0.42845236728033587, -0.5128314507170724, -0.5773748373077212, -0.5766471665636123, -0.5477977811604412, -0.5652739184944597, -0.5863138986907387, -0.5771040610539493, -0.5318674704664758, -0.4533697044877583, -0.30393836783576456, -0.4597082168827256, -0.2921006403238111, -0.5542476117789928, -0.4605836493704697, -0.5390865650318557, -0.4789158025675848, -0.600352492526937, -0.4767199709227942, -0.6216967469628276, -0.4687941559465911, -0.3765161635889663, -0.6038552969216626, -1.5218683653208156, -0.4632407429546756, -0.5012160425467134, -0.4342078832290974, -0.42219946472168274, -0.5470113076315356, -0.5456016558625766, -0.5625202461065191, -0.5856256398259675, -0.5763622577020494, -0.45291605117089234, -0.48823616548012877, -1.5655971230428978, -0.4341664385734069, -0.5211825884249568, -0.21815088270623037, -0.47600137426027533, -0.4519074692681208, -0.24384913269857522, -0.6036773723838453, -0.46771010946254615, -0.42332872500136964, -0.42740849110561635, -0.37291607064371446, -1.563686793651142, -0.5296925061668281, -0.46429733067491163, -0.5816492031426789, -0.48748085680280073, -0.5047729671406572, -0.4460680631331462, -0.5461649730703014, -0.4667535174033718, -0.5313011241131781, -0.5497055287499149, -0.5883846304478754, -1.5595782790946418, -0.6016980099427762, -0.5629109012588074, -0.5179814659300775, -0.44956219432438677, -0.4408316701641378, -0.5111317871924755, -0.49529595724051706, -0.4989436843146353, -0.41410159829134857, -0.6303662220922535, -0.6044692574041013, -1.5718143828379758, -0.5821183506049404, -0.3476735264380265, -0.5623751614789244, -0.5832499224825259, -0.4365060684285096, -0.37291288141158546, -0.43318042078860497, -0.29551477681847954, -0.4444775521319036, -0.6549510944748104, -0.4521497285917078, -1.5597023534494183, -0.3617891943248774, -0.566587213910845, -0.5168533506418371, -0.2779903150833637, -0.5934624917675665, -0.34127803532810214, -0.4734337338557497, -0.4519162663891966, -0.6305341012411058, -0.4362123893206616, -1.565401065542083, -0.44296752246058285, -0.426795069061148, -0.5821852575096014, -0.39618630318619497, -0.6090474143873759, -0.5618885971613161, -0.4970381565191051, -0.5856863400452436, -0.47727247743778767, -0.3958052000031365, -0.466331965557928, -0.4864547913660385, -1.5533640356416938, -0.5355233782845191, -0.6433378409914013, -0.3812916030062386, -0.5936150996625845, -0.5886930289272263, -0.5058035390135337, -0.6020616873241647, -0.5311843000608019, -0.4369723931627962, -0.5612603146132624, -0.5506727813237209, -1.5415367551787371, -0.38436578921410064],