{"vi_exp": {"vi_seed": 13156, "coeffs": [-0.42089871467044077, -8.69861984023312, -10.474570263764587, -9.470030905369184, -12.512501016894323, -12.665642471885242, -10.018227722393737, -11.345164940423539, -12.621300329703397, -14.2631574698621, -11.43875305166807, -9.852681436855274, -10.979312406475364, -11.762723553739939, -12.289016831399017, -9.504180272741072, -12.911582691110562, -10.205169656914087, -12.774969046027449, -11.53227085505091, -11.23032317799143, -14.504467101986256, 1.3110939902050203, -11.123430235560534, -9.959201691550925, -13.150006452563476, -9.564240620762344, -10.843669732390836, -10.190738019508618, -11.981114515821426, -14.609974461879725, -13.579404453367628, -8.18506710371565, -8.11044018712592, 0.727931700354579, -11.653559628309814, -11.98538487564271, -11.679582712769438, -10.591167053756562, -11.251565078843075, -10.600075584971414, -12.686829757388804, -9.520949191566277, -10.05698229455934, -10.71307295320776, -11.273093612024784, 0.47248290071867616, -11.080749423676426, -12.29043559666098, -10.947638331408431, -11.346626442228292, -11.412546485187129, -9.646118255536873, -11.743969074475482, -8.653249841056494, -10.663247153806033, -10.89408918024258, -9.937327393633227, 0.2297345481260865, -10.809692914531716, -13.196374860957876, -11.983212286403335, -10.530861063584766, -11.951677734447662, -11.306823865361105, -12.025475816953573, -9.906688415819552, -10.781319898157266, -10.870115784434441, -8.005963771966499, 0.2665294666227835, -10.912644450442611, -13.8007184341316, -9.810105339783952, -12.373340705232694, -11.822808288486815, -12.358590997248214, -13.259726302186639, -9.00136479780316, -10.554203829963914, -9.499921088447337, -11.5704199254793, 0.36345245767038653, -12.316877736888282, -13.367717214619221, -12.756744660033613, -11.474602989717543, -10.010957544097552, -11.119558434642691, -13.301991732284527, -10.829326091455892, -11.525977526154513, -12.182933846712531, -11.250282183945052, 0.4114684057615407, -13.876460744301058, -11.525806501494944, -13.756358862964671, -10.021589541937521, -11.100870215787012, -9.827889054113285, -10.870732728500782, -10.217248450425798, -12.058755682847819, -8.64024349939231, -9.833953204022459, 0.4958500533032487, -12.395375450694544, -9.726987410746435, -9.558614314635333, -10.555273518936334, -12.616237403724112, -10.740976126508572, -10.619806399620627, -8.246013024064252, -11.150033649503813, -9.342376467832885, -11.009582421982701, 0.5997740734859621, -10.5113072979776, -8.155919254472405, -12.956931155066792, -10.7938387065253, -13.181734972953612, -11.839434147263606, -8.782276789170604, -10.061034003543217, -8.714895834288672, -13.278069733884136, -11.816541811780366, 1.1441126846579615, -5.1894993999447365, -1.5005076824278814, -0.557588301010184, -0.5785975532081548, -0.6749465824761107, -0.48930041804409474, -0.5609627560251458, -0.448672600039202, -0.5095309075457229, -0.58113297193164, -0.6369867414649301, -0.5169483548940552, -0.5686956176933254, -0.47158755945206937, -0.5148403298646479, -0.5198916921156334, -0.3446740148343706, -0.6148135044966891, -0.568329791672375, -0.5328985234948163, -0.5013314225349939, -0.5484814189779585, -0.6363807700561792, -1.5725438227446424, -0.5198809537732598, -0.540421945332381, -0.3323607340115038, -0.5128403394442252, -0.5913758448159133, -0.46447546113183974, -0.46876521637069934, -0.6607829682995897, -0.488307114675109, -0.43144421132712824, -0.5765436464641752, -1.5270469708085086, -0.5630340999499602, -0.4140018061310658, -0.5460396484290455, -0.5402049435004241, -0.5215992273199833, -0.4136792262284311, -0.49073315766535963, -0.405664094434287, -0.5209858339959751, -0.46279442420595457, -0.4752738870947673, -1.5247922045318252, -0.517067355663563, -0.550617060591836, -0.5823647465926648, -0.5485603581783968, -0.5973785457480211, -0.3175299536706926, -0.4573890859647564, -0.5400805730639728, -0.5108563657365174, -0.45293467377576324, -0.4732659542714336, -1.5603150981950644, -0.5069441516262767, -0.5496157294142863, -0.4332967132960542, -0.5903008138795534, -0.38886103808855005, -0.5313548993224284, -0.48047284919403027, -0.38515876760228107, -0.546370233776181, -0.5632226748654631, -0.593699764171258, -1.5535312572194486, -0.5483121394412792, -0.37469466535695733, -0.5471923093056194, -0.5733342387661646, -0.5150631384367464, -0.5229235185011825, -0.4134184561810591, -0.5469591378140699, -0.4013992282517122, -0.5847013919441937, -0.5197805023878669, -1.5501160223170674, -0.44171227916666445, -0.47916468119646416, -0.5958849605106119, -0.474945242284539, -0.4522860531016734, -0.629203537507109, -0.4635595918081533, -0.42547720293729097, -0.5386400397764731, -0.5422409653377973, -0.5488580150170088, -1.5938028081388111, -0.5555846301305345, -0.5887031481852932, -0.5571304093879146, -0.39935793302943706, -0.482733611008905, -0.5176065166210896, -0.3909115960946386, -0.5402506068714354, -0.49964075544715997, -0.44924732052366984, -0.4093380554419965, -1.5435280686737236, -0.4359482211845842, -0.47297511932152636, -0.6408028055005235, -0.6314257655094552, -0.6298751296174269, -0.5560354403903507, -0.6077245466533752, -0.40986929040577547, -0.42769625453488647, -0.5005160610357221, -0.5376681524529445, -1.5138073382294936, -0.6513709130414803, -0.411780862655189, -0.4355707220945735, -0.4651100724232733, -0.4948583237249474, -0.40934886915548185, -0.5546533671344931, -0.4434114249848884, -0.38144123646476213, -0.4416621637552731, -0.4214710725160999, -1.5126076509255504, -0.5978321583448402],