{"vi_exp": {"vi_seed": 62553, "coeffs": [-0.7680217887240773, -10.995571864334684, -12.12915345040659, -11.748124879091247, -11.18667979987082, -8.732282329443164, -11.215722627433092, -11.83003798364385, -10.419447818678128, -11.773965278396494, -11.915194458882, -13.375428724622843, -11.465213998553097, -12.474637938150588, -13.39564258003737, -10.770094943759263, -13.715043858891644, -12.845384790597278, -9.617718707049454, -12.511664067702386, -11.97621576270346, -9.493798928422162, 1.075723996592595, -10.881738854451244, -12.71608251095209, -12.775999398732903, -10.887688708203772, -10.756102829271686, -11.17212146001694, -10.036646193572548, -10.93319394133923, -8.871252190041886, -8.799796104880107, -9.879057177665596, 0.40299730251657156, -12.515492952585275, -12.113245971564849, -10.825024559748321, -12.383186917984563, -11.88559220938046, -12.275654382804484, -10.536883757242066, -12.03981756461898, -10.869321232968094, -10.17014307082963, -7.826082525160456, 0.010983159613693855, -13.173486468424244, -13.33019850770769, -13.187187556632601, -10.533964995731505, -11.454121249427127, -9.735539130816163, -11.546020774525754, -8.329638938999668, -7.855886445118896, -9.54529861531303, -7.5970291172847535, -0.21882825476756226, -11.965474419503433, -11.434425012832671, -11.838545625641084, -13.032808432528988, -11.372003343171528, -13.336599922381852, -10.631152209346237, -8.506100040481348, -10.391039653377177, -9.69742643069506, -10.779186737487564, -0.111855148991218, -10.627833641945095, -12.376828565642503, -13.489413583242982, -10.988869914325198, -12.126979864931407, -10.032754954935696, -10.98351031526439, -10.574930624256336, -10.727589738428042, -11.925304755102827, -13.731597433532446, 0.03077723728409264, -11.580577467177637, -11.608606477328406, -9.407244839515489, -12.534892809751621, -7.088837983713178, -9.748895217058296, -14.587847724319243, -11.928350121775686, -15.289217594916147, -10.494719321607079, -12.211658467420326, 0.07766727981468557, -10.966270600020202, -13.15243454244383, -11.702145473401208, -13.565867199635194, -10.533508887393644, -13.388829739594488, -12.326102632799486, -12.104604137565417, -7.549891332770912, -11.711482651648673, -9.19774702430764, 0.08823935730417075, -9.616422096693157, -11.449825678459375, -9.166806352241352, -12.078996309805516, -11.26877770737419, -15.31894652728896, -13.78654825775131, -10.406853527032963, -10.447915605801915, -13.492346914632181, -12.907264253557821, 0.5849962299751695, -10.424142620509992, -11.129323484401095, -9.573104455763001, -8.078849724435795, -13.092649029159492, -10.880676976237496, -11.813430394530364, -9.682741265518588, -11.114174004261779, -11.303659847490692, -11.616740336315868, 1.2034104514713477, -7.986614567571082, -1.5734390519057755, -0.6748660636052255, -0.4502762361530789, -0.4948685063387662, -0.4782266687838712, -0.47487952192613575, -0.49112946922778405, -0.29116321118193833, -0.42655850548933366, -0.48652361070258165, -0.31967300440343704, -0.5624880015129113, -0.44293800808545375, -0.49602793649962224, -0.3069624727343658, -0.5660444319938739, -0.5839003374589238, -0.571117369433007, -0.5404252382223814, -0.5712573038936107, -0.4245538622484411, -0.31767325079158554, -1.5230202660611345, -0.478684240057465, -0.4445546037093588, -0.457040952895805, -0.44757637469394984, -0.4739631452792391, -0.5526585135077746, -0.5273994262129491, -0.6014603429864354, -0.5333702267921328, -0.5374816197033854, -0.5732855008860014, -1.5706784385580925, -0.603467565427563, -0.4363159509307528, -0.45618653820723, -0.46410397238332424, -0.5047612786663194, -0.4114013737444891, -0.5882911829121141, -0.40835697695732304, -0.5846045573506912, -0.4857927772047259, -0.5307421200811989, -1.5593004626767946, -0.32335315546587573, -0.37257228962856154, -0.49995863303203836, -0.39372276820853225, -0.4844659412392514, -0.580098897813774, -0.6028458635348949, -0.5461050392009177, -0.5339334132943095, -0.5285393547322821, -0.49557355787421875, -1.5204241726228573, -0.4927923013859631, -0.5349098772521766, -0.5930601863541318, -0.597580466380375, -0.5328005589861744, -0.6290588670587776, -0.4858811246088539, -0.4014504488834664, -0.6292181826831438, -0.6037117397225988, -0.5919077705922463, -1.558334956560945, -0.49157947495109655, -0.5815416614669668, -0.6339644511022458, -0.3320672451672506, -0.4003900035509253, -0.5474508986193876, -0.5098201330569133, -0.41736423239939313, -0.45018975318543863, -0.5580246234477995, -0.6695471517320645, -1.530705070555498, -0.5078725952331898, -0.49116148796753134, -0.5707760989754845, -0.6370960333259261, -0.3614670884211098, -0.5838954676319364, -0.5301529222695855, -0.4530585123659066, -0.5554060918592254, -0.4986226199306311, -0.5186423434589585, -1.5338460826047562, -0.5213182342745385, -0.4802717142131926, -0.5953725727067941, -0.6343270190686243, -0.34631287395628657, -0.2772972398175784, -0.44330567561915246, -0.5616968340130365, -0.3276674962473356, -0.48732505195353637, -0.7251700393660498, -1.560808998097908, -0.41504407504186, -0.48848665502847977, -0.3356003406809351, -0.49722321302496814, -0.4805809646920551, -0.4564716973562692, -0.5058607799982443, -0.5833442054133917, -0.3751698555772165, -0.5650749416516861, -0.5633898871499553, -1.558673789997662, -0.4881439354970703, -0.4563090995302354, -0.5492009420144305, -0.3767611064180354, -0.5104969585235618, -0.5421706399228114, -0.3777629136259446, -0.5772028239624015, -0.549286808952849, -0.3791484100498347, -0.531347342733404, -1.540862227765174, -0.45997059136639024],