{"vi_exp": {"vi_seed": 33396, "coeffs": [-0.7457420695849598, -9.866942528326181, -11.958140712379006, -10.835099755448365, -11.366748441984132, -10.675842103725355, -12.507449124718457, -9.118087824025304, -11.983138471684752, -12.140018405333524, -11.1474857715658, -8.840960549342423, -11.884884707172425, -10.254941672052611, -10.931280023293779, -11.869661021373956, -11.6543928367276, -11.238371571707324, -12.24370610436658, -11.364238203978275, -13.288475657469506, -10.39354314705276, 1.043485377762122, -12.602876014356854, -12.802941193284767, -12.53872379757446, -11.958248312243203, -11.972362921417686, -11.065772106364388, -10.299353587181365, -12.966208343115248, -8.560910195447754, -10.140239102716471, -10.353503034897596, 0.43853631184148384, -13.652974683123109, -10.926758225419757, -11.716267993831817, -10.45120785768001, -10.542503657439362, -8.960749373544678, -12.590732873231914, -11.550979499190055, -9.633274342223146, -12.008167305179867, -10.799791690205971, 0.08600985573799909, -11.291473547563841, -12.1340667780078, -11.809308240298652, -10.79777682086734, -11.464139996087555, -14.707201554776619, -10.789328243787667, -8.607549126321022, -10.984761630008796, -10.382063244704987, -11.089872995609104, -0.12737376645217374, -12.338529586743126, -13.624710520910547, -11.951193824684584, -8.830809830379062, -10.968090056537985, -9.862381558419282, -8.73697567181351, -6.360417547914058, -9.423418447254154, -12.47909271802054, -8.19503937641386, -0.20930364391329837, -13.048252864074234, -13.05201120248768, -10.409087696529612, -12.598247636692621, -12.753045165754378, -8.887549092163322, -10.663450139529312, -10.631423949693245, -10.869820083503434, -9.976815529686267, -11.394394246258539, -0.1878656515381057, -13.825362229782906, -11.320378983464865, -12.213598064874132, -11.995798607873533, -10.985095462240874, -10.647829149285279, -11.845334919911638, -10.64208589708201, -12.009078633138628, -12.573100488519604, -9.64288771412682, -0.03951017860152853, -9.02036375857978, -11.856416931634847, -10.300476009261569, -10.301921919098262, -7.765035212312612, -12.98438282727568, -10.00502475322895, -10.179534077910027, -12.194198738440795, -12.272988099334613, -8.440978010135595, -0.02491250104045171, -12.098560053214303, -11.496788776344795, -7.3978019808466655, -9.595272511436859, -12.775359550424502, -11.571118309670732, -11.855742913317643, -9.598866245628091, -13.286244371491689, -11.48461646653454, -11.15657020165917, 0.11833137198287469, -10.172121997018454, -10.113592292233248, -10.186043291697228, -9.67743547313001, -11.09314639688241, -12.507151095111157, -9.436321663092913, -12.582561902346585, -11.806185121327687, -10.422300823154703, -11.878641343368294, 0.05604009435975183, 2.705881912904004, -1.5363835220101874, -0.518507938474086, -0.5533267978625166, -0.5066372186173439, -0.5162256995812429, -0.4294092464737757, -0.5622935746139106, -0.4734536427613117, -0.5172031735379612, -0.5351112145877709, -0.5574200320869223, -0.5577381892267327, -0.6044791222885806, -0.4826358417899655, -0.5559051409393913, -0.523988513676659, -0.3903360480838181, -0.5740999809327706, -0.5177691273108264, -0.4599353139347405, -0.600887211629928, -0.4638749129558407, -1.5695014067138073, -0.6109541342482983, -0.4477989205933668, -0.5928055919257889, -0.6819797759982168, -0.35535414361163725, -0.34620274257619604, -0.5021573023664868, -0.5431924006691707, -0.39681697084629936, -0.6635969366894209, -0.42676348948127935, -1.5545741182145474, -0.5823123614563801, -0.36838165047005106, -0.4371059095169771, -0.5407110786134051, -0.5853888391063587, -0.5682516034764559, -0.5368261767731964, -0.4086909627131757, -0.4714311495070769, -0.47541780399053096, -0.501643944679592, -1.5629340218380057, -0.6606751647025829, -0.5011283653091492, -0.35721151522116795, -0.47264947646955846, -0.4883699841560189, -0.530826639377284, -0.43174890639863367, -0.40026132381466595, -0.33085892779931264, -0.40977472216005045, -0.3917864223711309, -1.5903508397335961, -0.6110543472324624, -0.5862591719974716, -0.5770407668730106, -0.43574554206843713, -0.4911777557453585, -0.4307107557630742, -0.419071494266044, -0.5073204281064583, -0.49377079002134844, -0.5352048557917308, -0.46735226538565083, -1.5530245021788656, -0.45058938015126776, -0.3595361520943629, -0.5520105893648611, -0.46702234212481636, -0.5890292940280001, -0.5408791593720482, -0.4360835855078606, -0.48070235399105876, -0.45655431372423544, -0.4935128987343981, -0.6043310996977921, -1.5378688544719326, -0.4944734115140599, -0.4508437930266274, -0.5971571918159676, -0.4764311969564512, -0.5771381374832596, -0.4999472776195668, -0.4881407690767235, -0.5851143196445678, -0.5367973294083213, -0.4374849958016194, -0.5099342975817575, -1.52474297011862, -0.46959350347323214, -0.5770150133117586, -0.5270196738011329, -0.4226145305920332, -0.3094474750445929, -0.5825937535879259, -0.42084650954356323, -0.3726001941060582, -0.6564791799719251, -0.49906100591919283, -0.46431999223950204, -1.5251104431934372, -0.6695651328485474, -0.5926152561750158, -0.6213223082169441, -0.44983571253550886, -0.5765957400479751, -0.6005882997336129, -0.5103468040831358, -0.6159086256006221, -0.5986120765950845, -0.571950907037519, -0.5123340846037586, -1.5635331544742854, -0.5277857599693668, -0.5140970527885806, -0.4911954692853178, -0.5285351218796132, -0.5971593519232737, -0.4617771126205276, -0.5226253457708734, -0.5727616085292611, -0.5262462580685401, -0.5204300368600936, -0.4144888648722559, -1.2753823838495313, -1.1472268471318277],