{"vi_exp": {"vi_seed": 38239, "coeffs": [-0.2260478033876538, -0.2450740207774076, -0.25223521084420514, -8.525873604652334, -10.389184866023529, -10.84723627442078, -12.093983685823474, -12.101896769041467, -11.09769568438038, -13.723436688249818, -10.60836275740364, -10.285780808332934, -12.760500383093122, -10.491221250950925, -11.136355464896418, -14.130477353776936, -11.452664667824031, -12.804259661278744, -11.604531163018851, -11.722459025760381, -12.485338783504204, -11.933703634769632, -6.991021127733401, -10.20060328484606, -10.764886031475335, -10.515455972652438, -8.467184069573188, -10.180191556308401, -12.149202974549707, -11.097399606488697, -9.412539276245752, -12.046608767586374, -7.756762177995227, -9.673301836751403, -7.997879251680541, -11.02870425738421, -10.610610502558293, -10.13225582345634, -11.717525014483444, -12.749803572452613, -12.659427577883623, -11.34340426131588, -13.297841943394067, -7.093333973347786, -8.449211580103423, -7.807786044510693, 0.6811866890480783, -11.360881307125704, -10.54438654336917, -11.493547908540034, -12.439836996383425, -13.958018234280196, -11.560190355808443, -11.520114360069565, -9.82482068970294, -10.025673561522394, -10.22102875551405, -10.06948928772203, 0.4451419072243097, -12.88303846592973, -10.78311114095554, -11.815175247021747, -11.561675693159618, -12.977923686155275, -11.719532686320736, -8.815145382069435, -11.393118391478277, -9.198401480350743, -10.197499253528138, -10.965624280857238, 0.39318702729684896, -9.400831026747694, -12.504982884997062, -11.905794858998215, -12.255102673018154, -11.908290937620396, -10.08073923875712, -11.385091613364885, -9.11190457359002, -10.616654713124793, -11.83032564799657, -10.514374309046254, 0.4409693027296987, -11.902907551700583, -10.858562593594462, -8.99856253843482, -13.828887336089569, -8.608106272827571, -10.08361233492558, -9.504369520439933, -12.51255138901539, -11.832713061729793, -11.249019542020243, -8.879803921396165, 0.5552547618680552, -11.839292129086285, -8.491595404116868, -10.08615859466241, -9.927775842972679, -12.296423566472944, -11.144550806590825, -10.591870300717343, -12.8094261847863, -12.552232809661515, -10.20882405396216, -8.811728354892605, 0.9606947202340484, -12.184126437418842, -11.035536817456698, -13.25091768295332, -10.65251855179479, -11.918899251561337, -9.28584775133398, -10.866372287987513, -11.575319850037607, -8.666945243073865, -13.339008255368471, -9.57554445350324, 0.9018399479052945, -12.064558643648247, -9.869466096377824, -12.456173534863503, -8.889821678800658, -10.952126396125687, -11.850125862878519, -12.256493054835397, -10.376514058491278, -11.35706626778207, -10.389744986698764, -8.671217946861299, 0.41437788290454863, 2.2832647275228477, -1.532265732918114, -1.5591553342476836, -1.5599751708332739, -0.553790971751569, -0.3941005775939948, -0.48491401942714246, -0.535163615939596, -0.5316684944974219, -0.4529452071606544, -0.5897333582393954, -0.5114177601253037, -0.371228396364414, -0.4296203367949985, -0.4973334059652802, -0.508455835587383, -0.5618388358062406, -0.5996156666553858, -0.5321411545911221, -0.5708423712995395, -0.6074448335886109, -0.4543905899490368, -0.5844413403716432, -0.5768737404953688, -0.46784115652346336, -0.4269907152722186, -0.32938012482928697, -0.601737507714252, -0.605501741640227, -0.4996810276160338, -0.4707225814030988, -0.3372879839850482, -0.4446762356199258, -0.3938326701752948, -0.5191218508705803, -0.49260340499916155, -0.547443762694844, -0.5753134568126622, -0.4857919967521485, -0.5461226199228283, -0.5528866647370934, -0.5346613781417895, -0.5900281858268104, -0.5688721754564402, -0.396463599534945, -0.49769217404683513, -0.5724479601169973, -1.59146328069033, -0.559604742539736, -0.5528259251287626, -0.3535452603502525, -0.6161856673753147, -0.5110325805868986, -0.5118652535554461, -0.6017614978954239, -0.48379350037129953, -0.570681495012829, -0.4593277467447012, -0.45073015817647993, -1.5598685078895098, -0.5527894104888115, -0.4677131490028546, -0.42597049406561693, -0.39827439653909286, -0.4882352226640439, -0.41871962405383306, -0.40897425621924727, -0.4190638844156885, -0.557134044922289, -0.29236223858192495, -0.441775778255519, -1.5193105539777085, -0.38847642728324727, -0.5432304466242953, -0.5005788138911129, -0.6881623814652813, -0.5170921505248666, -0.44691850732281224, -0.44668312706725244, -0.5117287911551226, -0.3580057574677307, -0.5538594794465732, -0.4723943247746627, -1.5403545217109849, -0.5318793510541978, -0.4045292279172496, -0.601204154431923, -0.4931823421597232, -0.4240631828978028, -0.5171689475581298, -0.4982413097257039, -0.4838468220935089, -0.5085910956374138, -0.35896944640929035, -0.5908620064258464, -1.5529801757630548, -0.5654760382924667, -0.5198607660951271, -0.30792885591214875, -0.5370828310184296, -0.47939034917846124, -0.5864187525397331, -0.5726163370224125, -0.4067791740743983, -0.5919165825679706, -0.48599756387726606, -0.5829843998834813, -1.4849028477064266, -0.46702077769348443, -0.6194735211581971, -0.5968039482697365, -0.49700001655032505, -0.581904791048297, -0.33303466040056834, -0.5232410034019556, -0.6429740683569278, -0.5224675858607218, -0.612913481286695, -0.630376730555557, -1.5163588953406633, -0.4987068691756356, -0.5563376520739097, -0.5678787375557455, -0.5164570870791835, -0.4724889761629033, -0.4463806126562827, -0.5470561157267319, -0.4355144886118361, -0.4983597250707201, -0.5690062685990063, -0.5975794849622351, -1.2432258685709048, -1.035136581278681],