{"vi_exp": {"vi_seed": 24259, "coeffs": [0.004428057126495456, 0.010038528822030443, -10.85631448535226, -9.691727007314899, -11.265901384038967, -10.60114071262943, -11.556280305428855, -11.970619044156296, -10.757009450413747, -12.085222804504289, -14.068431678844517, -8.7829727644605, -9.71212742874696, -10.741814924940844, -11.65187385125942, -12.592043352955782, -11.439113591119835, -13.067157308902903, -11.762730068623991, -10.392034694918076, -10.977044911064958, -7.831963540477086, -7.452524010671821, -11.39428795263719, -11.741001526566933, -11.595804154174976, -11.27044155217471, -11.017997606252083, -9.16525919655026, -9.535843139423914, -13.377820831211164, -9.555902769320975, -8.081105183962245, -11.376514126040304, 1.1231561478673957, -11.90921355768939, -7.839978069805526, -12.086196830148923, -11.098862169671868, -10.275177644384655, -13.011481333818189, -12.887140383261093, -11.102346472209511, -12.649567529051698, -9.998231331070974, 1.1431398157921597, -10.64634476958691, -11.923017629338938, -12.299287173899295, -12.57734239975866, -11.28607403867168, -8.813468481864343, -12.313312939692782, -10.099681295323089, -9.179841673073799, -7.870187960594996, -11.776060159659307, -6.862585528744699, 0.6325691870380797, -9.880846306216936, -13.208628882257635, -10.60192928448602, -10.77129176181859, -11.245399323451847, -11.692075547454952, -10.423857266214833, -11.818318282758785, -11.032745101917309, -9.730979910774664, -10.120599435530028, 0.5904679666604237, -10.78404524365165, -8.253020039546767, -10.748382061328387, -9.991202894828117, -11.370672183532694, -9.11966300838686, -11.182414700855972, -10.929012854728208, -11.194123546740522, -9.948069521454299, -10.38315587892876, 0.678803256226334, -7.599125820803045, -10.13266777237322, -11.573518602282496, -10.007696438930891, -10.87237842579198, -9.919357696937501, -11.672779504496912, -9.458954634608107, -12.366475147823877, -8.75678534162559, 0.6980818387597225, -10.071746183468326, -9.03607712663499, -9.654591700072094, -9.92335496235956, -9.352066114353724, -8.844126165493115, -8.838114423305244, -8.703353607850206, -10.565125568702284, -12.230274097335787, -11.83937287004745, -8.881373179253547, 0.7883976313761034, -11.563352252466414, -9.780528748997702, -6.886546320028717, -10.474170263501003, -12.231234936305137, -12.536107246472895, -11.614320815906122, -11.318732196213233, -8.622932451637155, -11.172629025304836, -8.995778249126223, 0.9219744042912692, -11.221627858101751, -8.834674539153925, -10.207829586422804, -9.794636666629257, -8.918886611049743, -10.222412787969947, -13.042508205568394, -11.553925602677825, -11.203221204945413, -10.923875569307182, -9.932451645943841, 1.241468117348111, -7.895737896860515, -1.521066796006176, -1.5236455323467764, -0.37947807700542713, -0.6071483819408643, -0.5015311176946142, -0.4422782913124717, -0.5675831988781963, -0.4826272128662658, -0.5510527738771822, -0.5681905485811577, -0.49606987000517383, -0.5037716204958976, -0.558494632964376, -0.3074580882701153, -0.6585071357066942, -0.4613724634980321, -0.5400347186355107, -0.510138590004303, -0.37930328826559806, -0.29190722991496854, -0.44452728517676493, -0.509603617261182, -0.4080481345370704, -0.5223113847718981, -0.37157609761153443, -0.4767904647112493, -0.5915203138695113, -0.5376153752760453, -0.6232109795644393, -0.350643314610237, -0.4754889355556791, -0.50093847855659, -0.5611635401978609, -0.431102338783886, -1.5678713752067728, -0.5679222385695144, -0.5843617875754629, -0.32403047517158495, -0.5720056215569979, -0.5331474776518572, -0.5231047841651397, -0.6492145212851563, -0.4899813357051777, -0.6097560423815623, -0.5749251761496431, -1.524316719732469, -0.6412988283776143, -0.7065552125522644, -0.46241875040973807, -0.5400772848834682, -0.46011471408868176, -0.5406593987434115, -0.4736937002647872, -0.4050521442839065, -0.5157217074294378, -0.5976157107088897, -0.5372586307557418, -0.4459382323856593, -1.5499123089932847, -0.42608729390164163, -0.4736054529869339, -0.41574959457415284, -0.5377260135580696, -0.47430886922554133, -0.4191311593661466, -0.4783016292274442, -0.5628612382639807, -0.4842764993470369, -0.2782162502138338, -0.4926981250909932, -1.5466218738065605, -0.5506376849541532, -0.4348489707240204, -0.5397151132612424, -0.3203937998176257, -0.35228738509888485, -0.5590403911729349, -0.5696915740307361, -0.535221075605031, -0.518000233558206, -0.4718552445047335, -0.5519603692776845, -1.6153188996919468, -0.4970820483942927, -0.23765234389198378, -0.4166185620384743, -0.6066644331617015, -0.4673863305290387, -0.5436595083462001, -0.5520330423618879, -0.34974353000774927, -0.6385808680486403, -0.6017875475995935, -1.5286383268999384, -0.4394818711775419, -0.4868989572293496, -0.5698133519190463, -0.4902699858080811, -0.44809146243010184, -0.45357704282490263, -0.43741323803584625, -0.3462218904805352, -0.6038624175019388, -0.4425742348840097, -0.5870297855250701, -0.5000900657347039, -1.5620481899573104, -0.35367921159223703, -0.5681273956784154, -0.5217755223466644, -0.45638124896745363, -0.45528083018084087, -0.536146254848865, -0.4630745889298337, -0.40405788949687954, -0.5438478506791131, -0.5696715662464731, -0.3449050417355775, -1.580786432555207, -0.48694673529938803, -0.4905016524744002, -0.4292731582487727, -0.5579163907984371, -0.6111714296082894, -0.5077537357343439, -0.5469547939102771, -0.4939699664451776, -0.42235039249769646, -0.6070538290290016, -0.6154356873600628, -1.5489300585683166, -0.47377430367680423],