{"vi_exp": {"vi_seed": 62835, "coeffs": [-0.3455399812904279, -8.532610086997794, -9.678073681054189, -8.611033448251856, -10.792868728768672, -10.814953850076355, -11.865607061502006, -9.050214728548378, -10.193782175727538, -11.638240847365132, -10.69174839945446, -12.199860877656986, -10.163502812213036, -11.09707511825295, -12.338728922829732, -12.535285824490186, -13.071283633948855, -12.617275160168706, -11.896435900988438, -10.244523446722402, -12.896720169744947, -11.50010375435928, 1.3716726850539604, -12.099921244896981, -12.256797608906169, -14.931549687967587, -10.053512791996903, -11.747256402035502, -11.452419463690093, -10.736231010215095, -12.325402969198466, -9.49368863916966, -10.177180135227497, -10.039073044070694, 0.7478532448282664, -12.171594257072831, -12.64573226943303, -11.219936099618312, -13.087818282554533, -10.881004570730095, -9.703995846581645, -11.315913201574894, -9.876304913558647, -10.30947329833909, -11.048818167585047, -9.879373496393216, 0.46606244437566446, -9.93080074977565, -10.966340992535677, -12.42217090410405, -10.90760464678838, -12.195581545007094, -11.727439395044422, -10.727892720463657, -8.76940749206568, -8.015785126933583, -10.629644320028188, -11.531742743573968, 0.2739229931286572, -12.896971002023593, -11.455238321775342, -10.034360039458875, -11.576041198612273, -10.477335545421536, -11.941136326939512, -9.884550368511695, -11.945526479485904, -10.065779586511047, -11.1163869691542, -9.559656471211799, 0.4409113737021867, -11.870006937649535, -11.503957999456613, -8.975182947634943, -11.107651136071429, -9.824204486731515, -9.364497301640005, -9.09376671447462, -9.46899703035998, -11.35995652501719, -11.549547383199394, -9.47558352015882, 0.5183177452831872, -11.161079154579971, -10.272759984420992, -13.649736432886135, -7.673170257986739, -9.923435395799082, -10.520790487834876, -11.612179710887077, -10.840325004772879, -13.013392207177962, -13.000876222596723, -9.021462134740197, 0.5576261292215716, -10.190707730198502, -12.298219579878422, -12.81465416968247, -11.361549007380303, -10.173485036018745, -11.455597996464798, -11.902384206118063, -9.01846161943754, -11.097061912111425, -10.92762742767819, -8.462924502646443, 0.584705487276395, -10.691675646070179, -9.272669519381628, -10.486361749189962, -10.195798447356536, -12.137692327378945, -12.007651733504177, -13.126737617337028, -10.72628022486602, -13.032183192468741, -11.446987391408507, -9.696632661441402, 0.8510449748768129, -13.095563710765706, -10.385466947201888, -7.246644578470265, -11.601375496594942, -10.155845205037432, -11.218511215593303, -9.079114996042225, -10.487872952429491, -10.167414355628042, -12.294860919813248, -10.441564665984378, 1.345496493600507, -10.424016550913963, -1.5671065144689962, -0.6094706753425639, -0.5980693395807525, -0.6431741132343716, -0.5102895002936835, -0.5690790324887949, -0.70066306003334, -0.43932110488630843, -0.5165419829188566, -0.45420849927521006, -0.5445661826738691, -0.5345209856798075, -0.4254195982718247, -0.5510447976143314, -0.40696284094061314, -0.6757053403066141, -0.4568580270008777, -0.5172089735923832, -0.4506677329699264, -0.45815434401198485, -0.5558110977104134, -0.4959191637015776, -1.5962551832727478, -0.6088859557997004, -0.48077743344585416, -0.5035354849047509, -0.597519577428607, -0.5303638897043964, -0.5389707031559251, -0.4759348725611273, -0.48920728837616045, -0.5366518000764606, -0.4281147579802694, -0.5733318487169324, -1.5348718121078806, -0.6131425047284942, -0.7614588633206854, -0.5515499136131616, -0.5904959773973044, -0.4621496424419022, -0.5756025521745417, -0.431741687422845, -0.34775494881507274, -0.5799789797024953, -0.48445520373841167, -0.5184559475756403, -1.5452641197345591, -0.5378933369225821, -0.5316293516630155, -0.4550516434395913, -0.3902703936654233, -0.6763821849903244, -0.5925313642799729, -0.5500432488500926, -0.5149772969550963, -0.4411009580715801, -0.5355005778668827, -0.5904137172472663, -1.5464457831740113, -0.5438260956120514, -0.5089646295423521, -0.28430859142638454, -0.566681133224958, -0.5125611916339015, -0.42653409330556996, -0.41605749431002015, -0.5666114619450884, -0.47967516472774996, -0.5958896257945088, -0.5598635273355353, -1.534219556109594, -0.4914187199037198, -0.562389028373627, -0.5262072669698925, -0.3241997701544795, -0.5740874057941844, -0.46505482972210094, -0.49778608980081607, -0.46149590377743355, -0.5157792302968083, -0.581048378368534, -0.49281259865229105, -1.5338778397133372, -0.5869328345832681, -0.422070572889055, -0.5230891497207376, -0.4612125858865329, -0.4005052955251937, -0.4648334318042397, -0.4886868476585636, -0.3999243705961504, -0.37683444048191655, -0.5176319476207485, -0.49386804350581937, -1.5781685476012797, -0.5853564104622865, -0.6027364308383855, -0.3659768298682232, -0.5104512858348735, -0.44922011424370245, -0.6398368090704347, -0.5741860902614382, -0.6462727280164484, -0.5579724297738824, -0.4987566031295092, -0.6508983752148216, -1.579119466605789, -0.4167922584560671, -0.5065847901085838, -0.5815995735097488, -0.4024024274935085, -0.5158592991343591, -0.5304995688698788, -0.3771972622278452, -0.5318870006426248, -0.6358498569814004, -0.39913880277349223, -0.5186039334539437, -1.5236864795798573, -0.602035960471288, -0.43809115410160965, -0.6213796976765834, -0.5653876591684194, -0.23079469526324503, -0.5586537814825769, -0.4035211465912348, -0.48988844903938905, -0.4564377198183795, -0.63463331704925, -0.5024667412312886, -1.542323427709848, -0.5577496073123278],