{"vi_exp": {"vi_seed": 12785, "coeffs": [-0.23957797936227848, -0.22803832378601718, -11.66707234394659, -9.386276977960469, -10.287813018448999, -10.897904065243054, -11.386845254111789, -9.259737122168517, -11.195317831738002, -9.682093442656466, -12.306704025710687, -10.63742613862426, -9.453554076341682, -12.601162758275485, -9.778731541522447, -9.715375632687016, -12.393734045358155, -12.622170751221894, -11.701063367766189, -13.665176042307591, -9.305282304584175, -10.943318577423804, -7.400596504759582, -10.13475430300861, -13.342744038857955, -12.345090379848079, -9.475246522432894, -11.8179886236763, -12.017132154416746, -12.29018805195337, -10.14671541427716, -11.200706138781046, -7.771196867696061, -10.975436578777845, 0.8835311906687828, -10.429752493298405, -11.561582485554812, -13.396952967531313, -10.931260646676142, -12.131439307050702, -11.2032034875833, -12.569635014507904, -12.107475845124558, -9.844794535856403, -8.96603277779055, -8.708028979605986, 0.5212785815120368, -9.690312212755465, -10.473798095365735, -9.09683240730548, -11.104597764068162, -11.953644912111221, -12.433913545716818, -12.001141660356485, -10.417004594040046, -10.76366008139068, -9.716665482185594, -11.919265275768828, 0.29965755593998944, -11.161082807271566, -13.76783144085187, -9.252634224698514, -13.124747921634409, -11.071147156282395, -10.286296788588185, -9.694626046089788, -8.401308594769011, -9.673018607739245, -10.60854094813011, -9.480447781892616, 0.2456082369473278, -9.166372274791451, -12.887382212826196, -12.205374575282276, -11.658375859671203, -9.822892051887758, -9.547517636261782, -8.910919442113615, -10.77786624143363, -12.146135204921322, -11.92780970347695, -11.67639348126174, 0.40824694900004244, -11.929329727578336, -12.648001287582277, -11.717214965865601, -12.086308325292238, -9.072115629738532, -9.044532856293086, -10.974679337324602, -10.380791549923686, -10.557641155963793, -13.01161513665335, -11.344772497641415, 0.5191224186870483, -11.450923674281501, -12.233981544716832, -10.770674090157746, -9.883803249553031, -9.247024660063541, -11.988213041125054, -11.2435332389972, -9.885689730434072, -13.377324587101732, -8.966945710169288, -14.735731159205422, 0.6750991380357052, -10.174641714230425, -13.187576257939531, -11.37637133960145, -10.731407317103391, -11.706274095513916, -11.928561252086409, -13.298508430506413, -11.120889057984158, -11.352179391636385, -10.593883695693586, -10.494222390742426, 0.7917229928730064, -10.711843041740861, -9.443635960480936, -12.204977755127919, -12.071163990022615, -11.219354554281887, -11.420564067105264, -9.852932553527532, -9.585794736347088, -10.535887580553918, -10.027417826384081, -12.357284520082649, 1.1711888184320367, -7.367745686259362, -1.52341394733112, -1.550692531106644, -0.4693302945431986, -0.5897024594403963, -0.5870368698336199, -0.5936968966167147, -0.5132292973031908, -0.3816226985341399, -0.4568308752579112, -0.3551729901461426, -0.624904175538463, -0.5674477349659885, -0.3784558155389777, -0.4447889412926593, -0.4935199877929477, -0.46695920845127264, -0.4936309123995109, -0.4841587277194892, -0.42245864464174804, -0.6049846973510825, -0.4673473620395911, -0.5026833672815753, -0.36393077346725117, -0.3763206353342556, -0.5009355204904183, -0.6135551442859202, -0.5549524161847718, -0.6186330001623049, -0.5539177099741346, -0.5106344361216902, -0.5649524250192879, -0.573704420261566, -0.5148654395931375, -0.5093211781203515, -1.5411368909617555, -0.5350697976760914, -0.4874792194326539, -0.3680086875452982, -0.5217185635866871, -0.5727253139904296, -0.5222171442966117, -0.46201998209773715, -0.40326622093813286, -0.5362967741356522, -0.6178702154281573, -0.43812108537399963, -1.5692723610047221, -0.5697297778481295, -0.5662922376770997, -0.5542883345587165, -0.3749539029226976, -0.4365760622819728, -0.48563232592042277, -0.5343344375660085, -0.5343735586268218, -0.4865680687802483, -0.6373471805079155, -0.49729194910971436, -1.5525263299231147, -0.6295697147475421, -0.42075289102782276, -0.5072891179258024, -0.5263651897624195, -0.42536730205799683, -0.4083778612145424, -0.6534752703348022, -0.5503126581241308, -0.5860565400378662, -0.5401352691260991, -0.5145954635678838, -1.4953702219893137, -0.5319259877906409, -0.5290005082940225, -0.5143932816545222, -0.5932609040054281, -0.4622738599713297, -0.6235475652974539, -0.4481499712106688, -0.579940535915261, -0.5729186732149093, -0.5547538507904489, -0.6610092259848462, -1.529014486333361, -0.2970824527024676, -0.5566711518600996, -0.5053482494424408, -0.6432697088707596, -0.48057604922419866, -0.49398400513344687, -0.5733816497211983, -0.46190345279192174, -0.4608465437486219, -0.5083917660210299, -0.5684121354570071, -1.5794842327292944, -0.49609439471456196, -0.40754905754705434, -0.6136217830760716, -0.5264973150720176, -0.48156105668143534, -0.3655524932257786, -0.5108367934630273, -0.6254324969701394, -0.41500075600097214, -0.41835366311372807, -0.626270889600998, -1.5645589487595069, -0.5016282952275425, -0.4341480516422244, -0.4112572608652864, -0.6320263885260745, -0.5184235143800159, -0.6078091754842312, -0.40257507861687486, -0.6097149923954971, -0.4689930054063818, -0.5600079329303184, -0.439277941825268, -1.507002552515973, -0.4407877480543789, -0.5554567704348272, -0.4447611061861594, -0.512691151818532, -0.50997509156981, -0.5401279655409734, -0.48884781367541896, -0.537387611166933, -0.5325067745311727, -0.609519678657948, -0.54443182644157, -1.5929045075683081, -0.5874264845948328],