{"vi_exp": {"vi_seed": 52978, "coeffs": [-0.8508099706981301, -8.692317792867257, -12.747767776280599, -9.558628340148621, -7.688041209931054, -13.045078100484602, -10.698493446404065, -12.379433909958266, -11.0339157308496, -12.596228673873966, -11.17120549029496, -10.630290976443796, -10.17891991443984, -12.05316054053542, -10.608691557719066, -12.315383365045257, -12.970160477667594, -10.343938908293996, -9.399390075696154, -10.05027527505683, -10.02018127386998, -10.793142621638607, 0.9807413263672446, -9.995093996336271, -13.133124601776071, -12.123119246595076, -11.550344060101194, -12.821051166727148, -13.819511411796016, -10.536346768398916, -14.304194858304784, -11.213379506396187, -11.027398709352868, -8.528906041053256, 0.3007871462915972, -11.688047042906122, -12.923519536438066, -12.51719083888874, -10.805097420863333, -8.762237068492388, -11.057173441120701, -10.526702259884994, -9.17064768684313, -13.764056662351786, -8.381772018648165, -7.924571103989928, -0.037107135374746025, -10.601130631418032, -10.902389079091325, -12.846761154501436, -12.590376351017682, -12.042934174718011, -13.461260202060046, -10.127256337217121, -10.196121359750233, -9.365477071959013, -7.77505454782169, -7.961931486509407, -0.30911287095939, -11.836199337156195, -11.487098002381805, -12.36412715913732, -11.893953133264345, -12.39765652780642, -7.703193657845207, -8.610575127782644, -9.827378975887571, -11.799816199355892, -8.95377845226899, -11.148365927939626, 0.021862607795212024, -9.9838561013066, -9.495838807344654, -12.28984152542824, -13.615776926939672, -10.193025906997692, -9.654384969198786, -9.081715083150453, -11.521733313859315, -11.288982120481764, -10.059413304493042, -8.709140871131774, -0.010068725594756205, -13.330402951193255, -12.481780741476548, -10.216726305906988, -9.264327596921717, -10.105303676155348, -9.45888191088313, -11.493594926480661, -13.062673167401744, -11.769622211229944, -13.03351343961697, -12.060348354429834, 0.17403932549118023, -13.506329112709608, -9.914808204635236, -9.956615594542384, -8.505582561605786, -10.727183621947164, -12.861002825852, -13.46484066270773, -12.447676711863766, -10.421991624675522, -11.60397528519915, -10.09991060070333, 0.19050126849543234, -12.29070000591457, -11.94086224441261, -10.61028800451955, -10.330073472163106, -10.467423815319496, -10.190261899191858, -14.310597340524673, -10.035694277011054, -11.784949522350624, -8.982892450283856, -10.130089719442028, 0.1838489575089576, -8.544027876328158, -9.926477214949049, -13.497435716759055, -13.724793026983715, -10.465251854375778, -10.717751782622914, -13.527806071886527, -12.515098909182187, -11.804035362683745, -11.631632310808852, -8.97651745211018, 1.1833478472458656, -9.91923998297018, -1.5257729514424438, -0.4307067592609918, -0.5286383777526833, -0.4134856642799613, -0.43767525354047965, -0.5236521558874846, -0.6116312881308951, -0.5769264059234287, -0.5835270150440615, -0.4192013573760322, -0.385549453710367, -0.5628004342995202, -0.5625103821612815, -0.5042950408717364, -0.44469737368346174, -0.494558546957769, -0.6039607458914035, -0.6255206940360506, -0.47033039635324525, -0.6333057053073725, -0.6216475931005171, -0.4350017051361579, -1.5130853723719266, -0.4004875669299315, -0.4832737766904742, -0.601844639136296, -0.5222706755546742, -0.647368124691762, -0.4726113558879717, -0.4518661876559455, -0.47550382085054116, -0.47515976953268724, -0.4844357965216351, -0.5904501107566644, -1.5430989359374634, -0.5544984452626238, -0.4404623230076549, -0.6203945347966098, -0.4740006430505616, -0.5369923809830858, -0.3227133745522898, -0.4197829241286455, -0.520790596275733, -0.6001248898969792, -0.369005598208411, -0.4680734361285981, -1.5746100336148834, -0.4540371211179447, -0.38683603235453434, -0.6144402336160606, -0.6606878656742946, -0.44700396929704617, -0.5665677193512703, -0.4843695534015706, -0.48126519372731874, -0.4719734745731169, -0.5033484677191707, -0.5295285517429758, -1.5790438403793434, -0.583897444918826, -0.5443215065257488, -0.48258173669451715, -0.5527766468015634, -0.4649224860130092, -0.5894375601698493, -0.5175936837352437, -0.5282776914605662, -0.566941228033212, -0.5291188451279324, -0.43723120634522894, -1.5476603084692986, -0.4987649937213272, -0.5846713796884254, -0.5312566658529565, -0.4756621967290208, -0.5843607224217163, -0.592736227342484, -0.36763893947732523, -0.5911225532584425, -0.6165689864148832, -0.5441794901248734, -0.5364413827031614, -1.5503088415203226, -0.4811785880712467, -0.49420384220060254, -0.3026092148094935, -0.5923073708748814, -0.4566092466636693, -0.35917018138576035, -0.4163089345507829, -0.5738389554842499, -0.418748927401782, -0.5882029473371347, -0.5489942559634423, -1.5664240656637778, -0.5369187969554926, -0.40779758760024515, -0.5563124658196661, -0.49356242812465007, -0.29991329249547705, -0.5363873589033706, -0.45690953100936327, -0.461675708529942, -0.49657865934448747, -0.5165740900769401, -0.5461281327936152, -1.530020048927565, -0.577240419053572, -0.4349803781016627, -0.49278407554952325, -0.5102311120980092, -0.6233836177542253, -0.5440405958786296, -0.4654596667868429, -0.5478427624998622, -0.5975613584397103, -0.5269812672502223, -0.5474127412361178, -1.5840456717091291, -0.3343609097061701, -0.37780993671549606, -0.5893077586725654, -0.4880359821668652, -0.42397916335254054, -0.43647421729297986, -0.45988734831664374, -0.5019540311870797, -0.4269958994984542, -0.558678549809877, -0.4028367536041799, -1.5665678805550247, -0.5766188309965475],