{"vi_exp": {"vi_seed": 13651, "coeffs": [0.08606309701789357, 0.10480379155760067, -8.87365639493216, -12.54397591621253, -10.611839163164532, -11.25219165639546, -8.58012522517412, -9.295417450280398, -12.242142329949797, -11.491526312238992, -9.43156653992572, -11.003428653554874, -10.14701499669615, -14.545683390682964, -12.310763873756656, -13.190821091542032, -12.244727625497688, -10.699856417492047, -9.89911822429475, -12.618284113129066, -11.41852649259213, -8.499236967790171, -8.904671410399157, -10.353440258540568, -12.365324483155174, -10.728972790228374, -12.204370890729834, -11.029509983005024, -9.473590900110073, -10.74849738058538, -12.90387620387643, -12.398183824324434, -9.511740702865357, -8.091152571035414, 1.193604436141446, -10.588784361257295, -11.548490051422714, -10.142324520540065, -12.344882840124964, -11.428907997142819, -12.561670360337905, -9.339688976436369, -11.392783046027336, -10.858028097216366, -10.355950110787047, -8.144187288469167, 0.8314137435488346, -13.126397561415247, -12.119296254595554, -11.039340293142402, -12.549768069204829, -9.971558532005385, -11.668741366770627, -11.633399868700224, -10.142477434549807, -7.098150475385157, -8.470498930272507, -9.553918147847055, 0.6183013265421488, -12.881136742969714, -12.103458794356657, -11.130865092478315, -9.375304047389825, -12.061865559676676, -10.18675341999001, -6.355812553049678, -11.164800370899977, -10.721906076700892, -10.128998079841384, -11.769147225361728, 0.6488414196947371, -12.470509680238075, -9.765501711681319, -11.279191568567114, -12.456332788922253, -12.865069161068643, -11.414556548416785, -10.672542664096738, -9.768834669490285, -12.205871384896504, -11.468885386045375, -0.9785828670623863, 0.5786143519115324, -12.613891319352756, -10.976584627245058, -13.202171624571902, -13.302789785100222, -9.158436323445255, -10.514079732872002, -13.509844610798849, -11.176523618955558, -11.829930014930973, -9.093646708106935, -7.863862380700196, 0.7945486872617272, -15.130587378643419, -10.678585285982226, -11.532923113889144, -10.697351030425978, -10.196669146695603, -12.462308155461578, -9.21592708338122, -10.970530464316113, -10.839615868770002, -8.597647003969644, -9.746516422738015, 0.983665280521301, -11.189066072414288, -7.653398743389664, -9.520825051508922, -8.941424451396, -12.061266891806314, -10.554202887498487, -10.78897287090297, -11.73600955741664, -11.99190501782011, -9.853908505627436, -9.316404771350786, 1.0222087648225553, -7.569828842874989, -11.503172754430171, -10.056652330959611, -14.001343820342463, -12.797020027660484, -11.848649323689225, -11.426407353262727, -10.674197372280908, -11.41221691460701, -9.01809661100245, -10.412666916135228, 1.4807699999645854, -9.686716775280539, -1.550789660310016, -1.5339116358493639, -0.47946752801591025, -0.5201809690360273, -0.5124542710495317, -0.4854096438635933, -0.359949638009306, -0.47001437606090346, -0.5335639227250558, -0.3695425785106542, -0.24481266467652885, -0.6586806763041454, -0.42474240328015556, -0.5874836425849722, -0.4665423899759325, -0.5726492068401262, -0.6577906732033791, -0.556108880197373, -0.5137173911882552, -0.6212160150628037, -0.4748958120409548, -0.5145780199651792, -0.3686367644706018, -0.6125441837298886, -0.592920224839971, -0.4413469894529512, -0.5130267679100102, -0.5585450360741963, -0.5155429002790579, -0.6141801390365434, -0.5905635566989522, -0.6212788848414175, -0.4879905442822566, -0.5902832909125667, -1.5156697644782438, -0.5568046682234142, -0.3902659684230655, -0.5856053100651517, -0.5474963111989798, -0.5789549533642618, -0.5428485186839715, -0.5574685872178632, -0.49522437739687125, -0.6602696792552091, -0.46696688616515947, -0.3201001079865064, -1.5313463864154402, -0.5194211349080269, -0.4988841405273857, -0.5442190386302459, -0.5746041219499043, -0.5172137977762393, -0.6242186781186283, -0.5109235108759667, -0.4126821091418419, -0.3812297344708606, -0.414417024174887, -0.5172232881528736, -1.531551712838675, -0.5803278319060717, -0.5147655265999825, -0.48861556556457486, -0.4759831551925567, -0.5874618995503408, -0.5301922486990728, -0.4806935772353047, -0.47626332877279565, -0.5463929874276597, -0.6284369825545576, -0.4146156535060226, -1.5338470157010948, -0.4737716116234871, -0.5433279673990268, -0.42453229192134234, -0.4160789304446757, -0.6348297192574811, -0.5651473827304015, -0.5381076538919378, -0.43108715029939315, -0.6272102270626343, -0.5386426763583143, -0.5159729374440645, -1.3660822874581244, -0.5715211872853461, -0.5531862348881915, -0.5598214138142773, -0.5213829619133, -0.43780181380056815, -0.5547688001712697, -0.3107334967201848, -0.5533487061256869, -0.6259525526715688, -0.5034206005048646, -0.4473104019607265, -1.5446843878299494, -0.48447826877972316, -0.6474474444608409, -0.6110128257955457, -0.5889286896486413, -0.5401474410933539, -0.5242694880438549, -0.6132961794491844, -0.5540282867577399, -0.5277601717267266, -0.5203725925460279, -0.5785412307700626, -1.5364918887373142, -0.48175296369381715, -0.3944114402184941, -0.4573800294101148, -0.4338901056381697, -0.5653271983544145, -0.559199125922102, -0.37560286488779154, -0.5264479451092611, -0.6173794058976637, -0.32867954979550185, -0.6137795359721535, -1.5396089926905159, -0.5777472514363565, -0.3598630428029842, -0.537063858784813, -0.49310207668177125, -0.4577880656205154, -0.5919693616954493, -0.4560696308346894, -0.3800026682416204, -0.5050985498757548, -0.5161930318953085, -0.3690044825318059, -1.5625264522414124, -0.568111205170836],