{"vi_exp": {"vi_seed": 29637, "coeffs": [-0.36601493340434493, -0.38022159577263737, -0.3780397325628043, -8.703055971359634, -10.107034462027112, -10.343671223548426, -11.597106423839476, -11.483669651284032, -11.210476553158728, -11.991034372813424, -11.576730352660721, -10.305758911455603, -12.24111227282712, -11.905964318410824, -12.366664862652087, -12.558192524187232, -12.070204912148373, -12.290051563003793, -12.819453439757009, -9.61931299034944, -11.55499401981968, -9.356041301678793, -6.646119936007233, -11.614164192884457, -10.78442472052037, -14.49025632924682, -10.988471116569341, -11.065133819189073, -12.968911310510425, -13.192736269030561, -11.030926011394136, -12.322846783795807, -9.96924648284646, -7.615361915718994, -2.9689030613540215, -9.109832934270388, -11.683665763231502, -13.435186224673359, -11.871824852267382, -11.83459094826938, -10.7035574774629, -12.267608961352616, -10.700103562898935, -9.590830401692497, -7.47042261537815, 0.9034967002177905, -10.14046575698746, -14.420403582119624, -13.085366770071175, -14.235485354021858, -13.663559064590286, -10.201225108183909, -12.47293960470546, -9.560088184869251, -12.024330978504038, -7.386068304304253, -11.34859292006994, -9.284923932722867, 0.29154700837327713, -11.883036791864884, -11.81886041601063, -11.304184890976915, -9.729130313283655, -11.580895452789862, -12.225403115207591, -9.940257887099769, -10.48240642867419, -10.45791090488549, -10.188542614028885, -9.169466479736652, 0.19814457220063053, -11.594232266090158, -15.14765633659332, -9.343174287781261, -9.647067183279084, -11.202629410582515, -7.835619487973813, -11.78716470609653, -10.540539154639841, -11.575973128269966, -10.68789034475742, -9.707137924778237, 0.16279287843340223, -10.803753732182608, -10.165035045357524, -11.720745679329317, -10.661273322317335, -9.420991853739329, -10.045485779408445, -10.818380636320756, -11.297402181295181, -10.662742835437424, -14.788787039948739, -8.070681009796214, 0.1970733574111301, -10.547847616666827, -10.324725478388876, -10.547315402618993, -5.6094962212034005, -9.111817459243255, -9.829943040086198, -12.006956659474419, -10.696607322484379, -11.24278118680413, -11.57080798512868, -11.16013679922085, 0.24277327097658957, -13.176190428384583, -13.269542611326695, -10.058778402215403, -11.472013374461302, -10.669826500861156, -12.182703993802098, -13.748094858291926, -11.982049222071854, -11.047555537926524, -9.841960841091007, -9.298384409169525, 0.35578292318253696, -10.871279156971982, -10.416043824111416, -12.264147263006635, -14.06709129204924, -10.731902866129337, -11.052943201002126, -11.376276105149717, -12.509146807294396, -12.39690455605549, -11.462455764528764, -12.161285797585247, 0.3961201312251855, 2.870537920324068, -1.5442893586499733, -1.5319938581737427, -1.4984790156791525, -0.349856059561369, -0.48928058116824963, -0.41091917069860057, -0.5940731413972432, -0.6014320510054154, -0.47467799968952507, -0.5427880040381113, -0.5542663080621479, -0.5867192232090747, -0.569010481101712, -0.5366123226336711, -0.5213897971033667, -0.4897356082609321, -0.5516895772423754, -0.4236092354639187, -0.5038805126816771, -0.5114471078300987, -0.41520188213353815, -0.6444320714413795, -0.4550994333599005, -0.5141173873554862, -0.5847217504039741, -0.5883712355202875, -0.6104816135934371, -0.393025650880758, -0.5218955165235006, -0.5561971648644012, -0.4180343040680453, -0.5011297414888162, -0.5974037539605773, -0.6403707368833916, -0.6164168808314505, -0.3265529362104106, -0.5881862502203133, -0.5676311896583378, -0.4959786549917205, -0.6659958123751799, -0.568640208918027, -0.5486254613411379, -0.5176220352820105, -0.47592427523892167, -0.5686668217334432, -1.5349069200368213, -0.5906298243619933, -0.4591580684297729, -0.5110090062582464, -0.548760002951702, -0.6108062339882129, -0.45438467141665145, -0.724972860390381, -0.568147534587727, -0.4565945349133747, -0.5468623567578906, -0.5707141117724531, -0.3990177552503895, -1.5670634333505262, -0.5731068404727773, -0.3755864229622764, -0.5307392525049022, -0.45309159144654704, -0.37865514612898493, -0.41660448407629597, -0.6629394214781086, -0.3547145854122811, -0.6351343780885763, -0.5361455742292935, -0.5556452307971509, -1.5402159226955612, -0.520641531902339, -0.5136220553123142, -0.3399457809752161, -0.49895777415596804, -0.4183652522773842, -0.47772212810932596, -0.46364317982111825, -0.5674703740218292, -0.5846832764898054, -0.5200282079763268, -0.43694362111229124, -1.5852387127321281, -0.439334201244103, -0.5005853456475571, -0.6545790515234695, -0.39384789425791983, -0.5059074083116917, -0.5139469519225284, -0.47238720385308536, -0.38861496816164237, -0.560490207226348, -0.513911742763272, -0.49136906860609214, -1.532550731600303, -0.6563277741144093, -0.3644914642258885, -0.6821770028336634, -0.5875489290954051, -0.5219181591107438, -0.5426312578854929, -0.4410001572313161, -0.610116448243151, -0.5456291596871131, -0.6102700009646748, -0.6294749940438678, -1.549868561557823, -0.49496943417816086, -0.3304426211002787, -0.4940298487060294, -0.47925136854437905, -0.4375941480411023, -0.5518272364079486, -0.5641540469122998, -0.4609729023650474, -0.583833188474272, -0.5452358091205667, -0.39255609751482473, -1.5439236289412077, -0.568911497345571, -0.491097019868064, -0.48092554267098164, -0.562691436216649, -0.38529694714025264, -0.42414194450852205, -0.4797009799949403, -0.4751041831318582, -0.5623296676986635, -0.6083137398751307, -0.5125813322915015, -1.2411412482853093, -1.1213378257682387],