{"vi_exp": {"vi_seed": 2019, "coeffs": [-0.23031576500052983, -0.22752531108766355, -10.095550017870467, -8.187775616125798, -13.412116752757221, -9.289964671037527, -11.47721261826704, -11.677480737954856, -12.82267651058662, -11.986163627513232, -12.105386774861369, -11.812525997919481, -11.045351450512136, -11.25701960636053, -12.116138949056891, -13.157253466380809, -9.857376093750695, -10.49076840255447, -10.980738520750437, -11.836989974591214, -10.752508375088011, -8.556851427812369, -7.695746136356919, -10.400951339940875, -10.872644164903148, -13.853338859864946, -11.214462408250657, -10.775076178463268, -8.697239418053403, -11.453203372410277, -11.231594990862602, -10.419285703022984, -13.431062433896985, -10.621824319785322, 0.9093334743665346, -12.575903832875904, -9.524884683236344, -12.351946874636598, -11.707529860572071, -13.107395299764338, -11.751100664999703, -9.995576242778952, -11.195978732863768, -10.838878010838775, -8.646695701638416, -8.676991379684333, 0.5932859992952108, -10.747588004284589, -12.420142559313051, -13.398786007342784, -10.467539022004983, -10.128151519699088, -12.262342841218857, -12.021802942067128, -9.120048264664597, -9.346549047802679, -8.483424536167455, -10.18343609186277, 0.3532657599833903, -11.26045341303363, -8.158721832359783, -12.548501955993297, -11.013285525625076, -10.285817187398868, -11.109426543148212, -8.907177439749226, -8.875007789919504, -11.614063989382752, -12.82886236707656, -12.3978684398283, 0.306370653518919, -12.978424564935345, -10.387370724373687, -12.759857392299923, -10.836046910727992, -9.94663829915594, -8.341689957187528, -9.848518928791703, -11.438137826400489, -12.451994899658159, -11.380176474362178, -11.85165498990747, 0.7123060608095153, -8.607980890670898, -11.970657593836792, -11.022572897545048, -11.04536625800458, -11.353912541420742, -11.120606100660835, -9.942025233414926, -10.400784461057418, -11.302966925011182, -12.25581590368923, -13.403500306578666, 0.7674807937591658, -11.317299278435748, -10.25209630135302, -9.7260153739329, -9.455607325768543, -11.081248628585623, -11.74374574163038, -11.219621650161537, -9.82986616698811, -12.711040172569618, -10.773772676807951, -7.0452976983619395, 0.8239171238458547, -11.187121196423599, -11.06060738998461, -7.996374727289468, -9.279119200412756, -10.38909027434762, -13.825273370090189, -10.854036528476096, -12.723466447780336, -11.973348641795251, -12.164505917044416, -11.328323603453976, 0.9277618127615841, -14.100700237291834, -11.942313761304531, -9.728256889065891, -10.529730654442764, -10.390882343365034, -12.015967304002054, -9.849252826630734, -11.32644870539193, -10.809474969769791, -10.740674028609064, -11.203823662967615, 1.3575785836721128, -7.893469503640368, -1.5638551106434981, -1.5518205736226731, -0.580004252643266, -0.438157177684065, -0.49766143926544504, -0.6992512486049249, -0.4528524913050925, -0.44889541470939115, -0.43065276233435146, -0.5329430109413478, -0.5619695209739533, -0.41159316884846425, -0.5589290750079824, -0.4500442124523223, -0.3911248587049849, -0.47955569190590513, -0.4596946107182595, -0.5535515561179941, -0.47210868309200926, -0.58555712772527, -0.25272800229346165, -0.5291219306776206, -0.5079472760254539, -0.5443756864049711, -0.436745915248795, -0.41516201299277183, -0.6099102522909776, -0.5804044884651371, -0.4829029721853469, -0.5518760971769553, -0.6097094733500373, -0.5186613711159384, -0.5088137350831812, -0.44392349330853376, -1.5464459723969302, -0.6212026507030962, -0.5405368672282241, -0.538052272182065, -0.5039875364502177, -0.6117017328593888, -0.3544295780540044, -0.5116450980246984, -0.527480129713668, -0.4761409456443392, -0.5019231909528137, -0.48512331507663364, -1.5480632010760498, -0.42232992839645317, -0.61353587156966, -0.597305123608534, -0.40471471773871953, -0.42188000128065634, -0.5454710236458834, -0.48175561424941066, -0.5225485281572119, -0.5349791080503588, -0.47545695676283806, -0.5993454586650521, -1.5313924724705825, -0.532014526999623, -0.4773173784798855, -0.6000038254419904, -0.6140342289200781, -0.49560563716278644, -0.37541406369812547, -0.5947808471611903, -0.5053758463466397, -0.594639289258756, -0.6005550920255023, -0.5901827475666614, -1.5395655046297168, -0.6074930352852181, -0.5851765902846257, -0.5243163322356751, -0.5245096606267493, -0.6423143892728966, -0.4660459288141954, -0.6192762909848125, -0.6231465747491287, -0.5782519241614186, -0.5539976771879251, -0.5694983151457436, -1.5926549618808687, -0.5070997414776748, -0.46484001872544806, -0.6127865083129451, -0.4740974604758854, -0.5401603307129191, -0.6109321927358727, -0.5779824935534876, -0.6092187095944365, -0.5055425054137593, -0.5172833712254746, -0.4993828152509013, -1.5808652350261336, -0.45877921065920235, -0.4823818168235024, -0.3703696292204986, -0.5390209001811266, -0.5014301324855222, -0.48742117054125284, -0.5028873441714139, -0.4123078583139083, -0.5995769391368374, -0.5894304099564075, -0.5376807370892316, -1.5760045318797726, -0.5868193026786492, -0.43236426731699024, -0.509397339919451, -0.5052941369693006, -0.5539097434597273, -0.4551911735652334, -0.5428053172181478, -0.5235990243371903, -0.5825542720842429, -0.43402271992669733, -0.6681244958472541, -1.495675135493518, -0.6412708196985284, -0.4939717443315696, -0.4752968901767173, -0.4390568016352098, -0.5193814333658359, -0.5568592212758059, -0.3382523156226487, -0.5342030156992994, -0.45841172200789726, -0.5317475299973695, -0.49988252387220644, -1.5585928540300538, -0.6190390557218354],