{"vi_exp": {"vi_seed": 52176, "coeffs": [-0.4490134306243786, -0.4549911059460427, -9.524699385420632, -11.887862159214828, -12.623801175256315, -11.79947090722066, -12.698003582145084, -13.133969556377226, -13.39327745925317, -11.787062505243158, -12.485722585585307, -11.356403986987608, -9.847076962017681, -12.266915151647922, -10.620233867224524, -11.542538945072385, -13.188548908987475, -10.296850808617766, -9.922069216150009, -9.83515309574932, -11.234038627653105, -10.8497856692393, -4.875673172193028, -12.807436042169693, -10.470927889303056, -10.566600297813622, -13.501485759342259, -9.681515560153077, -11.581292292501676, -8.504563877398471, -11.084974133169004, -10.001719600841088, -10.451761617568444, -12.172682035299607, 0.8103657607518001, -10.462219164638773, -10.828490625890721, -11.369592803488695, -11.883754512453487, -11.657631374708794, -11.164798926791985, -12.483389391134232, -14.666286789929803, -8.09942658688247, -7.364872766826398, -8.259568046081766, 0.5067182958582196, -8.958819252237323, -14.514261648326356, -13.061227330302412, -11.201160792855731, -12.00411724444364, -9.496864338638417, -10.598754910908866, -8.204178050081046, -11.534986034239608, -9.500037507708097, -10.327224708275901, 0.24287806471452117, -13.03975467884627, -12.875486588321266, -9.857155436259356, -10.810365326400799, -9.67556348641397, -10.732230452489159, -10.64508889786085, -10.471601893025275, -10.038061721173683, -8.279093578341495, -10.29460136074329, 0.11515851189759985, -10.140131543827218, -10.546668747414548, -9.822275881718632, -12.24609566494954, -10.764380812121951, -11.907378875243612, -9.18151968266318, -11.593222011417339, -12.817104260912359, -9.025136589731684, -11.837104913891777, 0.549437042321094, -9.896918386807124, -10.536634323651715, -13.871888269020262, -8.949580565284753, -8.500486833162787, -11.050725904995524, -11.995630735078027, -11.693751586686464, -11.106572594057015, -9.408551960118976, -11.255423247735822, 0.6222129098538843, -9.769944890534315, -12.057937250996037, -10.54134694711915, -9.195768814293249, -9.439488374528098, -11.323783762470375, -12.454342978510255, -10.734647555118299, -11.639028193580165, -10.544487637487194, -8.789373558799687, 0.6391074475448931, -11.033296307365662, -14.162048161484648, -12.098934650357215, -9.370157386078612, -10.852559998203018, -9.990612401190933, -10.445508190371505, -13.604685134960539, -10.922218452139804, -10.386724909151972, -11.994758683961226, 0.912029212648485, -7.967671348870965, -8.745949603806741, -10.343599515524136, -8.052255774411833, -9.709536461355887, -10.784887406925476, -12.906187391270956, -10.08257391329249, -11.99614203948517, -11.37197811911054, -9.04903129368081, 1.29290871789859, -7.424584175035959, -1.5336462652609906, -1.5581451935655999, -0.5249697282532341, -0.5195780547154949, -0.6252636276502921, -0.5569781533690634, -0.5860265320924799, -0.5666367280804306, -0.47863423811553907, -0.5644745817322969, -0.43472102904153964, -0.4437514714931882, -0.446807517706707, -0.5150631486785963, -0.4038426570458319, -0.5409114388541084, -0.6038636310041121, -0.4293361256215, -0.5544204420074531, -0.4511148638447536, -0.5935074730754296, -0.5104349552861664, -0.44933123065916153, -0.37250430518888206, -0.5830711531126407, -0.5631451360008438, -0.5053740784355656, -0.48409779056452035, -0.44605016242888934, -0.5057289711999499, -0.47159636437146285, -0.43933999651459316, -0.6296712981452545, -0.6472232494579752, -1.548395713334699, -0.5492789354434374, -0.5921189518507571, -0.5898958572207268, -0.5192760706463325, -0.4891324692199444, -0.5060559561080102, -0.5322488708352839, -0.5629357280098589, -0.617537224569541, -0.25327509031297807, -0.4553394438838937, -1.5323437110270774, -0.4643282695674362, -0.6106157921607036, -0.5312268681480442, -0.4362044239621703, -0.5751422528115375, -0.5257701097789232, -0.44068349490269765, -0.4969303508759985, -0.4382932737693479, -0.50074994568034, -0.44314590247623037, -1.5507814896059953, -0.46672093024634764, -0.5563997479235125, -0.5372534852417594, -0.5161701831277489, -0.39799533470299125, -0.5169330479413685, -0.5814375688457347, -0.5418660200554538, -0.33711528987036044, -0.4972510820351896, -0.5324305109120541, -1.5529552920975345, -0.48816884971990937, -0.4504380221896026, -0.585699142832648, -0.6367944295933342, -0.45717633569306415, -0.5637136846385314, -0.5320712913819837, -0.5843436753550951, -0.26701300324461685, -0.3244075796421128, -0.3433857879491264, -1.5591858705744532, -0.5631191593693413, -0.5555978266203387, -0.5521136108256673, -0.4869605946865388, -0.4014049908017126, -0.4535398742199667, -0.5481651197334555, -0.5612043113082763, -0.5700903989281059, -0.4793500658347031, -0.5330919765203428, -1.5026686642192075, -0.424865812720938, -0.5077956341336706, -0.380552212830283, -0.5712400125379279, -0.6320630658707063, -0.5512802384830808, -0.5875893741631537, -0.7269146601689964, -0.5016235245973132, -0.28891822919052007, -0.4812057162254088, -1.5802884738583134, -0.5723348446417402, -0.4555853937709988, -0.5554363983672298, -0.5388184353979655, -0.5177174456104098, -0.5165602165717337, -0.4714816241357818, -0.5689861559895771, -0.46180435856993096, -0.5492877276904967, -0.60001810470954, -1.5141817355561213, -0.4453874863318948, -0.5244085449611277, -0.5958757410686731, -0.4338915046190561, -0.4656363265689698, -0.5876198082450432, -0.33757036871961144, -0.491537547096257, -0.4865810580994331, -0.42017182781425017, -0.5006897133189041, -1.5861883594562949, -0.518449804497067],