{"vi_exp": {"vi_seed": 5151, "coeffs": [-0.08894576512726995, -7.982575029138461, -9.655330509021123, -10.67033644953922, -9.976203760652755, -11.945850069276698, -12.96282211698042, -9.254414375132503, -9.952509395161655, -12.634579337803308, -12.435587229589128, -11.578158554370384, -11.209369933685005, -12.71443583674937, -11.263495300652156, -10.078641126244843, -11.351623104795873, -9.679025218630345, -11.558675702215883, -9.866050746066882, -9.06825679938914, -8.831574740597551, 1.6605612422430578, -11.8064362298071, -13.082829983452868, -12.136569572551918, -9.80384733049512, -11.766276762103798, -11.13020061000362, -9.93995277556647, -9.281780205604566, -12.5472686308226, -10.537099798484444, -8.07173581639467, 1.030533530852652, -10.7621798260518, -12.28632266398626, -11.563415729915635, -11.599792643811407, -11.016566487241183, -11.308373588767573, -12.077509034306928, -10.358401066598377, -11.420955526947273, -10.129953371340083, -9.385070920871263, 0.6702321218497609, -11.256970836989039, -9.43432520818483, -12.470198731693477, -9.634771971287398, -10.526587840808169, -11.611068601052917, -9.354609154159627, -9.090863838527747, -8.06169563800994, -7.852964808565326, -8.435515934866567, 0.4881960432366595, -11.398588301647603, -12.990694345348404, -11.888068001226925, -12.004806721654802, -9.938867421986116, -10.895231299228552, -10.659288375793354, -9.018329159082523, -11.888016335313361, -13.842942243103634, -10.366782111617221, 0.4992848458530923, -13.70156514221937, -11.019757636141287, -10.902622749830552, -10.923670872483907, -10.85840271667422, -8.742180314163711, -9.582095736672576, -12.640236702330622, -11.566119393920403, -12.423699709282015, -9.284589002695963, 0.7149940591707754, -12.096893223343594, -10.595074937993521, -12.383418427415254, -11.283668629511148, -10.731521715650246, -9.250395733515274, -12.405288284491954, -12.843576111686101, -12.399061250105301, -10.605070873329625, -8.715495519766458, 0.6813277512973724, -7.789196032907868, -11.706897539723565, -12.17367642905177, -12.008607592148847, -11.34739939407552, -11.102959128290108, -11.354066201773891, -12.348218389573065, -11.472628697732489, -11.412411000555045, 0.6596751737193683, -9.211197690735078, -11.93622949966214, -10.938891716145205, -11.044934697372838, -9.6620753041998, -9.93033349861729, -11.562478818788318, -12.271228526165945, -12.112497810169428, -10.689255325543451, -12.32305918630888, -10.408470132315903, 0.9203457794885321, -10.637366345112552, -7.164310600736919, -7.609414907943778, -11.841964664304138, -11.689325810763384, -10.409867998042785, -11.125777166235471, -12.346765707512288, -11.482604804978301, -11.004197247695148, -10.623692756447033, 1.3537566729258188, -8.109736714104208, -1.5652123920368228, -0.5716305479514611, -0.6243939968664545, -0.503234701325108, -0.5758204131165595, -0.4558000609227412, -0.5823986814885922, -0.40771516264903374, -0.5381229882807157, -0.4137340865283913, -0.5187981347171075, -0.5721024561298079, -0.4880448478926686, -0.5111281594930458, -0.42764794401715656, -0.5450900650100888, -0.32572072055871715, -0.33443962251574955, -0.5884830378442761, -0.4624345134989608, -0.6122073358647111, -0.5122924794775592, -1.532982654243872, -0.5171167014136389, -0.4012156450293673, -0.47350776084846113, -0.44332095256369725, -0.4969034674982591, -0.4566009749719005, -0.5615747146262072, -0.4537863033233262, -0.5117893961164197, -0.44569228506917874, -0.47572340428715926, -1.5652996394002598, -0.6000641478968365, -0.42196574594792335, -0.49918884818450787, -0.4589239433688173, -0.5066676580954865, -0.5472993387007697, -0.5086632863749033, -0.5610936594632376, -0.45593991794756944, -0.3477787011037678, -0.6509385210601482, -1.537584262533699, -0.4364404655634647, -0.41128965964950137, -0.47793469525531596, -0.389444618229408, -0.505639354158435, -0.609210173171726, -0.2788213699089747, -0.49763235325094124, -0.3807080808323014, -0.4813120522991355, -0.5133990232800771, -1.5451577960785747, -0.4764237895645124, -0.4644725325884293, -0.564783224478619, -0.5102980478271885, -0.6998488750214502, -0.5327620311449038, -0.4124544394168417, -0.48948350732906254, -0.554415780425462, -0.4958119979223605, -0.5547148591841364, -1.5335998209738815, -0.6086886130807592, -0.4574628432564783, -0.481989690252222, -0.4928397497069841, -0.5395205698253642, -0.5670716346634573, -0.5403979142026275, -0.5158258202071127, -0.5539056874569288, -0.6727224971946504, -0.4946516612941495, -1.5420739227309062, -0.5613412008473494, -0.44891119203345875, -0.36842374210653667, -0.4184912775153643, -0.5721875981927838, -0.5748686318165496, -0.4853124410861469, -0.5644210239955506, -0.5421109892074207, -0.5192011864688844, -0.42074288778063273, -1.5628451939842662, -0.3642507511290811, -0.6266727731872619, -0.4644760579302716, -0.5951546499178278, -0.39852506808921306, -0.5011217150650005, -0.5249523579349251, -0.5049896214949137, -0.4951509264722787, -0.4184396313521208, -1.5558531928793469, -0.5122569091824856, -0.4742287079776832, -0.5377307739721835, -0.5837021814887234, -0.4200137277991917, -0.5404130539411236, -0.6052999200561302, -0.5100372931624245, -0.5031965522004328, -0.5211236129055232, -0.35006245261046204, -0.38533601308024834, -1.5640867558238718, -0.5263053720781776, -0.5259908909149307, -0.4798217663929542, -0.5186558988824921, -0.5472315742003032, -0.5688735281990925, -0.5022687682006208, -0.5333535987552305, -0.44330955330334215, -0.3430975694144126, -0.5462261431229368, -1.5275630311390753, -0.4859577903122229],