{"vi_exp": {"vi_seed": 24990, "coeffs": [0.0878120015988304, 0.08787108992275412, -6.69328637627079, -5.937084849913445, -10.28424611468155, -9.248964112794337, -12.775425257607079, -12.651985303668937, -11.2294705180857, -10.68090239139616, -10.448426836339602, -10.562330443736286, -10.725770350348386, -14.320938043258707, -11.164266896902921, -12.456941103983883, -10.547364227506701, -10.756434571643517, -11.477955975696526, -9.300318116829384, -9.677123104858346, -10.132629631762835, -7.455499030190058, -13.222910745374698, -14.754619425236234, -10.454921512342997, -10.000837338801222, -12.59426039293027, -13.98026835016735, -10.56759866228495, -12.090385731752038, -9.42918033815774, -9.500563356900908, -11.013875260074562, 1.228494271711557, -10.274011351582283, -9.406841859131578, -11.168520136124112, -11.971084372705498, -12.86156555442503, -11.04072894773487, -11.033067570028559, -12.654145503785257, -10.921471020375632, -6.642010012116816, 1.184536881138338, -9.891924440139983, -13.416834561197742, -11.879720555453904, -9.27037755679182, -10.605953331229452, -11.234224319540338, -14.040788547178359, -14.83950207511713, -7.906303310726777, -8.72616039919559, -8.376239106292592, -9.60129976451059, 0.6795903934257029, -10.349291293062352, -10.618809721076591, -12.376459312807237, -13.389248568501609, -11.852941447445957, -10.009539587256937, -10.732289732999439, -8.02021476505707, -10.260774803841093, -11.762264400569848, -11.203740873433883, 0.6122309304324843, -12.116619231819982, -10.635566650073875, -11.436236815907405, -10.177757068354289, -9.955862585638485, -9.846935386046793, -10.740360953286693, -9.792065438307354, -10.979454331864883, -12.159643026026314, -10.450161915554755, 0.6750537566203666, -10.62381256709825, -8.719983283914818, -13.884663597971423, -12.771056318193493, -7.128917059067236, -10.576704828845095, -11.21477959082387, -9.178298723510109, -9.918303060641566, -8.733124930010282, 0.7016653342173362, -6.652390187974798, -11.21612892618003, -9.045700968867513, -8.670137132001656, -7.747567841092928, -8.563458934202758, -9.556811180672119, -11.041247051667245, -11.65829868968398, -10.756848169587826, -8.41830527325708, 0.7549002690748737, -10.702718498292953, -10.86758898072143, -8.762863855520017, -8.86144306156734, -10.16684698761315, -6.344275511257086, -8.449160971184059, -9.615039465391723, -11.507630233092458, -10.240260397224878, -9.564996752844335, 0.8245202393194533, -8.180955991772336, -11.496925167264141, -10.179803143188241, -11.108838653331176, -10.078869493702989, -9.772904791216487, -11.685652216255841, -9.662489285370429, -9.468054191004864, -11.048909370994416, -10.65732869559824, -8.903318661829127, 0.5402398795738235, 2.99385221106813, -1.5132845732801565, -1.5649505352827706, -0.4806930554824094, -0.48171999688141964, -0.4477400927551639, -0.5014803851336086, -0.6210785492184799, -0.6254054086153668, -0.3894916238265078, -0.5632292337939399, -0.45982214284390555, -0.6129126647860152, -0.3718435749485485, -0.4764729817382127, -0.5745425072502495, -0.515190352574032, -0.4051485977552691, -0.5722315982846105, -0.5771693022193026, -0.5654145136588301, -0.4926503578313587, -0.47791927862649775, -0.543948659464547, -0.5472154495561682, -0.5838145863397459, -0.40383037332121446, -0.6409967379718485, -0.5113141099977415, -0.601193248372383, -0.5765372833387604, -0.48998954793782556, -0.4486837844489693, -0.5010895787359719, -0.4751985147773069, -1.5285725382670545, -0.423719354845854, -0.497924082624082, -0.44358929875586156, -0.5484921487873228, -0.5514304855946243, -0.508396717324088, -0.4933509951770744, -0.5896958801492851, -0.5408296428804541, -0.4758145372527882, -1.5394020563349453, -0.6438620674316122, -0.6240257043825596, -0.43609180065575237, -0.5293203738324432, -0.48418835291747664, -0.5734855288705265, -0.4435773212487763, -0.46695209724638764, -0.48054796305292297, -0.4727530699654716, -0.6723919704112982, -0.3838952983609862, -1.565916188042998, -0.46798024702572016, -0.40917471327526606, -0.5706880195129863, -0.39765001185815557, -0.546500892971511, -0.4793534470438233, -0.49434064345504, -0.484019105798589, -0.5119187002616956, -0.4291156293213441, -0.5682082578153331, -1.5420110940486758, -0.6304053269388881, -0.5425850545680259, -0.6260142461125912, -0.5233267506634179, -0.47938529395581647, -0.33891612239196417, -0.5898644428059605, -0.51938089081001, -0.6314942732799996, -0.6968565168158084, -0.44616002090491336, -1.5759501005752734, -0.4758830453498212, -0.61732747666336, -0.4765365031663464, -0.5679065576739256, -0.3480681982469375, -0.5856922471951526, -0.5302476020948265, -0.3422056572608859, -0.5557447056252716, -0.45929918429659206, -1.5049242417889201, -0.5250458793626711, -0.45978864414058934, -0.6056243386844731, -0.465743361502671, -0.5280573229956586, -0.4327309467532001, -0.5089108117603243, -0.4272053643324523, -0.5508824199769833, -0.4797278464024765, -0.5054871954253186, -1.5089810590731951, -0.44904991311990766, -0.5182087679028498, -0.45778229707944995, -0.4633307166742059, -0.3902473466545038, -0.3920811928625132, -0.46204247938402737, -0.4778397499022027, -0.37239427519679813, -0.46583181785010347, -0.6579059464955371, -1.529854605871445, -0.4780017510588768, -0.6071274672332301, -0.4934761973038292, -0.4752310871342553, -0.5342845197951022, -0.42866913922838296, -0.5363188961459894, -0.507744718335274, -0.42447987686780897, -0.4450352373883526, -0.5507318815070459, -0.59384686314399, -1.2662917677894476, -1.1127282844091715],