{"vi_exp": {"vi_seed": 17741, "coeffs": [-0.2007283330441812, -0.21160319047628537, -8.78717206676901, -8.496473508929533, -12.330723731278054, -13.119722647643336, -12.328445498817251, -12.474994565377633, -12.933528607214098, -11.54556610870378, -12.01097025438489, -8.535112968880991, -11.603883661745146, -11.765176172259155, -11.597949277007277, -12.614702249229406, -11.336223562962774, -9.004364874824677, -10.908929001649716, -10.065421696841712, -11.586279557630347, -10.223723994229971, -7.5992780781568445, -10.78473700679326, -9.472397191307913, -11.1915420241559, -10.977939530993414, -8.829404261811868, -10.44939688564316, -10.898333281311189, -12.012640490218336, -10.841817824000916, -9.591350080732264, -10.92475504120357, 0.9268559454570765, -10.562250711668732, -11.708167205560203, -13.13824437767799, -10.882926650765974, -11.047566545276622, -14.071117766158189, -11.163536770365422, -9.701506913723795, -9.339818575378969, -8.827245296335782, -10.367946427528612, 0.5761420645602028, -13.687444012465882, -10.80571572225932, -12.903763455928642, -11.564690312222238, -11.852788974483213, -9.850665933850266, -10.215436122061279, -10.297335011106972, -8.178301645442728, -7.20459833147789, -8.719570862043547, 0.35003760618312885, -8.24945812067244, -8.451981962772734, -11.439434816933716, -11.653549656027288, -12.28701613656545, -9.067079543724066, -9.041434898894927, -10.650445019967473, -9.113520050707526, -10.62861723541347, -12.097023559160913, 0.5320179002283486, -9.591805446527673, -13.267837158727493, -9.552794774693949, -10.923872151748393, -9.817570614310538, -9.513848800130159, -9.507080575529635, -10.947801640767223, -12.26455476787112, -9.85947744753074, -12.5850629114011, 0.7698218421559981, -11.877966777518576, -10.596106991999108, -12.080656317582994, -12.224854080459542, -10.465680209126173, -10.32477020369503, -11.766691299599579, -9.640056842829102, -12.325596605683362, -12.340386819450892, -11.326506469741147, 0.844962270300115, -11.268107722829853, -12.195824625002428, -10.370414207558134, -11.230816896377977, -10.41406404431487, -11.157039994706029, -10.311533200064805, -9.501457584588694, -10.040320503620372, -9.219196717427636, -10.622230953917208, 0.89514108753684, -12.178706947775614, -8.824636775868818, -9.236175611446647, -9.752606891241733, -11.454943330234894, -12.717524541719026, -12.297911910273603, -9.643480418473894, -10.547215593885483, -10.090292715057041, -8.167774477134762, 0.9996499806157269, -10.816556023233266, -7.3350012828299915, -10.867561340302178, -10.217533945080024, -11.772460353092786, -10.666995920917797, -11.002272576374653, -11.952723289256348, -11.44196297088583, -12.197259455415528, -10.128054159519651, 1.2805942719719023, -7.9437772589812825, -1.5763883773710372, -1.5344952981113456, -0.6121475304726658, -0.41852140891940276, -0.5753330593740318, -0.4434184781805248, -0.5870498599728933, -0.43414844448241297, -0.48765364571124714, -0.6035354625092534, -0.577682194558748, -0.5257897448315744, -0.5666016574745694, -0.5820876189457006, -0.5857808853288013, -0.5165702487174811, -0.4459211119595888, -0.497496031547405, -0.57553290314137, -0.2250127723849259, -0.4856505057529117, -0.46537971489163144, -0.5772213376977846, -0.5507267503556554, -0.4825473207909112, -0.5775932158350306, -0.5334184842857199, -0.48767732255553353, -0.4045382011129078, -0.5631398981968595, -0.531947703613797, -0.49564433848822914, -0.39808749712944147, -0.5654433437365882, -1.5329542197613844, -0.4553396997803576, -0.4756684028933396, -0.6487242903030214, -0.5542652415848199, -0.560313629710029, -0.38670274573335717, -0.48115536016102917, -0.5633604806589304, -0.441474913025945, -0.4944069154482395, -0.5155038655183185, -1.556518402818576, -0.4780975507149431, -0.5412219637677786, -0.5062281272414746, -0.5199556210153853, -0.4512986910171564, -0.37062016343416704, -0.43959579180858355, -0.4951366811937436, -0.5066809326775416, -0.5147583749027164, -0.4727727001896312, -1.529377043662752, -0.5252223882406722, -0.5134694621590541, -0.43911870157892113, -0.5847001957285174, -0.5479551384848254, -0.42368404320292924, -0.35176385349907635, -0.48195115281086204, -0.437053059464728, -0.6504889466549233, -0.4942392509208289, -1.5625524837987832, -0.45393588240231747, -0.5642496180444498, -0.5079955100029467, -0.4734728673476704, -0.5520960791113998, -0.4572057674803748, -0.5803052417693254, -0.5031773079633317, -0.46643333537926146, -0.62231759088794, -0.5155780242603358, -1.554063235474583, -0.5273572841945547, -0.5466083884735273, -0.5722524682147357, -0.2690686879676115, -0.5860598160635805, -0.468018165352823, -0.5871861725456275, -0.31744963372737733, -0.4728905942958062, -0.6106245564524443, -0.5960292262254342, -1.5475139069740114, -0.4931059221785098, -0.46124690757096065, -0.5484027560128754, -0.38927675976340287, -0.591815938279312, -0.5294764917673284, -0.39831867907052265, -0.5711552253148525, -0.3991862971480898, -0.49316029484705126, -0.48818189465412754, -1.568392555187341, -0.5882253090524839, -0.5422979944359578, -0.6665053465146404, -0.42431668175855397, -0.25051953066441945, -0.5105374260621853, -0.6101534243830425, -0.39865290682929666, -0.5540898869499065, -0.5594529260984699, -0.4234795448052624, -1.5688439328822874, -0.5545666608259895, -0.5005345945576684, -0.5083351091324906, -0.34712540543705267, -0.37772659888877314, -0.49486468747963913, -0.5023494544251838, -0.46263967064035544, -0.6080691894635533, -0.5104584576533937, -0.4534826234252876, -1.5541514902617752, -0.5621256264799799],