{"vi_exp": {"vi_seed": 49966, "coeffs": [-0.39139610791823237, -0.40386400505678727, -10.10807319119551, -11.160244804927363, -10.700973382226428, -10.185371618928913, -12.887786726348619, -12.21362160581507, -15.000218287511457, -11.727739102504133, -10.573775424463006, -12.201243893723476, -11.30795976332526, -8.339142543559324, -11.934277385568794, -11.176929722323237, -10.270254001921472, -11.055178648477238, -12.068316046748349, -12.314923916689278, -11.394625000988231, -10.770743476102352, -6.102849124598879, -11.36126938300388, -10.385753396211204, -13.507117888887414, -12.784717922609719, -10.256276748337113, -10.888274100367921, -10.035707518557954, -10.176703103242293, -11.981637449504994, -9.038461677074105, -8.48866986782825, 0.9189351090384267, -11.678356533414656, -11.444382725017661, -12.124539256608749, -11.14155236611337, -10.395646053185107, -10.74747370968192, -12.015484789301231, -9.868831261776247, -10.095818522026105, -9.647963492792206, 0.8961835733058195, -10.125982865932995, -11.329637107236591, -11.541141049593932, -7.817015185848296, -11.73608139784718, -11.59272737924916, -12.190307231321055, -12.884349497573892, -6.513225002847739, -8.590245378823267, -9.706914232314018, -8.139926931645723, 0.311902707113269, -9.96494915372146, -11.375795175492508, -12.039760440926155, -11.199609873711044, -11.541649271921896, -13.646610107328142, -11.294889975638712, -10.190138966618106, -10.8075724655436, -13.069618036514736, -13.747511571689854, 0.42107520291499706, -10.532255583088908, -10.724737610165885, -12.68788911515645, -12.725712052959583, -12.371193174495746, -8.635437525307198, -9.98993302440768, -11.31519948764469, -8.831583796638256, -11.27130768003046, -11.127270973043478, 0.5545573188927498, -10.5311319472459, -10.735619758084008, -12.015780689855879, -9.286396473141208, -11.0080349850189, -8.449790081646302, -10.657354156481295, -12.13943283956054, -9.672497770215609, -8.120148943082214, -8.28812049314842, 0.686412513722905, -9.68949354579281, -11.456185422412549, -9.6630804762457, -8.159819727840306, -9.472206965121261, -12.098151620432605, -12.146067666134321, -12.661794524711986, -11.08615125864774, -10.42849917165699, -11.253307990243416, 0.8039309086801943, -9.175886225248243, -11.893007600511062, -7.23296464585525, -12.619693198713424, -11.374851986603263, -12.826099075076115, -11.872009103675705, -12.565665371880982, -11.873294228481727, -9.245072277104535, -11.321545257549078, 0.9330835923136691, -8.41664526544707, -11.579574029614275, -10.29605806862533, -11.363635813629337, -9.695060232846624, -12.40897701554194, -11.157070521733447, -13.904211251281932, -9.534323688799557, -14.769134472793759, -9.744462541623065, 0.9309369577783729, 1.8382426967705383, -1.56178506439466, -1.5374800571880791, -0.44271434264447973, -0.5341358564324286, -0.49140226976427503, -0.6233098262608258, -0.47677124754893035, -0.5254129623216588, -0.6997925438830345, -0.47818061714594684, -0.4537628434359584, -0.5550036560479388, -0.4980256653719737, -0.3731028559359731, -0.4552957515535562, -0.6057084162162977, -0.49159504899934686, -0.48902019720698725, -0.5179306397914015, -0.504554992406728, -0.5442745895243466, -0.551993719046978, -0.40788228091823, -0.5390346741569877, -0.600681475334824, -0.5660973504024219, -0.6784640141854279, -0.5047168712975009, -0.6509757534404537, -0.563584490395238, -0.5111652356951617, -0.575307307759869, -0.5727243554375733, -0.6141811840925266, -1.545018248608017, -0.2694169569614786, -0.5135484560697097, -0.5043207452860993, -0.5551782828457095, -0.40532884261148183, -0.48418731787444047, -0.5379226266163544, -0.47933463233630075, -0.3431699057880079, -0.49003126845633094, -1.5513911264079008, -0.39126235121569325, -0.4620569427766623, -0.34439914595763077, -0.4825596573512757, -0.43956620159113236, -0.516199424898264, -0.691930127891395, -0.4477572641032137, -0.41537079638475355, -0.5812541955073415, -0.6076173299472457, -0.44307495360439664, -1.5536416385303702, -0.39794468027759294, -0.5443287435807495, -0.5030031801407053, -0.43256657509820073, -0.5632027655981938, -0.5544915212984854, -0.46250742023509045, -0.5401889818888295, -0.5839657154016095, -0.6716108545966063, -0.4794652740272712, -1.5500307874335866, -0.5439316589438433, -0.5151157206927077, -0.5573992163949559, -0.6906411108763844, -0.4858669926001539, -0.6098353430952076, -0.4156858498899336, -0.5153904158517596, -0.4812453428042083, -0.6438214664177149, -0.396999874234637, -1.571142307502223, -0.4951228893411695, -0.4744616196924105, -0.4910853613888749, -0.2906093848742257, -0.5531844919058257, -0.3511520700758873, -0.49952551475603285, -0.5583630533228698, -0.34474599664209765, -0.478135799780482, -0.3955933153150883, -1.5601187048342784, -0.4514156762244812, -0.567849196648775, -0.5641105346854887, -0.5910339823780613, -0.5620032104861966, -0.5677539098305846, -0.3754331595613441, -0.551620857103133, -0.45248811990314647, -0.493005408489954, -0.5502911499437136, -1.5548966762160357, -0.5032034008285223, -0.5730078336990397, -0.5258239998372423, -0.6454639482368477, -0.609027141577887, -0.578709447010042, -0.3382998340311219, -0.6606786786859106, -0.4544833983115584, -0.59219376817807, -0.4592433104339309, -1.5389293278570375, -0.5667845083389781, -0.5465420988016442, -0.42328463369630503, -0.6033791781359481, -0.5730083865773165, -0.5782343492104983, -0.5435752040688585, -0.4797982322462493, -0.5054491582090038, -0.5284762163327822, -0.3407504968191296, -1.2829017077407003, -0.8744324826216103],