{"vi_exp": {"vi_seed": 52786, "coeffs": [-0.3842538502332632, -0.36440916288121905, -11.45654645657883, -11.299176627537236, -11.871632723521902, -9.552223653479619, -13.298664241654858, -11.531506485908292, -11.048890708089216, -12.961191398143734, -12.89833074421367, -10.250149713509737, -9.806233564622751, -12.223576766598528, -9.4304870231587, -11.787335610412285, -11.463009711686734, -12.777697706316209, -10.403805013084497, -11.793075455547024, -10.877840675658458, -9.87235919791391, -6.452647556784146, -11.519416248469184, -10.490978897215946, -10.2318071847591, -10.12404618670142, -13.065831686725552, -10.253005903941032, -10.629365412235297, -11.889606255991444, -10.250835343197997, -7.450784639796771, -9.040911701757572, 0.9476511455465675, -10.71119161464855, -11.9946168714113, -13.10916106391473, -10.689982939713568, -12.373685698065486, -13.636835988712537, -9.98284194250968, -12.008276883387131, -9.288079681980031, -8.96644033919744, -10.204500357268557, 0.6425267571804372, -11.67399208568021, -10.37248823960711, -9.97110698227376, -10.960707205801953, -12.90960469655441, -10.67553291450591, -10.528211477755557, -10.028847809820231, -10.274768189918648, -10.598482408503347, -8.506103018451634, 0.41979122363921967, -9.354784963338961, -11.431328921338894, -11.697863752114094, -10.823620972031328, -12.202123749391692, -11.526057267094421, -10.874342629862728, -9.41059648108161, -9.174872307240989, -11.785917843977868, -10.531062162609095, 0.5648257235512593, -10.481784821450544, -8.844937859379375, -10.006010982595201, -9.579548769138416, -10.262904837054371, -9.051585021846025, -13.381860423047966, -11.313834304118883, -9.730454343106313, -11.369769738823221, -7.769991866250602, 0.6612612273768254, -10.615755985699135, -11.76593739089922, -10.658902141174794, -11.538291542337255, -10.895665418892351, -9.985911975411806, -10.338689043199098, -8.534611951202773, -9.508792096278393, -10.770782505204709, -10.958510288891341, 0.7288650328583065, -9.211259565428394, -12.55583711362775, -8.225797842075007, -7.3761996749617555, -11.942579675188775, -8.105507343254931, -10.96195783240202, -13.131398147374757, -11.282967201094367, -12.872875049362895, 0.7106109692811852, -6.8717020732514404, -6.547881865764447, -11.658952284691708, -12.097098552679546, -9.252798758344776, -12.19262337272525, -12.388439104652747, -10.406667166162816, -12.497143293624923, -9.588902100508282, -11.916937912311331, -11.06055880848311, 0.7954841131763155, -9.891036693931618, -10.665951542683, -7.816038427524572, -11.89115021475492, -11.369623413793553, -10.026963034656275, -10.248044697485494, -10.45442131377304, -10.703369935672391, -12.380113575798227, -9.498425752502857, 1.219986062024304, -8.797964725456112, -1.5438918417629495, -1.5423474155185217, -0.47021707394727363, -0.34021328014182395, -0.4663202525658372, -0.5852324609131045, -0.4891886272585122, -0.5045816405933423, -0.46632243882665875, -0.5396359272453248, -0.31553583213147335, -0.47484401012689204, -0.6286594849095626, -0.5257360801354105, -0.49882032531744375, -0.6046889426665347, -0.5454683462116771, -0.5164197443433374, -0.5153481653622507, -0.5134113520606366, -0.5813585615055757, -0.4162484127091736, -0.5855635184945585, -0.6205741374657323, -0.5580424454485605, -0.5101955851529629, -0.4414753194201867, -0.5714190572559453, -0.43436461368087265, -0.4946488917101463, -0.509422076560756, -0.6488309553312432, -0.46268559291682154, -0.45057603186638534, -1.552990626600715, -0.5459625938620533, -0.5817619282561455, -0.4742858297558463, -0.44314530006337244, -0.46384076432960114, -0.5272461995618429, -0.48108464616443863, -0.5383780848540882, -0.5800350273239415, -0.49361957729778344, -0.4605098301166161, -1.5688794800168118, -0.4950275885071902, -0.5446495183860273, -0.5376721510774514, -0.4755548561799419, -0.4028570955964204, -0.5579912551143023, -0.45970939159181684, -0.4412416029507731, -0.44929455311680366, -0.41340049005038476, -0.57771622122105, -1.5493446985243347, -0.48610571109289114, -0.4680278642931724, -0.5580051965611533, -0.5914608152020951, -0.61283879945861, -0.3825252796959219, -0.536953993831225, -0.6574095759077725, -0.4996191090012022, -0.5269939959337698, -0.4660656313363044, -1.5645748475408279, -0.46469558008304923, -0.496710168237695, -0.5604730741126408, -0.37201072843554384, -0.49481826990330097, -0.507945557810099, -0.6191824048202251, -0.5899310929219955, -0.5715538197720462, -0.4353046816993454, -0.43004468953046776, -1.565939909082057, -0.4559391753663001, -0.6196114753896907, -0.4393143448079279, -0.526512372223792, -0.4573857817048663, -0.5252987063825256, -0.5753805459980099, -0.5679763965036778, -0.45773914223663975, -0.6386534781398868, -0.3954206436549071, -1.566984507258996, -0.628104448905807, -0.4620586934026553, -0.453218739054224, -0.5537980697806798, -0.6630300623786858, -0.4459465815983271, -0.43502425716386384, -0.5892331302419282, -0.5150530498760686, -0.5047099361880695, -1.532190353005358, -0.5473511391135812, -0.41085613240696384, -0.6539632113209519, -0.5384373491952493, -0.6127662927310245, -0.5885616042302284, -0.6078951101817, -0.5431694371732283, -0.5225796211306167, -0.47424520160517813, -0.47951610967775066, -0.5429777319049615, -1.5580074338039778, -0.5322237293782258, -0.5178602364292302, -0.31408448067030464, -0.414877025920997, -0.5078895010645782, -0.591933812195202, -0.2909950248916563, -0.6213729490497079, -0.5046003252138773, -0.6663011356877616, -0.5255916100716544, -1.5354654557454923, -0.36566272942707423],