{"vi_exp": {"vi_seed": 43945, "coeffs": [-0.8706513458741841, -9.104904568167738, -11.432882204838334, -10.481709224133796, -10.811054243659635, -9.688069512054252, -10.303287345097077, -13.539185862403018, -13.175580426949683, -11.127811261818813, -11.061168550352416, -10.376724164524372, -11.272434428286962, -11.513782293297538, -12.453630015015012, -11.342877367338392, -12.981868636757733, -11.793239897327997, -12.379067221631145, -14.481870715743923, -12.59765939330527, -9.628552638262292, 0.9802392355461272, -8.909314138173773, -11.409262794069319, -12.276453054822774, -11.74475283424952, -14.29636697989981, -13.21436206683691, -13.544874630051007, -11.493780505000526, -10.103856773190582, -10.63904416536889, -8.16451987143063, 0.3054282155808488, -10.052406964181255, -11.861342797983188, -13.554903263129292, -11.19632719730417, -11.273093948055479, -10.276802499436585, -9.202486401175369, -9.825971604245604, -10.405941862311877, -7.948202889049814, -11.595755184105583, -0.07368149770234354, -10.346263020273, -13.376741023369128, -10.976924649124665, -10.096522158218066, -12.567731442906675, -10.964126035609823, -9.267376173714634, -9.456691881497967, -9.700293367199686, -6.989644103954494, -7.9163244093884675, -0.2826253440453295, -11.483737317788176, -10.69638076319799, -11.370119512350895, -11.624768527850044, -13.65918594680942, -12.981355770196727, -9.838822122955367, -9.694820517802862, -10.582013474120483, -8.91942751363996, -10.97274580471895, -0.2803206717600886, -10.892067152604877, -12.088982635509756, -10.161369960439469, -12.30009265409563, -11.93669880738489, -12.48349847187698, -10.622812401726609, -9.907248743074309, -11.840232330191922, -10.751307177069043, -9.626052581828104, 0.05898237146257485, -11.642350318283707, -10.23323339197058, -11.148969838556877, -10.528965769302916, -9.382027849165752, -10.782193838579376, -11.365615886616602, -9.695028606468176, -11.16892535983759, -12.577863768454051, -12.672217778755435, 0.4709677804782381, -14.777240022355425, -14.306857993909968, -9.19476215227674, -8.881829740486237, -9.824375454741837, -12.796357731654435, -11.051064593835433, -13.053057185935462, -8.92219149829898, -10.826076017642936, -10.423369624302774, 0.5548654127830893, -10.85029363138128, -11.821078433097176, -12.533361186613115, -12.5163444436158, -11.576341707185488, -11.300027071851984, -11.805972729372392, -11.523114442424252, -10.627661533893294, -8.776637015662079, -10.056611171827898, 0.620301370971219, -11.753399424612883, -12.219949481911124, -9.173113439586437, -12.979738354675494, -12.109030469660881, -13.973975728203937, -13.377616518793166, -10.869758476850965, -12.07991420527733, -10.233833353985334, -8.57111337863344, 0.5956472650014772, 1.9171030882775875, -1.5255484636651044, -0.5821087167533884, -0.43290723672365417, -0.49303676512851763, -0.4409358370345702, -0.391038144498892, -0.5464072378564269, -0.5276818517703148, -0.5488289763050174, -0.42858961300417237, -0.5636970352448963, -0.4918205009041606, -0.4878723698105509, -0.3274136751525876, -0.5927564151315091, -0.5450924098137494, -0.4285123055674045, -0.4271077632489813, -0.5768534014417863, -0.6101704965166168, -0.4928892681785611, -0.5075990073683846, -1.5759208640586437, -0.3567827032241813, -0.6056140453421875, -0.5300837213751454, -0.5210871397173518, -0.556662241041641, -0.5050635155807214, -0.5160343985886059, -0.32459614989962915, -0.6173337387664392, -0.5528154724988932, -0.5981572342126621, -1.5633526887864961, -0.4515791274553453, -0.5685531296203341, -0.49096068286476896, -0.4965799206974288, -0.41324478805629644, -0.5609528290992516, -0.5152420945474913, -0.44697023453000406, -0.5151188624467566, -0.4826304252653167, -0.5665999192391437, -1.518238895030333, -0.5112578336633133, -0.5520032018304738, -0.5152374063205509, -0.5735203125322446, -0.5877990166832981, -0.5206098960090622, -0.26295792281785685, -0.4879292828068103, -0.6512018559321104, -0.43773670506622087, -0.5958676263830402, -1.5552474453802965, -0.5049352638251424, -0.5759433302937705, -0.6076156734848306, -0.5233999279351567, -0.5298677677274642, -0.5165471117419592, -0.5005805542966305, -0.7464544621775715, -0.4882917441810717, -0.4625209177058182, -0.5533652671144328, -1.5350143358217698, -0.4491750426714469, -0.5359411045528357, -0.43030325914006107, -0.42474232092927644, -0.6265824739986261, -0.5851864928976829, -0.5114388387068332, -0.6143201412895247, -0.5170292741545555, -0.4709227994023055, -0.540484238181352, -1.551164283442587, -0.5311430358047541, -0.46713615558972243, -0.44572834939922806, -0.5203031039717192, -0.45291233444275464, -0.6054544354893645, -0.5506574838869868, -0.47922415090950177, -0.634771236051569, -0.48518461718950284, -0.5507385603390951, -1.5440427885593704, -0.6292741840707103, -0.4743325993702085, -0.4434167354990607, -0.5121570140797862, -0.3501599000790325, -0.43282367523421583, -0.5421130611253776, -0.5508981585594636, -0.5265814819440963, -0.34360774157441004, -0.483445982406166, -1.5308105682083746, -0.48719666368395287, -0.40061185472949395, -0.4395487978964953, -0.5748021627697314, -0.6503455752969776, -0.5472819824612896, -0.5163375064641615, -0.5368603145081995, -0.5368736618231619, -0.5830527424835816, -0.4704088164245696, -1.5588087901118843, -0.47045142585117355, -0.6868008296733755, -0.3160823154825512, -0.5002006824251756, -0.6527390795083691, -0.615801937198922, -0.4549410284844044, -0.3642979265104694, -0.3966061081462978, -0.5057585494491181, -0.5359527022966848, -1.237319785699295, -0.9676576030458037],