{"vi_exp": {"vi_seed": 1089, "coeffs": [-1.6134819901855022, -11.810104031325125, -11.312190750184246, -10.102309704004075, -10.498114228435703, -11.452753400913224, -12.583718013825129, -10.541930364369845, -13.30592063529493, -10.981350947555352, -11.911698168889032, -12.95484235717146, -12.023993901894103, -10.453226791735268, -12.546190486328186, -11.119321137386692, -12.859028505392581, -11.98968548625265, -12.526549864488828, -14.106425091061691, -13.910196819280028, -9.773749738359557, 0.45923752494736886, -11.502171137299538, -13.145680432785896, -13.816782229411672, -12.140991692035128, -12.513759514483748, -11.62558033642113, -13.716648885499474, -11.468714442052079, -10.833373071191861, -8.640507464675009, -10.35047698907257, -0.16461856046410916, -11.650950259115145, -10.734716146491143, -12.186979304799843, -14.783352118602647, -10.567610105070461, -11.846737673044043, -13.600904683593448, -12.594047674821507, -9.821997367432022, -10.87750085965455, -8.592543817939502, -0.5461894418228815, -11.563965162398084, -11.237528842257023, -12.438468984306116, -13.75225637772095, -11.952700482199647, -12.261712981555231, -12.551375713984239, -10.768655636921173, -11.876430216592254, -9.535012359162712, -10.847652859121894, -0.7727390306633015, -9.551022534289995, -13.190790057684264, -12.951612589186864, -13.699602103136685, -13.223731641617324, -8.336681328002854, -10.168149841109216, -11.402271964467905, -11.808733193475637, -9.390460879168126, -10.509710429681531, -0.8435704163753123, -12.408774556703802, -11.63876777258129, -9.47888508748501, -10.592524074764102, -12.83314704746968, -11.50625376717325, -11.417867522674346, -12.852570217461409, -13.252114521978644, -11.917491267582495, -11.170792148859974, -0.773742940632135, -10.924811254658117, -14.904321649753301, -13.39662139476973, -10.911580152973068, -8.282220748286123, -11.671818681608858, -10.013759416548027, -12.376627522878294, -13.896779585075565, -10.337596849065605, -8.594035162610927, -0.8035256371382742, -11.426355216003994, -12.758867488862, -9.989611895441232, -13.259559930420522, -11.360318938947058, -11.291251255119944, -12.538416893175068, -11.29719045113504, -11.29705267707766, -10.0097601156848, -9.717728966025835, -0.7902474759272101, -12.266159201083065, -12.277213483037448, -11.070309214294776, -11.939084847326106, -12.979306929727933, -12.893453238631535, -11.454012702668438, -12.183571323647483, -10.695046868746376, -8.803568677215175, -10.537862386421088, -0.7622829582118155, -11.9691106546923, -8.738887616697127, -9.930453251488476, -11.40457660482373, -11.81460640895706, -10.879060017289698, -11.23754591161424, -12.708803541489731, -10.288198474697836, -10.293530118559714, -12.534563675412077, -1.1580569334313366, 2.5027387983565506, -1.5604373282622301, -0.5292971700456897, -0.5753673052862702, -0.47631130891627704, -0.4820359332519032, -0.5426532892368737, -0.6004862829014326, -0.5197241422796502, -0.6326259884092551, -0.5597773955004424, -0.473107107752942, -0.43495526825002445, -0.5126873359298695, -0.5564493358008744, -0.5135456067734064, -0.4593768928516568, -0.5624195257031195, -0.5883967897336002, -0.46415670011275956, -0.5517050615134211, -0.48153401400561685, -0.5439603118485058, -1.580517399750804, -0.6787904492437354, -0.5801703258550047, -0.4153404603125922, -0.6468770458050278, -0.49583107961718637, -0.6372408633579658, -0.5403400933657647, -0.48403067151246965, -0.35112183020559423, -0.5742096261173736, -0.6311804260143383, -1.5383307795592756, -0.5371406796998979, -0.48858564611783317, -0.435664222930921, -0.47792169332055984, -0.44644075678128914, -0.39000151983247566, -0.499087875798846, -0.639807665482151, -0.453607010284187, -0.45999256350697376, -0.4423063684722669, -1.5577747583029216, -0.5030877885863679, -0.48818189130850403, -0.4470767728309184, -0.4675936510765817, -0.4158743024327515, -0.6134098117792911, -0.6109280668705787, -0.4657722694375685, -0.5677223074733676, -0.4721459411308764, -0.5216643638517657, -1.5092316130558778, -0.5092119929479596, -0.6261062691610954, -0.4681670037836674, -0.6598546932309387, -0.4318628991741466, -0.3959913886201194, -0.5285904558365828, -0.4287238292642772, -0.3462809771959047, -0.49295848809131, -0.5479321360864144, -1.5439843860563525, -0.5310686810950457, -0.5669441578172433, -0.47895209233766967, -0.5877991729329144, -0.4531867230477839, -0.5911965083673448, -0.48459378049821067, -0.45552361931770796, -0.62467387131233, -0.508708279761964, -0.563535844603779, -1.5078096220950603, -0.5500363090121758, -0.5261436144333346, -0.6059580199687085, -0.5311563929515274, -0.5185032978616322, -0.41581840103721596, -0.5042161865970219, -0.6168323895072293, -0.6361734921057821, -0.43634538777735, -0.4371420562763636, -1.5470502032969742, -0.598114044120615, -0.5631413555560012, -0.45974510953988906, -0.5792640871488236, -0.5470400015725583, -0.56901915275604, -0.47205514362610923, -0.45550929723579475, -0.5070787296328807, -0.43470666927037716, -0.46788851373175294, -1.5471503556934274, -0.40785904850531385, -0.6251190161904343, -0.35394977693407603, -0.49309647811043483, -0.5407130293096947, -0.45143802589830995, -0.46751230824512946, -0.575846399915426, -0.5527564953999368, -0.5713086840569978, -0.4514906924138384, -1.5183596905912264, -0.6213226987849366, -0.6812546837488245, -0.2785828728383316, -0.5538808914645842, -0.5806173377253364, -0.6496292681038321, -0.39046516524380503, -0.3958167665648, -0.617285684178717, -0.552534811154831, -0.51134831153727, -1.2544922781929282, -1.1964666639448367],