{"vi_exp": {"vi_seed": 40334, "coeffs": [-0.7609950891212808, -9.350512434326976, -10.288506488758793, -8.634742055394852, -11.034435016616493, -11.817586907948346, -12.171762956557837, -11.169366081868516, -12.117335494613533, -11.309398365320959, -12.140800865637077, -11.910627706030258, -14.017142892875388, -11.101893511356273, -11.364297177259548, -11.807893021003743, -12.135359551601479, -13.138480318240338, -13.516195946595065, -11.802053629726744, -11.878819726903416, -9.247238231162076, 1.0264013382289183, -13.334001877946669, -9.758160345144244, -12.778319472808295, -11.067379488979295, -12.427329526113155, -10.970291255799587, -11.463909708989512, -10.810266725840112, -11.067284538584879, -10.850153186480687, -10.122818627938251, 0.47060094377432515, -10.74359316466636, -12.36142123817831, -13.054488092271844, -11.438043623988264, -9.559954446946252, -11.606047193327186, -12.37692158370493, -10.9691986671169, -10.661337423253979, -11.379614907301427, -9.726968244352845, 0.12511108820750994, -10.908897397197869, -10.703512810600568, -11.961650752046623, -12.7698402563969, -12.026236073022982, -10.566934247803054, -10.316756527917534, -8.55599366680592, -10.71036446007309, -9.398238745495958, -9.570924994706917, -0.06955309930468927, -12.764709850643836, -11.486790831001205, -11.82016567793386, -13.696976972094586, -12.121205539543736, -10.884128441420877, -11.017066349868934, -10.109907310659825, -11.031869216967815, -10.093249916178877, -8.975904874887759, -0.19799235737334941, -13.975363778615575, -12.322117676561406, -11.11343517438679, -12.416123641606394, -9.73172807450633, -9.278815039539682, -12.308541864149714, -12.307905102620083, -13.153236843316467, -10.864722840266337, -10.141306868935903, -0.1654230852763715, -11.711449187770514, -12.163516927890221, -11.961403765087736, -11.853151550456289, -11.630998886734863, -10.81064467372583, -11.376053181849075, -11.129522347927209, -10.380281364240117, -12.37615235538173, -10.968565666405803, -0.008718848931293726, -10.836647409771826, -10.983017935989542, -10.731914366927567, -10.375976806621987, -12.243828492547781, -11.305259409194004, -9.40315692116572, -12.37561671222499, -9.373793118963333, -11.1348591233043, -8.956494614109817, -0.02447990002120493, -11.339387400834125, -10.995595655692046, -11.346486632750084, -8.017816360942774, -12.008243132761331, -11.99915543640508, -10.649917344236096, -9.930572386178277, -11.5984876221961, -12.761002390906746, -11.826948098685149, 0.16072079701703293, -10.030099136218524, -9.719304111249626, -9.489515229155247, -14.39842253092331, -10.219098904398317, -10.711400569421103, -9.041341458000176, -13.779652274093634, -11.899445139054844, -12.637452780531882, -10.165908099599545, 0.1880455710839568, 2.3529262573559406, -1.5276589681660844, -0.46268370303067746, -0.525619243910804, -0.2589938918933574, -0.3894992580269577, -0.585163316212243, -0.539321276212013, -0.5819267971052747, -0.5988871623036356, -0.43463694137604875, -0.3813393525838526, -0.496854002361867, -0.5416783823007315, -0.5299627756622233, -0.4816641777073448, -0.5621495928821577, -0.5013867358564228, -0.5508788518446481, -0.48145845202345733, -0.5216700517670034, -0.3725613685424223, -0.27497105167285274, -1.526280735464485, -0.4320153922901766, -0.5842296599489631, -0.6065935745609646, -0.5302943141299895, -0.5788115571237953, -0.547032280980816, -0.5079488107885299, -0.4736463647106116, -0.46823107764161476, -0.49185828199445664, -0.4159431449845507, -1.5002522145527641, -0.4341834251722116, -0.5758591304181202, -0.61299933008012, -0.3895959109005954, -0.5016890491290277, -0.5259036381550801, -0.5300082384385986, -0.5574485635493852, -0.3297862942236831, -0.5394170871664681, -0.39209244074711963, -1.5297254682364716, -0.6061406243656362, -0.5193568424130952, -0.434811676927289, -0.7003439163242603, -0.5276794190882863, -0.39714468831379146, -0.7003667276554565, -0.560625986405462, -0.44691005061879263, -0.4594290735116479, -0.5367793447769557, -1.558947722960801, -0.5365499925744862, -0.346297173090214, -0.4399500283791617, -0.5508926337416309, -0.45283561916428133, -0.6143280082568009, -0.5157023539672124, -0.4469353245262729, -0.581798190603151, -0.4098813995248935, -0.43917288215126227, -1.535840722683466, -0.5837527479883711, -0.5230139842785329, -0.47688609106038055, -0.4845691084568502, -0.4956200377523976, -0.46538883683386245, -0.5796905457497814, -0.46852357619013746, -0.510971014200708, -0.3919991219958323, -0.6281051365025837, -1.5867606831659231, -0.5804337789884961, -0.6415134422666054, -0.5362019038283163, -0.46403569117557486, -0.46104145617499215, -0.6193639983374479, -0.378828400067501, -0.35576102865257664, -0.43827872777031357, -0.5036193896898877, -0.5253154213326944, -1.5748844092025462, -0.46704602038708615, -0.39387089332232245, -0.5197576289078314, -0.5942621090789245, -0.5260920008867167, -0.5378757520295993, -0.4847462278638294, -0.6920411983378429, -0.40774957848037763, -0.32963621952753713, -0.47723039542782064, -1.5735662849720524, -0.5001380391595281, -0.4098634459127793, -0.6365336380738206, -0.33082343509216433, -0.5686589261662885, -0.47902811947530755, -0.37529629052786734, -0.6100174654067035, -0.5793587286872517, -0.556505367288979, -0.5164944334654692, -1.579386782922901, -0.6265257015106124, -0.4870633089917033, -0.5310018844087603, -0.5174945553923777, -0.4579305417951144, -0.38283376641960226, -0.49720440434726976, -0.5017284551026893, -0.453049167541688, -0.5346976932375568, -0.53941543366233, -1.2392696845601443, -1.076235035989528],