{"vi_exp": {"vi_seed": 24238, "coeffs": [-0.11364461828954861, -0.1279672984150303, -10.020241159507838, -9.417977642476954, -13.966401120710888, -11.789877587625636, -11.330721977913775, -13.91137054558604, -12.530365182826595, -12.6447903138469, -12.649722407766534, -10.845529678387786, -10.787049593737136, -14.44934868126478, -13.275872538345197, -8.68307817961384, -9.631017615904833, -9.551424387786925, -12.828380081707738, -9.84195263064688, -13.056781448947962, -12.137584745611784, -9.530358493894838, -12.145960238620198, -10.212568186682391, -9.21714086170948, -10.801727132833285, -10.415180772829254, -10.532198170247916, -10.875474859710698, -13.385743591802312, -13.155229142577857, -9.159121073708533, -12.074727195319616, 1.0031535804632685, -10.474537445754653, -13.092049813887733, -8.250680960277586, -12.045239172908925, -12.524767454069826, -12.7314965080073, -11.317280472681745, -8.76260507342353, -10.832886754853897, -11.273462847843431, -6.857315431530954, 0.6965628496299892, -13.252667508926752, -10.83381486522768, -9.663794659152803, -9.032463565900025, -10.205055959560832, -10.278392655112208, -9.19308133307706, -6.927293586471044, -7.631190569037846, -9.838029392272935, -11.62062585169439, 0.5158565643816119, -11.473638781003809, -10.932279604213198, -11.713606556333728, -9.166943042115108, -12.406200302096874, -9.822224509048699, -9.64733183359477, -10.396591788826088, -8.941129321872289, -10.397454026497124, -10.060968923363687, 0.7002167356142814, -13.331613206573536, -10.281817867180964, -11.772347788293683, -12.367008900391811, -10.920790860184278, -8.710371769307802, -10.18718170144742, -11.746069261660006, -12.92711477226237, -11.353378107812516, -9.280930543725658, 0.8106148811008499, -8.998413439928678, -11.074311214837616, -11.672396563453301, -11.715052825389979, -7.113887757543341, -9.573718048001753, -9.760863135386423, -12.315114996192559, -12.226845927189471, -9.286502675170228, -10.33750161705873, 0.9032434101506679, -11.173797944991174, -12.866803360765159, -12.386679355298973, -11.493808977755235, -13.95787341785893, -11.74985931287329, -9.868184849123692, -12.732112394224806, -11.858885930728173, -11.765824092849178, -9.85383541331769, 0.8892320176474606, -12.077722065997015, -7.871993049416295, -9.33717295701674, -12.357378168511033, -9.61824633602243, -11.22249318552968, -12.36957413463996, -11.068373954813135, -10.087212319956489, -10.579595707989242, -9.380860261921221, 1.0578773365784235, -10.510030659703576, -12.00297845806358, -10.877307260720364, -11.158006528749263, -10.892470816447332, -10.719223287846942, -11.597044033945854, -10.759644892557352, -8.662774140933395, -11.68118669490362, -10.469920078498342, 1.4950370102651223, -8.32454058258604, -1.5556268811279736, -1.583901864167935, -0.5833184355303848, -0.42178888036355827, -0.4297699653660816, -0.43552223194494094, -0.5548162084147208, -0.608398671520437, -0.5206733453510839, -0.49427197844350534, -0.46501629894397456, -0.41508813340041095, -0.4534090102973781, -0.5110808303531424, -0.607967429051745, -0.466469037944221, -0.5127931949801358, -0.6237385306948746, -0.5750002166964052, -0.6521623228339076, -0.5514104892990562, -0.4962611380637705, -0.406362592411845, -0.4649011573423952, -0.5827573088775451, -0.4248238481228556, -0.5724455560749017, -0.48471116287891064, -0.566730533568168, -0.4567480482127005, -0.5333478028271388, -0.6619636707910803, -0.46142362344096255, -0.5011394045488048, -1.5315078836866332, -0.49296788992197693, -0.514375809719898, -0.42681877463007895, -0.5931463574763542, -0.3906607804887252, -0.4115951609824917, -0.46459808347727893, -0.49871739486632466, -0.5489422582782714, -0.34995929324354774, -0.5895585091622539, -1.5368692935793284, -0.1957092258194724, -0.575840122523991, -0.3917140558459786, -0.4047867774448864, -0.30742607760628426, -0.47948013010602997, -0.575177934387399, -0.5620622108331831, -0.3763469756693284, -0.4791261257096452, -0.5994111464178687, -1.539641581335876, -0.4050229871731881, -0.40658919069970223, -0.610892201935237, -0.4807149833656657, -0.5511157766094716, -0.47640066188127683, -0.5313430960718936, -0.34258841493069925, -0.4922643764522613, -0.5364647415176326, -0.553465243860442, -1.507316393262978, -0.5451441252766823, -0.4495349115373758, -0.37710952534483283, -0.48162062500650493, -0.6746809024349675, -0.5059382016904647, -0.6242621059918284, -0.6363056784213376, -0.5856422683244239, -0.623113697097619, -0.45744578620060494, -1.535727785701574, -0.5432725289125055, -0.5918516669312467, -0.4806526189333376, -0.4873014673729551, -0.5270029615234035, -0.533250725917175, -0.5023223473422903, -0.5881423929028243, -0.6530398253813975, -0.5731359411243058, -0.5077379545214556, -1.5325039244593857, -0.46783433616573655, -0.5236334253013885, -0.601116318165232, -0.5845747528853857, -0.5736062856346527, -0.5657200855470429, -0.4770848005739688, -0.5579534483345668, -0.44064219050465825, -0.4685142394994182, -0.5395869983023556, -1.5307245428967429, -0.5054342726261938, -0.48181000206283237, -0.6146338079540902, -0.5994581688839666, -0.5545050689383676, -0.6382333436126953, -0.5434300297556428, -0.5321425712558513, -0.3480604111182287, -0.5413025243817012, -0.5729649312048296, -1.5722489622460163, -0.5152484757443114, -0.5656012505501583, -0.5236913700761493, -0.49871975872747654, -0.5191317864842672, -0.28291989040116117, -0.5417740562529078, -0.5421781792537377, -0.4200689476708934, -0.5292895225958337, -0.5023671111803798, -1.5406624402029871, -0.4788745430534104],