{"vi_exp": {"vi_seed": 12584, "coeffs": [-0.9217457623772645, -10.232705992542332, -11.621562759499326, -9.85413983904495, -11.182653563525538, -11.92145423600127, -9.570520601814115, -11.408109826400946, -12.926241560394946, -11.922173639575979, -13.067859453135057, -10.199261397247367, -12.88697083183417, -11.588893222975745, -11.84398079302395, -12.204735883426583, -12.124320759236541, -15.142469652906602, -9.807895257443091, -11.786762823945985, -11.637488277577178, -9.791421737809207, 0.8976938331741343, -9.96113883537703, -11.834923949937963, -11.54645933370606, -10.541043284304383, -11.457942164170154, -10.850367580383482, -13.208137419145698, -12.482403281714037, -10.960297169900233, -10.336216430525687, -11.331492840624374, 0.33642445788311115, -11.470884707759765, -11.08896562396574, -11.792951519232524, -11.171820445178456, -12.101853161356116, -11.089779338074045, -10.792600406839867, -12.918255849181328, -11.701602469347586, -10.716820336586041, -8.076973960329548, -0.04391802745096213, -13.684796393846623, -12.948876594547297, -9.236925894906488, -12.985896536299078, -12.796657514108107, -8.892957200084432, -9.727698994729387, -11.064033775534249, -9.572223606137964, -10.924071456006093, -9.73726269836754, -0.21494527304830363, -12.467827080963305, -12.219312884935778, -12.215131384489554, -10.787933307628688, -10.38286274319164, -10.040188823836624, -10.571502746295154, -10.168776913915524, -11.236122229098662, -10.99614964390308, -10.309860563381875, -0.3243498160645952, -9.793783562606512, -12.420545773681159, -11.92554911168121, -10.421153177996635, -11.188916147082717, -11.687039399353795, -9.919541451414986, -12.793910296080481, -9.712397845528937, -11.873521882742544, -12.375340163259278, -0.3352981244751897, -11.233173288674152, -10.41534428121176, -11.19640005485149, -12.982212054514005, -11.40971366684119, -10.67781823652999, -10.64477170317818, -10.58351098035656, -13.216442993018024, -9.60701286271668, -12.505624115105816, -0.2610926720707276, -11.327688028846328, -11.882082472372456, -12.992297866665176, -5.967084101145935, -11.222067992774155, -11.447530686166447, -12.910115777031477, -10.865972205143162, -12.980439779486522, -12.772463210160309, -9.227737865481133, -0.3075931248572903, -10.452214659965765, -13.063240028750391, -10.91740626165835, -8.977253468376729, -13.383849684927727, -12.086741795581903, -12.075143957416927, -11.533154519100968, -12.152558263275214, -9.953495685311966, -10.853364317288626, -0.2666848659732206, -10.160486104058258, -10.186003334421665, -11.344096311577905, -9.606139470086097, -14.022891757841943, -9.651797514699362, -11.73697464459493, -10.691312274146448, -10.45661515330201, -12.61802361286292, -12.191097674437948, -0.617339895165051, 2.8611652889807737, -1.4969866782942896, -0.4103679089455608, -0.5736740134577184, -0.4205816678433389, -0.6185449337938108, -0.5809122061725327, -0.33408767952739904, -0.4883231529838455, -0.5125734291233837, -0.4640365506366922, -0.456719831375352, -0.3825188331379203, -0.5383904427773105, -0.4483890698861955, -0.4900204740063782, -0.46918389330951066, -0.5620482565703917, -0.5932597607493086, -0.54437310484629, -0.5794223433962686, -0.5360959385938675, -0.39027730330502897, -1.5604705541572, -0.3980723473864394, -0.53664760589955, -0.5479424240105163, -0.5933801741944519, -0.4148169057927395, -0.46339753574684717, -0.41736830364772726, -0.478378911046677, -0.521006044028647, -0.5968438802580865, -0.4749218012960369, -1.5474145026269608, -0.5193330300541645, -0.4350947338561833, -0.26032033841325525, -0.4812607758951336, -0.4963333518504678, -0.5730680813612501, -0.39476225601453613, -0.5974078236342784, -0.6014785587623498, -0.5029900749092756, -0.36844917240074965, -1.5512503035312397, -0.3304191682949474, -0.6050895269114649, -0.43170829005089617, -0.5877258626031431, -0.4188783099950655, -0.3866728823004588, -0.5055536130349962, -0.6261779373348225, -0.45695330047143123, -0.48818600841191573, -0.2013283373704904, -1.5868018164497555, -0.4911841884586274, -0.5261077388967843, -0.5580113794034196, -0.5469596016276743, -0.49486968820262317, -0.5084514486566929, -0.33277638336690213, -0.5056744965591016, -0.5890131241864095, -0.5730137734783642, -0.43530231968858213, -1.5380585143002052, -0.543328494484634, -0.5657887863209144, -0.5055145719781905, -0.543214570307241, -0.605402671611583, -0.6115101344868139, -0.5655741169950239, -0.6402608325913691, -0.5284597901458056, -0.2965493117276332, -0.520766181367519, -1.5574996601265, -0.6116442310522409, -0.5254728145070295, -0.5422287767345159, -0.44922648845937546, -0.5321946372109295, -0.49800292032996196, -0.3115623259169006, -0.4639587945976909, -0.46415225055895415, -0.48000582373302453, -0.49582962408075804, -1.5233761362169695, -0.5626901696116463, -0.5480016299836381, -0.5619399930291775, -0.4522131409593084, -0.5970451985864519, -0.5626929506573702, -0.5295906453502784, -0.5242806241892575, -0.39851464955638355, -0.4734195135574295, -0.5230919002557571, -1.5477135284373373, -0.5553774590165, -0.5010120872021868, -0.6141267313838769, -0.43646184206253863, -0.569699895178205, -0.4863112040821027, -0.6383918554069007, -0.4304363069517116, -0.441872447156072, -0.3887227448958352, -0.47783965611670864, -1.519321172445515, -0.48104254925110074, -0.6270158366702075, -0.6160631141646491, -0.4909097894934387, -0.6173492619148028, -0.29911272986819765, -0.5260286581890021, -0.534530769835926, -0.40856193742573604, -0.5745207674242913, -0.5463450418760503, -1.221640534223116, -1.231667652471704],