{"vi_exp": {"vi_seed": 26190, "coeffs": [-0.7164145849500548, -11.157469464304343, -8.036200119337236, -11.300545495598543, -9.527068516579536, -10.924369471522652, -12.010722246049175, -12.057853380622177, -12.215810261845661, -10.797295720291682, -14.25869086917647, -8.787589351124975, -12.65028928074719, -10.396825364792871, -12.534341465334135, -10.753414092084878, -9.968599431700902, -9.561331964905076, -12.802134557203896, -10.862702068341592, -9.959259732887475, -8.951101463317332, 1.1008849384983022, -10.139814639136985, -10.754538863289104, -11.939838187684503, -11.07185175260703, -14.539773128345951, -12.239733177218065, -12.191209313237765, -10.868251693224414, -11.36602183041781, -11.107831554071513, -11.814278384509116, 0.4504918768390513, -9.615207826461583, -14.872306169053065, -13.16539016128923, -10.896421721788329, -11.102059926544436, -12.29803493843532, -11.56667197704397, -10.37170244767968, -10.296398495202919, -10.292618959425567, -10.99284860358706, 0.13795116544514463, -13.209627885764462, -12.544156932166022, -9.820859185404608, -9.675937062142541, -11.011011133205505, -11.606472467489478, -9.097274575326832, -8.69875290377701, -9.437086044830577, -10.520716080572637, -8.374036884857144, -0.11820201647666781, -11.782720782229827, -11.694145069626389, -10.803582460553624, -12.777107636180077, -10.179808299645158, -11.177175705062012, -10.578834471543964, -11.923224545154593, -13.32892069769357, -8.959714587465045, -9.391964467401339, -0.1460773228524452, -10.166665526954242, -10.895137297901517, -12.608595943797043, -9.207304767246411, -10.217925216069316, -10.461804289500368, -10.983345767656587, -9.696627051275804, -9.82155886840477, -13.281805324917, -13.761730002937854, 0.44235855335096236, -11.189696897305891, -10.232345408191442, -12.669999427297242, -9.529671365133648, -9.99783057475996, -13.264700738404182, -13.913388916804566, -13.562656116323465, -13.344990248528555, -10.96104822567778, -11.189952258786448, 0.6970731196046585, -14.127319623510349, -11.329683451322932, -10.402552303819558, -9.203330778831887, -8.968413898467148, -11.881490212580482, -12.587276859404483, -12.488058043267552, -10.546796068220353, -11.772244747959167, -9.20757768756258, 0.750337497687865, -11.123989109127832, -10.876043987112283, -8.62529940806907, -9.950404829571308, -10.480397078091457, -11.735282196003089, -11.189449106730157, -10.274056214606583, -11.145853028970675, -10.154157536126208, -8.2079757308978, 0.8970881417446999, -10.804889105621731, -8.347473982425567, -9.721893438234957, -11.842055759927165, -12.046277390432627, -11.87612211319042, -14.88585137166698, -10.720943980900868, -11.484736663702094, -13.702298049471, -10.779120064369677, 1.3175578789835911, -7.888252796331014, -1.5287538329557622, -0.617502570264987, -0.5320040107061506, -0.6509022274392695, -0.5228403998934189, -0.47967203091687327, -0.5890203307305283, -0.6258404226041853, -0.4720471298752131, -0.5386733779604118, -0.5362051986697327, -0.48125121234097146, -0.30864965585078596, -0.5472900696875319, -0.5292934289749082, -0.3593286539431985, -0.4570654455407629, -0.5471579010896785, -0.5664315930220177, -0.5433146478448454, -0.5069858672027415, -0.45482232065307626, -1.5218734589173808, -0.504772182770648, -0.43772365282672643, -0.5337748141066628, -0.41871021090387606, -0.4388712480312681, -0.5468960855431884, -0.5867159837424429, -0.3880031086746036, -0.435211321452063, -0.5841083862125296, -0.5120604775700949, -1.5443448368102983, -0.48230963445993835, -0.5461266101734904, -0.5534276197581917, -0.49441044868958595, -0.42574682344830317, -0.5069748750014854, -0.49725897157035265, -0.4221383070183656, -0.5155981386555887, -0.38901923258786264, -0.49623736915039346, -1.5616587047313868, -0.5053867945938844, -0.6943780253143634, -0.4802358549732648, -0.4608291216913814, -0.4328109560783884, -0.4343093380375951, -0.5069916691492808, -0.6022257348723403, -0.42503574439580577, -0.49593660048334376, -0.5594963793039315, -1.5549189517044424, -0.6443438767445644, -0.5138258223878355, -0.4646774320342872, -0.4675159317496659, -0.4967586187515001, -0.4127490239211295, -0.6222117423593974, -0.5215663908996313, -0.4282763991457377, -0.3043774742524584, -0.5462387310924461, -1.5444167594956513, -0.48251393629066724, -0.540073107603727, -0.3379231285008312, -0.43596792250851657, -0.4944099317757112, -0.5215901582283624, -0.5687034244412262, -0.4397377589517826, -0.5252882510703737, -0.5093953184119939, -0.5863691570311507, -1.5677582881537429, -0.4873460836671611, -0.5300933196546542, -0.5415543907645073, -0.5245058258966792, -0.4901031528824238, -0.4976345238434788, -0.5045418611685881, -0.41383150235143457, -0.5293691497840213, -0.5165433113887002, -0.4665070927527335, -1.5672781992957723, -0.6819514719310169, -0.43069809629888556, -0.2703241791502245, -0.5475889043237708, -0.4986858804403185, -0.5762474416283498, -0.3649853986895564, -0.6594910799497796, -0.4671638502460809, -0.533451042276811, -0.3529409147343618, -1.5804875730868666, -0.6652999233809731, -0.48094770684414545, -0.47098367321595375, -0.6310985767631895, -0.4617696377406674, -0.523335537634655, -0.4738643090210277, -0.3378423305047386, -0.46762573821942727, -0.5073576699291463, -0.6290923143331605, -1.5217903896264797, -0.5830982629880364, -0.4224736314855088, -0.6043353575276922, -0.46267007991705794, -0.5756861935718536, -0.610599111119868, -0.5385647785634902, -0.5161309504731321, -0.5746079284220905, -0.5386047930903886, -0.5169402923263559, -1.5458077119284837, -0.6055678036139673],