{"vi_exp": {"vi_seed": 24716, "coeffs": [-0.2240709533568056, -6.957502145757911, -7.683208774975998, -9.516139720365539, -8.071449710056452, -11.390801022575474, -10.733556763867288, -10.477943003658382, -11.538408759675308, -11.233167196479023, -11.880884857047182, -11.749346107829448, -11.73752824143996, -10.6257583907402, -11.671275308446676, -11.456288315576549, -10.909447499866378, -11.012807732809584, -8.033742454440477, -13.057564388413953, -12.197802320127561, -9.66576290265964, 1.5256591092509184, -10.664681064704997, -12.953863847112125, -11.083827368498984, -11.692777420963846, -12.4232303236291, -14.075639566536708, -11.564932055757621, -11.738437989627418, -10.183385840402256, -8.837419520896932, -10.324480013113012, 0.9427226232485969, -11.587241468036902, -12.222247255996527, -10.16104878203314, -11.931463040901562, -11.1850829348225, -11.821316077881262, -11.095244282261234, -10.519029236132393, -9.401242313656436, -9.927734236953834, -9.799179784917234, 0.5471470544178575, -11.66041070693178, -14.145132309254357, -11.04288927293582, -10.964942619206306, -10.092041347422912, -9.06645181995302, -12.785297502928008, -10.960465013459064, -8.731051006876184, -9.655829300001958, -8.358338426375985, 0.3557253585424126, -12.970986630618786, -14.368866521036672, -10.919693444664134, -10.865774027146605, -12.537081995295456, -13.96536805348504, -11.081897789303994, -12.024702439585363, -10.136743441293902, -12.644201661263187, -10.47377242617784, 0.45603802440197977, -12.425337136320502, -10.506999428781373, -13.624556272573654, -11.772276465449288, -9.573304210559487, -6.77506835090559, -8.958340733931223, -9.498999267912872, -14.134135684892664, -10.895533842674338, -11.309135776446578, 0.6561366391864294, -9.530115548915836, -11.818222587050274, -11.177835022986777, -13.911321868925592, -9.289941062082956, -11.7492732209742, -9.053452289108321, -9.246662981927303, -12.456586164923301, -11.794625876593864, -10.381123918631658, 0.7006365601791505, -12.820359823491325, -12.269396864646014, -10.77623403577179, -7.830247514313078, -8.234517702263604, -11.667554658092214, -10.756952894740662, -14.236847422509655, -10.510365836109107, -10.322972841571826, -11.413908089459566, 0.7665406878467985, -11.099776042969953, -13.05598920369578, -10.877459113378556, -11.672017480872253, -11.838130984402065, -10.98262163331438, -11.687428847744714, -9.527480046650947, -8.704655095778515, -9.482777259460562, -9.2098836362257, 0.8771187761218376, -8.048882125547593, -10.103726947859679, -10.494183575429995, -9.813940573612616, -9.726549733669792, -13.288954020502004, -11.065020462238527, -9.096837428999692, -10.863392206728689, -10.755732049688216, -11.492242780194598, 1.2797938952721974, -8.538518600307157, -1.5687879487845284, -0.4992357756536755, -0.5161115488770115, -0.2506844332451654, -0.3976130950296906, -0.4472174728037994, -0.6175785079402619, -0.4993201785532267, -0.45290180584643774, -0.5529564773637371, -0.5947939147136154, -0.4909451934127779, -0.7130612490975502, -0.40989031181669267, -0.547953739774178, -0.5238033091655296, -0.32827539901054137, -0.5693051166611534, -0.613938543273272, -0.5080404739449107, -0.3743481299227169, -0.3941321158199062, -1.594810180612764, -0.3011053558189248, -0.6292849890170087, -0.603414474416931, -0.3717670482540722, -0.672726704584941, -0.5600790409000275, -0.6493013678177887, -0.5095855379702747, -0.45136680548378966, -0.5697218590011699, -0.4028620565719179, -1.5132251211697791, -0.4337179753093402, -0.5204536107847715, -0.4663380855778129, -0.35956011648229724, -0.7046285536039064, -0.5969187601698538, -0.4273862382567026, -0.4656086283574066, -0.45580071936200617, -0.5743468154557422, -0.5017649448999763, -1.5891630535848609, -0.38452776954292744, -0.5654108810684133, -0.5510057486989892, -0.4791081496406104, -0.5210535906328118, -0.36623840190493034, -0.588562520206951, -0.6382933503275613, -0.5689358657997798, -0.4723328035420425, -0.5387035613789553, -1.5209934559410767, -0.584593069124604, -0.5997824653997466, -0.46797367311495164, -0.429314294645983, -0.5771183449209287, -0.5901027018180222, -0.5767419514628858, -0.374121563283851, -0.43140367524509726, -0.4431452029111608, -0.5528023597863196, -1.563690340613773, -0.47714342365278756, -0.45016189319421335, -0.5863366638156854, -0.38469541269987056, -0.5976809393679972, -0.35189605119950196, -0.48392866599119, -0.6688509482710708, -0.6046368640172535, -0.6344715842255474, -0.5681547418755569, -1.561040888401225, -0.5275978625934754, -0.6214416604881116, -0.5801409129006904, -0.6088182996249751, -0.6242811000202205, -0.4703597023100572, -0.43096889072630307, -0.45722704155768185, -0.6222882779911697, -0.49971036164893384, -0.5166973631410469, -1.5547640923194725, -0.2848239138852678, -0.4575665564174892, -0.3854655682694457, -0.5189422155057684, -0.41189490899542214, -0.5561853197651385, -0.5688403700797988, -0.5457976764264831, -0.4793617756503307, -0.45055219308548256, -0.5362815646688446, -1.5522295617741766, -0.5746811590621785, -0.47844338929658775, -0.5120579210427337, -0.5065681324155701, -0.4964805591305745, -0.5379352319676974, -0.5487812925840069, -0.6118177412988308, -0.4521387255425676, -0.5127678805364159, -0.6264926421739666, -1.5802303853030755, -0.5747723287703905, -0.46392626100467155, -0.6624300763189841, -0.5149468999261573, -0.48652565807663906, -0.5384857506634101, -0.36458355171733114, -0.6309040742701536, -0.47106352888739395, -0.5310740408840172, -0.5757986888332466, -1.5766680016155283, -0.3687996522206727],