{"vi_exp": {"vi_seed": 34234, "coeffs": [-0.6587673815571967, -10.999104866859797, -10.55107821616744, -12.247874466927211, -11.199108288816593, -13.356988618482815, -10.954028714612962, -12.232846308618727, -12.081581479968339, -9.518889335074684, -8.987573173901692, -11.143053481848572, -11.5757804921818, -10.66539265525739, -10.936535176507109, -11.09381086338065, -10.85986720223902, -12.416709739714669, -12.092322938664328, -14.26855909501445, -11.19513836654794, -8.780529790137233, 1.1404168345064705, -12.630281304723377, -14.069507887976398, -11.190568551108637, -12.100710094697371, -11.077140534120462, -11.54113432163104, -14.094614087701363, -11.043087349060333, -11.4278561112056, -12.943532441175144, -6.1450352892509335, 0.503514713449615, -10.762601838997266, -11.634701233353908, -13.07057993133101, -12.466952458028768, -13.574535291674579, -9.779598788099394, -11.097897252470291, -11.67654228936469, -8.525002411269329, -9.468237011248364, -11.528484003479404, 0.1275963375073562, -9.958091901919333, -11.569543787970064, -11.189764974958234, -13.266999367044985, -12.212889598102386, -10.489322466744637, -9.865365944152453, -11.94180082368528, -8.670942177162262, -9.797237122382166, -9.191311126933927, -0.07888506479847608, -12.641971600217175, -13.094871591268062, -10.399635740209066, -11.554264432396312, -10.995325300745353, -10.499614157616069, -11.498158106049612, -8.833294603663997, -9.650744386232377, -9.411309339695515, -11.129437900155905, -0.03126914535073754, -12.203431557553632, -11.58827424716433, -11.370538583280927, -11.167012110444139, -13.63290234312122, -12.39763478430044, -10.690361462378206, -10.164801159449606, -11.027247272724283, -10.39455396906783, -10.531481413995312, -0.04521287501620427, -11.766834144059333, -11.450305737867637, -11.39880126980136, -11.272641016763362, -10.215272450532419, -11.947764575740004, -10.403216558057414, -8.31021855710208, -12.569025790233662, -11.309522708712407, -7.992237875912449, -0.11266860776105354, -14.043347295873692, -12.356502144432833, -12.363873322002105, -9.667704090085142, -10.130666476866857, -10.6794869677639, -11.198180796883834, -12.91955250051607, -9.389486443972524, -10.892845470171858, -11.13790981810125, 0.1196543964596885, -10.454278513279494, -11.29039033299661, -10.522883115758043, -9.516540339662358, -11.988194526621276, -11.36310191314462, -12.649966735176793, -12.052120401678675, -10.459077416000227, -11.874834112326406, -11.750332139752983, 0.2855986533801703, -13.630012398517302, -9.77996713391049, -8.437593901076028, -10.970040526623807, -9.509260427062225, -11.374442281108198, -11.952313270134601, -10.656844965197767, -10.374908384063056, -9.691471966648631, -10.828725144296696, 0.2144746574228576, 1.832183199208496, -1.5645006080604005, -0.5360973984162211, -0.49361341353729543, -0.6199311988865788, -0.4639417891039052, -0.5090538560661425, -0.3998683541652155, -0.45646496887052274, -0.46519011495617185, -0.4521119402848741, -0.3395759936121749, -0.4429113129297327, -0.46166876688275116, -0.5750188429779655, -0.5445675735880309, -0.556068472434152, -0.42569811605997754, -0.4002899596657111, -0.4597399424749488, -0.621837429812657, -0.5317287702479252, -0.4435020371712007, -1.5549949100416536, -0.5422782540671808, -0.5154321035038792, -0.341205508651588, -0.7257816516096233, -0.6002650531667449, -0.5245629717543526, -0.6548690654300104, -0.5008352809348369, -0.49833118568333373, -0.545200771278793, -0.44262059309066376, -1.5126442917343659, -0.5884953747084455, -0.5262828642956834, -0.6883888201165177, -0.5260362593904152, -0.5713105452477607, -0.5975157953219342, -0.5974282252396939, -0.6253023943206879, -0.47405531705376636, -0.47608695783932303, -0.5340128578413341, -1.5423400225132187, -0.5713433546024925, -0.5468533347731485, -0.6137169683299162, -0.33507119490667636, -0.5748744593468956, -0.5144987433202386, -0.5105244363012864, -0.5523906527694588, -0.49784505490627695, -0.30107423337142153, -0.5420841925517724, -1.5285905369421733, -0.41008892335263286, -0.5553113482606707, -0.4782364269929282, -0.3868013157251114, -0.5003680255739544, -0.48623134627439785, -0.5478331075927202, -0.4766184431520654, -0.49163801747104147, -0.5363713982564379, -0.275039931468075, -1.5082058675978574, -0.6608844190130908, -0.5244365356630137, -0.4937047299983208, -0.7495339456112905, -0.5526574714152728, -0.6408732720373939, -0.5917820835046126, -0.3913719803145019, -0.49562591212992785, -0.5486334269510541, -0.5832767339879993, -1.5316844115582735, -0.39651110954480523, -0.6378160201153842, -0.4452087477311762, -0.3892979729258178, -0.37932468271202646, -0.45763124476479095, -0.3975556335176098, -0.4445067693920678, -0.4742296750728454, -0.5406301236319961, -0.4126576666504093, -1.5281386503562313, -0.4837940459300426, -0.568104940096389, -0.530499188230838, -0.5651010062303805, -0.4033557411524643, -0.5427287224865195, -0.5474824844191016, -0.4282013338411744, -0.537878228023579, -0.543815037621156, -0.6062726249963704, -1.5297949644059263, -0.6186893730915743, -0.5264133651432097, -0.5257496421478488, -0.6493625498447595, -0.4721459643075203, -0.5297994902442801, -0.5131966083831883, -0.5739661760141737, -0.648456363707898, -0.5118240577413103, -0.4143845008321506, -1.5396934000844895, -0.5242572135070835, -0.24378756003599716, -0.5381688193264454, -0.5412782518004896, -0.5558881161351478, -0.5503046666137935, -0.47942162689054973, -0.5439279985414769, -0.46099454607731316, -0.5958499348714354, -0.5651924124288354, -1.3082346859662703, -1.0230531849561317],