{"vi_exp": {"vi_seed": 22651, "coeffs": [-0.05947654187752458, -0.08661477635485217, -0.07408772841851388, -10.301618933701603, -9.956563467259867, -12.122732284220444, -11.491054336749915, -12.889854185807295, -14.544112569685929, -13.973655157251832, -13.381144573593438, -10.980000758172595, -10.77706668450585, -9.31466214299522, -12.052883504861184, -10.713210642165853, -10.70727094945256, -12.660882975950393, -9.4719318405517, -10.10900975248647, -9.498181192121486, -8.8692943705547, -7.336334614911981, -11.174546268627655, -12.058790039229248, -11.578653915703796, -8.173508140025616, -11.394887281772139, -11.554082384071542, -11.312753540082745, -8.040241774874072, -11.747815635047404, -13.673223226390292, -8.340907272254508, -5.94586059808468, -12.048482076406433, -10.081645738781702, -10.33257941641021, -12.902003826501321, -11.288032758528962, -10.793200484877493, -12.413182753534176, -10.745873808435288, -7.657544692404223, -8.622007559710672, 1.1689442811163677, -9.152869108607202, -10.60484962053815, -12.41021506282336, -11.229364019307653, -11.566576936073202, -11.64337230714223, -9.09512756589705, -11.5090428919454, -9.430372115783264, -10.758367633429746, -8.392005016785347, -7.733468230071016, 0.5596822559574497, -11.418269623299327, -11.761281166946437, -9.590061298809891, -10.50886044399045, -12.627208189211451, -10.701188239364976, -9.448513960611859, -9.814602874655415, -9.270808710160027, -13.067189070296292, -9.835503021082102, 0.47999331213523977, -12.283307796383035, -10.747559875757792, -11.117297933752674, -11.422083986660525, -11.040957306228478, -8.998394788826403, -8.710500865272625, -10.97496277447724, -9.549185833968204, -9.565678284571735, -9.799155185674083, 0.5338471931054355, -10.899248069408127, -12.475300860612839, -12.525830798060552, -10.147656207881015, -8.304204191871976, -9.578445852678106, -10.851715076041925, -8.127130317247316, -11.712954059174756, -10.384129367008203, -11.691988508826196, 0.5599722529934703, -9.11697539079461, -9.74452411923352, -12.61164955091273, -10.46752917287113, -11.202585789469216, -11.768726509392476, -11.872790306469335, -9.046298631284515, -12.709826711088885, -9.01371661625974, -10.88679351347015, 1.085614783788084, -9.173146523718886, -12.160572201064422, -9.66222539760575, -9.810297153073456, -12.703391931835952, -11.096371477393818, -11.120563236852915, -13.541712684740247, -10.52694559002532, -11.657927940736656, -11.302998185604707, 1.0892926048231835, -9.347273942798177, -10.84141366290468, -11.516331091000481, -9.559859004337829, -9.890323831906565, -9.903468595024087, -10.16457662161308, -9.409379477275875, -8.979397068210544, -11.130992257674517, -10.311574379883695, 1.0915741484085904, -11.597460635667147, -1.5408175333405942, -1.5521654156134996, -1.5646840462791023, -0.5976383012820856, -0.46712936771215696, -0.6256329851200405, -0.5726332715589518, -0.5246530012983333, -0.5793423539921632, -0.5903624176407284, -0.665489947607439, -0.6101400425868784, -0.5152093427645632, -0.5533316309607521, -0.4813294968313348, -0.5764894270683052, -0.46267629306227875, -0.5175797451847912, -0.5044771501152261, -0.5346842452196847, -0.5604931596060243, -0.5513863771822795, -0.4403500229338966, -0.37599128486714345, -0.477652417133685, -0.523905886311499, -0.5280835441676747, -0.526365302214095, -0.6291548268657234, -0.41492450033442074, -0.4616592287848464, -0.5698829829503953, -0.461210707101994, -0.5536123409991187, -0.41916642176049007, -0.5582648128111951, -0.47538542129938866, -0.5054346290652759, -0.61692121440815, -0.4957257232304837, -0.5693183429458568, -0.5293287884628268, -0.44989231615484004, -0.5994201732530735, -0.5124622669731169, -1.521341990272454, -0.5404310403218164, -0.5334962905154073, -0.6028092912861344, -0.49611632237621006, -0.6006766156682508, -0.42340372301694423, -0.4748844885056554, -0.551619542329488, -0.6066992091434388, -0.5481907903397408, -0.4109636282654701, -0.5307958030474254, -1.528545214569459, -0.5197708819920133, -0.508257423000114, -0.5672719415168143, -0.4045804233137568, -0.5349218225574215, -0.4962455867441647, -0.5372495478891656, -0.5670068577377972, -0.4166736917290217, -0.6403632105938994, -0.5454299279210955, -1.5538966848773719, -0.6110984870601539, -0.39052187098604524, -0.5502753383718392, -0.4205934817626443, -0.40679285856891784, -0.5298422248256145, -0.47871864529787284, -0.5747393480231041, -0.44961036993504133, -0.5271477650852809, -0.5831021776513788, -1.5778640189829307, -0.38241686331093794, -0.5577774089942348, -0.5218504851054278, -0.655799719322391, -0.4211944837196086, -0.4535729436095562, -0.40121835054046057, -0.41134813514049795, -0.48981991738351205, -0.4646907448325122, -0.5457298284744476, -1.5473970188017652, -0.4210970505951605, -0.5209707878278703, -0.5691315274575536, -0.44250593375880315, -0.38649298310391195, -0.5687149506942794, -0.6001124945278854, -0.5318971142244543, -0.6010968618577425, -0.4177781529475573, -0.4962272015016179, -1.5242453455606106, -0.5826149493084118, -0.7351348735517982, -0.5205296634058293, -0.4485716672994135, -0.46028524615845545, -0.5041219483458333, -0.586001069237584, -0.5204235249841951, -0.6084606279901633, -0.6329307325906285, -0.6276695868127471, -1.5663436342387556, -0.4606509077793044, -0.5491013034765506, -0.5257689680104801, -0.6103839451431988, -0.6727950736876828, -0.5392973805030303, -0.46311818825787987, -0.36051638908357586, -0.3781915294015454, -0.6260159816797953, -0.4621870908693616, -1.5176598334672744, -0.5820848422171356],