{"vi_exp": {"vi_seed": 54, "coeffs": [-0.6891366732757864, -10.561857839179874, -9.792192973023218, -11.060741316844947, -9.425892307718758, -9.522992694367641, -10.908564487079463, -10.803466333859976, -12.087026398154416, -11.348696081831465, -12.792698476983219, -10.58381397608829, -9.876618975514514, -11.939906485159844, -12.74818290950487, -10.011971505354023, -14.072323400376112, -13.203930776713605, -10.48084947214892, -10.239033908917799, -12.436837456806119, -8.38187320404935, 1.1132041685132612, -10.06645051299784, -11.691588061372139, -9.048401248182104, -12.54910718719194, -12.813776745808394, -9.887459554290404, -10.031708140850517, -11.138703987505323, -9.288976319682371, -10.3457708192038, -10.898970972481672, 0.532621161489116, -10.01066395976104, -11.459494758508217, -12.442695941626189, -10.638724538070862, -10.599142583408213, -14.215317165945548, -11.7531384384516, -12.940438680009697, -9.931196981749832, -10.594606611906645, -9.877670722490626, 0.18912598418841, -11.286875016263703, -14.89564906231801, -10.505829085992044, -10.48572649270251, -10.6917938268187, -10.74366783086959, -12.185861742818274, -10.750514254324786, -12.904990920678452, -10.484086867646177, 0.17240026825855276, -8.515358838832247, -10.510195454117117, -9.582791413451432, -10.445268353638482, -10.858925203649681, -11.193260525839294, -11.242801308581905, -11.180997217007672, -8.858597082295967, -11.767232497280416, -11.69155795676673, -13.065055412416132, 0.13704333426060025, -9.437198623760919, -10.611953346410566, -11.276480348312596, -9.895428317318249, -10.970851262830687, -9.37130136865009, -9.588545476840581, -9.002374049549086, -10.390168832794693, -11.236542851849174, -9.375691675343656, 0.4973414509299479, -10.87820562697066, -11.932070691608516, -11.10926983302882, -12.226751791388756, -12.611697457412284, -9.511435035443917, -9.541018018974302, -10.704355684742712, -12.140048970497642, -12.121882636175814, -10.395601207519158, 0.6717827837208191, -10.356148740630983, -10.900322493107016, -10.434114350003517, -9.054274690482835, -11.199555619772623, -14.37737233964426, -12.629810247466104, -10.249084092142873, -10.853208050399273, -9.370700580036065, 0.6473688025415077, -7.811578669073846, -8.591424384896051, -10.11478776310033, -7.415544543323303, -15.547469855352684, -12.030349377282324, -11.950781734886622, -12.328285128205815, -14.213001855345874, -14.091864946027725, -7.527150470893366, -10.923123729922148, 0.8714494203679535, -9.681309972605447, -10.615412867701163, -11.303747578835008, -11.53502061757713, -10.528621484803036, -12.965210783737474, -12.972721629604303, -9.520546900655013, -11.346603098514786, -10.048344019386262, -11.215798313340255, 1.3252034870769562, -10.581246000913657, -1.5409099329182252, -0.5174953450364099, -0.6021987709049496, -0.49168955802386755, -0.6199934955266424, -0.5125363493640563, -0.5943178948661153, -0.5557105551421555, -0.6237327905217557, -0.5478649979603104, -0.5216656359646379, -0.5904600273108688, -0.4703270193422582, -0.5923986185730032, -0.6872919525091725, -0.4500543345810735, -0.6446533942678796, -0.5195623558014849, -0.6335661943705972, -0.5094347606099048, -0.5240958684070336, -0.45029418941796306, -1.560865697651199, -0.48832123497603513, -0.31316146998883115, -0.4702294894444312, -0.4768050689214942, -0.6402836554243894, -0.5342558971442678, -0.5156841378735084, -0.5817837774612241, -0.5477598956780564, -0.5669727360139812, -0.6096414535217999, -1.5472955324774431, -0.61414336311911, -0.5467949113651863, -0.5448859560747662, -0.5739307949217326, -0.44626029835902886, -0.5119417300829407, -0.4161837186283094, -0.4426443045560044, -0.502235249213315, -0.4475666576401886, -0.4741889550782396, -1.5230698549611195, -0.42892918327601043, -0.668178706812847, -0.5326159487790175, -0.5022614589850192, -0.5002880633172985, -0.45697819111799587, -0.5379456679840072, -0.4232580385065576, -0.5731417611327142, -0.534588071220953, -1.5675538519338759, -0.5398667058805692, -0.44170845278260024, -0.4558837517878878, -0.3424440696863238, -0.43250616884764137, -0.610403340158713, -0.4724844976565492, -0.5118834649785681, -0.6110095117601849, -0.4703870738723137, -0.6206586905511209, -0.5239767827720189, -1.6020737798742852, -0.48699582649955925, -0.43067356745527485, -0.5919374486331946, -0.5567717832845367, -0.30556721621366584, -0.48946916435935317, -0.32480737954065486, -0.4871026808351044, -0.5219734196146345, -0.5260827264072093, -0.4882952242165245, -1.5156214178516716, -0.49012688095007123, -0.43479126700777526, -0.45926689094447404, -0.6707293736765447, -0.505958159755509, -0.6462974469552614, -0.49636199324566505, -0.6296248620379332, -0.46432285181863814, -0.640311672957958, -0.4462757061556447, -1.53768973820616, -0.6194149608575559, -0.21935960481561315, -0.44855999025147436, -0.6088117655634144, -0.42510826166658594, -0.5730474054198373, -0.5946241002659898, -0.5554212573951738, -0.4402094033844482, -0.544965731221582, -1.5398895119225509, -0.45618556890029544, -0.5670445723519743, -0.3988118129298593, -0.5446692844763796, -0.45188857874883964, -0.4431121956849437, -0.4840110677089226, -0.5181449530781908, -0.49420907332032843, -0.5135255917945348, -0.5465163390049331, -0.5769816641741987, -1.5769863764238388, -0.48026980672637276, -0.5870191625881724, -0.5543219376466177, -0.49489082009554514, -0.688895703914861, -0.3475629048683722, -0.4924348458333864, -0.4480178069700789, -0.4727214247615415, -0.6436003760650904, -0.5509302415125811, -1.5251475668154009, -0.5618319113200698],