{"vi_exp": {"vi_seed": 25248, "coeffs": [0.007826087736827697, -0.02464640151324065, -0.10262848847080798, -9.453289210393004, -11.14640245414565, -13.266962908718574, -14.090118022851204, -10.285889188515254, -11.765655324456553, -10.83608322883118, -10.85488171180445, -10.694064693439119, -9.774124018292527, -9.79659003899756, -12.497604491796276, -9.791986255829594, -14.550732480219967, -11.649290302816908, -9.891513414312854, -12.533338692315823, -12.265330744770813, -11.159829018047606, -9.425700443993083, -9.708586585615494, -10.517677938889776, -11.008247402134588, -11.537364414390249, -10.610880301068674, -9.246117841374398, -11.77665012557405, -11.591377445362994, -10.620956334467497, -9.635949010283493, -11.33520696096535, -1.8172926557110203, -11.577634652255625, -13.27013531502653, -11.890284238977339, -11.615959915501422, -11.295399460335114, -11.716207771184244, -10.356838771852294, -10.396316588523048, -8.60805905061288, -10.71943986773063, 1.2916424062870129, -11.565405806136877, -12.298367551815248, -10.034105171765932, -9.540287779330184, -13.079725947789125, -11.373534407431729, -12.307142534600606, -11.606557334723984, -10.252258675056469, -8.309443868870147, -7.565561811070437, -9.096828834485878, 0.7032804758903967, -9.357932373104742, -11.703524487380562, -9.925336412148296, -12.521937216571917, -12.649162426486045, -11.447582025665067, -11.9655961502686, -11.104019867106993, -9.654446122239621, -10.115324034365447, -10.844786049459907, 0.6114303224734842, -10.772695818426056, -11.012536373400225, -10.465625174906796, -10.603534633751844, -9.795378693783489, -10.675351032544008, -10.537330634340798, -8.555219680670403, -10.985285735566782, -10.906146108642105, -10.269368723627565, 0.6887203746998036, -13.774617244087146, -13.718175850854376, -12.00401369743646, -12.23618010820052, -9.608625140527115, -9.490450186831607, -11.085843179019099, -11.429062066074026, -10.173590961218384, -9.419854037326957, -9.422756556189082, 0.7749784122012322, -9.607245677734525, -12.074680992285865, -10.884854387894546, -8.883651459995143, -10.099758088510038, -14.641861214228761, -10.447687788464124, -11.775667918970177, -10.714695776680145, -9.969644281627883, 0.7963298571843574, -9.361964400540318, -9.258756244280638, -10.568363286413938, -12.968249186855285, -10.538468191675829, -11.09684001200061, -8.150843191999932, -12.415846294453328, -9.08088971745766, -10.690291418425376, -8.943655912099803, 0.9183409146909188, -9.250594070205032, -12.395919150600001, -8.266691853306835, -10.85903479618975, -10.994244472402455, -8.54394839477464, -9.022740423068237, -11.678095574859723, -10.32822237437793, -10.058301172017334, -10.560900675135068, -8.558287863106626, 0.6639748593771037, 1.9613952303526658, -1.5117051224811864, -1.5442124592478272, -1.5139034770966138, -0.49413578345436054, -0.5922694670501105, -0.596092626741493, -0.5737012965773328, -0.3116108393843571, -0.5066732146900164, -0.37969639972541996, -0.6315610789413977, -0.43767066463460613, -0.4594643500341729, -0.4837753162061438, -0.5082978255573656, -0.5314658352532264, -0.5308612792412212, -0.5118831607906313, -0.5069468187487084, -0.41047892588694324, -0.561146961904592, -0.5739108418447751, -0.5349392447632473, -0.4152166416797744, -0.40875748298964, -0.4106343200186755, -0.5025201133129339, -0.6257357114528199, -0.6314074302900003, -0.46688927968532395, -0.46806793862944074, -0.4261127804836362, -0.4845895191065899, -0.5741075567288144, -0.45851542615455493, -0.4689746113287771, -0.5966778722159881, -0.5946821133092378, -0.6658560963983806, -0.4911276966121978, -0.5288834752840963, -0.42906187993733785, -0.4783275623953248, -0.46552813847211505, -0.6504598666698869, -1.5422501760539458, -0.38189365208616294, -0.43637287459862284, -0.5430427522243014, -0.5256145339800687, -0.5734026382633695, -0.35232448158383617, -0.5727358488224813, -0.4814787007723408, -0.43037912301078257, -0.5294013931890934, -0.45475807469912694, -0.5343451240819515, -1.5596486744515918, -0.5714204886788622, -0.509061077367062, -0.46092229979959987, -0.32608708176228757, -0.5583522015817237, -0.6312820470157751, -0.5373447604275878, -0.4671920715290566, -0.6397721925747782, -0.5297134989444441, -0.512461534277913, -1.5431469323822373, -0.6132852548698318, -0.5037792102475966, -0.4986332095909982, -0.5813922666307711, -0.519899880030221, -0.47514986722062663, -0.6443187926274292, -0.5610498097540202, -0.44186853442434265, -0.45735443140905224, -0.38279019297755756, -1.5365742970034861, -0.6973893725025208, -0.5462768604181831, -0.6103482472950816, -0.5809117088459641, -0.5995330434055529, -0.46969599701244075, -0.4416165613490059, -0.5299685657999199, -0.39510663495233883, -0.4824290328322567, -0.5595934789988749, -1.6051237720857117, -0.5590340993977047, -0.5119361579089861, -0.605532299748953, -0.592720006471482, -0.4627258317575287, -0.37157514281586984, -0.6309308601400463, -0.38113396533848015, -0.5364931775939521, -0.4125750162772376, -1.5149824797001086, -0.5266315401657697, -0.4194084780575939, -0.41441992325970894, -0.5520452548726805, -0.35079024310756624, -0.45439595857868564, -0.40432748481220704, -0.5776478140401323, -0.4414067731276089, -0.5616871536809491, -0.5588906658880585, -1.577767726138629, -0.5086365185511971, -0.5757630915294008, -0.5588101849385642, -0.43515906036683744, -0.567226086389521, -0.47103515707010435, -0.5277012303649861, -0.36634637371171214, -0.520153628488376, -0.43419556501915574, -0.5213098032452081, -0.5115423254465732, -1.263441901610217, -0.9748554508012528],