{"vi_exp": {"vi_seed": 30672, "coeffs": [-0.19441636248180483, -0.22567301180574412, -0.22393442786805304, -11.696355485098213, -12.016224710621705, -9.728480890486578, -10.72797943627601, -10.853332640832921, -10.9515006992235, -11.42462097666395, -12.779045407699842, -9.493273007886298, -13.424530773054101, -11.55301166597897, -11.096198995761474, -11.481436537521471, -11.406206184884452, -9.349157608495146, -12.774109820055001, -11.00197028889956, -11.454217472920043, -8.652841829228375, -11.751138187549708, -10.885701433566354, -12.37991957741198, -11.572618581254927, -15.221921506689718, -12.260229582947069, -10.497991771770165, -11.912476639427027, -12.62224181368787, -10.754218867906445, -9.203546786686632, -11.209525101668165, -6.6205627350536815, -9.4468778364716, -11.801445908685112, -12.40923349026316, -11.653004906008537, -12.115809613281138, -12.886162892126563, -12.397351941308594, -12.087784440177751, -6.956175500794809, -9.852819272337573, 1.0673225101090544, -10.621360674050697, -9.792963448722784, -9.055650118857036, -13.285046984216946, -12.274312184665808, -9.96252644727051, -7.315072651331047, -10.086933641560757, -11.672684292667096, -10.031229130054498, -7.933720098463395, -10.44353890577092, 0.4870479537786799, -11.519170494410561, -13.47618407860091, -11.83595951714398, -9.608622803628032, -10.98350553162967, -7.788557318250141, -8.715691343879053, -9.393774143967736, -10.074879986146787, -11.578798006856374, -10.820072536519838, 0.41242621843911365, -12.616984557454758, -11.527331408340096, -10.324273426547881, -11.181529312861642, -11.131293744174592, -11.14693632067311, -11.621042205584875, -9.195048017752654, -11.029992159451794, -10.0265516367665, -10.043334523150298, 0.4682925767689399, -11.718875108581496, -13.864482227386171, -10.364307593903074, -10.093943348679348, -8.13371266753095, -10.562026327874335, -11.069668008565483, -11.907895723691075, -10.056951147881632, -13.109615268835757, -14.549645499128273, 0.5821362140019718, -12.724301417122021, -13.126821068256739, -10.409932795499687, -11.994495887783678, -12.090178212491843, -11.293009984304573, -12.378625206419233, -9.491361757040318, -12.82244640787227, -7.750333406393306, -6.876959701812691, 0.9009869607973504, -12.093695436780541, -9.266510165914443, -9.413186427340413, -10.3550265587644, -11.756324532924621, -10.484721603568005, -8.186525849681498, -12.066590747489693, -10.594577889217385, -8.308133140771535, 0.8999921178991716, -9.402980726144424, -10.20682051139324, -6.882705629016301, -12.492136000324676, -12.043515915292517, -11.933147616615237, -11.112363889275944, -12.0453468849216, -10.329685771856361, -12.779377943945857, -9.345753458443383, -7.948818954150394, 0.5392042554215283, 1.9560191785923922, -1.561437058953971, -1.4974782444699444, -1.5553067759975123, -0.6302697764714338, -0.5233527845239881, -0.41249884752505095, -0.4793857825454086, -0.5841139488329546, -0.5698950046918442, -0.412140368478636, -0.44129549967942744, -0.5061044377002477, -0.5354082068170457, -0.5016393486477224, -0.5177145044664888, -0.5912242392281013, -0.3800323459044858, -0.47326517186426803, -0.6492130298134191, -0.5299811679213324, -0.5641144028850226, -0.4332121588577596, -0.5050865022572671, -0.6656318416797523, -0.5561417245107264, -0.5471765388618943, -0.5366812959939394, -0.4593518839547867, -0.6640076022608141, -0.48708151873851496, -0.44368087206020734, -0.5858048512009613, -0.4805013426678336, -0.505161114848858, -0.5215641455384626, -0.5852137717292801, -0.5413462815965016, -0.47352666162430906, -0.33485561819244364, -0.3657027600632794, -0.5059036277075021, -0.4966212526402814, -0.5869905919909003, -0.4734348961085703, -0.5704373607949982, -1.5466008849466608, -0.521328907145819, -0.6282116345759415, -0.4850393138959812, -0.5026739587223017, -0.36716508161795147, -0.412868307579738, -0.5204135092854901, -0.4939785069481915, -0.4548084637404989, -0.457715099946598, -0.39216974592064596, -0.588180398858466, -1.5416532535994563, -0.487383398452486, -0.6327521460089025, -0.5055865676437296, -0.4180984324011798, -0.5440827364209486, -0.5572206085421698, -0.6034754983701747, -0.6329203027817359, -0.4999165052363003, -0.576944978969159, -0.5086153488211772, -1.6139578348995096, -0.4220536644042501, -0.4442582705182572, -0.592364158606762, -0.48549732256223455, -0.566974100387001, -0.616202963984916, -0.5292342189445558, -0.5059968331257966, -0.6044142401720884, -0.3862501546124853, -0.4598638612652075, -1.5602216721650186, -0.38284456688474067, -0.5911450294032579, -0.4778056129863672, -0.3839033037362859, -0.4602252168633748, -0.5053700887931188, -0.5601815649899671, -0.5524138339319035, -0.5587421646252466, -0.5944165151147924, -0.5172115376808295, -1.573283281567877, -0.403890557678109, -0.6426630816341766, -0.5085401822550243, -0.5660067012132105, -0.4992058216216934, -0.4784041959842522, -0.5330261806401809, -0.627358878442408, -0.4277997573810584, -0.47515132867737647, -0.4940531906765077, -1.525338051824216, -0.4683128153951327, -0.42711340373572576, -0.5391410015268268, -0.5160076278745797, -0.4097010197763619, -0.473339519515625, -0.27148832821460683, -0.6104688157534253, -0.4166735865635353, -0.43960504265178146, -1.5464410462323712, -0.525613348015483, -0.6233979331561347, -0.4654106965105566, -0.49925510739622897, -0.5904283690636959, -0.6002941328699498, -0.46931039135035324, -0.48754754892063473, -0.492073620080672, -0.6055705035283273, -0.4755432487776539, -0.6670542340342379, -1.3268965181774515, -0.9901105979022533],