{"vi_exp": {"vi_seed": 58891, "coeffs": [-0.042684960532224925, -0.0499750802661949, -9.754641744146031, -10.545265440803798, -9.219395435186186, -9.042646148783595, -11.055495374433619, -12.420407966741902, -11.815580967030506, -11.07369074310836, -12.188199878438667, -10.835349756369686, -13.64660786799202, -12.511049043089937, -11.585308033773568, -13.476713241331986, -12.519174826998901, -9.571981762801173, -11.49154655975911, -11.940966067140549, -11.108417294915151, -10.297373526959337, -9.558765183307939, -12.357956724646604, -9.393573076104365, -10.548688797138382, -11.439871045646983, -13.88257341843058, -11.159183818412547, -10.936672671468562, -12.696759010860497, -9.055594573899842, -7.699388420548671, -10.582318433551102, 1.1565213973362034, -9.932941160252364, -11.731435611909186, -11.611356213401006, -10.880287885622083, -9.979880890228417, -11.184214275707001, -12.822890856075244, -12.076519258071974, -10.882863773803773, -10.225206864376506, -7.884458222565281, 0.7958670537969311, -13.194399006940593, -12.487125490119672, -11.272591748120812, -9.990368624299443, -9.573787679075917, -11.842388023106208, -10.110824813569174, -12.309483447485473, -11.003648422204591, -10.665475450552167, -7.525731256944869, 0.629089637724525, -12.439462547060742, -9.69045683183371, -12.204901540805764, -12.326219860895376, -9.957149345849395, -10.294172017139203, -10.503183740961244, -9.450772485503366, -8.255478572542572, -10.695677978214327, -9.29609772235693, 0.6336845166122066, -7.599826101160299, -11.355189165853616, -10.475297873212824, -9.830400148035569, -10.156417079572945, -11.866802059194884, -11.53662635023352, -10.890129534890383, -9.024982891819215, -11.760719928431795, -8.14279109645951, 0.6924648927935354, -10.968751772543296, -13.269499537059875, -13.687323285701206, -11.2683446028817, -9.724215172098251, -11.607596639332655, -11.958111144940505, -10.246351156032553, -11.600202794830341, -11.126948046820845, -12.469607014250972, 0.7933605923251584, -11.143539948505323, -11.963981473491382, -13.824397311163466, -9.434135764103965, -10.618628022158823, -10.677751017612467, -10.392682659784857, -10.118570422644991, -11.423186144668152, -11.654489721595429, -10.588122000643564, 0.8586375985206595, -7.740102613716704, -12.328610872270817, -9.639171855423545, -11.324477847981079, -11.502658068579802, -9.942662841764932, -11.923989691181044, -12.286670926388227, -11.587905562351802, -11.503813718048585, -11.378266147195326, 1.0154475949148811, -9.640542038774004, -9.796949050201222, -10.010039065201745, -9.517379438593847, -13.615238756173175, -8.395292147630245, -9.676500310758023, -11.367817491328694, -12.349783478296613, -7.751374232341058, -10.102158445477643, 1.4416035708806363, -9.705239111716805, -1.5799920394793374, -1.5345745650818974, -0.4440228340659051, -0.5317160133239458, -0.5577963753785572, -0.6159881777044612, -0.4528092029183595, -0.5755395038104133, -0.5059585356762674, -0.47169150494499246, -0.42595924396159307, -0.4996235755161925, -0.45104480075448766, -0.47504360749085484, -0.5049293703045602, -0.4855158679939003, -0.6158918119551149, -0.5133143295123546, -0.628836559798701, -0.45579813831422755, -0.521211437537637, -0.46967431681521243, -0.5109941859939825, -0.6351696689319251, -0.3954206473101274, -0.44632031454575805, -0.40942949330006134, -0.44159575610171875, -0.5030620215239332, -0.4840501392248681, -0.4354361499770131, -0.5323600611318045, -0.5933704916223445, -0.5604890614266422, -1.5614992802227305, -0.4861146409892318, -0.4988378169335285, -0.5085772287972193, -0.5441064736803413, -0.5412181212969113, -0.5640335860040284, -0.5897652840700028, -0.3822947932140676, -0.6059874949357394, -0.49641864186974954, -0.4857997245218063, -1.5640729017804333, -0.5554407883823511, -0.5458640886980736, -0.5352799442875246, -0.3401750450674089, -0.5039791527437152, -0.6176066541406087, -0.41871294877260345, -0.6148925383788908, -0.5457045977239475, -0.438044026012374, -0.5986385783011821, -1.5205460656847856, -0.5789757758403727, -0.6727768339165147, -0.4698855054786083, -0.5459961765153404, -0.5947082333540108, -0.5874296926752096, -0.4639976299737625, -0.48561522643295085, -0.46575824706310903, -0.30416834023182693, -0.5500390514127069, -1.5299096945000452, -0.5548998065827736, -0.4002089476087708, -0.522099190181877, -0.4294045687677101, -0.4193472003500524, -0.42548211396808194, -0.44697746290246, -0.6091324932749531, -0.5184849535665506, -0.6920062930425604, -0.6022991886236962, -1.5758161296119835, -0.37578320597866005, -0.5789008128494663, -0.5519011783020743, -0.5764583496466635, -0.5324794105525922, -0.5390311981909273, -0.4617782349355651, -0.4794726044582539, -0.47899039472483496, -0.46367099504136716, -0.4020002331686752, -1.5289356683992021, -0.45618119913363325, -0.5107608921393253, -0.36984484080679125, -0.4962323554096762, -0.49202369690624376, -0.48675068289262025, -0.6596657555541191, -0.6388091679444337, -0.5391172288228993, -0.43727679804997405, -0.4778571268072299, -1.5337094850232076, -0.45518050836243107, -0.6403094596468728, -0.4208971999340021, -0.5775559059593018, -0.5582423418718814, -0.5154598366547867, -0.5850127173574836, -0.5534964065114647, -0.5664976961703418, -0.43630890900330715, -0.42441273559933673, -1.5163658009343084, -0.5392406801164136, -0.4279997393456148, -0.40885503567452114, -0.56308176089795, -0.5750215936290092, -0.44869582236405003, -0.6008353046362995, -0.6091697654576351, -0.5066494743300461, -0.35527222071624087, -0.3688986971558071, -1.5579018515428142, -0.5059328281069938],