{"vi_exp": {"vi_seed": 39178, "coeffs": [-0.5906016930969346, -0.6403871892380648, -9.938719150843212, -10.492186795195645, -11.597129199435354, -9.833414390456104, -10.69106707102384, -11.592432228132008, -11.22286041461619, -13.75933055519362, -12.270036930587084, -9.964826277751737, -12.085189037433722, -10.403699890928586, -12.65904270362363, -12.13287142396031, -11.853529720686685, -14.467286115338775, -12.149592755719969, -11.2103405275766, -11.059471044049431, -11.396927663491084, -2.9187916348363885, -12.38070243794607, -13.32128312263517, -11.138396107896376, -11.378741494164567, -13.219081049929889, -10.462988388036091, -9.337445390690903, -11.667779265575344, -11.601133739236735, -9.595688941119588, -8.53517533280524, 0.5395351246598824, -9.196349465283403, -13.661060519132034, -12.081417622931172, -10.54035497441255, -9.946912463082667, -11.829811478035749, -12.03390123415222, -10.986472226259654, -11.030067866332258, -9.688159421283997, -7.240903577020351, 0.25735576744339017, -11.270073796015833, -11.659099169514224, -13.032121469076783, -11.3784637444541, -12.119102068424324, -10.472622388775106, -13.39579091460182, -9.472124367672423, -8.418725437394203, -12.756021602242635, -8.520915778134258, 0.054958836363106965, -11.101948875704467, -13.101594053489531, -10.78903701631558, -10.825606604647442, -10.566179530645421, -10.612725447569229, -8.17265768738565, -12.513544984668052, -10.023620056839148, -10.413456974384191, -8.9801483960773, -0.053342765795429015, -10.970298080532716, -11.289142378405217, -10.930854106569967, -12.654649785357822, -13.622131788095738, -10.316782684503197, -8.127793402828853, -10.61951659707575, -10.677138029074907, -11.599559512059473, -13.154910362080104, 0.04765096224144012, -11.751003283731096, -11.863020198428385, -13.942590101889461, -11.55701636246971, -9.747962866005063, -11.342441274512927, -11.890351730535453, -13.353280644045094, -9.88486419032052, -11.091013412781688, -11.448790251103814, 0.1640059453556956, -12.525615340107702, -11.32873829573144, -10.203987855155447, -9.238252069965744, -9.393465990848073, -11.378563700314121, -12.062120920345047, -13.408464624331357, -13.207051773856362, -11.008185330170882, -12.425943949584754, 0.26898365095831395, -10.571632764415346, -10.162238573879414, -12.163509144966206, -12.229879972104179, -10.187028154877723, -12.27534552749536, -11.74989723825203, -8.568460096769071, -13.660696044506496, -12.449858094148642, -11.352270440686883, 0.48912710467716736, -10.541195543926085, -10.059005854526024, -8.885249879537449, -11.720624139955458, -9.246830091847027, -10.632584598599022, -9.380223901992759, -12.14273405612506, -9.4604679219876, -12.792357251233678, -11.436231913382462, 0.546279025089996, 1.9891885281253565, -1.5515369394971765, -1.5287943523327394, -0.3772188609166979, -0.44011738547561313, -0.5003403844482974, -0.46630315310933695, -0.36202864204742957, -0.49377835591133945, -0.33821833675784363, -0.37456811508967874, -0.6100894442408061, -0.6348858648578579, -0.6703658561206496, -0.5480780435412812, -0.6151363707999428, -0.5195325599102028, -0.5505744722949497, -0.6302231894377923, -0.48679641068755547, -0.5857131957492904, -0.3164242274559855, -0.4620902578478306, -0.46940513136205486, -0.46561751598670753, -0.5642938284583799, -0.5638428476186699, -0.4948338585817957, -0.5703512275972781, -0.590830767445822, -0.4413730859572295, -0.5241059921884108, -0.5167110489936803, -0.5180502937731271, -0.4769067322748762, -1.5394541554666115, -0.4253803108312752, -0.6671119387597034, -0.6126332331896415, -0.5424245584978727, -0.35909006767486934, -0.44203767872337474, -0.5254461146366787, -0.49033662202443434, -0.5911761786728694, -0.6973123935149553, -0.5102683090581948, -1.5092237214996158, -0.6050655998248874, -0.4080766305673273, -0.526951225544636, -0.5765343548644772, -0.5411094988348308, -0.5049768497715699, -0.4907902218484924, -0.5104767546908353, -0.6486824291600305, -0.49557827014620603, -0.47788662189729053, -1.551161221970813, -0.3840801358215545, -0.5192462023760289, -0.5090676953957228, -0.4365775481785191, -0.5573807295722831, -0.38150942387926734, -0.5582704541164751, -0.47920439877304016, -0.5739014697171508, -0.4266820317151296, -0.6509048222728038, -1.5561796441626021, -0.383028720144921, -0.40416281080661304, -0.41300431809884164, -0.6401602223790972, -0.5063944832941966, -0.3799845811334296, -0.3601574403915862, -0.4448563659716108, -0.5452847771050472, -0.47717971221378813, -0.6215690928885744, -1.5469528955746197, -0.5640651288879472, -0.4693223737411143, -0.5771759721366972, -0.5275583903033573, -0.643192268155236, -0.49178577237197496, -0.5211913547863438, -0.6678123033782426, -0.43049679221112847, -0.4996237256408074, -0.6010711689231174, -1.5380355792970162, -0.5771161947445123, -0.2881588221440921, -0.4336173344541883, -0.41792636973073, -0.34589589146980637, -0.4661158245620485, -0.4186238861357582, -0.5036631580507405, -0.5915970476430716, -0.46333536050315993, -0.6080826768171005, -1.519443792830201, -0.562568066403462, -0.5598368065923462, -0.6258155910441937, -0.6202975322138787, -0.5967558255642317, -0.3905073234221461, -0.4499058566113735, -0.32990582822294706, -0.47169528941495326, -0.44321592599516024, -0.5596462646271475, -1.5510186107466322, -0.5372576672325695, -0.45149284302687576, -0.5260226050084461, -0.5615171189062044, -0.5218816000142168, -0.5428866695781578, -0.4918863287904305, -0.501863925529878, -0.4638140358859527, -0.6044888090767065, -0.5999946696101067, -1.306853972763814, -1.0297099923256998],