{"vi_exp": {"vi_seed": 8601, "coeffs": [-0.9385266550083935, -8.5809622499978, -10.177624308776226, -9.385140853786682, -10.869007153084228, -8.890940872839108, -10.564144279000786, -8.831773122611787, -10.590032087578805, -10.513199022636755, -12.356957713052807, -9.508166853395137, -10.640249155541717, -10.075896059528471, -13.309791797551764, -11.702692504857568, -13.794113476949281, -15.24763843770054, -12.146385690526099, -11.705675395493595, -11.697186661682903, -10.20580769728991, 0.901615799419174, -10.424143587761801, -12.204649073191728, -12.644936279990597, -11.743773723180622, -12.179504163886127, -11.907798679148325, -12.468887851559495, -10.803289927482135, -10.905719231458118, -11.21367305991489, -9.053796807493736, 0.32390684330824954, -12.000580574251028, -13.362784778140654, -12.673376938532526, -12.624681801501577, -11.443036492196356, -11.85076854982372, -10.017765923610758, -11.572255886242177, -9.08297867606522, -9.679018760944631, -8.255525453543116, -0.05135833927242684, -10.252192758083204, -10.805410580415682, -14.63962340302748, -15.341457255404782, -11.978525651247207, -11.136065906760402, -11.760751799717761, -11.1799132943568, -8.700491083195047, -10.477605121235571, -8.860978346487704, -0.2453898003725073, -13.765579115384838, -11.649964908425495, -12.750308206000643, -12.387763065064677, -14.641712688448989, -11.984365019437963, -11.077475740816343, -10.671511334175989, -8.938693713450938, -9.968788059073557, -8.796678824832842, -0.4157052451164495, -11.307747835994581, -12.533962143790308, -9.744839897194126, -12.490501733585061, -14.266558788946398, -6.310586323350496, -10.130213271897324, -12.389044683179801, -13.027028847358391, -8.125277685614094, -10.384979130153582, -0.4545703915626144, -12.927196107691653, -11.190528594604118, -13.769987915798666, -10.16565446304101, -9.733079508603597, -14.06726896055463, -12.761277884264972, -9.651707058044712, -10.171501151157816, -9.157698334148952, -10.812575969886012, -0.3781171651955347, -11.435863913282414, -13.578316257903492, -12.262417238952702, -10.05745743928045, -10.966744339390917, -11.306754387430836, -11.031763759985143, -14.72758578915275, -11.931638175241401, -11.333599310521826, -10.716628176967134, -0.3539927066650394, -13.353169987359353, -11.547852397131878, -9.153976786421618, -10.14829077784652, -12.598626452488928, -13.625607933202328, -11.813692415910365, -11.706779359954787, -13.341516017699211, -9.567940414556375, -11.699233366190281, -0.3099186059030315, -10.728363445082099, -12.605432791346056, -9.443596020076187, -10.585218678517357, -9.749355332912424, -11.365329991087867, -14.10763806901258, -9.391999539577153, -13.912180395860464, -11.572525346516624, -13.198412497044522, -0.548593655038561, 2.721618864006825, -1.502114992529311, -0.561937299780755, -0.5541707940784493, -0.4556671047698235, -0.5111891268439909, -0.46603813000226524, -0.503805377601153, -0.438767932956718, -0.4923402170785348, -0.5232687066477508, -0.6945009629746091, -0.5264161332800362, -0.3518021550949798, -0.40894643685770693, -0.6079560960973893, -0.44707048979862163, -0.2889864888964143, -0.49749808888493624, -0.4470279050651365, -0.4536115313265862, -0.41391469717810214, -0.607430646969051, -1.555163188322681, -0.5161996248967856, -0.6288571010316828, -0.4636386243542708, -0.5827654896760434, -0.5463539988874682, -0.5565035936684529, -0.4336850717927927, -0.48395400244651265, -0.5766501938781273, -0.4404723124542337, -0.4325946434549287, -1.5603762283470402, -0.6338069178852113, -0.5374801791573902, -0.5430531031516133, -0.4815326951194996, -0.45053400605292154, -0.5294308135611988, -0.5624682464058645, -0.4621244056910481, -0.47250515721005243, -0.41767535819107315, -0.5921273650015023, -1.5117684129070506, -0.4805054466910304, -0.6243766672825629, -0.5516347515669291, -0.3767337257408425, -0.5094852528023158, -0.5847816958429348, -0.45058239141299367, -0.6313905674737396, -0.5464320838262214, -0.4773285762218193, -0.4434319284393248, -1.5174428603371848, -0.391607623606877, -0.4906046877563389, -0.4441308214157055, -0.5720358328586409, -0.49817075163614744, -0.5095831233086617, -0.5316370601103538, -0.4011685017454649, -0.5353965652283647, -0.5909531109310796, -0.3832229343955746, -1.5632488892230174, -0.508652598444404, -0.49036003324488786, -0.4532918364821459, -0.6055404704571246, -0.5263287226569535, -0.41383684944128246, -0.5835192800800936, -0.5067615744334915, -0.4149026691693651, -0.5848384871271014, -0.48258946217232707, -1.518823610569986, -0.5276454453313852, -0.495116420135702, -0.5287848403401135, -0.5624145290003005, -0.4253100602085814, -0.5780148942648361, -0.6911871687418204, -0.5029587785026517, -0.49692883583196884, -0.44660204157044997, -0.45068189107728923, -1.5939214596805873, -0.5161778722078679, -0.516032868521418, -0.43178952786295144, -0.4616513771572702, -0.5776224781316885, -0.5356527981369144, -0.5394677565921939, -0.6799382930431934, -0.4721646427240167, -0.5732861756829299, -0.5038367098725491, -1.515033970577096, -0.6201217237278663, -0.4884413063399969, -0.6709173792706705, -0.5393488868540878, -0.614400455047957, -0.5897345525944911, -0.4843693049478354, -0.4805855603418419, -0.6746014289665144, -0.5569684343321877, -0.6027472503285746, -1.5601524156230646, -0.5831253566559114, -0.46310040559548926, -0.45450037924490816, -0.4509940688522967, -0.4778441986159699, -0.538325079617588, -0.47709123023657435, -0.5219606762132754, -0.5885777838373049, -0.5016162248080018, -0.5484411938513033, -1.2185191353536733, -1.1960912797073895],