{"vi_exp": {"vi_seed": 28034, "coeffs": [-0.585089345233338, -6.334351374263316, -0.5786179226054369, -10.245063176710804, -12.180874918284609, -11.44856987372753, -12.932337981944576, -11.27407510227729, -11.871306272151733, -12.352760745263208, -11.812410583358346, -12.185177011073831, -10.800959687678604, -10.870828266051012, -13.219905371500102, -11.092250490179245, -12.788221516986074, -13.148302809447916, -13.740283896200898, -8.923987821911199, -14.199948317665136, -10.030907622096064, 1.20188491333185, -12.18045145122132, -10.794584494950243, -13.048367836760386, -14.72757707968871, -10.528888565678594, -11.24170841166732, -13.152011552165, -10.113340667225243, -12.472310085303263, -11.133369759162807, -8.506705032394803, -7.954354395173761, -10.481891575170797, -10.984863475689304, -10.599968877881263, -12.597434102129807, -14.248388027713466, -11.877533389439423, -11.255668413835348, -10.456161826254, -11.40417292666487, -12.524251031583415, -9.560781792219442, 0.3425436371654156, -9.7365866841686, -11.92674190366, -11.480810648698526, -13.579412268540269, -11.376521111124287, -8.62647842423536, -14.26289030108778, -11.526883770410036, -9.191065445561001, -11.387856667637854, -8.287926614991177, 0.10045871885686174, -12.532497730683088, -11.749840818430586, -9.100295113684345, -12.631144718498598, -12.776447927909748, -11.516231585433358, -8.351381465938978, -8.960348862372282, -10.582966943484243, -11.544072592029574, -9.794635049332172, 0.1372340585155355, -12.598053188998874, -13.74814882141455, -13.518157630639516, -10.370572981453735, -13.48565749686725, -9.568221202168555, -10.685461903848804, -10.940689884276784, -10.861578080849103, -12.451567028482977, -9.358799176884418, 0.16550732495466666, -13.199588619683151, -14.572554492643036, -10.6097411323325, -11.843773233490893, -13.01398378602867, -11.439915709770252, -8.219982502881294, -9.866715434247514, -11.094535719112715, -10.053837914742985, -10.874550411584233, 0.24089774722502014, -10.76660154485664, -12.500402115622805, -12.073579593549127, -12.39843353003055, -9.868638932213798, -13.690209717440922, -12.01014866363061, -10.802816513284483, -10.285819761347772, -11.407620658272721, -9.52140049963128, 0.20140477339751098, -11.36161210419356, -10.113621866660248, -10.813611008818748, -11.689786980351297, -11.00400577679583, -10.905800591558283, -11.304648856513396, -11.192417251326544, -8.402805100063283, -9.689114808012135, 0.2126650756659819, -5.490088077659939, -10.998583647262343, -8.418168850446424, -11.564194152932187, -12.240804592760599, -11.441780777530555, -12.237570453631722, -10.44228558808823, -10.627352861505932, -11.667320517065479, -11.808856502727885, -10.288109651982504, -0.19292643748254243, 2.5075806305958923, -1.5956347625288427, -0.416813197674283, -1.596700854461112, -0.5637251161010202, -0.5424929270870817, -0.3840288888510121, -0.42582259233080594, -0.4026592327185322, -0.554329579854089, -0.5282260685258828, -0.4924596207079364, -0.35803097673925544, -0.38203217728319566, -0.45492962326892195, -0.5648309644604665, -0.5351233452951424, -0.45864806553365883, -0.4617845731310051, -0.516159541115147, -0.5595237060836293, -0.6056717842782838, -0.4848978751371928, -1.5382637575426765, -0.5134082638215446, -0.6394497429524632, -0.35032743837506647, -0.5920140328408352, -0.4592231894219599, -0.4907983612891327, -0.3978539519802047, -0.5878693320908298, -0.37485681512306984, -0.5613759311125264, -0.5436484117704264, -0.6007257791678151, -0.49701500728470666, -0.42361606571565613, -0.3805085957184287, -0.48505974034464977, -0.7210071091726813, -0.38548354456356476, -0.4680668187477201, -0.5061256667206069, -0.5374769966263052, -0.5886854233627391, -0.4836460415434396, -1.5669186431157334, -0.44822231659973394, -0.508670796364757, -0.5081827375459195, -0.5492579073170747, -0.5278885736689837, -0.6535374291575442, -0.6302173781724434, -0.523269134359232, -0.5414523478664096, -0.5885297572384963, -0.4933684348385992, -1.5497931200020596, -0.4871703420277841, -0.5235459778734537, -0.48771399078222033, -0.5809150785644178, -0.6429897178849581, -0.4922437412738432, -0.5645339838277762, -0.4835649428132274, -0.5081112498493506, -0.5146080916154298, -0.4903391082430047, -1.6057955924988916, -0.5550811471424906, -0.45808404098004163, -0.3112481560601088, -0.4207387881182867, -0.544810092153644, -0.3590950975084219, -0.5967378772843799, -0.510972983799789, -0.590920502885308, -0.6010550642292439, -0.4725630152684688, -1.5420441643783038, -0.4916042513256752, -0.642054179823156, -0.6188066819523037, -0.4716571128404743, -0.49956447919831964, -0.4383046086992257, -0.46685780241463465, -0.5839524742661051, -0.4981682904688704, -0.5390905005701181, -0.40805311430709734, -1.5653713091462624, -0.43659159360527905, -0.54286268648662, -0.4963700510974884, -0.5618270699089339, -0.44130176725633924, -0.5428059964503211, -0.5084214588531131, -0.430329760253569, -0.46112214321821077, -0.44574097645160193, -0.5260075228258457, -1.5179203322355252, -0.46822330687613894, -0.5374610621662766, -0.5064880375602647, -0.5205143308683094, -0.5511614366414025, -0.34834482725412425, -0.40341258438839056, -0.5534654812175225, -0.5488020514563889, -0.607430958519484, -1.5333284815374293, -0.4639582383457038, -0.45528217955837236, -0.41467179214103655, -0.4600901131363407, -0.5096925780661552, -0.5711258192004663, -0.49811293258597766, -0.4960906710398336, -0.4722571521006493, -0.3757447857369817, -0.5368940714466851, -0.4020189845538492, -1.2510338793884375, -1.14598293642296],