{"vi_exp": {"vi_seed": 19351, "coeffs": [-0.7998879868493008, -8.888921337802476, -11.116060092451619, -10.877346601995239, -9.316842394536407, -12.364040156274884, -10.61019643030213, -9.94157538511071, -9.269223016948906, -12.440906265889454, -15.69067317920173, -10.75605834091182, -11.681328145324036, -14.216625425442594, -13.96440075154539, -11.074304507749792, -12.38354783049534, -11.818833023765961, -11.612984949855372, -10.264364102518387, -12.07717485416191, -9.191773434345667, 0.9954971805374233, -12.671775393095693, -11.31813510648398, -10.582770209055468, -13.04977475348528, -10.993561653751453, -12.386472097552247, -11.912049709440003, -10.890549643013939, -13.11450727872458, -9.337750734450184, -9.677362061410598, 0.44414462020461576, -9.742145810786019, -12.412307587600177, -14.142726853792459, -9.957235678893577, -13.756001218168949, -12.445984972413576, -13.404026127140067, -10.621998044783792, -9.011902441401846, -12.086435075999908, -7.9021297906380985, 0.07030725859096813, -9.722798617922376, -13.50557315073603, -12.142126167695183, -11.21412461130973, -11.771259259941102, -11.170449072452465, -8.822004227210348, -10.699424682771589, -9.512961762767963, -8.91345276939804, -8.586213572675534, -0.17430535892665167, -9.174543458816126, -12.52717036916527, -11.376148789018801, -14.046731316911513, -12.419365647557159, -13.169563154344928, -10.24048324237085, -8.063310456270427, -10.868494611767586, -10.117585781508724, -9.284131771160247, 0.04864323384588038, -11.500091912917428, -11.263461191405282, -12.524257636115859, -13.48419873274865, -12.29844625950615, -11.981847287922013, -10.233343262026557, -10.490431916452295, -11.534940110113947, -10.400319712258494, -9.8938042561714, 0.05466657843019251, -9.456578276439775, -12.955640189378435, -13.220875809411304, -10.783241489953213, -8.3979390649623, -10.450955382430994, -11.891527456334279, -11.571944641312982, -11.061979976849688, -10.926029073944042, -11.389105991438214, 0.07425177826598371, -10.732941525411649, -11.172909655562119, -11.283111131468818, -9.689771023245289, -9.215076483118748, -10.779070210845036, -9.605546637734744, -10.581061269015049, -10.343728483305469, -11.712406891861306, -11.852512125352446, 0.48101222204785654, -11.800484144653753, -11.904595552112076, -8.205503665463933, -10.119249309696, -10.45999402140181, -9.789316425402028, -10.165709984717171, -11.11471024708894, -11.15241312996569, -12.41380177776655, -10.3717850056325, 0.6414719996035274, -11.544805709305148, -8.912924740712812, -9.283045806413133, -8.452697064009868, -10.23168715498316, -13.880321214206043, -11.80830967598555, -11.44897842935034, -9.70425533143965, -9.926182660913081, -10.973266132883257, 1.2085229869616574, -4.034684045625033, -1.5808679187823766, -0.34880677380145436, -0.7715939156290079, -0.6383667553601323, -0.5862539516896346, -0.5226051925421976, -0.4932234802908831, -0.4873031348586371, -0.5152927206232513, -0.6057314068273688, -0.6075854262177368, -0.47016123699679807, -0.43054806428267245, -0.5662642832409492, -0.4969436136647121, -0.5390066165024886, -0.4689367268208365, -0.5320570050100744, -0.43595831168418286, -0.6231870699059016, -0.4856994489455375, -0.6065935545395741, -1.5691703312288554, -0.6225297731728263, -0.5495994268132148, -0.5039653563185919, -0.4252433249173917, -0.38528221537504387, -0.3188171983046909, -0.5895430103021164, -0.41110993731545914, -0.6533474196888198, -0.45727773633874247, -0.551259497811635, -1.5233660038653583, -0.5136496836022143, -0.529115231693115, -0.5815653758948656, -0.5534122832345414, -0.5800686917897897, -0.479091839737601, -0.5757633248080933, -0.6345541559009972, -0.5878107785060752, -0.6261994283828365, -0.48919854305153326, -1.5359336456758017, -0.498844672506332, -0.5516675238305015, -0.5052445310100158, -0.5571623822448801, -0.6035239818284037, -0.5844576730537936, -0.525685475939595, -0.4889566556292656, -0.6002768938180797, -0.541457019471756, -0.42482845984850753, -1.55468307696382, -0.4973268148126926, -0.5658138645859013, -0.5413468343045316, -0.5080751176547651, -0.5084354031546832, -0.5686420892744087, -0.33437806831116207, -0.6288479925547154, -0.47089151157010695, -0.4710085879750923, -0.34361065564229254, -1.545143020969376, -0.46300549117780315, -0.6300205680142672, -0.4906564790577679, -0.5085872844531775, -0.48462501703215694, -0.38250439311185364, -0.5883274482849249, -0.6102593717093105, -0.5559425207063095, -0.5501644418533126, -0.4542121237652563, -1.5369464552459418, -0.36417619106655386, -0.5899134069089811, -0.5758664229702001, -0.4653418113468822, -0.6644221159766406, -0.3961683157857602, -0.4282454129670308, -0.6010384819331862, -0.5889716550399028, -0.6559666130269867, -0.48809037918088366, -1.5977671968289904, -0.4987430196702971, -0.522150006566883, -0.43160630650578047, -0.4257679686742483, -0.4298662611616317, -0.40965507535947604, -0.5029796015524052, -0.446953008977891, -0.4891274283370217, -0.4445737003210462, -0.6028032946829968, -1.5924796376689017, -0.548155702934024, -0.5610460145468787, -0.49975139407186736, -0.3893515489403242, -0.584731986216969, -0.4190407456976601, -0.5876963679276137, -0.5610034807815254, -0.4676467629461874, -0.286520237186935, -0.5577004464740699, -1.5376646363486255, -0.4605650963121836, -0.5374114262151003, -0.45628237171775526, -0.3428864909022365, -0.44185346222447197, -0.4901412805462529, -0.59561591280087, -0.5606869513388238, -0.43003777339725885, -0.3998999018836338, -0.5168727461834558, -1.5386104503400198, -0.3858320918496333],