{"vi_exp": {"vi_seed": 43793, "coeffs": [-0.980909447289093, -8.9044351972153, -9.899623311895397, -11.131613370880494, -11.733380585351597, -8.942341626494969, -12.677913201966103, -11.811638835631442, -11.704171515850778, -11.175441279186936, -12.033962117582972, -10.955811506335642, -9.73470237912248, -9.865686858445423, -12.383751352187037, -13.185177551080743, -11.1645914416381, -11.196756206459886, -13.945585476517977, -12.316853884059165, -11.217463237970385, -9.709447073254994, 0.8531629992136094, -8.99476854620632, -12.104722041351605, -11.881054497687678, -11.817368541774684, -13.855035331619089, -12.593849899931051, -10.135310670846952, -12.068108550723988, -11.12060936847579, -10.06832865415406, -7.897984019620122, 0.3211648234172389, -12.95473399352899, -9.996699318849748, -12.350484956712734, -12.465320331009583, -11.656865562611822, -13.2255183426797, -12.587093629703315, -11.50040594141928, -7.707641017165845, -10.564505391217512, -7.596004438086737, -0.05536184923330415, -10.7920940834142, -9.858545344772551, -10.807947623899885, -10.851320303555207, -10.7914599894775, -14.652081005878992, -8.663571877390236, -9.974547133721904, -6.991791556731421, -12.457613760993594, -6.512612670405794, -0.3064889775423781, -11.952508484777454, -12.50243868092247, -10.256965403225431, -13.81268305694863, -11.050913068984416, -12.8985671325397, -6.542014510863169, -12.627954438035683, -9.426151191466065, -13.961289078816701, -10.177269076010315, -0.3722151682261158, -12.958976997302845, -12.299605473246963, -9.761771786931416, -7.496222156817825, -13.022301846064863, -10.066648209225903, -11.525785877949556, -11.649917254423652, -9.82912704549704, -10.760016544979942, -9.188207960517564, 0.019293657152867013, -13.051389256958227, -11.565275449828448, -10.733795072198262, -11.418698560178075, -10.395070429790213, -10.069401162857343, -13.251943321809005, -9.528373084805036, -12.525752578073915, -10.871508352396994, -11.080001707505708, 0.19799623572617192, -11.319636080867735, -8.920068534923576, -11.27265301515191, -11.78422937368052, -11.498940280040491, -10.194050092429773, -12.4603068111636, -12.450724488818958, -10.714242841257139, -11.17392953003725, -8.774351944255004, 0.2148036505311673, -11.944067946465763, -13.811915375653859, -9.66593238200942, -12.998559719366288, -12.072347781545403, -13.4221833928641, -11.58784935540449, -12.18873528923361, -9.70712810342155, -11.69362684423365, -10.909262239887289, 0.35038700544405005, -9.076547172234097, -11.970267814049214, -11.807820384032706, -10.41243806682484, -10.88422313274782, -10.815792215970317, -13.118277557802521, -10.950183077299673, -13.621622467322222, -10.884195240469602, -10.337411066256028, 0.2823674929638235, 1.7513267735470024, -1.53282831244301, -0.5881689470680872, -0.5670059470908948, -0.438746856440951, -0.4000725772914885, -0.5338884657608246, -0.5925723926932004, -0.4454128682614992, -0.5444213491738009, -0.4033164434500974, -0.37849667374501, -0.5973551425537699, -0.5563347387157647, -0.5148204311680388, -0.5419640925082869, -0.49531325747374566, -0.49896321446846004, -0.5411174871671004, -0.5921291322642873, -0.552717335053688, -0.5719677365974559, -0.5298524074790386, -1.5104116097478895, -0.42505042758240724, -0.44351608080465343, -0.502762958959486, -0.45814088158058786, -0.5283700473930681, -0.5486560122696723, -0.48371852107655533, -0.5867608697482881, -0.522125938694703, -0.4214385755064645, -0.5438830511812499, -1.5381504348678765, -0.42540694245277577, -0.5232102768734451, -0.5456475109336966, -0.5285581159039414, -0.6058953625980248, -0.6184067010795665, -0.4912547948216442, -0.6168178266510568, -0.3756029241201929, -0.4881379280257125, -0.4852371562110047, -1.5566461548732917, -0.6715496796574596, -0.5595093627635673, -0.5477742077934581, -0.5906350428719591, -0.5197949217457875, -0.5798894110633427, -0.4726675075236609, -0.3304032023022052, -0.41073842906941926, -0.5256363887914565, -0.3153703873558284, -1.6058620260624636, -0.4691035628509471, -0.44854446168459183, -0.2786470944388798, -0.5605453247058441, -0.4988465288728797, -0.6052671875271419, -0.4644982923064332, -0.5926021022206146, -0.38262942670827427, -0.5305790853993937, -0.5660644801855977, -1.5377949368612847, -0.5807990509248162, -0.5173098716006298, -0.39773311582922466, -0.4670214417929575, -0.5769549838677887, -0.5967317521031348, -0.5100667103303408, -0.5558444577320006, -0.49872855598575844, -0.6179231061530294, -0.4955086948259413, -1.5430404899706596, -0.6310202412360812, -0.4830448323245212, -0.43347355682293126, -0.638028359016452, -0.5109712215153462, -0.3319141766309199, -0.5763387557303384, -0.48440368677263806, -0.46898905244710415, -0.592163587566417, -0.5280324554904153, -1.5619176786440652, -0.4306455444401631, -0.5623985821933133, -0.3356437592361417, -0.4970008663250997, -0.5841626397655062, -0.48525539928080297, -0.46354212056353733, -0.5488249433993443, -0.5546522960931664, -0.6128095973649488, -0.5473812728655576, -1.531966313124228, -0.4774981755669049, -0.41579665945773475, -0.4895112409384994, -0.49680715113853313, -0.6173622625190045, -0.6133196905619988, -0.5868544571966126, -0.4493082144158581, -0.6548283045470465, -0.4121961862230739, -0.5461517992063426, -1.5817588025811717, -0.4248163296062628, -0.5382056672462981, -0.5753224319093008, -0.5595286845441951, -0.5602161021500166, -0.586174223542357, -0.5730515488632397, -0.4829600978636911, -0.5677659906844537, -0.5629620625441616, -0.4621262291780178, -1.2710559958227077, -0.9842836521278286],