{"vi_exp": {"vi_seed": 2487, "coeffs": [-0.2722294693071166, -0.285760776523563, -0.2636214567648239, -11.584383194787126, -10.959474361259767, -11.483702730391455, -12.91404576339918, -11.061258464042082, -8.834009877898447, -11.008040323243364, -11.116454182071626, -9.4779331373753, -9.684843025296106, -11.757130919128606, -11.656308821947787, -10.213949978344688, -12.99780844032852, -12.62561650793927, -10.83820862615699, -11.411802094916089, -12.424904201428658, -9.912258781910662, -6.831644506942503, -8.994718541747597, -10.334203311807302, -11.219989389320025, -10.454607986326462, -8.688068402888755, -14.156630243605651, -10.24861792707457, -12.449069006972065, -8.996215903394168, -10.067335313081585, -7.933670023481764, -8.544267878532185, -9.512769853801167, -11.770560774009258, -12.676393480359955, -13.202383989072318, -10.369045213485421, -11.60060255404125, -12.255341708553466, -12.074609852625287, -11.50047044464714, -9.672605869726265, -7.113006645102857, 0.6640431978681308, -13.781104861161106, -12.326523612553542, -11.27231875012351, -10.37427722715456, -9.666703984235813, -10.537054229354114, -12.176608689107049, -9.58107348146307, -8.644876147565196, -7.596476060329611, -6.68333165169498, 0.44722503207364617, -12.15869116913454, -14.511361162738352, -11.477745465324293, -12.179842308149624, -14.067864741175155, -12.288235551420142, -9.453509370922085, -7.900195884870552, -10.679389971399148, -9.966914158010882, -8.972761323116224, 0.39145065708631643, -11.0908526568407, -11.963491638886712, -9.575697196247647, -12.056085623997998, -10.508909574530097, -11.308857838506444, -9.685851156424908, -8.224184912892756, -12.068854059188038, -10.796527943556018, -11.531913587252781, 0.401057840937088, -11.624830543971235, -11.527225219244642, -12.00001735791082, -9.826889253073002, -8.464892496708046, -9.587217744619705, -9.64567311284938, -11.295871788109771, -9.16655792264537, -10.877482629469997, -9.651900834411046, 0.5385225410078647, -13.315916594459445, -10.29425765836125, -12.434683777200474, -8.756344252491807, -10.705007701369933, -10.349153204595318, -9.54742479724459, -13.192689956924438, -10.353938691701167, -8.849993122461944, -11.363934489618009, 0.7985102748108073, -10.120190508105933, -10.706634726061562, -10.650678395510045, -10.93562319752653, -13.972125063314216, -10.924180980878372, -10.93276594370371, -9.86058358235872, -10.977869351473956, -11.352559379069712, 0.816420972395886, -7.269113466493327, -11.307137493277029, -10.452161779279487, -9.971210881697441, -10.304535726289778, -11.590500118130057, -11.124508828398037, -12.126227204342666, -12.330045629772536, -12.058418762750954, -11.305198425643443, -11.780043002794201, 0.4648135032613868, 2.5071668131410396, -1.5826791124871913, -1.5832837506267472, -1.5584041029975886, -0.5111791397516359, -0.6045313343066444, -0.529771424035079, -0.55137133062059, -0.36820352271596485, -0.490537280889699, -0.41787425112940235, -0.47688038469605537, -0.4979241603997667, -0.5677434039273718, -0.4193283532106612, -0.5244975949437399, -0.5268824868613672, -0.5251342771011344, -0.5400370404535508, -0.44559597882471075, -0.44927832651816474, -0.37135018133841907, -0.56831487453797, -0.6390445041735382, -0.33942530871056936, -0.5788803428435166, -0.394746800740696, -0.5580493835181397, -0.4328758123557225, -0.45834789933910447, -0.3789745301511262, -0.5287932385146966, -0.5475825428094383, -0.5039281661445011, -0.4404845454311529, -0.5950149750011817, -0.5180851659532019, -0.5859964771901135, -0.5524992657189288, -0.46989547296150636, -0.5671525899744841, -0.6150321751579612, -0.5037100640332739, -0.6310728781830456, -0.6147451834385125, -0.5938990599314399, -0.3773536983624018, -1.6069069030588887, -0.465847420877889, -0.48306239405121576, -0.6353299625960523, -0.5507164886061927, -0.5448588938539644, -0.5186629862363268, -0.5012097833750898, -0.5841527928421445, -0.6210436586204943, -0.5278557906013112, -0.5638857413968787, -1.5405847085831026, -0.5973334661500243, -0.6150818148610971, -0.4251874379880317, -0.5631078335462779, -0.6222670394035449, -0.6507755309134643, -0.5051192080396097, -0.5376126773941498, -0.5538987755708211, -0.6262298793909398, -0.5179135009738633, -1.5769176656093151, -0.5881514749159371, -0.5197638682628771, -0.4548823868785241, -0.5104907971888353, -0.49581783070957314, -0.5086253402367122, -0.493852633924039, -0.5404130212001675, -0.6478565721172512, -0.36680230065271974, -0.5380285468571454, -1.5457760680826294, -0.4346908310976691, -0.5984032954989156, -0.4024786785610212, -0.5547739284343625, -0.4720058780517603, -0.5388291690136501, -0.42988922344896474, -0.5971904382350396, -0.4269022217086268, -0.5159230470901967, -0.5028840376615866, -1.561360632546064, -0.46953454053255467, -0.5918632996518912, -0.42657790258241357, -0.6022270774714534, -0.6271163359617, -0.5955876070020705, -0.4108905837528048, -0.6677650864440791, -0.5167246676970624, -0.3379227892934326, -0.48682774596581796, -1.5235510221444064, -0.627533997230245, -0.5489394470876694, -0.509871445186591, -0.4741787024645225, -0.36893037976397464, -0.49717485508207104, -0.4454493559987725, -0.5470640349425496, -0.49904218200411254, -0.6067998210918756, -1.5642927103159878, -0.4534704762866677, -0.5334318169281493, -0.5661175022304589, -0.6240125723241943, -0.3835895169918101, -0.4362066575010294, -0.6285588683760502, -0.48308381674726303, -0.5551760283372293, -0.6564514475830583, -0.5724056296218801, -0.6022768091785834, -1.2731811051093356, -1.0913192396393447],