{"vi_exp": {"vi_seed": 43349, "coeffs": [-0.1151396366493396, -0.12340987541445017, -9.02806337707765, -9.318101212588289, -11.531437168171195, -9.934044321525175, -12.074713655594767, -11.782024750098929, -11.275484557456593, -11.98321356207766, -11.474546442111746, -10.229469320751232, -11.981145565995263, -12.264018897031749, -11.403563365897309, -11.518286555390269, -10.490434812651118, -10.899997018741068, -9.456945659181175, -11.214059572351731, -12.523773946380121, -11.40436319394383, -10.012011757000435, -11.870237142174718, -11.675260692024127, -12.73917341242698, -10.937666789785922, -11.026270297751767, -11.167293105629927, -11.220195425539465, -10.449474923617235, -9.762210771121913, -12.739398705895919, -9.01692053025779, 0.9862500592083513, -11.012960676846687, -11.201051203167, -13.56990535721153, -8.931974897484078, -12.416717810790503, -10.574211932897228, -12.819558122466745, -11.92077155178075, -10.120849425821596, -9.342555289538504, 0.9908973360287701, -8.601285580583587, -11.263551536450954, -12.63986972109083, -11.932680287747248, -11.132062949404533, -11.14013658207808, -11.099235965113728, -11.175010080318051, -9.905611654504638, -8.457233321218682, -11.295264139996597, -7.558117664713213, 0.454887163008177, -10.874358829205377, -10.686311687613637, -11.47656720692754, -10.73247735382456, -10.858790851564446, -10.628626996061826, -12.454997412882138, -10.75937327658452, -9.791547220170715, -7.902568494240312, -11.113249280275248, 0.4592696144516023, -11.074260693598157, -12.219198728156444, -13.200154753476586, -10.133041003700631, -13.706098337131728, -11.871846391497671, -10.821481866552201, -10.0851703925949, -9.66375936930959, -11.471686546538043, -10.962408026306031, 0.5088320928023645, -8.074388994954344, -10.408548054681642, -11.619807133237568, -11.272476870155385, -10.415465474967185, -10.191179089867015, -11.500313943616293, -13.040762518641522, -10.176121013825348, -8.883803573138419, -9.473665863604818, 0.6879002770374109, -11.105476308437765, -10.36234944433344, -12.50920807410361, -10.671842058250473, -9.96807395731418, -9.273872157193578, -12.796223906755879, -13.398969542944647, -12.756868053274676, -13.187751223340717, -10.133788525265713, 0.8562326931771281, -8.27957686385051, -11.456014595051874, -8.965703408705394, -9.720662287560604, -10.357544401992328, -10.0818403809867, -10.431532544651242, -12.392252500696786, -12.591014737937174, -10.882019336336478, -9.213437204636227, 0.9224224495032916, -8.99652558889387, -9.77627978626746, -8.942501218433888, -7.247836972701, -10.770522334043372, -11.314857148742023, -13.064536950427218, -13.864029853637373, -10.080037326839554, -9.54706815846877, -7.787167358795947, 1.362650900729475, -3.0987000235409967, -1.554729510310436, -1.556366672593306, -0.5288239796520368, -0.3871597203581878, -0.46386356456310107, -0.5347913345043867, -0.4580193436294395, -0.5801759965178721, -0.4371899739923679, -0.43466108604815873, -0.6518962524587877, -0.48140999444147853, -0.5621249293724612, -0.5673261783638447, -0.568297609717854, -0.3672225774453668, -0.5246544504396548, -0.5448863649705293, -0.5368900432922887, -0.41970674728443597, -0.559077239971843, -0.5434879504413539, -0.6179288839849363, -0.5274477171064631, -0.6373286146543422, -0.546701363710017, -0.42442517824292064, -0.4494044888289848, -0.5062930759770565, -0.5425206764492992, -0.4739327883006123, -0.5042549817035604, -0.5692398994478667, -0.4033729853253512, -1.5474456872005045, -0.49779317211021945, -0.5784040349995853, -0.5639389841074264, -0.43677638234383703, -0.47881234118367777, -0.598851270497796, -0.6509569526618324, -0.668706763450993, -0.2787064063352962, -0.670179741332595, -1.5723740258755836, -0.4449449536755572, -0.3017964017554846, -0.4652544799636901, -0.5036063716099602, -0.5054847375005225, -0.3431470871414397, -0.3643050576219233, -0.5756680660546748, -0.5833668487284538, -0.5613161004594521, -0.5976244982658829, -0.5573604812926959, -1.5358518595239021, -0.5789171912351595, -0.3960163155363258, -0.4953139506078497, -0.39232436786178937, -0.5171906693682701, -0.3373202568326976, -0.5003435358654443, -0.5807409101751652, -0.63970380985985, -0.551531390104119, -0.45424417639043446, -1.5414116359029382, -0.5771257434209341, -0.4059564049719991, -0.5928527552768247, -0.5257197636626716, -0.4858568920670326, -0.7097738236300927, -0.5810887539510378, -0.5731574909172781, -0.5106422736381938, -0.5014834120265274, -0.5619199560636259, -1.5554852121949139, -0.47296676180987235, -0.6016517527812856, -0.5304757844150114, -0.7115238948117542, -0.573563589655228, -0.4280582957328636, -0.5290434187789816, -0.45856227671850863, -0.5983701031482074, -0.3832544229753931, -0.5652196172457291, -1.5668102394369348, -0.5598585837856618, -0.4871424492453429, -0.42602833987705135, -0.5062666693262702, -0.5017509821295172, -0.4570201036397122, -0.5744496633621852, -0.4086775061175753, -0.436891531118914, -0.5446984525691756, -0.6617036139645948, -1.5966375301093978, -0.46856189374924845, -0.5250829967620093, -0.5501158530636807, -0.43773602266237754, -0.5735952581257509, -0.49189524402415796, -0.4717449789523596, -0.5270898572662065, -0.6520886090625784, -0.5250313827878949, -0.5464142709798635, -1.5355728045248664, -0.4220665667269679, -0.5313653992925902, -0.47725804069773814, -0.4686793032076855, -0.44272370719451615, -0.4571793411092962, -0.5410372628728284, -0.5658041096822848, -0.613161249055773, -0.34579695069934707, -0.5128731354263321, -1.5124973749246973, -0.6277691005724148],