{"vi_exp": {"vi_seed": 36722, "coeffs": [-0.024149736145061454, -0.03769801240956589, -10.248415991707848, -8.089164434770685, -9.880596345037876, -8.648795297354738, -9.120475014278034, -12.160134473430727, -10.264709460533163, -10.340037190335316, -12.108443649745519, -10.672266084568378, -11.44504262626937, -11.295362616253389, -10.288192826671864, -12.202747696003906, -11.37544111758722, -9.782662365660457, -12.590439186261158, -11.068999057993933, -12.423433108230709, -11.300695679062747, -9.896438912327227, -12.492548759955774, -11.71651100820404, -10.616841577757025, -11.276944140518, -11.164980253432752, -11.229122525378811, -12.394359667901353, -10.550342362992989, -12.680124592057142, -11.31739039168721, -8.506432842934245, 1.0607741777352946, -11.355910385846236, -11.996876242733066, -9.615977023578235, -12.0781112872968, -10.923604367117715, -10.673766700062775, -10.777313956270818, -10.175090882183882, -10.29636554535911, -6.909749292210408, 1.1027513995877636, -8.22172632846665, -11.53330773270975, -11.407921765585499, -12.00095089047186, -12.573698288399177, -11.727158320774109, -12.945748092044209, -12.130690938834528, -9.179163972755985, -9.570170819348794, -9.199263805681264, -4.236562082551264, 0.48645631513375154, -12.120996218488452, -13.06037679634583, -12.968988229566369, -12.651664580287004, -11.970738730412057, -11.216859118981375, -11.343939516112012, -10.912846881228734, -7.395634283583227, -10.489617329890367, -10.394005944025995, 0.35148955749928507, -9.151112038574439, -13.228678106076273, -11.738272849680616, -10.408128340427492, -9.807536284144254, -10.367417337235427, -13.588470630511285, -10.029597337914144, -12.556030855208526, -10.04455932809014, -11.339286011018928, 0.3931253646432911, -12.329412339575335, -9.917450889376843, -9.93622654614545, -11.31392024901638, -8.041873983628388, -11.730455420708786, -9.643539634020636, -10.775024188582734, -11.993099645855693, -11.661219916976547, -10.863083862048216, 0.4242092148683249, -12.712520932615023, -13.260236051466986, -11.113628551602194, -8.40331091410394, -11.489082385341298, -9.15693894654102, -12.26918432869046, -13.383567749897594, -11.956690074812947, -10.40453233351607, -10.934762034785372, 0.3816336197247829, -10.947607661770142, -10.377118465933922, -11.06772003059745, -11.709108469145944, -12.437202842757872, -12.263765887669388, -13.095654254320886, -11.65561076966496, -12.307531919418677, -10.359762540030687, -6.298569786549987, 0.374300854853448, -11.57013191207068, -9.65790121987187, -10.288694745730831, -10.276561542540193, -9.013471374907168, -12.38202531742629, -8.480179096002812, -10.22560242138141, -8.685411757625944, -9.745803239778095, -10.097109636271124, 0.10007866961766924, 1.9396209391660808, -1.5798938694397542, -1.5386078738970488, -0.5679559628093208, -0.4848624226883748, -0.5437557886509996, -0.4595223432536836, -0.4258121714466844, -0.5187724645885189, -0.39209275891874085, -0.2189578410310522, -0.5231277910554165, -0.47572810404785987, -0.43363907462949525, -0.5847010643127815, -0.32492812591743725, -0.4371568077833877, -0.5026766131142814, -0.6016771386565882, -0.6164941791682492, -0.5151135016653102, -0.4356678446204868, -0.5829804310546446, -0.5591504382782554, -0.5627917250831208, -0.6148350941950038, -0.6837815915577399, -0.6082723778595245, -0.5126972829556266, -0.5138821803147999, -0.2595465936698274, -0.5452698021424512, -0.4929492068940307, -0.5206922392379867, -0.4030084935799956, -1.537458585620637, -0.5187742235571972, -0.6033440174851539, -0.4881171271183633, -0.518790830625877, -0.4624472733926504, -0.5467798271221761, -0.5697425703281217, -0.43905155665792284, -0.43233455355546857, -0.43921523738423285, -1.553639097452591, -0.4675359382554136, -0.5142690256788754, -0.42545261958984315, -0.5314365398991662, -0.604656909508108, -0.5662715117312234, -0.6237579691592658, -0.5932341031164318, -0.4681836009228581, -0.5655626917787774, -0.600688504002002, -0.4396466254732478, -1.526270578120929, -0.5261163559312457, -0.6133901194603939, -0.48988023140875486, -0.463251293940204, -0.44665091265279344, -0.5602169288083877, -0.4009445321785991, -0.5508485291183116, -0.5195177511734242, -0.5482956381424956, -0.6051281909516946, -1.5314307817480066, -0.5674815756185084, -0.5984445376399719, -0.658616469990513, -0.5755654585318744, -0.5008999229935616, -0.5427203507937929, -0.5512774300673995, -0.5021177096377071, -0.5702554249834263, -0.43587055857528395, -0.5683771166225153, -1.5578676085914023, -0.2713004473296717, -0.3996971451834126, -0.4982134976250367, -0.47655687239746336, -0.5559812692220362, -0.45592466808834253, -0.4135202591618923, -0.5595009454352584, -0.5981365079719202, -0.4866829670197366, -0.5170718843142894, -1.5601535000866023, -0.6096938793007816, -0.4406301265408766, -0.5469652779040052, -0.33825031283071294, -0.4425217348110988, -0.4995201394353703, -0.41304823883343544, -0.45372448373849483, -0.5701899096304425, -0.5584696257103904, -0.45078889917444837, -1.5394551407167887, -0.5074631126531451, -0.5147332806099478, -0.47238370754031506, -0.4710247295940097, -0.5698146684010277, -0.49649032523046865, -0.5862462664999758, -0.5023437304005888, -0.41648990065470565, -0.5232051298748971, -0.5532668060422338, -1.50585192155047, -0.4605586378415716, -0.54880438528866, -0.5106903284009595, -0.6522181502216334, -0.5385672939350161, -0.4998012501397908, -0.4095729296431199, -0.4604233543655251, -0.43464853854213936, -0.3550802797908963, -0.45473086668331214, -1.2644880600387838, -1.0421754155344798],