{"vi_exp": {"vi_seed": 16045, "coeffs": [-0.6355997373180495, -11.329730306904684, -10.105154174170815, -11.693597334507446, -13.546675804103346, -9.907332153413492, -12.129064583927493, -15.796015047153416, -14.330901730449815, -12.244485269827576, -10.70248807322302, -11.982204855176768, -11.655138068505176, -11.454312110691108, -12.18694654984594, -9.520711745425327, -12.257950912478037, -10.769940716192137, -10.840520227778983, -10.759517881903612, -15.478651564478948, -9.00331191415704, 1.1842707709038696, -12.000175166504201, -14.084495744758929, -15.464296938598574, -9.902198517570042, -11.116561714990201, -9.674074485169768, -11.963963788811267, -10.885108592565144, -10.939033959524643, -12.928587172159853, -9.285019949900638, 0.6050331884431702, -11.166977167547323, -11.492049990278337, -12.498945833532703, -9.104031327891452, -11.207848753043653, -13.260593374775612, -9.339764671429926, -10.905985427677928, -9.73408240814291, -9.48255785918392, -10.533385457251713, 0.31415677532952097, -11.947898922793497, -12.777078443340274, -10.410518489553535, -11.737661398934279, -11.334555567576672, -9.48989891943064, -11.198852632653963, -10.478234372658058, -7.5144314327096975, -7.8121013501614405, -12.102748184075859, 0.04652469707320606, -12.019851052025835, -11.678049485517484, -11.382706861388991, -10.72339638550171, -10.964573731147668, -12.266282058599849, -10.37649552300844, -8.964637624212694, -10.977441217390318, -10.07109033287778, -9.766255294027038, 0.056947592628957586, -12.014213464571922, -11.163399754737071, -11.125069794483487, -11.466661776527785, -11.07804397852878, -9.018209166084311, -9.495177059929187, -14.41106513703236, -11.547419600694214, -13.11871656326964, -10.663627575488103, 0.06975072045246085, -12.46514363091561, -11.583506791138381, -9.832240612398307, -10.894903741792975, -12.79390439994372, -10.189296097404723, -8.889365323656213, -12.998839620371797, -11.96168758091705, -11.477062069811593, -11.238235978419711, 0.5987992880168825, -13.106354237588514, -14.04525191125183, -10.567956525785666, -9.22414155150345, -10.239719874612188, -11.976046469286988, -12.214023172526534, -11.261066386555811, -11.115579191931825, -8.782849169478997, -10.760320029573565, 0.6564149473690908, -14.624582354444108, -12.366748821418657, -10.890634265934159, -11.439436106456068, -11.739699788023561, -10.807811808154476, -12.510579670493067, -11.26828524725017, -9.050617550220935, -8.812778426508405, -7.848023946535877, 0.7530302438463806, -11.328444692922734, -10.230125932162684, -10.215873226397942, -10.971056113889658, -12.578696810930145, -12.333765195877671, -10.678879251023274, -9.533185662238845, -10.291719826545153, -9.978909834578152, -9.72335313155596, 1.2799186381894232, -7.8446466558436105, -1.538983557671387, -0.37752775308074615, -0.49924699291125735, -0.5404074082792315, -0.46432083708258115, -0.6646792542029729, -0.5307790112015169, -0.5788138322865852, -0.5410452593543367, -0.4934565098190103, -0.4735389342206677, -0.5519782675498969, -0.5287478357341857, -0.4346465103756675, -0.47501508900471906, -0.3646406365377857, -0.5500637497348421, -0.5863733883393547, -0.389216659294217, -0.32523368969557076, -0.4911360095981964, -0.4430959492857029, -1.5552706382118007, -0.3077691102272934, -0.3791437576553369, -0.7034572446109735, -0.5623155611899482, -0.43221625317601603, -0.595631447707202, -0.4359030241696841, -0.5930048826188838, -0.6911621085603421, -0.529115133902323, -0.4938005657865316, -1.539739625916321, -0.6281212197221056, -0.47521991823116255, -0.3840500105778652, -0.3990180588405694, -0.6745799707106478, -0.3285026700230566, -0.5894313397435244, -0.5933480490384461, -0.5395124154593993, -0.5444043114660698, -0.45466945837291844, -1.5556503954704037, -0.38221368335658296, -0.524475099173311, -0.5975913248379306, -0.5760592746955412, -0.5846709761843215, -0.5319080815644999, -0.5461088381856027, -0.5986005869547406, -0.45598833320939486, -0.4833867414010571, -0.5477067562932083, -1.5035893018151023, -0.48201247402606595, -0.528212614357097, -0.6020383761676158, -0.4924882330482475, -0.48878817989520357, -0.4170273165511148, -0.520218932624231, -0.42326829998796345, -0.5543565249371679, -0.46648829202793884, -0.40995864667735477, -1.5352381834424507, -0.497672810844212, -0.3713989514439081, -0.5609484455514899, -0.5250821250558908, -0.4830163090368299, -0.4898140372494858, -0.520343476030796, -0.6427899385620937, -0.479524551018813, -0.49692869628395453, -0.6151351838833145, -1.5743892723966848, -0.4543641148244549, -0.3808455492059806, -0.40606111240340154, -0.3603912955827195, -0.5020230716253882, -0.45715925965478144, -0.4798658578574765, -0.5584290948206135, -0.41104386212850635, -0.5155676813327447, -0.5632968485137594, -1.5719908854574893, -0.6142131477072053, -0.5272384596733714, -0.5503074742490005, -0.5596442053616206, -0.5387397345859914, -0.6032181653938657, -0.5695519225735937, -0.529715644411261, -0.4059667636159921, -0.5656219786006451, -0.5917356395853346, -1.5623025633113978, -0.50529957842673, -0.6478266644383402, -0.6056504037039525, -0.5115394248199948, -0.4933197719613758, -0.4092702791488986, -0.4429636045168039, -0.5915393770153091, -0.5003057731576344, -0.43755626593175423, -0.4801113510261635, -1.558604931035514, -0.5085312701166339, -0.3732696706330497, -0.5130022239285241, -0.4881694875024055, -0.5117232518285306, -0.6254683134082174, -0.39381466750874466, -0.5753857258509543, -0.4974910023446334, -0.5804466820456928, -0.4439562409020232, -1.5606879488290477, -0.5394691646363106],