{"vi_exp": {"vi_seed": 39115, "coeffs": [-0.054497805052986056, -0.07823342330803502, -8.66551122328433, -11.55232076973732, -11.371417342869009, -12.026094323101724, -10.928545039439049, -11.60514127202857, -8.455066093172032, -10.083474290722222, -10.863218355610197, -9.047143434380645, -11.504761408658952, -9.558200579914033, -14.337519932229503, -13.044633570130127, -10.471427038395378, -10.632530215648764, -12.009743247077623, -11.715687210650193, -13.713928033789584, -12.066611031933856, -9.161643179823136, -10.969292053866953, -12.309464884685609, -11.142571020977533, -9.567828931837598, -11.9579332079338, -13.210417543906816, -12.291989131655905, -11.975442338174306, -7.507430343490685, -8.346735711847401, -8.26552736595862, 1.0066134654940622, -11.439205266686411, -13.66603777739184, -11.071118138644026, -10.844140176407175, -13.059832765150363, -13.717485340214928, -9.791967763312632, -11.406771336513978, -8.31385111296612, -11.63118173765232, -10.141564464394856, 0.6625219387871505, -9.091498987574349, -9.972833947250246, -11.570323137273808, -12.673549096448797, -13.29702031432341, -11.453690988564246, -12.133326555991623, -9.760263847452082, -5.305661939974803, -8.64586446782974, -8.978654169894682, 0.4334745491846303, -12.165967555194461, -11.222820067597992, -10.784736806727285, -10.777629667655445, -11.00287652663686, -11.373257834618313, -9.519340059079122, -10.840591207513933, -9.203998317477549, -10.36345784440846, -9.071803907145698, 0.4717264298854499, -8.418375458745972, -10.48815907318356, -9.739965699616791, -12.127694163633574, -10.830683449618753, -10.32373771552128, -9.121407361080836, -12.453382547299269, -10.981542442486163, -10.783416640526667, -9.28248160714861, 0.6673058322602421, -12.601073941443218, -9.558958041431653, -10.377625835547832, -8.799274376305616, -8.62783291549387, -11.270565817517967, -10.038939495785522, -9.930950708841067, -11.734051747917093, -10.494700242180862, -11.279423954112982, 0.7323515955272143, -11.939077771252402, -10.712129013251749, -8.555788090369315, -9.53861604960256, -10.617015224258612, -11.262619106547378, -10.678649147905665, -11.659484826639291, -9.82589047605906, -9.643057892917787, 0.72415240230929, -8.93714869831629, -11.354576897267059, -9.702042702660902, -10.721696529248574, -10.180841432161696, -10.514519545299228, -12.73113957624348, -9.864373271907223, -10.918020363648031, -12.813726518134686, -10.685211597160256, -10.989641910963037, 0.9003657161889386, -9.53383142773561, -8.98166352772682, -10.543213609104471, -11.263389766761573, -11.217481105257786, -9.90355943990669, -10.396278454846653, -12.260941615277744, -10.864725648673682, -10.55057984653587, -9.914211786246963, 1.3563495330160524, -11.380892562950578, -1.5734541083014648, -1.5846313683704734, -0.5629017296920412, -0.5435208216926308, -0.5575202368467764, -0.5074511902168318, -0.5937255561237271, -0.3652097363759459, -0.36386789201317565, -0.5678392208138351, -0.5364432367822298, -0.461898422136293, -0.5126719510099442, -0.5048753276289042, -0.4777255985713584, -0.5879096485553438, -0.5959659881989028, -0.6285306347927311, -0.46287832780319393, -0.5355807024629804, -0.5681565493096257, -0.6293767407225532, -0.6062345992011321, -0.5254268429903686, -0.5230077372448695, -0.5060367249317391, -0.46483626119356963, -0.45286089211723035, -0.4651212001997393, -0.46976394602942256, -0.4591986349118373, -0.45143847710967017, -0.483713246038219, -0.42206562391407065, -1.5136619989208024, -0.5457262626883019, -0.5061953705654147, -0.5998012646819606, -0.5219114598224605, -0.49264947364649636, -0.4482932160318325, -0.5335184846954605, -0.49885333437252877, -0.491335103367875, -0.584828240605711, -0.5127375455745269, -1.5504553055467483, -0.5327886536218733, -0.48558822994577866, -0.5573252357848663, -0.6320212714229828, -0.6482837432864472, -0.5506244371807557, -0.5418647170177355, -0.26593696927057775, -0.4060119765386627, -0.3818760310367185, -0.5335114139652747, -1.570198906465569, -0.5422783746810064, -0.6269551611718879, -0.49506097006936584, -0.47149159904199117, -0.28249005208739214, -0.5785801320448897, -0.5188837088352045, -0.5123149406440765, -0.4965797057399944, -0.4556976435790086, -0.5440904515961048, -1.5045127915214962, -0.3894441315768109, -0.4820895918622966, -0.359873357743698, -0.48955012253332, -0.6385009377025518, -0.4947886683386478, -0.526762287090171, -0.6259984532161625, -0.5543242175822907, -0.5552829301819768, -0.6321627613608274, -1.524778730423575, -0.524281038103438, -0.439977325144902, -0.5563389021583767, -0.39897670610278596, -0.5192154263749659, -0.3878427624113353, -0.49765001901569184, -0.6123764003758889, -0.5299220736699113, -0.7066199709646638, -0.6000151867895068, -1.5550241904203703, -0.538975753570438, -0.6164925387994518, -0.39713143597870687, -0.6439509921108154, -0.5257163210490562, -0.5715721558661602, -0.4245374295107989, -0.6841673783603465, -0.5102919289546509, -0.3504434257200333, -1.534131534840947, -0.43906211880285895, -0.5483364149384282, -0.5835698480684907, -0.6567416013471141, -0.5625639827212644, -0.5049324146277212, -0.5390852093110937, -0.4529880930613505, -0.664815885781907, -0.4111253515385686, -0.48443498577621863, -0.5278736306028087, -1.5630385653258543, -0.5598222911691465, -0.5351028589621788, -0.6187227440606504, -0.40220726811665164, -0.43185777420668947, -0.4589858623337584, -0.4885943057104447, -0.5624642709591305, -0.595117876822583, -0.4347489244373283, -0.49585683788901114, -1.5471632411064864, -0.5110210939899428],