{"vi_exp": {"vi_seed": 11948, "coeffs": [-0.4958055167091628, -0.48340574109498863, -9.705993089685812, -11.797174266173545, -10.104488735305416, -12.165167260585859, -11.228855726602907, -12.921700607071395, -13.200573509977266, -12.814246936976112, -12.242099065281039, -11.326887107132247, -11.980337777055714, -13.098047706353743, -13.22461012832931, -12.443060031092033, -12.284280805727906, -9.516414367618657, -11.510419431474729, -11.504996329815357, -10.726438844466598, -8.147444066332593, -7.430862536634085, -13.189536908796468, -14.057781258136165, -10.556853900340622, -11.22459489883028, -10.454800555520368, -9.043569451391116, -11.701735198209418, -11.789480620762843, -11.09286261343691, -13.678934912834654, -9.125466027785137, 0.6644854306930813, -11.260150353734442, -10.954845793393877, -11.412607213814905, -12.296589713726304, -10.141693048594378, -10.696212260535049, -11.322155669163642, -11.4396469360443, -12.176325090960358, -9.132125443787904, -8.92787437540379, 0.3382551732496804, -12.757710675197739, -13.178143974160507, -11.181572718222617, -12.004253154840754, -11.531179354959836, -10.712401747954106, -10.173713151389398, -10.177800641596415, -9.635409468898766, -9.160615784206456, -8.768514164700516, 0.16086389332333437, -10.775004435565629, -12.617866363040346, -11.993374619298411, -13.551085606189407, -11.229305322955872, -10.969553213247341, -9.403468062310642, -9.2086037484095, -10.494348201448616, -12.132532563545096, -11.730951911585336, 0.20914127279149253, -12.904086391038282, -11.282730025383707, -12.762744342073512, -13.277576783219226, -11.448812976736349, -10.353514591283632, -12.287508133492167, -8.465066216538306, -13.108944755173832, -11.26417120067304, -8.631973133145914, 0.26173799385596597, -11.81114304746988, -10.86624059872784, -11.579221960804711, -9.66386774624602, -11.656527391939619, -9.070789561392404, -9.002674957582416, -12.469703215026891, -10.620990706279732, -10.72235052819671, -10.117356248066956, 0.5397370034277198, -10.907699709927769, -10.934904411483128, -13.664709925331698, -10.79668402466492, -11.30538813579696, -13.031997199011204, -11.867696476136985, -12.927334171505938, -11.741638289824342, -10.849237594253413, -8.546794575087752, 0.6145710368462393, -12.898950897369243, -9.30155868610871, -11.8229720820462, -10.95109516636578, -12.956138723749751, -12.236586435877804, -8.61856653240586, -12.625491401834303, -10.570568121002786, -8.782464454169066, -9.306672015095378, 0.6862274110666556, -8.81622201876436, -9.1172767314348, -10.296042233884489, -11.210752672407033, -12.907534533266054, -12.391048365271542, -10.298564807715845, -11.314220715977, -12.827249982020438, -8.792823528637275, -11.283361262372093, 1.048819739891461, -1.3022588846458338, -1.5501608698191074, -1.5476907312776047, -0.3932617238640633, -0.5436958489940641, -0.4800399086621869, -0.5851509674133236, -0.4377581238611055, -0.5668200434200636, -0.6142463582451532, -0.5746491223347656, -0.6359205886940716, -0.4504470497524215, -0.5623172524581236, -0.4602959720418463, -0.6152100362648883, -0.5325116438815537, -0.5502456657112905, -0.5154204995753575, -0.4451065929188122, -0.5027027674404474, -0.49939347514505683, -0.5221555309472972, -0.3533552693153254, -0.6273886004801781, -0.5596181616524056, -0.5007576898631728, -0.32636884310505127, -0.5005992099793019, -0.6084403062301467, -0.5030096151452731, -0.4495798741334653, -0.625056403252728, -0.5011558872610162, -0.4350787564805168, -1.5658058712878424, -0.40840204106108985, -0.5239847042688187, -0.49729200639600507, -0.5000155591887873, -0.5585214715014706, -0.47486864466841494, -0.5216293196435162, -0.648287737933366, -0.5319799346817841, -0.5794028453112232, -0.38252471702901664, -1.5101780888389909, -0.5409833758236886, -0.43715605975453903, -0.5257518796416667, -0.5244036793349636, -0.5460581117682279, -0.5031762782566596, -0.6062927133857898, -0.6300045557060663, -0.5109517729681979, -0.6335834509934299, -0.4582020470555249, -1.565511958982401, -0.34810311807560845, -0.523662991307396, -0.5952395764731548, -0.5801347230011651, -0.49479343611476223, -0.5126002341696141, -0.46165316430732345, -0.4979364289474374, -0.4461752395296551, -0.6797730339441161, -0.5258211021379994, -1.5321268287702192, -0.4620426838666721, -0.5186076115522265, -0.7126119522917599, -0.6265184024562687, -0.36686817192135784, -0.6115428710610904, -0.4374856915370565, -0.5179628302438335, -0.5364076251143823, -0.5083139784671405, -0.5214930014822844, -1.5617234983083308, -0.4608883916295023, -0.5370890172994988, -0.5521617675403784, -0.4087903883450759, -0.5364114431892493, -0.41026505126458623, -0.5252345498814689, -0.6657380816891564, -0.6066447378981372, -0.5215789217852275, -0.6160305599308005, -1.5523539378296167, -0.3951988937777948, -0.6499674324151419, -0.5392603691496785, -0.5613120472642977, -0.47538916151441757, -0.4798911760632379, -0.3584769024931372, -0.4097600730814612, -0.678820068970168, -0.4266706898845317, -0.6995493258606732, -1.5252503044791934, -0.5808215041423522, -0.40536139731497156, -0.5508780009441694, -0.3602899391139428, -0.43762486854550187, -0.4229889925150584, -0.5498566789879444, -0.6114855635549423, -0.4806155794028693, -0.4476741015001187, -0.5682843839892214, -1.562959017704228, -0.41636511091670525, -0.4646241023907528, -0.3605966261912647, -0.5521005597985295, -0.5334866836394774, -0.38217128349209517, -0.5835808273907421, -0.5813083587046254, -0.6008516163515476, -0.3164037717434199, -0.4491860732368132, -1.5333978185025572, -0.5326549095479657],