{"vi_exp": {"vi_seed": 18912, "coeffs": [0.2133770386655199, 0.20487266457140496, -8.91718432044501, -8.703104397804733, -10.669258825238117, -13.419357277311336, -10.276744261294432, -12.404521475833514, -10.26355816490188, -13.06315774715852, -11.098608262806861, -10.287015268935699, -11.656494784131493, -12.008149005633603, -10.60152832868226, -11.777200604116377, -12.494585580108835, -12.74362915499855, -10.736825698799224, -13.740603357133496, -11.279375743589588, -8.412453555749092, -8.020413849098617, -10.810366358493773, -12.966833033667037, -11.4262177647207, -8.992256421247387, -12.377885246730838, -11.015196387831207, -12.44987440644269, -12.290488080326435, -11.36364330034823, -12.340747078074505, -11.667151594292278, 1.3166423349363776, -9.666506444338747, -9.225340699618783, -13.471524490081661, -12.460051145786005, -12.551608810161596, -10.256770913697867, -12.454219563888515, -11.673914126728452, -11.609763898744095, -7.620693720643772, 1.3219335652077224, -6.8777022342087175, -12.401097903607962, -11.420136144760068, -12.175445481364891, -12.29383449887305, -9.93271819599639, -10.003047605785323, -10.707751403313505, -12.681100054406096, -9.724646641504158, -10.57802613276389, -9.339898340150798, 0.7545792643659177, -8.661264649357058, -12.974937630707233, -13.088867598491737, -10.019990617601481, -9.222451464741306, -12.143903190874482, -11.58954486200329, -8.181941040412454, -9.931138289819648, -11.77238487676351, -7.6138857480243205, 0.6343205734084935, -12.035982763456822, -13.156700798004419, -12.485704197190712, -10.831982735988852, -11.322714853130364, -12.165222490758033, -9.835695257648824, -11.54190020744345, -10.62480797536184, -13.047446876760473, -9.738608263092997, 0.7280082454044121, -11.348570620280318, -10.017591019688032, -13.631333813109311, -10.055525963081008, -10.314473127182906, -9.423751662519269, -9.81133342895924, -9.802229057999105, -9.432265729612213, -13.252409164526755, 0.7137381495784596, -9.193580853681478, -11.94867917604866, -11.012996414494802, -9.630661109063857, -10.383338326374977, -9.243616958390541, -12.092323722556399, -10.587701461239247, -13.243509156262402, -8.514873884762729, -9.03722438067, -6.989897087625764, 0.7314607293512616, -11.522318682768576, -11.310280486376776, -9.127972251782175, -11.777535807480998, -7.735363010187526, -12.521398029773422, -8.94355253663738, -11.934745261091104, -10.88558844357642, -10.766163237399443, -10.602462314064434, 0.7985813882880176, -10.77544872419434, -7.988014759260234, -11.839539845513102, -13.843079433383362, -12.962792386920311, -9.319558416298696, -12.472046769317798, -12.072409492608955, -12.385683185456767, -8.890684273583974, -11.044622798009664, 1.3514034671854052, -8.098368615002673, -1.545321410862619, -1.5183460605890144, -0.6419156680498596, -0.5588496901904217, -0.6492557737065211, -0.558754975333546, -0.6272933666822371, -0.6008660754738242, -0.49710296655377006, -0.6863700893476163, -0.6188843971428174, -0.4235030126482794, -0.4774574158973643, -0.55035833162896, -0.577085952894854, -0.5510727794019852, -0.5559099695761717, -0.5268140003398475, -0.5426448338513993, -0.6306967028178764, -0.45056257692579765, -0.5040392191689249, -0.40221410115141204, -0.44122803688832973, -0.532669425952527, -0.4705381117960921, -0.46130218998084127, -0.5364683376473324, -0.6371652293739265, -0.45149819274032194, -0.5275806395134354, -0.5454722559941992, -0.43740641674071246, -0.5239645190776474, -1.5482696595580556, -0.3610348050312183, -0.472718228326813, -0.4780129380204363, -0.4746866144664237, -0.5388981931247401, -0.5507174348377084, -0.591688963655565, -0.387138381315912, -0.5594652001819894, -0.3106916054007146, -1.5204938452728591, -0.6245583968584989, -0.6180294714821518, -0.5321543040392909, -0.5914176836757172, -0.41544282191044646, -0.5138975998410463, -0.5319787299784831, -0.4724676367602366, -0.57332051231657, -0.6294475245912272, -0.5407076832372907, -0.5857423782925371, -1.5625615832888269, -0.4174575631426005, -0.5050077341381645, -0.553827760103701, -0.5757584745353181, -0.5538265999596923, -0.5938834583309622, -0.501215038266323, -0.5283495498599802, -0.6021321691066867, -0.6668650330765532, -0.48603674416269443, -1.5658506831548622, -0.589159086031051, -0.35594766208168005, -0.43737351585290263, -0.6167151132508305, -0.6022582863992888, -0.5007507889100825, -0.5438941902295954, -0.40723698741916686, -0.4912676016138119, -0.573382443564344, -0.5262934577201703, -1.5604563667681624, -0.5814478399139583, -0.4120414152880242, -0.5657764592314406, -0.4668700919200435, -0.5507019175622938, -0.39485719886430487, -0.5160130742169203, -0.4351487086747461, -0.6690138217254106, -0.4982815196600782, -1.540272714786598, -0.39259857795217123, -0.4950140860348154, -0.6382178771882671, -0.44439534381338813, -0.4101996526456512, -0.5753589003980102, -0.47532060016365096, -0.4796073383366923, -0.6650723262881516, -0.6073926757426719, -0.45920006039412153, -0.48132780352768323, -1.5354603279902166, -0.4055173470643459, -0.4610412732907947, -0.5601196644865006, -0.622645078007524, -0.44633563058576853, -0.5558582092299292, -0.4141897107085833, -0.4946802494040664, -0.5970567280672672, -0.68051290509882, -0.6259508376967542, -1.5659571215506212, -0.5855351081820875, -0.47054956873745096, -0.6625384313539916, -0.5273344178770374, -0.4003247184768891, -0.3699427923507785, -0.5275117640253737, -0.6295992271430998, -0.4854899132441019, -0.4610592383564307, -0.48354320204542534, -1.5370299469052782, -0.42764203456574207],