{"vi_exp": {"vi_seed": 14200, "coeffs": [-0.3357242452133935, -0.2988637716492213, -8.202838297318575, -10.050171597390731, -8.307591673255784, -10.823728377870502, -11.393105367623255, -11.783912397099863, -11.291547746372398, -11.690755183455012, -10.377560646981388, -9.725403378004055, -12.04524807233533, -13.470521082941506, -9.843236763835822, -10.019549134765635, -9.542707311038074, -10.417275548390672, -11.070027516520222, -11.938881432508255, -9.87896999405193, -8.758723088316819, -9.9343767030476, -10.610700139490342, -10.882604472913963, -13.543665926566442, -10.990187004027058, -12.873127161534114, -12.232199447525536, -10.721099775571943, -10.870451977960105, -9.971540625696074, -11.547674704398975, -6.646965328341069, 0.8111506182641501, -12.688304484189626, -10.688350315784943, -12.399686163774092, -9.88988744256773, -10.835552775195598, -12.284807832180388, -12.62588920351858, -10.872968317668787, -9.900528178962256, -9.520048191369753, -8.338077297522482, 0.47044244417136166, -11.431850080207244, -10.609170077120327, -9.330941367360854, -11.301596256348523, -11.961254051045218, -11.181669041214294, -9.158797829161445, -7.271539993204018, -9.171944242787662, -7.5012134947929585, -9.346055320266583, 0.25906582029691755, -9.710902169151192, -13.154188737240021, -11.101026287660599, -13.059955227444497, -12.362117228156933, -8.841785714021897, -11.508300503372764, -8.619095107913745, -10.32982435045084, -11.931723694605315, -9.319804887638888, 0.4773172315998055, -9.470738108218008, -11.708878823811542, -8.996387383251088, -11.1014563943632, -12.066832378319052, -8.772253610357133, -9.924340708370343, -8.75906458202799, -11.661214073102807, -9.31887052721613, -8.422073824782128, 0.6181813069056543, -11.737841099238935, -13.333284206493042, -12.572200745693117, -9.892540903875577, -8.773208587412732, -12.001990830680395, -11.677864846932605, -11.267314247956959, -11.92212640073681, -10.535840762860351, -7.748325738733975, 0.6548918515888813, -12.452758059566158, -11.360812565451491, -8.271450499398343, -10.250309590279441, -13.152837606926653, -10.48230424462822, -10.573874387993271, -9.011256643459376, -11.098403780835039, -11.63708733660633, -9.667593437041058, 0.704998426246571, -12.462186519556974, -8.69715919764489, -11.052538057754147, -10.36071260345575, -10.449179838176342, -11.593248763377435, -11.840929672540945, -12.987427286391865, -12.308217852719862, -8.733330856052653, -10.425972436686493, 0.7402870661657002, -10.14534052223327, -9.048164492338687, -9.319443552050416, -11.817142837742882, -10.9778314687069, -10.361014305421367, -12.438508946382921, -9.814494194113028, -10.99513558540542, -10.935526018271194, -11.118797895785965, 1.138018965160214, -7.179356981842631, -1.569642858656721, -1.5676092433119153, -0.5581427457233207, -0.544459536517044, -0.48515778892728295, -0.44563837729972194, -0.2898873545326777, -0.6899305719981764, -0.49690163123522363, -0.3369202314252183, -0.4775195630352756, -0.5354303775515318, -0.5821573155464859, -0.4819048845664675, -0.5671672289043901, -0.575892225951215, -0.5841266630744999, -0.3363382306047542, -0.5454444806498691, -0.53550451502756, -0.4056321703997217, -0.4833178226502291, -0.6224317010637127, -0.46628501984719867, -0.5005562109303553, -0.5023883248119267, -0.5586601168798346, -0.5781680413631146, -0.48871965327675826, -0.6264418965729106, -0.413157036451078, -0.39539844932806745, -0.5659691827479323, -0.5193726649074363, -1.5226186591444983, -0.5004890210315399, -0.5366408807011958, -0.49877542910346867, -0.4803796016286982, -0.4917047229862648, -0.5063230115655017, -0.5820342410444461, -0.5625072932357771, -0.5617347274318382, -0.5924834457704512, -0.5977098091526366, -1.5860928323626398, -0.5590179104425907, -0.5443967104777488, -0.5672331518170945, -0.47864153776332363, -0.6264407807770186, -0.6357823329785149, -0.49624139042567167, -0.5279572103658776, -0.5232689103273972, -0.49825468593562866, -0.5796260199381207, -1.572709961437735, -0.47778425565754484, -0.37761577825343945, -0.5965131144114968, -0.4237142821768164, -0.5534055205162957, -0.5290053876608934, -0.4169701029103474, -0.5596597778295677, -0.42153655858748423, -0.5716716834614638, -0.45326851907071175, -1.5559959804068235, -0.47421387863668985, -0.5059463512101985, -0.44543809866310546, -0.4413047213050904, -0.586682792998128, -0.5352348115250893, -0.4725783158591072, -0.4094033632417285, -0.54297393667855, -0.476494484342184, -0.6730028729370439, -1.5264749911294095, -0.48465663835302475, -0.5344654922706407, -0.5321412029807925, -0.3752787320834963, -0.6188168989222065, -0.43153039761430045, -0.46180731540102476, -0.4940476951165661, -0.3575194623674696, -0.43162312627894506, -0.42519930475100354, -1.5440704518307313, -0.43417350182158027, -0.4993672912865909, -0.39977449437408763, -0.5028281920416108, -0.5415470446168049, -0.4447658127413517, -0.4779728317413483, -0.5333755434038472, -0.5376104187019961, -0.3981766765659834, -0.5949733898656959, -1.5349050853217827, -0.49178842130810196, -0.3449672250453565, -0.46104735200792146, -0.43434339082372303, -0.4888186272085394, -0.5320355789261412, -0.5468241399588246, -0.4767729313496408, -0.6581901774503643, -0.5370793361591867, -0.544865124823694, -1.5275440129110283, -0.6342200681770935, -0.5224602528085825, -0.4737579381118435, -0.5739222258286393, -0.4554985852724181, -0.5923937438840787, -0.528462387656138, -0.5590898841683712, -0.519355298462963, -0.5007512998819064, -0.434883739531544, -1.5344147982573144, -0.5129517848335325],