{"vi_exp": {"vi_seed": 17918, "coeffs": [-0.4222038477041746, -8.810126211271504, -7.280610868468771, -12.58366965185409, -10.052397708553324, -10.455081126244474, -10.496052871871635, -11.798446590519008, -11.360135623423606, -11.770508814348217, -12.774853409983725, -10.593321628210498, -12.157734796243645, -14.253802216214863, -8.136305008483836, -11.950189390053422, -10.04458839508284, -13.318068860591037, -9.693122018952668, -12.558773189547725, -12.070769609340466, -10.541430963622634, 1.3535933162963518, -11.874611815320364, -12.101830351563743, -11.554930541638797, -11.33370523269723, -11.653083526159573, -11.336994877266404, -12.154595083108816, -8.151664444729871, -11.068211576912322, -7.869142367533733, -9.218705583701524, 0.7303928758458091, -10.69530401670709, -9.916160384607343, -10.454476766663895, -11.067908005388862, -13.617109341420596, -10.348007611708644, -11.983707385839352, -12.642584029225855, -8.601438876537424, -9.16911067533654, -7.712761913953864, 0.5032703373700853, -12.341843258259747, -12.655287329192241, -10.31534226688333, -13.277085826036936, -12.732913918192436, -9.099497098757775, -11.356328042783316, -10.469522978479562, -10.909054612575998, -12.365296525849692, -8.633361320489634, 0.2968253511032173, -10.720405469658056, -10.696287224551256, -8.321330558086734, -12.245056655656468, -10.402617762663242, -10.388473375901583, -13.565496194355239, -10.640264588561417, -10.178447216422757, -7.761576693287178, -11.852172238173713, 0.41116606628579744, -11.557715151147264, -12.017283871509418, -10.494875454167516, -11.649338161639104, -10.871293213556662, -7.938538175369673, -13.200599940757064, -12.410635110103003, -11.984535379570682, -12.57231308387739, -9.787460637639178, 0.5386089289796423, -9.315569161016333, -11.445296408443658, -9.276900207483106, -10.023445087986254, -12.801735368236807, -11.015912484266778, -11.150539763073096, -14.630132390276106, -11.924515131387695, -9.691945241515187, -8.748841342821628, 0.5932484598975742, -13.106698608631252, -12.53967555969966, -8.314813798614951, -8.971796826564285, -11.093558501880862, -10.704133905460306, -13.317487486761621, -13.131155750135592, -10.495645849421495, -10.881640676632365, -9.112195949428623, 0.6675396812169658, -11.730080939716213, -10.731654091252958, -7.725639292065495, -10.666909009470634, -11.318275503220612, -10.913429902778264, -13.228685934086899, -10.1202734347488, -10.286232486111377, -9.666649875243019, -8.353213459557653, 0.7982223165635153, -11.98807026699108, -11.766353793965607, -11.860660971806611, -14.074466745276506, -11.595167717526616, -11.24168230502923, -12.591058891825929, -9.937436296691901, -10.092218240732405, -10.531934163735118, -10.56495915417706, 1.3025423586248497, -2.246725097152244, -1.5654174713077598, -0.5430356938618773, -0.4580859736690437, -0.5715153005006242, -0.33539933260048516, -0.549001300219993, -0.5078427448422304, -0.42947646832851405, -0.4649098550643709, -0.5464867183399447, -0.6243339616325174, -0.58652506363313, -0.42184648464348107, -0.5982512127740486, -0.5137598328368329, -0.5526925923193056, -0.5583422170313688, -0.542095105057253, -0.5615995642992324, -0.5264607901622861, -0.584887663526808, -0.5029489416701298, -1.5141120990330679, -0.5615287333540067, -0.5215852131765553, -0.5965978479533988, -0.5145693379970249, -0.4707397720557286, -0.5904691025420626, -0.5379465052379071, -0.19599461180137195, -0.5451742473853309, -0.3443728822595661, -0.6959373351014196, -1.5478515753123971, -0.5379419868191728, -0.4722595088977995, -0.4406800368032983, -0.38432627523413354, -0.4336892013408852, -0.5225918363553927, -0.5592860032077803, -0.5231874246859787, -0.5175705563727904, -0.5617147843275049, -0.484984376853103, -1.5202707143007723, -0.44117759584583977, -0.5079546103049797, -0.4766443398694513, -0.3732040015931962, -0.544227274225596, -0.5083741210198314, -0.6172903281813343, -0.5098585565738367, -0.5544323764640272, -0.45381157357713525, -0.6516534739389904, -1.5301961602684402, -0.3942466139136048, -0.523728523533485, -0.3770526212749618, -0.4542274589756167, -0.45798380998560506, -0.6224383686643582, -0.5337792896620476, -0.5347606945986622, -0.41329668520658097, -0.5572066975249625, -0.2975317767723967, -1.5726983163786683, -0.5569268125479915, -0.5806498243520054, -0.5096781581588026, -0.45645283245691726, -0.5141601339763465, -0.5264863727134603, -0.45117764932544263, -0.46649688491214364, -0.45330867559902305, -0.5150255940978195, -0.4429892279063931, -1.545187605711289, -0.41774226067801595, -0.4909386442304991, -0.5847983532352032, -0.5154773262838624, -0.4031646026841791, -0.5749976624581273, -0.43489577677844865, -0.5525308116723855, -0.510805314801193, -0.5079249611284251, -0.546842450277391, -1.5440260065721343, -0.4713718719232944, -0.5817959073837188, -0.4154008621759752, -0.5126461201699236, -0.5765811622281105, -0.5395537376878377, -0.5515250004737322, -0.49803684265959147, -0.6244061020825192, -0.577841864767365, -0.504331309666531, -1.579834271229147, -0.4833480091409632, -0.48038839118765525, -0.5333720084323506, -0.5621837055799674, -0.5940627069117788, -0.38814472547421436, -0.6363462782947724, -0.5202347739515097, -0.5958241173472817, -0.5354006238210446, -0.5059214135358611, -1.551263946277452, -0.5250364349315116, -0.6041303442563345, -0.4564456304741391, -0.5900873296458925, -0.563000348274207, -0.4875831424465093, -0.5797236612491996, -0.5913491255443818, -0.4870540101345733, -0.48477754952776886, -0.601299482747077, -1.5150437063774262, -0.4348231347676868],