{"vi_exp": {"vi_seed": 54764, "coeffs": [-0.4445400247154607, -0.46874880688364323, -3.2591442302997544, -10.706166538861671, -11.743569076583317, -10.026605283144113, -12.872007451803382, -12.752535055149425, -12.75251236424559, -11.247137198686497, -10.04953989332943, -10.487908402062248, -13.31080797214801, -10.528458336039806, -12.329170583473061, -9.493822332218379, -11.891521978130605, -13.855527380495536, -11.471301794184514, -12.61394650162187, -15.540278338753453, -10.071281195795496, -6.269012534072773, -10.17434075184301, -9.962391107840922, -14.920289382484656, -11.793400383966565, -11.07015720308147, -13.014933904119783, -10.723558884835292, -12.341184699039948, -12.683923233926356, -9.505579986913071, -4.425082903697631, 0.7192399476690468, -11.906312889514135, -13.101056593103378, -10.38547631242462, -13.1205210365749, -10.631288608072907, -12.326285366210076, -9.67153665104135, -10.6360137517707, -7.225239191859909, -10.212675204773586, -7.337962516494885, 0.42493994184012246, -12.312066393289708, -11.608067271487426, -11.672973988399647, -11.716485244445401, -10.9185424435901, -11.607623153684509, -11.745294264563741, -8.850875764193528, -7.621815885876453, -8.109714826991476, -8.271074018325937, 0.21869186134737076, -11.345528645700364, -13.18251857351846, -11.30429070432696, -9.582157566130034, -11.012374065119952, -12.628437633844616, -8.992817101005588, -10.921080457762018, -10.987910635312264, -10.155702900301716, -11.622112104994772, 0.3056197302240829, -12.51685958087565, -11.361011860466178, -11.499925198792965, -11.283645129355804, -13.145974316226528, -9.32725578683737, -10.705285702590855, -10.379955370675548, -11.095878980241181, -10.281129419348114, -8.574747290193605, 0.31281063057787634, -11.30962099693033, -11.033597049683335, -10.635112085651619, -8.602941591779544, -8.875630171280843, -11.784881796385177, -8.99576337948524, -9.412364606270126, -9.655677555643019, -9.866777581354157, -11.521098174020901, 0.38090995623124807, -12.25216512627383, -11.697449357507, -10.610492336354703, -8.858836190917227, -10.390660582691227, -12.268139285132186, -10.259694755112761, -10.691569350782272, -10.436631756151673, -10.090974260790988, -8.230641706917337, 0.4166220538783233, -11.413211553513817, -7.991550928590381, -9.424990104348407, -10.845512278851631, -10.750783440065824, -9.362052863113915, -11.545252494516472, -10.987157230400538, -9.020858044470394, -9.259352908057872, -9.880106312060274, 0.6925640847127519, -13.127146216680822, -9.643020454483485, -8.84355597541083, -8.523681416245896, -11.627191930617183, -13.204561767743607, -12.96547519436059, -11.446212698814128, -11.626752445198706, -12.553758802585206, -9.511292765349587, 0.19536750833764946, 2.3145195155205442, -1.5191641532547635, -1.5659968736074694, -0.6358113103829054, -0.3261063832101771, -0.4922700085795381, -0.6033137027910134, -0.5814348736930651, -0.6058682192823848, -0.5265396261445007, -0.5183962473346185, -0.42116618081930196, -0.5180917418147412, -0.49337111848384346, -0.5817678237909568, -0.4711074033098968, -0.4035832284216251, -0.48763732772916196, -0.5128128637799599, -0.4386499416201183, -0.40202775345628444, -0.6957567864433418, -0.31792115502222323, -0.46400643959796206, -0.6243817887703577, -0.4631795094708126, -0.5288007316778075, -0.5451053771035537, -0.44064788845601205, -0.5347755975986007, -0.4553592505653212, -0.6493197796830409, -0.5868630566091814, -0.405593905719113, -0.5098573265235835, -1.4837913713405129, -0.6058269031126683, -0.574736302184446, -0.5729210147177519, -0.4013917862807964, -0.4709306315819457, -0.572943567274811, -0.5750122879556754, -0.4808841346090842, -0.5671545575407111, -0.5033231743170048, -0.5111028353840528, -1.570605095827982, -0.4735551154725861, -0.5701760831464707, -0.654294744189501, -0.4688881154120003, -0.5034305135567614, -0.5107865513623244, -0.4705280579905434, -0.41314865849472765, -0.27547836736144554, -0.3887399961642455, -0.4229147332549425, -1.5454485877124788, -0.623536424398094, -0.5057154226263217, -0.6274398760623594, -0.5201306584343078, -0.523081178445333, -0.45887904107192484, -0.5063036294523431, -0.5683113436243779, -0.5212959757680071, -0.557696539808625, -0.4475814983534269, -1.5427919422527752, -0.6110514132215152, -0.5153715989337782, -0.44828775219441197, -0.4103107520505208, -0.5635685197740463, -0.5811991327728546, -0.5099825874883398, -0.5002122273706782, -0.5813076452592252, -0.48507121698478706, -0.3611012312669061, -1.527353230447, -0.5231697949038474, -0.45773229313515623, -0.5844328217126334, -0.5576096669514835, -0.40890607363055154, -0.4110377406310016, -0.4191192650778962, -0.5384256438677351, -0.364552527875484, -0.5647112945739335, -0.6278142152982302, -1.5855212042350644, -0.4411592908896128, -0.5716678040325388, -0.421576359185547, -0.4505417700702995, -0.5150441589989943, -0.5500130332213352, -0.5490325303405572, -0.49598747292774675, -0.5523411285914155, -0.41989466800629593, -0.5447896603049366, -1.5448234949774609, -0.4739903828842136, -0.5457593148670677, -0.6456370504883499, -0.5390293507829135, -0.4469696407600391, -0.5987166735948227, -0.4813950587113137, -0.5073890556665862, -0.42973586314007683, -0.44341864682669624, -0.3480189393501071, -1.5591051719030251, -0.41309009072677516, -0.5734420100504772, -0.3130502735494234, -0.393003433207001, -0.5565503351914235, -0.5753942035856768, -0.4543495971855751, -0.5751709131481164, -0.4317669060932627, -0.5287176563778515, -0.5797943378852406, -1.2633391007615482, -1.0822919445426125],