{"vi_exp": {"vi_seed": 1790, "coeffs": [-0.7008898755822869, -8.510645128692044, -9.955639953711644, -10.312484237474994, -11.14060431664905, -11.335993852877124, -13.14480991642616, -12.340832896833522, -12.641567141562664, -12.72281803047357, -11.491545809280042, -11.273076625403588, -8.799483758750869, -10.77940465693667, -10.9952354016864, -12.854323295201482, -11.900097885853784, -12.622114746678326, -11.153009638198348, -9.69894529171856, -11.095937017899018, -11.938384693085055, 1.1207423774952492, -11.35969046664259, -10.998932775883304, -14.337315248157473, -10.63356392973442, -11.131823779704408, -12.186726441556981, -9.91344038809333, -11.910650175805715, -13.50813603972499, -12.297201332060313, -8.790850883688211, 0.5357921326243059, -11.687442977000458, -11.55474330252113, -10.124823172459463, -12.082315909915767, -11.257866061900211, -10.457468818010838, -12.064454640734281, -10.669107844453343, -7.40288126249587, -7.206763110648394, -8.111531282019715, 0.15135448930400058, -13.043680983470374, -13.337908439369288, -11.446870515011504, -11.362872407504529, -10.411824447032979, -11.938496999558472, -10.44385544995477, -8.259680801566873, -12.554089604338099, -12.02820706116282, -10.844699332285728, 0.005986848655156818, -10.367209753081493, -12.218219881045522, -10.972988806291566, -13.425116889101021, -10.91402191867304, -11.785074619781811, -7.545933845897952, -9.795214513057504, -8.448444960635582, -10.950456286724608, -9.843528335663153, -0.1267399976110586, -10.875411079149657, -13.56665895951152, -11.67406766601128, -9.81628932818063, -10.595036116428544, -7.633991503078548, -11.04399704667351, -9.8118305319024, -9.705801559561756, -10.638406839872733, -9.862314539908041, -0.10230905301048235, -9.562703088059246, -12.205075640228662, -12.1559618474835, -12.605666011843173, -9.676632419538967, -9.992348929301672, -11.337725493957526, -11.846477315775335, -12.025139404531414, -10.41324133948267, -11.204269673715107, 0.05300423778053054, -11.948456875521542, -12.976618914986405, -9.318450858739569, -7.864713816795747, -9.797795103538766, -10.851978725939363, -13.019214907684692, -11.216334306299625, -13.599876643374063, -9.39846249355028, -10.247277806881645, 0.10287805500684773, -13.034032417944404, -9.968463296873802, -8.462925999121694, -10.541321853230873, -11.306010069585732, -11.795610140909103, -14.178668515188049, -10.885905947990658, -9.172222926702121, -12.318796474070114, -9.634256600388296, 0.17232539117726137, -11.947745530053309, -7.744910485284803, -12.223464694227102, -11.041933928352199, -10.038479092090759, -11.877895214144024, -11.713787386781059, -10.366089217224417, -10.41331869344562, -14.316691720128187, -11.81865331537864, 0.04824595578993974, 2.598359008234617, -1.5441161316472134, -0.5652050048237661, -0.6343112472630638, -0.6049419466487035, -0.2637465359290342, -0.283759798988981, -0.5572471901503405, -0.46757471182373467, -0.5523985994933555, -0.5688739470476241, -0.573186975806469, -0.4709914540260617, -0.5037072764810477, -0.497659993877456, -0.37001731273862687, -0.692533018170528, -0.538817932448641, -0.5027002997385819, -0.5720956532638669, -0.5827126493793671, -0.6133257441332554, -0.40021332581058894, -1.5417230951270748, -0.5069718062444333, -0.526372645194815, -0.4293599389901377, -0.5391497790858693, -0.617157784687361, -0.5544781444021751, -0.431000832072883, -0.5508502559811682, -0.44682189825813134, -0.5591809635243368, -0.5437178080678807, -1.525070291477361, -0.4575937056867951, -0.426329648399732, -0.3810175071195138, -0.4892486676551638, -0.43390910532350285, -0.6149919351249985, -0.5076152780049075, -0.5298091844317401, -0.32944403691321716, -0.5244158921308153, -0.578441052584162, -1.555819218579954, -0.5606545479954671, -0.34149598722614016, -0.5394722237329993, -0.5985919376972866, -0.4455612297147533, -0.6330766133428013, -0.3774305817230887, -0.25593102586779387, -0.4889519621615768, -0.3423409287431721, -0.4906134627392477, -1.5741787209133253, -0.5637328555507378, -0.4238050268920385, -0.4468363884912486, -0.4931112949892022, -0.49759745423066215, -0.4916001928115544, -0.372611315294325, -0.45677957560872307, -0.4535691353117823, -0.3274749586082107, -0.4920402654274155, -1.5371855674876373, -0.41541631450102434, -0.6386235839413544, -0.5532236891931551, -0.2516827145910843, -0.6080757477602079, -0.5452113721751789, -0.5641537239820202, -0.5267175133721533, -0.4390090236183435, -0.4484544954707296, -0.49627658476098013, -1.553589373097215, -0.5409402578885887, -0.4553319821489956, -0.43634264059131833, -0.6205298478571307, -0.32221047630690064, -0.57811078947453, -0.5820966622092271, -0.5221834104094789, -0.24235549126471093, -0.5377411995651956, -0.39913540959248406, -1.5060038748702398, -0.6251532799819881, -0.5465725137498139, -0.47725283277532615, -0.5703892200245148, -0.5809315713945279, -0.6132540806545915, -0.47317687838781713, -0.5562992495468606, -0.4960504910176936, -0.5846056590158494, -0.4257962242933343, -1.559735030310633, -0.5297327024560529, -0.5883661750642852, -0.5698252398131484, -0.665707786367384, -0.5357854442699791, -0.4473771955129895, -0.3663570776815137, -0.4966275906634452, -0.5656803281528681, -0.4974436462056175, -0.3358775970976494, -1.5502790541882168, -0.4871364812089769, -0.44998909913637253, -0.6196065683694046, -0.5540424027271289, -0.534492189900581, -0.48331840139054344, -0.6026681774385547, -0.5490948710576427, -0.47699610933787184, -0.6087264657708219, -0.6689883877215871, -1.203075065542766, -1.0813161724808897],