{"vi_exp": {"vi_seed": 34091, "coeffs": [-0.9353340325784298, -0.959718027911318, -11.500436145604624, -11.71828307133779, -11.494974840896964, -9.268245481266314, -11.985966904535356, -9.52654225654046, -13.61571802585667, -10.806130199393989, -12.02237694289801, -13.55837387603976, -10.508012697164936, -10.072594662722677, -13.326282843768567, -13.062430317626951, -13.22758066228068, -13.389687576058002, -12.640296693556762, -10.980032639689654, -12.18066479206369, -11.143789323974884, -10.195470153217263, -12.020037344616139, -11.951186887642494, -12.301997894786679, -11.649857033673689, -11.828276849517174, -11.139484689404682, -12.952924818172612, -13.267890912832152, -13.603516448084466, -10.511427191475079, -10.94210556055262, 0.3283859115339055, -12.193973683328839, -11.419605626606817, -13.652121118505162, -12.612089645385195, -13.142892437630374, -12.619800613984642, -10.740836133662135, -10.843482449425231, -11.491478658151003, -10.960561098256898, -7.092334139214733, -0.015152116773495707, -13.506911132958676, -11.582927579501968, -11.296508937121846, -14.106990967532555, -9.537100021939704, -12.155974933618385, -11.417045200105603, -9.53202125701206, -9.91331670646675, -10.375092416870912, -8.709619667816312, -0.2647505904703537, -12.608509523997041, -13.853854578032918, -13.483665726262371, -13.681944553376459, -14.53509915774198, -11.398892936597855, -9.952935854050605, -11.965702567812718, -12.145293248421769, -10.876408346685697, -9.813125749467943, -0.3871212854993146, -10.626734331334706, -10.699681014683469, -9.298463011825365, -10.909396500539438, -13.639450880169614, -10.252849267883152, -9.064291566970128, -10.99107300866246, -8.42949353905719, -10.95612090353494, -12.372856467034904, -0.31694923112676837, -12.131261648010595, -11.584676231121191, -11.047930408535414, -11.184246683046963, -10.887772087415987, -9.201323827012093, -13.187573648137773, -12.704249205498874, -12.067219383995928, -12.141427690962525, -11.396514359377406, -0.24961200039203443, -10.808487180351984, -9.860619330844086, -12.977446765862064, -7.5576506257951825, -10.884483184435735, -10.203840273401285, -13.100606613509825, -12.497830504380815, -11.793595836311416, -11.286877281388701, -8.503057627108394, -0.26053833734231596, -11.753382664984878, -13.452304525294766, -7.568750907533427, -12.015351974377953, -10.593960321140687, -13.061068886353652, -11.812940559368919, -9.913065892256688, -12.530039030768448, -12.722366133136436, -10.204170906178293, -0.0872244944016682, -12.074683670399267, -10.422594713880905, -11.189420256742823, -12.710112733990602, -13.992418645680644, -12.453508563162957, -12.233859472287252, -11.78241444821338, -13.413472767890955, -12.098886066132, -13.639469674570844, -0.2086273045387738, 3.04817724284619, -1.5196454592186097, -1.5557238419018424, -0.5254019411817242, -0.5951355796757499, -0.5118448420857333, -0.3142536269652112, -0.43530334260191356, -0.46945873601666854, -0.6576868643634965, -0.503419850583332, -0.5990113763233901, -0.4627775131893205, -0.6122761198502409, -0.5559633450177041, -0.5762499439805607, -0.5461144348507871, -0.5260552005174918, -0.5030692534153367, -0.6128837866909362, -0.4104873379959407, -0.6079353801162366, -0.5574063882708269, -0.6280565701907356, -0.5662105120534713, -0.5744213982671695, -0.5464744086805849, -0.3676343851973335, -0.6873364380353683, -0.5432461620578801, -0.5684477379906181, -0.6435354613545826, -0.6182391737193464, -0.5660101225078435, -0.5619992335479411, -1.5524886075841153, -0.6094272239460393, -0.4437320080409305, -0.48949409756545526, -0.41859185865708426, -0.4092342839997918, -0.6300045922593362, -0.40701075002393206, -0.44631089411615754, -0.4633736034918744, -0.3968367807773675, -0.590700306106825, -1.5456705009966958, -0.6292582069206271, -0.37855995021401756, -0.48257475524297694, -0.49589613586121406, -0.4213049568330555, -0.5173936764825214, -0.6263754327391942, -0.5880120594248074, -0.5662133563408132, -0.6346377969984605, -0.439551938841969, -1.5416515482392468, -0.5685653758132259, -0.4887521349062025, -0.5043852019486389, -0.4386884906018343, -0.5876649363839328, -0.5287758494627945, -0.4935440501291347, -0.5387452084061465, -0.5646586082394317, -0.6098499118037035, -0.5348964176259277, -1.5475445538445318, -0.46089282430904727, -0.35051720136617265, -0.4525383672119587, -0.569269996714818, -0.6265683859186982, -0.4859014381366436, -0.5352779912236683, -0.5668702161540049, -0.6420682264414059, -0.4590578854063315, -0.5387172969119217, -1.5286353374750246, -0.6651120588834051, -0.45762560786583945, -0.4303137663943965, -0.5859116099583178, -0.483724020372123, -0.3899703853913648, -0.5110187688265593, -0.6218106274294414, -0.5713760189960659, -0.6380171241228226, -0.6131727537269364, -1.546274225907162, -0.40597594287755107, -0.5328051813128234, -0.5458504158706533, -0.45571017166773103, -0.5248031557739465, -0.6124038758680462, -0.6209665404913511, -0.598678348559247, -0.44667120273100136, -0.599966628682579, -0.46844493245628965, -1.5351739790765866, -0.53716855569463, -0.50476669005596, -0.47243157255524754, -0.6360467127783805, -0.3788043340771563, -0.5631684432506479, -0.5075004392584465, -0.5987257392982166, -0.5253256324251903, -0.5600738698021087, -0.6607147715526733, -1.5608693242674934, -0.6139255553958494, -0.3762323675468051, -0.42640842042519317, -0.5962944192384065, -0.49162429137224245, -0.5642230384182206, -0.5499055694790986, -0.4735564189429206, -0.43687324421406293, -0.40581173147218613, -0.4737664734697857, -1.2314787196713979, -1.2408634197904924],