{"vi_exp": {"vi_seed": 13908, "coeffs": [-0.8127274340322181, -8.102658475785656, -9.747752006621743, -13.385864407231747, -11.006686811768528, -9.949950215348931, -11.624204140869587, -13.762213807820283, -13.095371011495725, -12.054515414403351, -14.02021580929944, -9.825511013912674, -10.610257869941742, -12.226860646017133, -9.951581463929083, -11.7883767161273, -13.546573514315256, -13.084695111173698, -12.968949562419699, -9.937190880357516, -11.634156035788079, -8.81707185443388, 0.9957892238105447, -12.478879286070647, -11.64093903130466, -12.847170621586113, -13.2512266176106, -11.748963761417043, -11.034834878658181, -15.111673075921992, -12.540570099309353, -11.222801851475321, -11.223143429116837, -9.606084805048425, 0.43583237353091436, -12.492559283473046, -12.57089304057528, -11.06187039168181, -10.786492740290697, -11.707019128691742, -13.33187615656151, -10.554174192371223, -12.113493996701116, -9.250996848784487, -9.613053866748938, -8.415607373041512, 0.07913159429421532, -11.712604914812289, -11.89772057164065, -12.38886281050021, -13.786016365981958, -13.44436355058799, -10.393000506325413, -12.748790137749353, -8.337053828949387, -10.68961389611857, -9.544806388466187, -10.167289081225842, -0.14849878640679845, -11.580767284290795, -11.588066515736292, -9.758866126691043, -12.611529354571982, -13.286800553502799, -13.536519282184416, -7.881460929968061, -8.137593082125347, -10.239686154766474, -11.523334750503915, -7.879764296565964, -0.23899576505501752, -12.770729387613118, -10.117601615822274, -11.32491769172412, -11.420344919480073, -13.77633345707123, -7.396837536395095, -8.359909019923142, -11.636002290508786, -13.280206139498484, -9.150663714072643, -8.541398331789727, -0.23421899328627344, -12.264863532025435, -12.34718585772049, -9.44872074678697, -11.492607183767523, -7.626539978924097, -10.311813681075854, -11.916964478788865, -9.793139819197922, -13.729563923566138, -13.115534877702627, -10.198327582735399, -0.1079857344531145, -11.32732712114428, -12.565456802611159, -13.559041764064899, -10.593792853125604, -11.630366183242034, -11.036357566843458, -11.08010339284315, -8.680414935616161, -10.330931063206817, -12.757421862581497, -10.407623151891524, -0.03602358855704889, -12.454916296784724, -10.471172576363658, -9.22580063877688, -10.705192090141136, -11.137251908273653, -11.385230518586098, -11.635599517497322, -12.631973169858929, -10.849378800262624, -9.21259809826049, -9.451695006410604, 0.07165845631842496, -9.621230806465904, -9.59905543507411, -12.679539868965765, -12.978547510549419, -10.97616255994769, -10.147722344778039, -10.195624691908469, -13.431845139113166, -11.16712308160738, -10.168986717039065, -10.117524871903733, -0.003292294672270165, 2.6391709249295436, -1.557917936176275, -0.6943223919674082, -0.4155464195353876, -0.6387316451524305, -0.5518672722304739, -0.5679572070592616, -0.5481960584106036, -0.5627916172951618, -0.6575753073642772, -0.5202879469426706, -0.6095852767188696, -0.3677989689728207, -0.39173668813913703, -0.38761908651794824, -0.5159833792951639, -0.6232528331068048, -0.61952379291095, -0.4678770933849758, -0.5571517973992802, -0.4144629681464469, -0.4819027012638883, -0.5502774329856551, -1.547368505264316, -0.743291476925603, -0.4960746755059107, -0.5092678793822448, -0.6384837974964961, -0.3096349208607878, -0.5365636215617593, -0.5789221645916243, -0.578589160027612, -0.391791499273924, -0.4858469795926349, -0.4650923985309421, -1.558454269950168, -0.44661241929144024, -0.37469497827246223, -0.5087954191634748, -0.4841598669495826, -0.5743140856315699, -0.47485807833186283, -0.5328499198807192, -0.41993487111010935, -0.5327958162570268, -0.33181998345753266, -0.5876877049077543, -1.5165029624496118, -0.5555529600910937, -0.5851613494733237, -0.5960840004270459, -0.2897610452746124, -0.511248663423517, -0.5082149286449953, -0.5368989210072923, -0.531666694069408, -0.6127120027949665, -0.5541442645422451, -0.5542108393539208, -1.5591887558764213, -0.5560878938142076, -0.4139044852591888, -0.4623791812071301, -0.46342472017351966, -0.5128996685205484, -0.6496526555111607, -0.5291264684636029, -0.2982325870137275, -0.5996558004236594, -0.6688228073787841, -0.5409038224289477, -1.5428768583189199, -0.441746455172174, -0.47177248122125187, -0.45306975154404816, -0.46298750887685747, -0.6459659788567935, -0.5890310134678665, -0.5672567779209032, -0.3880461642464055, -0.5376018972224622, -0.6054977014248083, -0.5177553988243064, -1.5508110392979764, -0.5877574897735511, -0.4891580960951458, -0.46622682719954517, -0.483154829977977, -0.3616651050394725, -0.5358901384906214, -0.5923835131178626, -0.48190810391379313, -0.7310726327286086, -0.5513072297566635, -0.4981307982896258, -1.5348013608416406, -0.49728976089183463, -0.68732508662711, -0.531387585211486, -0.4760010949242252, -0.5176137889004907, -0.37177108350908333, -0.5388285181330174, -0.5616072990599813, -0.41642825237454356, -0.4699858817901842, -0.4645556659246257, -1.548075925987461, -0.4958685862760216, -0.49568883200369207, -0.48658332032029505, -0.4978009386038285, -0.45517522579366293, -0.5094485972588667, -0.5955824785497371, -0.4822766689411607, -0.5313364838551512, -0.5777875972743898, -0.4911333246396945, -1.4824603134418637, -0.49796904573340894, -0.5944809604074281, -0.6823160939442242, -0.5650310069028146, -0.41974415110975566, -0.3965847387544087, -0.4453353599107073, -0.5255344800007276, -0.5962418094567844, -0.5945982943788342, -0.4827728307649844, -1.1776461854836562, -1.178013154285765],