{"vi_exp": {"vi_seed": 44157, "coeffs": [-0.5040562678079576, -8.97513683030822, -9.151412280985578, -9.638880078397419, -11.522599130345723, -10.694826971775152, -12.916267572757697, -11.404364443256938, -12.042814833767851, -12.834132077032795, -13.420242757600985, -10.711414475983961, -12.858465941862029, -10.920036774639893, -12.691508977411333, -11.449187288905295, -12.849450024371299, -12.840935846482836, -12.037666465318075, -11.822459006167238, -9.627754149985236, -10.884552089884526, 1.2764837893242542, -12.817756458387644, -13.432827497741142, -11.34850711848724, -12.537899462656679, -8.521451008224597, -9.79191274511591, -11.931947546356598, -12.188662893239151, -8.834613379644662, -11.263014998015686, -11.509133913826979, 0.7706080539947664, -11.11616765799562, -12.461510186191186, -12.028607342148614, -13.77488865060069, -11.085864943105399, -12.847595471309877, -9.264352133284364, -11.983536356466587, -9.955616071055838, -8.792171223383257, -10.614196371653925, 0.48172699315553175, -11.57920195595442, -13.645886671320554, -11.092477156519307, -11.975279903795737, -11.868845418023625, -13.663717958423527, -10.40693300775936, -9.677011336707613, -8.434524181404777, -8.930154686076103, -8.821312955454875, 0.23279680379033912, -10.76277374593364, -12.924398773804937, -12.178789251260655, -13.615499266062336, -13.32271492913817, -9.242596994774908, -8.486134513816783, -8.316985328242355, -11.089097979949786, -11.717072942315289, -10.75114418588603, 0.348928068759424, -12.542355103241137, -13.141133886649413, -10.726291035754022, -12.04959856004094, -12.137591486870582, -9.640497952417642, -10.447456986384498, -13.186776520346822, -11.210421485962568, -10.827809380419286, -10.921702644112385, 0.4785671027901124, -10.279286822583224, -13.550389370257713, -12.114973024380536, -9.233511265824575, -8.038818467165935, -8.940590375024223, -12.41646060001364, -9.92141398976048, -10.5995163727842, -11.241696249534636, -12.41937761124406, 0.5496270314094592, -14.479618706334834, -10.827731327776695, -13.704024180788094, -10.910322198964312, -9.478539241655625, -13.076957040187844, -11.239347542515633, -12.416871967292083, -10.449703990344284, -11.941698826241845, -12.658765635362633, 0.6277699764800285, -10.229896666077071, -11.895874408354958, -9.463703613722725, -13.484685139144721, -10.354603453470284, -9.272977655689573, -10.85728957689889, -10.26273947879771, -10.893696965508742, -8.516752559255771, -8.616350042039281, 0.727087076641725, -10.729989648999801, -10.69805691062401, -9.37322231217838, -10.869480325572532, -10.317561386879483, -11.481791199818092, -10.53487156964369, -10.958663070521595, -13.174753902339763, -9.418063416134892, -11.266638935150835, 1.2367783704065725, -7.056388749792934, -1.5778591681417133, -0.4442600575327918, -0.5747813899592298, -0.2170377136359882, -0.47245494538770144, -0.5286132680398916, -0.6067989859795234, -0.5002680558246567, -0.7078691272449956, -0.5209050505723886, -0.5116634215585387, -0.4362791179275756, -0.3697877398915001, -0.42392485045090184, -0.567488342332917, -0.4435105813957482, -0.5359919643088801, -0.5428761776351528, -0.42565100474160344, -0.4645240047678844, -0.42003802478057656, -0.5267693455034997, -1.5489385039590866, -0.5223821831667066, -0.5090272327819522, -0.6325393891667915, -0.5484222920298671, -0.4945666837743706, -0.4477779270806413, -0.5850107920303146, -0.6139878057353774, -0.5372031881891625, -0.5675236754524176, -0.5836482212482513, -1.563021600922772, -0.5239162633950587, -0.3795455405747324, -0.5212206776760463, -0.5649302825623143, -0.4417390373058675, -0.4466932815715108, -0.457063857139181, -0.4627625135952293, -0.374565033102876, -0.5840336632902291, -0.48827290500817283, -1.5614971581984343, -0.3062776673493486, -0.6295957433667113, -0.5726586767746904, -0.5993723912832059, -0.6052852168460151, -0.4972706261144211, -0.5889074488074688, -0.3895201523421475, -0.5909286435042932, -0.5561402382023047, -0.5445077509401348, -1.5712742930041168, -0.4471387406967218, -0.6208931465533574, -0.3893393326081726, -0.546201390964437, -0.48115948454265856, -0.4201886312827289, -0.5667565063493177, -0.634426937341196, -0.5483465469871932, -0.33465921889114214, -0.5569784889500571, -1.5359994909995023, -0.6202250100753248, -0.6382545787346342, -0.5876206141679715, -0.5199067185794596, -0.48235584016735933, -0.41971048100504504, -0.4870731447864499, -0.4162539334557914, -0.517098842731393, -0.48681671730435677, -0.5919126400646316, -1.5033483643040586, -0.4628053385153217, -0.5660145374174135, -0.4544684207176277, -0.48753976883977257, -0.4503363891492212, -0.4938056884644471, -0.6987902951466118, -0.5926101315446431, -0.3028526498317515, -0.5368898298908499, -0.5895214767328878, -1.5430102899607696, -0.5303615617015325, -0.38764451152300694, -0.4593236682567202, -0.626572222804409, -0.5800836591155523, -0.615308449295798, -0.42077923099991626, -0.5141315044847927, -0.525507637010774, -0.490526415358837, -0.5705555238270826, -1.5383668572209634, -0.472465495147634, -0.4907216632429168, -0.3618710192286399, -0.5614096101958799, -0.5810894489899321, -0.4906570777673395, -0.3966505126342765, -0.5329404287432791, -0.5366259422017703, -0.40559416320567465, -0.40495758604221876, -1.5417764140177344, -0.47994652308765934, -0.43171042842543644, -0.390871439842586, -0.5197099780616177, -0.5114194403338388, -0.37005234069768106, -0.4939399871658829, -0.4943702475168816, -0.7585077301537809, -0.5934133862383505, -0.5923315892739499, -1.5473384183942795, -0.39356844838241845],