{"vi_exp": {"vi_seed": 36042, "coeffs": [-0.20168716133933778, -7.266508930634367, -11.19974907076739, -10.814204888081491, -11.59645375457162, -13.67118801481804, -13.804787216111208, -8.602917599496875, -13.057671274086246, -10.479979425979908, -11.812192977252264, -9.88362771582987, -10.560446152702564, -13.118216346165939, -10.560458688904424, -9.5711175411745, -13.233140354049848, -11.816275313610683, -10.394820447949783, -14.353983425194091, -9.66507465853945, -8.320797156408668, 1.5527151346201697, -9.22726294430727, -12.296568493391812, -12.920402292455252, -11.400100989719741, -12.750793666600268, -12.776747861863196, -12.0726638324578, -9.616337997578462, -9.199797924262846, -8.008514205795535, -8.86121673893205, 0.9140031366815707, -12.314824054987458, -14.387700593628594, -10.080503660021945, -11.558856840105609, -8.855956794069298, -10.078104944001508, -9.548786006000954, -11.32841960579694, -8.861210495545235, -10.84801713438793, -7.714958578479705, 0.6832258298137556, -12.431287618776892, -10.218116688459315, -10.377830469664202, -9.967703200313196, -11.45861342764845, -11.978634885002966, -11.802122588641474, -12.491447336069307, -11.471135626821525, -9.270833035945005, -6.60518001975521, 0.44334077160487306, -11.296057116394456, -9.59510838923221, -10.504681952540217, -11.550691900898723, -11.543482260240046, -12.820561884001116, -10.555141139169544, -8.572036257913414, -11.12237682800615, -8.737402696322725, -10.47882164372856, 0.5378644716830413, -10.840942073411872, -11.307873346834977, -12.365080237164843, -9.06028665258136, -9.391760310733774, -8.780695123485833, -9.069075783133284, -11.506749496582552, -11.078081372929057, -13.124496471602184, -12.664207606324604, 0.6478244337507482, -11.462582616092233, -13.165477014556698, -9.630952337481071, -13.969841749600722, -8.362007587375762, -9.085472516081666, -13.164860560598886, -8.778068754622618, -10.39548235646935, -12.650481060000162, -9.175669215241978, 0.7317107422617526, -11.204450118545438, -10.11917978033976, -12.846273908493366, -9.376819407906162, -9.446867229885434, -13.261486981681168, -12.379262971684096, -11.692709485620972, -10.674358366130715, -10.92600066231818, -6.584623960484253, 0.6954510471766391, -10.136634400489756, -13.572033548641738, -10.872682912494936, -10.143041273953788, -13.48714619237425, -10.261487643228364, -12.623745571668037, -10.97633599418266, -11.118880548498664, -10.356018782923362, -9.646588280028732, 0.8628068481561993, -9.780221522881389, -7.876773238879628, -12.814372905414452, -13.662501685382935, -10.193556247530708, -9.32108360892442, -11.831794341925457, -12.780938638169019, -12.680032816560544, -10.843147272614999, -12.836746350980242, 1.2684517435100822, -5.049990820328795, -1.5803231304618663, -0.6387594188160128, -0.4733719760166165, -0.44047970454310587, -0.4165344329924548, -0.5589265373042904, -0.3809714617710596, -0.4737236247410355, -0.5205519652085883, -0.5510188859192621, -0.44440733085728085, -0.56085675671633, -0.5580774766495618, -0.529030291556087, -0.48285933122883995, -0.5631661378739172, -0.4976807940822962, -0.4210045612140404, -0.4743969837635565, -0.45399023055600674, -0.42900084348578194, -0.3954917654489401, -1.516065186119881, -0.5844451804022999, -0.5962497228317535, -0.4545767011758394, -0.5645910963627561, -0.5180002599383493, -0.5461300016745901, -0.387712736071841, -0.5635027931503288, -0.3960705356282265, -0.5489247486890936, -0.38822707115637267, -1.5347427304954928, -0.6595507653499786, -0.5078549173954165, -0.4043320797621511, -0.47494050886750283, -0.513650860457475, -0.5425708453779212, -0.5781027704432041, -0.6276927890096587, -0.4376427110266658, -0.5744419459440269, -0.5105525574959373, -1.568917062795518, -0.4341933753937281, -0.6086908834822836, -0.4408216963175201, -0.44872055871277433, -0.5070130917000006, -0.45080107030078687, -0.333838086785669, -0.6451687416976989, -0.6618727666263752, -0.472979326446683, -0.5043224427160042, -1.5032895359300298, -0.3971488183376964, -0.40261058492481616, -0.6614140053001413, -0.5050450292790685, -0.5903045271891066, -0.5226007475487369, -0.49000871861817513, -0.5795926833721073, -0.3907707311821777, -0.501274700916145, -0.5300074256823587, -1.5824374418036489, -0.41455376481092954, -0.6306448729300258, -0.5820263808020653, -0.3344037203188989, -0.6581012725239874, -0.41536527988759747, -0.26793901925680413, -0.5843349057371209, -0.5279094096419461, -0.5206065994805367, -0.4258599482389493, -1.5364712933287294, -0.5773444324747471, -0.6062594757188172, -0.40134474474512344, -0.5145656890477652, -0.5522112370136294, -0.4401569631600734, -0.6251307520254926, -0.4509220197154435, -0.5897508208516242, -0.6382211255889803, -0.5288983707833579, -1.5838366167263096, -0.6957719288024983, -0.5235636948555554, -0.5915271940939485, -0.35585197880460473, -0.5396423880057376, -0.4292739602840555, -0.5788076280899789, -0.5901618357776379, -0.4816125860871616, -0.425409507206603, -0.4929533445498243, -1.5260437092034498, -0.46352593389508323, -0.5564624659108888, -0.5721131383570038, -0.5051493607004218, -0.44782572574160495, -0.5368671601669327, -0.4887458626870837, -0.5233099296257205, -0.43416266924916, -0.47942252619507686, -0.5122961181660028, -1.5224789806459356, -0.5547812990197822, -0.5924834876699516, -0.6044211919829169, -0.6462342526492566, -0.4608597877908609, -0.46171725403843605, -0.49834226719957203, -0.42595935113169886, -0.6646647829860338, -0.5364708220650152, -0.5570799311225755, -1.5353341202010669, -0.4612561216690869],