{"vi_exp": {"vi_seed": 25338, "coeffs": [-0.16506091423600308, -0.1642763757176935, -0.1349146306888524, -12.022665064404999, -10.81029509366025, -9.91590659974959, -11.401119039226078, -10.54375034529783, -11.977061230379775, -12.251560354783027, -12.235899767232258, -9.72282106423988, -11.231329391902516, -11.548289618191392, -13.734752439966183, -10.807580846102715, -10.969479195155534, -11.159207233971056, -11.373903308397493, -12.732297996732543, -11.554125624802301, -10.417530699700038, -10.644398014707857, -8.349398194232316, -11.720723914291101, -10.318151839658919, -10.582033204211132, -10.607078555469279, -12.374928986716649, -11.506850183179418, -12.3869119856459, -8.543715935034719, -8.380973367802028, -7.643519106250227, -7.439918141733991, -11.87658111394013, -10.996244220575562, -11.30189565160176, -10.936056211918155, -11.989015412598457, -11.786149066516145, -9.638025529879863, -8.898753466488031, -10.347193543225217, -9.682800282593325, -5.0110798752250965, 0.7350977644449004, -9.574775723478407, -11.338001536837654, -12.354896477620679, -10.563206753270315, -11.48963352042636, -13.822079702563062, -12.089374511891874, -10.952762341111658, -8.42883990113541, -6.312458944757098, -6.4479114474909, 0.4991717651166049, -10.254706741889068, -11.279130176656905, -9.946595691533348, -9.240732175268178, -12.300776340887854, -11.774988069890505, -12.880052576322989, -9.180788355875427, -9.393637168238925, -10.4054199330937, -8.926714172419116, 0.46143461850962336, -11.439662055629068, -11.696334859891067, -11.101660575141011, -10.49547634819353, -9.80002038186011, -8.40778938814595, -9.985953837185624, -10.310685745541713, -10.07738275995878, -10.246455326788446, -9.06619424979336, 0.5089472413478621, -13.114290331656038, -9.668689472778105, -13.699869365011283, -10.692487663983657, -11.002190366731515, -12.097565344880561, -9.310974306537402, -9.969579130266112, -9.100003346640007, -12.652337518059165, -10.48601326103654, 0.5700051886685302, -9.01329082000527, -10.94916666532128, -10.222771053962969, -10.823938631799571, -8.917081168743268, -11.371004738244501, -7.930610038853193, -12.335414966028113, -13.366213070145319, -9.922289841669606, -8.799946172181826, 0.9553054840661012, -11.540980847229076, -11.403650861625694, -11.078469002553192, -10.99736383049324, -12.970256982275473, -10.642349782062686, -11.829870375716332, -10.419623667027023, -13.704554927262917, -11.641508962237292, 0.9284176786902187, -9.834327364827837, -9.219615034259556, -9.346912021975289, -10.577394412323637, -10.444289004765183, -11.227961568301712, -10.721049138334552, -10.149844024481945, -10.998937774170079, -11.715056428325106, -9.214541879777222, -8.91375448026287, 0.5349052452299864, 2.3798305063669387, -1.5489466011092268, -1.5152267510856605, -1.5487961566195465, -0.5944369599973025, -0.40640422284411976, -0.5707420138239788, -0.38415227180039563, -0.5172922210351443, -0.4189502873231952, -0.5471699983401604, -0.5773347213274915, -0.4667422241234515, -0.35178990035844043, -0.419437569077899, -0.5358028168954023, -0.5145428142003573, -0.4909697586109388, -0.40626301790879593, -0.5790123682759061, -0.5518507946089691, -0.5045408541905991, -0.48452340036876357, -0.5056800766120878, -0.40618597409084595, -0.39732628642603784, -0.45725698034731127, -0.5628787855964812, -0.43252703724555674, -0.5474251719168011, -0.5682464162894189, -0.6050201132479681, -0.4534917542567457, -0.6712288505799051, -0.4003085321142883, -0.6083090597519387, -0.4592290483600617, -0.46602599430080993, -0.22113639601595061, -0.5800403631087375, -0.4297836211779229, -0.5282277415485466, -0.563554976261654, -0.6527080977419709, -0.428651067516854, -0.45884844793110746, -0.5082000928451733, -1.571359997203554, -0.4784559428393078, -0.6130129255185759, -0.5875597954763588, -0.5066858776212347, -0.4909256577808842, -0.7118175243238603, -0.4795109500651816, -0.4733650977062669, -0.5877265105860299, -0.5132815869580292, -0.559326391485788, -1.4976922651817413, -0.5531200339946213, -0.6377651113665375, -0.398581774473471, -0.548035943414719, -0.6564218078310504, -0.5224854175293943, -0.5548639552049428, -0.5161788344188313, -0.4800964553842146, -0.6545997133661836, -0.6063274634689972, -1.5530837382744098, -0.5875415561884395, -0.5849275446897635, -0.4567455678760198, -0.5246518997078565, -0.5284832642262841, -0.6316974713401551, -0.4417326894023388, -0.4407104831823909, -0.5171614520095323, -0.6009169590127486, -0.5406194381312274, -1.546429082696216, -0.6466126366501548, -0.5150902486094094, -0.5967264667545938, -0.6068818846099797, -0.4385432498640516, -0.5749581225306557, -0.5445820215235054, -0.4967793652557203, -0.4724039488748049, -0.6152312357377495, -0.5086639469579155, -1.5387987848338853, -0.5601060322076797, -0.5744700408002673, -0.2882469797277376, -0.4735625632939967, -0.5223575647706664, -0.4287895224619791, -0.42450614339964254, -0.49282744204313533, -0.5722580492302152, -0.4888137187536017, -0.5285773315175296, -1.5504609081927774, -0.3051892788001886, -0.56962583722807, -0.372315292020243, -0.5650966027948117, -0.5741993310361594, -0.42762620589431244, -0.5016416978668068, -0.4636996744149808, -0.614276616668004, -0.37640779717545886, -1.5773388808585207, -0.5059545746844405, -0.588207623368918, -0.4281025662968435, -0.43260575186880534, -0.4544341567995919, -0.4709288209951264, -0.5261787072134088, -0.6342375436518051, -0.39631466433796064, -0.6373057643338034, -0.43257612180097765, -0.5653862637279932, -1.2935974758867128, -1.0013470335295778],