{"vi_exp": {"vi_seed": 56987, "coeffs": [-0.904121534785015, -0.9408658596745371, -13.67588972738401, -12.21893772224491, -11.29811905210193, -13.25529503339855, -13.741709139592992, -14.408272244476754, -12.619332210753445, -11.457144793968348, -11.933753929902178, -11.32031836066785, -12.605662203032763, -11.19866345457709, -14.172024907329414, -9.984535238409643, -12.798206109372064, -10.623050863120985, -11.112731184799543, -11.666074473479343, -11.531789535142225, -9.311817465003939, -9.531672158120855, -8.853643904713357, -11.833846699986088, -12.610831820893834, -11.693663748081054, -11.460971786697172, -12.671965782321145, -12.632481724321691, -10.230055807843964, -10.586367645838116, -8.255264206353116, -9.563865899147011, 0.3841327831541309, -10.58361151194044, -11.594311252997183, -13.185253518865737, -12.621837303936607, -10.642954886083075, -11.656582058454063, -12.770019926114822, -14.082994196962932, -11.088549398820616, -8.234066520328282, -10.144974593495306, 0.024474611819254238, -9.932420088779278, -11.720810805124666, -12.218866754101095, -9.831485169410275, -10.687624079037784, -12.886899482418633, -10.670384764607286, -8.696943915616574, -9.720802257025388, -8.578680437733897, -11.861405723645955, -0.13659940715736774, -14.464804920092675, -13.15621021855938, -13.686117457079193, -13.182303224050841, -9.446188537291928, -14.331362367003852, -8.491409619596544, -11.717758708516346, -13.136846171145363, -10.670879110952306, -10.395752663417541, -0.28514226368549334, -13.349611828715295, -9.487848791038425, -14.771240253910749, -12.56299920695593, -9.093353029987876, -9.341572665674743, -11.216947445339743, -12.130749837491308, -9.091648768898727, -11.305175659449441, -11.149664833677559, -0.25915436459048247, -12.5902880946167, -13.358036124019034, -11.929878655762593, -12.548691101515459, -5.91744146413874, -11.387671393821075, -10.943772332621728, -12.32726764105239, -9.301264433853651, -11.569918513473603, -13.211292380946443, -0.17484074064695476, -12.891358958091246, -13.371899418278138, -12.315530293119643, -11.714855803849447, -12.128840013204472, -11.730368769159046, -11.93626408447027, -10.772935635559579, -11.637507366360854, -9.80520009527072, -11.822882903434055, -0.14999529512093268, -10.151799873814882, -11.792410165465528, -11.292542631659153, -10.363391076641921, -10.800795175480737, -10.256934788731716, -11.877832309881317, -14.213189790376626, -9.251134666919612, -10.601477250932446, -10.131522022214575, -0.049212386957695885, -12.541028254872536, -8.47856718636273, -11.496702715543304, -10.364517127212151, -9.671192466255663, -12.248803020179563, -12.070402515661124, -13.217982324243636, -11.937015834766525, -10.79322120395577, -11.352733301831899, -0.2462630281966386, 3.0675380483111025, -1.5341247219332854, -1.538239863894988, -0.6346036778591423, -0.5106704480681263, -0.507261933638183, -0.494496260922198, -0.5573515613369769, -0.5537686139078462, -0.4237950813943005, -0.5237638761709688, -0.4851565267489071, -0.5035824435266772, -0.43598960348132176, -0.5265387293227306, -0.4543086961126595, -0.31851738961264286, -0.4752380149502349, -0.6089029464491735, -0.4693683525738521, -0.462271420355901, -0.583334413691458, -0.5384436858915074, -0.42557197841575817, -0.5378044340142091, -0.5285428298187255, -0.637738313176137, -0.3582934343384603, -0.544973881463276, -0.4738221381369593, -0.580588705892581, -0.49084361506132507, -0.5334914166145404, -0.5414569323899984, -0.3649608824678168, -1.5769110669343407, -0.3595591934897159, -0.5506046278841791, -0.5679102408415047, -0.5537324643941295, -0.589837529935092, -0.6082149711921178, -0.4411460743677584, -0.5507191677481735, -0.48955567239351877, -0.5353089816134647, -0.5221440103886438, -1.5477368345110853, -0.5634026283116249, -0.44637774397773267, -0.6138088634792869, -0.32988981592943023, -0.5134784633792946, -0.6272160573041393, -0.541900705555002, -0.5123330454370257, -0.5450539361823089, -0.683661307763302, -0.6619001561530755, -1.5250123727544709, -0.44754463588539467, -0.44652021476159476, -0.5156712771783676, -0.5219084699573612, -0.3287719773566473, -0.6613114568518332, -0.4582985670368479, -0.46637896846952076, -0.4539725311272041, -0.5568577789213907, -0.5998106358910582, -1.5446426433781115, -0.5611103552560277, -0.49235129841450936, -0.5561091675227069, -0.41025623595615557, -0.34520193860759524, -0.49894014829534944, -0.5189684587169402, -0.46590501671552464, -0.40654984434617614, -0.378753949564393, -0.5716821858404827, -1.5523939800516515, -0.4993548606904594, -0.5617747995802223, -0.5608422757719229, -0.5217986388380842, -0.46643835962256736, -0.4851959973415729, -0.50875513262999, -0.5444343498277817, -0.4725473811498295, -0.40393699372127445, -0.5884771113406212, -1.5379713207802745, -0.4416947667357973, -0.6164794226674605, -0.5800046381929083, -0.33091007118486243, -0.5323069386970622, -0.6144834633836501, -0.5771856923832888, -0.4830161817681823, -0.482406583734677, -0.5604779365867403, -0.6614357701495429, -1.4939273555251988, -0.4818808079380676, -0.5528093617242394, -0.4278395474168366, -0.6958771901753614, -0.5297128151976264, -0.47602628256047685, -0.6045907371069102, -0.6339958289187108, -0.3905812396694929, -0.4376249804798669, -0.5847054868155216, -1.5476689241526664, -0.6386172858303677, -0.3236778855493627, -0.4520491216000592, -0.6716871710288436, -0.5994321800879547, -0.5276420406390446, -0.7167750277432795, -0.4701733648084498, -0.43075800240920986, -0.5382657820905704, -0.522687209131767, -1.2379834558512284, -1.1895490431576872],