{"vi_exp": {"vi_seed": 18398, "coeffs": [-0.9680383630258214, -8.517736447116658, -11.921770612006425, -12.367953899011155, -12.361023666824629, -9.465348342543951, -11.255568419732969, -13.039502907143433, -10.261646989796, -12.792594989693697, -12.840922300579916, -12.375728133928423, -12.012169372286131, -9.258315450151741, -9.954851783654156, -12.929024460923626, -14.720045270203567, -12.002719519666403, -13.02396090322084, -10.612360173708382, -13.53068721376472, -11.904921479533963, 0.8872822182531123, -14.175851607183109, -15.942382220174778, -9.808112280328155, -10.678463111542303, -12.847203375067934, -10.9535052774497, -12.190713952518028, -9.644389133343351, -12.234794059763788, -9.342840846098047, -9.801763132998264, 0.27799045501279024, -11.893233566586073, -10.017287430966643, -11.613806328604307, -10.414737089106804, -11.767056171181748, -9.175853452658949, -10.754333497286087, -11.695857516348507, -8.984522624092683, -11.440596802404142, -9.192931539636625, -0.06537906863705137, -10.665295291104858, -12.76879324230426, -11.398432051099624, -14.451109739378946, -11.047869010513681, -10.210894076141473, -10.491197919446671, -9.194484227288292, -8.761268378340281, -7.161180926290299, -10.67550290043304, -0.25313791769055954, -13.563951559427913, -13.70342989630622, -12.396390464277264, -9.695144656908006, -11.51229214594195, -10.986585467184236, -9.15536799041948, -8.397911899057714, -10.691115469088228, -11.553328753105236, -11.232239177119032, -0.38288852212539165, -10.498645940385343, -12.597303669258729, -11.111655818450018, -13.366316171782483, -10.319243303938528, -8.060647675604676, -11.814752053015587, -10.792693750265272, -9.593139442953042, -11.467497635238729, -10.370205677100063, -0.3534103659969052, -10.82081432633059, -11.447494597644447, -12.474958932683693, -12.423853874823548, -5.454512363995533, -12.552647349668993, -9.50568893350328, -10.51651038021929, -9.969230711011296, -10.97242659311064, -10.462252040112697, -0.20490767133105844, -10.560759142077016, -12.553201071017956, -12.568098070453855, -9.536257207204267, -11.719335682716682, -9.059580074778845, -10.063935686922118, -13.196551470934935, -8.28640195824015, -9.937172158903575, -9.693906324367846, -0.17295185310680875, -13.373783513211109, -11.065271982212499, -8.190127157878518, -12.109295625168013, -10.750737610524887, -10.129568101094135, -12.040283796967042, -11.181115114583024, -11.27224935479788, -9.418405959706067, -11.2001325741215, -0.07310257704464464, -10.604159600502884, -9.802587610065366, -12.297148920902728, -9.453267174297173, -10.43435984808032, -12.434526215483798, -11.652497774665008, -11.290982032371685, -11.575293750773367, -12.424432785930165, -8.970151998260802, -0.32217474080733655, 2.944808253408847, -1.5330251357853066, -0.5731007387759026, -0.5347759759184473, -0.5660520789785533, -0.6054758284710353, -0.4614938529252233, -0.4350192979840341, -0.5161064727644831, -0.4356041833812639, -0.5478064118745102, -0.4938285548462894, -0.5589216998217027, -0.6415386449356104, -0.3547823899742887, -0.4748560913303689, -0.5444116652705774, -0.5170370491756555, -0.5146984496600909, -0.553622140243194, -0.47136391657101434, -0.5061407810627755, -0.6064171733971792, -1.5682672346664708, -0.5780634474309321, -0.6116434074750305, -0.47770392196159284, -0.3417361290861168, -0.5456551199457433, -0.5088808084281446, -0.47202918299793045, -0.40040365914295833, -0.5346666495459422, -0.6685509011381148, -0.4670471230188965, -1.5439604933743145, -0.5759917519559571, -0.4217849905774345, -0.543766952550053, -0.4527505544170626, -0.6698477066009932, -0.46297483925313265, -0.5309514597824422, -0.5496484263194404, -0.48694616113561706, -0.41270639104643525, -0.42061800673555116, -1.5423071112103777, -0.33428773702503545, -0.5223316809215555, -0.48556146914185006, -0.558304313190615, -0.5565522719768273, -0.4479390856776622, -0.5110770379711397, -0.601370755806776, -0.5080040785910741, -0.2855652120385052, -0.44114224472568964, -1.5370914629407548, -0.5695669152701172, -0.5638032419019741, -0.4775661281351843, -0.4296682387262761, -0.6157682525740781, -0.6052333366526786, -0.5120259039426103, -0.37205152412531683, -0.5923982432364565, -0.6264401582474467, -0.4429143386587273, -1.5455912563467935, -0.44774379797476305, -0.5045443210090433, -0.5985114212140955, -0.5357542100578188, -0.6288507051895116, -0.3846856329516622, -0.4743410656747998, -0.42712959223193786, -0.5105215898006329, -0.4528776750616564, -0.5997504452353946, -1.597178260255144, -0.4566353553092109, -0.5167141126889475, -0.5891201445596496, -0.547855649945561, -0.4296862595109124, -0.6310904899220918, -0.5706636106213109, -0.4406738185559812, -0.36041750422043967, -0.5080520258345919, -0.3406158806708671, -1.5255734036620678, -0.5978791115056981, -0.4715144275254443, -0.4147074182157517, -0.3859023241121612, -0.5077996419016553, -0.3205969843571776, -0.5943045520247933, -0.5355746131341248, -0.360334210628754, -0.5997188153591941, -0.5308302319063545, -1.5376245386990777, -0.4540191115552536, -0.4051948678686724, -0.5697021022258612, -0.551156931945739, -0.5002571175104981, -0.5596625860304828, -0.5997965320573813, -0.5389941179590406, -0.5130928181312477, -0.5682074243606627, -0.5908124957108847, -1.5584623864169334, -0.3738773858294992, -0.5419811623076302, -0.7215743554551327, -0.46937299862560855, -0.44201072517289497, -0.630521685058715, -0.5443792627591107, -0.47847113164916655, -0.4146455838732801, -0.5771466930075444, -0.5434890578658689, -1.2262298234978337, -1.1953673663869362],