{"vi_exp": {"vi_seed": 58161, "coeffs": [-0.09386093852765638, -0.11551648060980975, -0.10215222625612799, -10.40361578626612, -11.822737429304086, -11.927147274827147, -13.727244871724412, -10.398363069014916, -10.482015390811709, -11.234259312761688, -13.862721960410704, -9.460109226247454, -11.963594341328491, -8.681818211939317, -13.423539770475163, -11.431002153940668, -10.729709549687868, -11.559735205617233, -10.347280987302517, -11.251891701756502, -11.299602595209914, -11.679683932367858, -7.131231289420546, -10.095961453263438, -11.402458572681093, -9.650592011326374, -12.007061852639634, -9.316433286511462, -15.619155445706063, -10.987562082617472, -10.536638455839565, -11.343926219221759, -7.41237965448571, -8.005139140335826, -5.482683635768599, -9.805733533428636, -10.111894672456703, -10.710190162146727, -10.74841060780529, -9.804950725600692, -10.299296671347669, -12.922266695690762, -10.323551491218598, -8.319276554632353, -9.27518424863456, -8.031331636765653, 0.8555707404092356, -11.53554805535657, -11.581977222144499, -10.546524686363698, -9.010946179487465, -9.558783332647291, -12.903903688778046, -10.162817103381151, -9.314315645579917, -11.425121102889012, -8.730308515432121, -10.441117830422835, 0.6702565893669986, -11.613368151796411, -11.133840234575276, -11.670600377119754, -8.926838123101914, -11.22714395184999, -11.382073491975339, -7.473973921843508, -8.358596112401186, -10.824692903669344, -10.170980951333833, -9.889597306257677, 0.6839593804226315, -14.53065958218704, -13.595302821548815, -11.303014451298104, -10.412000658062848, -12.778210565720764, -12.923931026496675, -11.487316062271983, -11.090859136636492, -13.751479718706296, -10.401012064203131, -9.737308646721592, 0.8346063543218079, -9.710909057418174, -9.875580926815283, -10.90671837407265, -10.81424947826957, -12.50615971141504, -12.11510936120281, -10.180808759628771, -11.335076005171292, -11.995283991236226, -7.435171437620401, 0.807916430249578, -6.4997084794864115, -11.123935388450914, -13.968453024961095, -9.753274572439576, -10.594060198820218, -8.613410017849846, -12.196433525499025, -9.394085729235229, -9.674852133961489, -10.652639551986276, -9.500579641425166, 0.8763893111621283, -9.536231069023145, -11.368703462245344, -9.834470546948328, -9.859896444152506, -10.508522871125653, -12.625282646943097, -11.97745107429745, -11.44742426965138, -10.888802032735269, -11.862203179165736, -8.611552808715494, -9.890475172145745, 0.9568597994826596, -8.332742966733708, -10.355318332533246, -9.755425664497713, -10.566416558878938, -11.186105122066639, -10.207521069359018, -13.78770955574977, -10.299520862140357, -12.269099046519596, -11.38786309598498, -9.004308866961459, 1.267290661044961, -8.02561165542715, -1.5138444972308662, -1.5539429527788393, -1.5735148249164688, -0.5510020335605108, -0.6606674032844789, -0.47977954508323345, -0.5716097759018903, -0.4135854612123393, -0.46309907060248245, -0.43614582671379926, -0.5900618050964372, -0.44835402055393664, -0.541577659197394, -0.40985510375064366, -0.5135391924206798, -0.5712124419540662, -0.5206598415006504, -0.5162162538969587, -0.5301425218989636, -0.42060571729385166, -0.5451154060448217, -0.5785602490227784, -0.4494461315722474, -0.5660808961819582, -0.472952529893336, -0.40534324467366695, -0.37121511535776364, -0.5425466604079046, -0.5280522607426468, -0.4243239888853425, -0.5161709828067002, -0.5232028280876465, -0.5235666670778703, -0.37713172304927756, -0.36889575382321166, -0.5730926671512158, -0.48343771151628295, -0.4074365580642992, -0.5656905864172059, -0.4296708753049772, -0.4119688511715102, -0.4745813532816839, -0.432570431204332, -0.45892043083131756, -0.5467444981482303, -0.5799102275181701, -1.5201978779648218, -0.5030763952092595, -0.4762891604725081, -0.3429434457289027, -0.5394268929327322, -0.5208078344114803, -0.670624152695026, -0.4849914401145659, -0.5107700728754776, -0.612349029821278, -0.4537591805517225, -0.5531017531457936, -1.580519786810587, -0.5348541879027824, -0.406650978600213, -0.4966162370692407, -0.5837940264397381, -0.5495434691654781, -0.45389378726593016, -0.43741050373060375, -0.5172781903977518, -0.4371368962658272, -0.5183360770195731, -0.5378208206067204, -1.5635630438669759, -0.5596022627209567, -0.5324079581677954, -0.6088142209524089, -0.38688218361501686, -0.4336004410545931, -0.4442486007862336, -0.4591460515972909, -0.5402650668199455, -0.6710854425020533, -0.58831763210144, -0.6002191569243288, -1.4790911654124237, -0.4953622903888283, -0.5550444893169248, -0.6002158603075292, -0.44197500367284004, -0.4201806468638925, -0.3778604943972795, -0.5343891140504757, -0.439477882300918, -0.6422471043983612, -0.4462405687515667, -1.56719564159869, -0.4828179728525999, -0.4784985207712358, -0.556154914215366, -0.6057973872726367, -0.6223463756127338, -0.47944807278768703, -0.6062651638778198, -0.5708502872950721, -0.5537959811785268, -0.49584902716635054, -0.45240183420808266, -1.5480518956846683, -0.5677983040626282, -0.42341250469670005, -0.451756767500587, -0.5473346606325835, -0.4348178376608358, -0.656648790185997, -0.5885531760148259, -0.492002133612869, -0.3594729822017971, -0.6289659715728197, -0.3879720040443191, -0.44804607027893817, -1.5658031666803784, -0.5476419710744899, -0.6174130969607956, -0.3836163145743192, -0.42831984453728783, -0.5416041232641465, -0.5862347330024698, -0.5529206341369921, -0.47237347480410014, -0.6390232933375832, -0.5025041307306317, -0.5642927580540051, -1.543038222725627, -0.5724081480124698],