{"vi_exp": {"vi_seed": 6077, "coeffs": [-1.205966727855651, -10.318862718049695, -11.26727143868276, -11.988816814485883, -11.887950082051098, -11.405486578561147, -13.223196145914693, -12.896004880277475, -13.199293171707076, -10.479003519245378, -12.385623834846147, -11.62720128986503, -12.407319828736444, -10.660913733768467, -11.41749786362227, -12.49792506767974, -11.291641880261816, -12.402789738715205, -11.059642409191634, -12.57799425972586, -11.189213489019561, -10.253992051152878, 0.726163444571772, -11.298944912674738, -13.826861616907028, -13.013960977472884, -13.510966481389598, -13.944327054347259, -11.876673255189877, -11.102247424733152, -12.979169755204827, -11.137561588253545, -8.45174043357391, -9.106209100562424, 0.06481208144098814, -10.116292204423988, -11.008374163120216, -10.724857568702689, -12.732580862614691, -9.1770936918461, -12.598555127961006, -9.486374850030368, -11.332759924939527, -12.786095037174201, -11.19043259456704, -8.599374422110145, -0.2291398374556237, -10.712557164182288, -11.596767967471862, -11.714338204634908, -14.58490105868723, -9.66846329674964, -13.182517200072876, -12.325714563632054, -11.005639128559425, -11.575216959214035, -10.650913061545042, -9.746436777923297, -0.44623422141592917, -10.877772044794051, -13.310418908181903, -10.812276788700311, -11.157597467832927, -13.1505344257459, -12.250502244926432, -9.358362546382075, -10.159339380169364, -13.516395442753778, -10.883341020467933, -10.89457542568631, -0.5918556888111248, -12.831591044800042, -11.704249409045492, -12.465814246793403, -11.180632662905639, -12.005382931457456, -9.98707172988264, -10.592082207450995, -10.731950256647105, -12.937874651632281, -10.895912007482751, -12.24519053124301, -0.5096488897026855, -14.406403681569872, -13.672089178455868, -12.228296367360988, -10.468663213188018, -11.313173706417354, -10.42093210866967, -11.156099596022441, -13.496240754925735, -10.049686126147838, -12.79633896559786, -11.905397532484855, -0.48150022946546717, -10.994123120233223, -10.922129758753693, -11.917550226353212, -9.822021833555342, -11.616946008189872, -13.801798892765781, -12.295692219350679, -12.878295404597171, -11.27523176972831, -11.119701452654486, -9.200041110114912, -0.5796332437721599, -10.77345130141308, -9.78033686991403, -11.611774826417994, -11.838207690591771, -12.742635005654966, -12.379204179873263, -13.067886010977297, -12.653380876158783, -11.211850834306487, -12.682905155024983, -10.115055820413124, -0.5351484538804501, -11.464266612108593, -7.32605440713994, -10.071553204568463, -10.382266359491336, -12.104151966437849, -11.94198721588455, -10.332940836989213, -11.18826226070431, -9.978624693733009, -12.596195615936054, -10.94821735402948, -0.9112038778401266, 3.1230253632206444, -1.5818855574158095, -0.5197058213627794, -0.5475815080667343, -0.4805199382445405, -0.5274272133686685, -0.6501212457531634, -0.6236190098997987, -0.43285943933965665, -0.583457178878122, -0.4263954414793437, -0.5646858581259769, -0.5448579387557391, -0.4311533036128377, -0.3664218576663001, -0.5177662623624883, -0.5709654887937404, -0.4591129958201581, -0.5710254818706308, -0.41745905587400906, -0.4689398999550998, -0.5952551171491479, -0.572693163460569, -1.5338678550420977, -0.6077586484736355, -0.5235016027637256, -0.5623225361418096, -0.6157075900569107, -0.5076821054567828, -0.5951955419936161, -0.4889956989995665, -0.36834133407713887, -0.6148941811135287, -0.4557219483467558, -0.49487072736900933, -1.5321435383517175, -0.49692742311387605, -0.5798131147597599, -0.5223830516197028, -0.5670211718834975, -0.5222377543380106, -0.5802401417893961, -0.4026041115697803, -0.6277436753676934, -0.5563664959050283, -0.535995783404919, -0.43649717275499283, -1.5591321187984593, -0.42803493952211974, -0.6302751196339822, -0.6058285348685817, -0.4170407499810912, -0.44996601761869653, -0.4619034352398673, -0.5133663712773074, -0.48448190172390326, -0.49125085551542064, -0.5867156061040986, -0.4741549418112542, -1.5366183682617063, -0.5702583547858929, -0.5555417519800497, -0.6425382599106721, -0.5750300139144047, -0.2708221324342657, -0.2820340348204855, -0.47960940603956637, -0.4274254680951898, -0.6610088720905136, -0.49702342542719335, -0.5607709886712112, -1.5489979643567666, -0.5177204826594445, -0.3048114314245968, -0.595219264131697, -0.5327964768966846, -0.5471881393957659, -0.5939547328308266, -0.5382056711522354, -0.41604456295477865, -0.6401555640006273, -0.4957770387551332, -0.5814898965448423, -1.5550908578171538, -0.500678818238402, -0.5487879583598255, -0.5289643113825134, -0.3189976495184384, -0.538045016183515, -0.1837446920022651, -0.5604537522655567, -0.5230058370091589, -0.47561687354101856, -0.6250249245627219, -0.5951691160926832, -1.5669014166676067, -0.5503322602150833, -0.3832441981141108, -0.47582167181021484, -0.578325714460701, -0.6021049393591639, -0.7253065948250718, -0.5494312477666743, -0.48051827255934665, -0.5528127480225052, -0.4681437566913374, -0.6514499235380441, -1.561191478473607, -0.6416550981678163, -0.1032352516598097, -0.5259689795017244, -0.5281504902357286, -0.5404175988984927, -0.3807462091990135, -0.5452844418293766, -0.5036695619590598, -0.5271537853555563, -0.4237908464799413, -0.5539627069291138, -1.537738000603692, -0.2877577269104805, -0.5426807835714225, -0.5306137413459772, -0.42440154372303035, -0.569386028389416, -0.6936363894995943, -0.6009121560782092, -0.519362581088993, -0.4946248695211944, -0.5429931284849415, -0.6178303398060723, -1.243032278121523, -1.230930311093226],