{"vi_exp": {"vi_seed": 16574, "coeffs": [-0.707086776452562, -0.7177826711659268, -12.043224882455684, -10.643320138511287, -10.778932289989406, -12.087007387591099, -11.380296448655852, -13.236536711771194, -10.920340650610685, -10.997146821592699, -11.69750264779625, -9.115434137921532, -10.529360457463842, -12.252979525402411, -11.073268209673568, -11.996150360690446, -8.599177483566496, -13.641041733649322, -12.715937936701952, -12.778303145987838, -11.729906773770091, -10.395562541357696, -6.341606157984992, -11.449206568166582, -12.518579235782115, -12.27086012196747, -11.242832588733553, -12.068039711502085, -9.39787552438027, -12.51990039037964, -12.696025195526003, -10.805161922696099, -8.798050363386828, -11.931575327470611, 0.6912178955461645, -11.574471769275311, -12.156864902112892, -13.431210576670649, -11.968697995802183, -13.025125710757319, -13.661289553913873, -11.637974348600212, -9.502635423357555, -8.828816471148565, -9.93730618400664, 0.6872271862532146, -7.508552408562989, -8.904945974735629, -12.023039442441675, -13.7945971657032, -13.365259894797923, -11.977466022626, -10.713207778242612, -12.683151999694903, -9.495137856224382, -9.507368392547674, -9.283985152695207, -8.174436610727934, 0.07328208927459721, -14.916571451423588, -11.857459248276097, -9.889644442900002, -10.090299991618199, -13.699865011055477, -9.763995517381789, -8.974421022919406, -10.161340704682791, -9.648376535902958, -10.076901426667003, -11.147928894389203, 0.05698426341068559, -10.22380039810678, -12.61348359721047, -12.346285467385043, -10.138330064363018, -11.067624229747333, -10.71278342282911, -9.633480464802552, -10.821365144712974, -11.332373326441925, -9.585413853601276, -10.701461611271098, -0.006292457980109973, -11.81018233410719, -11.093676016916339, -13.000701495418717, -11.845088236034238, -7.500153640456848, -10.804870901193437, -12.005683929125897, -10.735280655384193, -11.902451723139649, -11.75678055351437, -8.98850151482599, -0.022386976046328666, -11.832401614933948, -13.993714298954966, -10.929448663357771, -9.54898831803634, -11.116273048205915, -12.446470457176575, -12.088856543259144, -12.286857776510184, -8.615321975150426, -11.184848909026146, -8.774776362504852, 0.039252318754988455, -10.45662565807246, -9.470950247409181, -8.359079361259402, -10.108282667075025, -10.152821958072119, -12.035288590481326, -11.010985714013586, -8.932726653747654, -10.872469169842399, -11.821327221848861, -8.92474653099459, 0.0766138377238214, -10.038744452870487, -7.717578337543988, -9.793985276145623, -11.075355745913848, -11.283372348756316, -12.131304687131289, -11.132751033829559, -11.940239411452056, -9.951177186619649, -11.340468952094012, -13.537903585799912, 1.2205619059317427, -3.9826560181345854, -1.5241873431973145, -1.5807312765106507, -0.592949310179668, -0.6799575908109656, -0.5824537028752501, -0.3959675261165136, -0.5994525294120597, -0.5554989330984941, -0.5043091991195533, -0.5703369220670735, -0.5545869892913079, -0.5898645429059344, -0.20648877811189237, -0.5960562999248106, -0.5514419656082862, -0.5603942018883623, -0.46339464913058415, -0.5156828617055024, -0.5106311268533543, -0.5735299423654554, -0.632900451923674, -0.5776861005130037, -0.46542785012791277, -0.5572176929780905, -0.5392654786774991, -0.5698077639016083, -0.4323537788898621, -0.5427830363510788, -0.48610924064421834, -0.5537621643215904, -0.2912473183783905, -0.6680676607186693, -0.6216110503697458, -0.5799234690592062, -1.565115748700884, -0.4482838866432986, -0.5047592877689522, -0.6541432718704999, -0.6161249800809626, -0.44339982664546246, -0.4291150644670742, -0.5446610498428385, -0.3491272691918226, -0.42053239119607994, -0.5114393849144986, -1.5605889049924053, -0.5311156760390727, -0.5027263331113181, -0.6075011477734426, -0.5248610199174946, -0.46766934683424627, -0.5061515619443111, -0.5613474355309354, -0.6748565462100099, -0.380561985234376, -0.5056164839889982, -0.6100043649366911, -0.6307262975628654, -1.5595623909248215, -0.5382774846829443, -0.39157325572268176, -0.49990439441492773, -0.4232027885883592, -0.5686542412632721, -0.5158781315511408, -0.47731135103009953, -0.4389773528556406, -0.581071047943995, -0.4865713250280509, -0.34427802199366314, -1.5267751092406832, -0.37360825076981863, -0.586419218896678, -0.4296772749410575, -0.4735326364646242, -0.6083223461843232, -0.36540647717401753, -0.49447192989978, -0.6245491691706218, -0.4783907138184414, -0.5849823804975512, -0.6727348571577277, -1.5444872628976718, -0.6518540885163466, -0.6368398006077901, -0.4438419134361206, -0.4849159107466012, -0.36119894115195783, -0.42581686018283954, -0.43405625590841207, -0.6069472800501415, -0.5753611281513185, -0.432467142192476, -0.49204777942310624, -1.5519078624006948, -0.5463836955917911, -0.5439051623508724, -0.46459602194638777, -0.3653770823632704, -0.32624082202844684, -0.517386226792966, -0.3796295068375323, -0.5558519699219044, -0.3984235073534512, -0.4986423368643641, -0.450613870394473, -1.5343040272386173, -0.5968696209238118, -0.5497910537806634, -0.5564675526752288, -0.5004600827858221, -0.6139414893939816, -0.5720709036892129, -0.49274127768292914, -0.5222806971662061, -0.38645294533076985, -0.484293577523007, -0.5656631165213973, -1.5100741041494992, -0.47949556628620105, -0.48773346548248936, -0.43153891177494347, -0.5392973737771343, -0.5925736436139208, -0.4929142564093531, -0.4800824564231782, -0.47507336095493174, -0.40264232361773605, -0.5575049956954363, -0.5100540040006958, -1.5350112908131228, -0.507254062541688],