{"vi_exp": {"vi_seed": 46317, "coeffs": [-0.8651602363471673, -8.156946833796447, -12.803694304094316, -11.608262720685866, -10.630107564608357, -9.807130909701335, -12.310128508261503, -12.339675401629924, -11.106279465472992, -11.92657276648056, -11.309763228341794, -13.788470993239832, -10.927377270546192, -10.734661509358116, -13.038921040617735, -12.752134136253831, -12.152339585109196, -9.98244787352716, -10.030467353460498, -9.864558255607848, -12.67574781017417, -10.10096462284979, 0.9880135090308028, -13.20537109431829, -10.046846280730099, -11.841425727288804, -10.612916826671505, -12.827445363611238, -12.979667412235779, -10.346904327439896, -13.579108489162005, -11.571507969496706, -8.33602186208177, -7.718575819211327, 0.3609063324285637, -10.036009019212521, -14.233693583622504, -13.137450409761055, -12.360867207916058, -12.139720974307885, -11.543269417421564, -12.446373069418891, -10.858557453861723, -9.157406874261836, -8.339900535154253, -7.652414359328699, -0.02322100108481621, -10.624829494104988, -10.372673188233652, -12.141495846060042, -12.149173829863733, -11.178009341695914, -11.444460210054837, -13.217975368233276, -8.942660266761784, -13.581104865768793, -10.132412017022562, -11.506540774709196, -0.2232547046127816, -11.038185611763298, -12.36478962362886, -13.529988120230874, -11.673708930475591, -10.528338932706909, -12.094326872526198, -10.566877073745614, -7.375547917188253, -7.7710690946015, -11.81199381966487, -10.562625052820575, -0.38451114603575726, -12.292996647538484, -9.819454716904453, -13.436553613065495, -10.99440436937025, -12.584103802435594, -8.27841877802054, -8.84180104631783, -10.033074610101233, -11.686332183763462, -12.99073936723149, -9.711660040698623, -0.3858312522836164, -12.080225600586473, -11.689609863257441, -14.009776444227741, -11.909305062983194, -10.664990450410812, -10.276397436013932, -11.444065161652738, -11.91047615859685, -8.707020843849724, -11.729215926232435, -10.638668628767688, -0.3597795072631438, -11.470618190427281, -12.928899868529314, -10.82417293822293, -9.605910597800829, -11.644049414115246, -10.997137194400937, -12.10058820930193, -10.26572710238703, -14.196986372495358, -11.738311658281619, -12.434264958635305, -0.4161839318361248, -14.329756953023344, -14.220325813079315, -11.02755412148108, -8.381623862082945, -9.996458309476358, -10.556300862606905, -11.224992626689751, -10.191053335437774, -12.711501305194473, -9.258392507142196, -12.926706257887156, -0.29888061737606114, -12.992016311926454, -6.563935888190331, -10.461576061513183, -13.132254083272342, -13.660385354929716, -12.616279933205664, -12.044139306691449, -13.150242928124461, -9.07652249621273, -13.669515593411878, -10.931303312977242, -0.5962212250347674, 3.051648517863237, -1.5632922526926138, -0.5715637894514058, -0.5527267211606333, -0.5121405953288851, -0.5702455454655009, -0.5196242800469116, -0.3703370485710134, -0.4629233356195274, -0.41503042145612995, -0.6169186746667458, -0.5728524220522547, -0.557219449416516, -0.5756973557085766, -0.6513414705729534, -0.5695010430604234, -0.3666442302488009, -0.5357615307924322, -0.45305924031164496, -0.6332958786397497, -0.26995777881442495, -0.5260778390908804, -0.5149086352017688, -1.5548457621019651, -0.4664871490208315, -0.47746086236158, -0.5017144286806713, -0.5689618125485313, -0.4627807574723783, -0.4643302747300168, -0.34481405643158364, -0.4728241594305114, -0.49906049070826597, -0.4326206021731821, -0.5348407387910324, -1.5397412829031323, -0.5340193992237372, -0.6426724622510874, -0.5803972586382675, -0.33891857988044466, -0.5290375510651748, -0.44614280577886767, -0.4962717026447521, -0.4758272045336214, -0.5849986395099223, -0.4359560313866958, -0.5762780018946537, -1.541744056430543, -0.2845719449523709, -0.5387505315968855, -0.4835416148006027, -0.4173892141959442, -0.40176448586130326, -0.6094308216704061, -0.558541795665063, -0.4822776431023486, -0.4893741371018489, -0.6303729282546888, -0.4611921471371045, -1.5466661738471554, -0.4765181399301135, -0.38231631096588176, -0.6019130771289314, -0.533752985788346, -0.39627734747347243, -0.45711670572066526, -0.48328666549299326, -0.5348883150523741, -0.5050402470380714, -0.38786861371676673, -0.35129852699619574, -1.5501581538596696, -0.4144126307596461, -0.5070425525765474, -0.6370509412154031, -0.4868647625483382, -0.6043649717459011, -0.520886145014371, -0.604775624703791, -0.5823512498089448, -0.5541485319942874, -0.6502003235227536, -0.44240910508829867, -1.5661347360362665, -0.6208918618840636, -0.6475077183811496, -0.5328990968258007, -0.479266878105817, -0.43944216471100356, -0.46606447639388804, -0.4683523742467507, -0.45276218783462097, -0.48199958444779634, -0.5880339897175356, -0.5168121900420191, -1.5474976513905099, -0.4292372736726518, -0.6426321261329085, -0.5336636031052409, -0.493903522172392, -0.604830112572162, -0.4686088977856701, -0.46342633344239137, -0.47062102901117814, -0.47446415795187963, -0.4650803329576371, -0.5655233937158259, -1.4947338365351002, -0.5845859243364933, -0.5475008808742527, -0.49662176536383473, -0.45381753231202776, -0.5499071788936768, -0.5738661221591747, -0.6387285379581213, -0.5037407540727611, -0.5766400700086513, -0.5143159825412912, -0.5463302909301078, -1.5386028667138656, -0.41431906163679244, -0.5608291766871636, -0.5444776985755633, -0.4192102483605738, -0.42053218975950385, -0.6353448777893782, -0.4793434093009558, -0.6643148167498276, -0.5377916537293791, -0.5482128264011129, -0.5039401132323212, -1.2580756800312873, -1.2370454258789827],