{"vi_exp": {"vi_seed": 27388, "coeffs": [-0.3510846772788557, -0.32533492520785157, -10.498899312209627, -11.026786644344018, -8.507894562641756, -10.738472109639831, -12.520954479656464, -12.624537657982998, -9.74219207345213, -10.896031936574117, -10.843920788128054, -11.86789743979773, -9.771594924788076, -11.187908000282373, -11.314191854661612, -9.899125262367194, -10.34571656813848, -11.8840306310684, -8.768224294917754, -12.140966051962987, -11.110490896825397, -9.892044429062897, -6.883511905798884, -13.691981355078521, -12.836144473433437, -12.029752550982627, -11.881074717987609, -11.006036913674277, -11.694469097590012, -11.267905410125696, -13.04195742001173, -11.429085709884847, -10.524304672561737, -10.000309535789276, 0.9162695243384646, -11.22760683325673, -10.718996493481827, -13.52464692100919, -13.875726151360197, -12.614174724149922, -10.813389101356334, -11.973746995387009, -11.895482362006566, -8.408101183104488, -7.9687324502801955, 0.8892701303559388, -11.272299628285417, -11.836514103145117, -13.074621035754161, -12.854693458684174, -11.448797035629843, -13.79788710654918, -10.779848035771172, -10.87150766229103, -12.132053697687985, -9.144017351562864, -8.750437100191784, -11.107628054777997, 0.2763359269163929, -13.48178574891685, -11.319364647883157, -9.5018076979729, -10.33868395492517, -8.048845913899868, -11.63279932517342, -9.234362911263812, -9.35738376338661, -8.785397255640472, -10.475026955234073, -9.910329189042052, 0.1792086484872898, -11.612722910847747, -10.696088643294315, -11.781624791528705, -11.305669712059952, -11.824900173576909, -9.79228167926121, -9.696791109833937, -9.517401957833842, -8.017609859450765, -11.051650892710361, -10.255120344181773, 0.14509839916617479, -12.294926714825303, -12.871147495719548, -8.378007712905807, -12.828171286150779, -9.011603888047757, -9.822730611657551, -9.594990084214858, -10.22958670409772, -11.936836428629034, -12.500168871458905, -8.525211540795596, 0.14313737465062687, -10.565321777246904, -8.435010563247323, -11.172281816498023, -8.554976632501264, -9.148045389835168, -13.394046059689611, -10.489119923215627, -13.118047983011092, -12.293679219873894, -11.971371440511968, -10.751016389679107, 0.8898385318085799, -8.590220017120854, -12.23726951786917, -10.201112145296609, -11.164339003757695, -13.928373607267286, -11.002253689451196, -10.536249617233352, -11.30184488983407, -10.918057545142288, -10.599836399567524, 0.876881548795817, -10.421022773058297, -9.716018304023233, -8.66924432970437, -10.11959243414919, -13.357263283506175, -10.073205833168457, -8.67855183189678, -13.76484710109101, -11.631643926141201, -9.652414683162283, -9.153079976109556, -10.992121814343747, 0.482894105260827, 2.1356827005038457, -1.5540278788474864, -1.5407434396781794, -0.41744331193526807, -0.5881310865139069, -0.39296791922484164, -0.6310805856371383, -0.5933854918687667, -0.5102809456872067, -0.38310131165656314, -0.4808865129926472, -0.6072095223858233, -0.5242352883690415, -0.45927759438630683, -0.5523746925899027, -0.6463717781194753, -0.6116849674937459, -0.5061011180594074, -0.5658664022270483, -0.5731330519868849, -0.6260246296685885, -0.5303424658859336, -0.5526186412679394, -0.581780879084295, -0.5503000066172761, -0.5715122416493768, -0.49232468523684964, -0.1825923440143862, -0.4721689246918648, -0.2085666311254493, -0.6483384533678332, -0.5779856210708789, -0.5374252801154518, -0.4316898358639296, -0.5772773302109239, -1.5712841158454254, -0.6066954439359377, -0.525709925240277, -0.6574732888264806, -0.6785895167010211, -0.5937174704978643, -0.49928256341140603, -0.6162136680344379, -0.5987367810403272, -0.39906664602067554, -0.5165881390292332, -1.539409331610993, -0.6446481750138088, -0.6270322351544508, -0.5619687477770163, -0.2897404035008366, -0.6230887140115252, -0.5359886832398624, -0.532035274765609, -0.5368015967488542, -0.5129996333335018, -0.42090969723352023, -0.4233348303424135, -0.5259502739405716, -1.549203890221324, -0.6630939150606772, -0.45654622550944096, -0.5388636114955128, -0.5551171526046655, -0.5509999025895532, -0.49803417451139914, -0.3788701492275665, -0.5729474952312787, -0.6034824939444771, -0.5531795973764178, -0.4979679573583864, -1.5809639918851592, -0.542958984686704, -0.611466864550612, -0.5490914910746586, -0.5063945264324715, -0.5046028380082083, -0.531505654734925, -0.2850764124141722, -0.4128260328293444, -0.4205120238575973, -0.5319232509093236, -0.47640385655317335, -1.546704721078044, -0.4449526274996101, -0.4966201289090216, -0.48895011532261223, -0.480961791673723, -0.4954476754757559, -0.5321874527939447, -0.4572075437871804, -0.4806540331197276, -0.6155219864795137, -0.5044197878247414, -0.6187369984455288, -1.5246874015759428, -0.6074058160694498, -0.3881201235877267, -0.5370522986738927, -0.540855174207399, -0.473514226869992, -0.5074827297068998, -0.3836557594255029, -0.6045031626436834, -0.6470339724966214, -0.6085832157491681, -0.2686819468751224, -1.5343078911884704, -0.6188250466089903, -0.5533105423821826, -0.5412177763385265, -0.5432233884466809, -0.6230541917304979, -0.41935970319801946, -0.548579615633295, -0.4349022144761347, -0.33785711850498595, -0.554154032581083, -1.5399825382455126, -0.577587740080507, -0.6391512099993746, -0.46917852854790143, -0.38303017209200896, -0.3541266245833054, -0.5406730981963844, -0.46700948540206816, -0.6777591695168687, -0.6305277317973272, -0.5609264075201565, -0.47125174478535653, -0.4773512891279367, -1.2716722163170047, -1.0425013420958587],