{"vi_exp": {"vi_seed": 9110, "coeffs": [-0.37929752246329224, -0.3558473681518281, -9.968175330428833, -12.637361350500628, -10.67678236617497, -12.222836915627209, -11.514468878703182, -14.055513880928864, -9.743528971638149, -11.159960764310114, -12.986551445736547, -12.024459329943946, -11.9719702319401, -11.175154271648957, -13.082539494251186, -11.962306101062063, -12.736070927547726, -12.466151902607777, -12.43496894749416, -10.708838716838892, -11.235534208261997, -9.122678562028396, -8.216872472161903, -9.996057911193624, -11.238987562829038, -10.747253208773143, -8.636324714775366, -13.223065062516, -9.445512641211204, -11.419105008215892, -11.22478941044262, -11.313811333577185, -10.16722774471754, -11.585494182705412, 0.8494784073370168, -10.355273478912276, -13.545629894359301, -11.433794213540784, -10.715141093683703, -11.83991433870731, -8.026313509548169, -10.814949989502276, -12.903915600670565, -10.149788309458318, -8.044817795184242, -7.2870002851541535, 0.510760671426794, -10.98855406050781, -13.068726158166692, -9.392156442812539, -12.38865063570166, -13.05069219162695, -9.359383215799728, -10.039654834332833, -9.037897875461043, -10.089058597012611, -8.345927911392064, -7.103096357051784, 0.27497116390658644, -10.00564694093976, -10.986126228794372, -9.060832865205285, -11.062431367011873, -9.886253302748472, -10.722734316426584, -6.950824111413513, -9.663146330651967, -10.587878912475398, -10.494415419813011, -11.01089765702186, 0.3526753236980845, -10.391655355050032, -11.748464423426407, -13.011491089853642, -9.629142515029526, -10.095865538471827, -10.48944963595053, -11.025461833585423, -10.361271542974121, -9.722004545200686, -9.857369422744899, -12.245147562837456, 0.5651170440606424, -11.839938694805653, -13.151078364150177, -13.688243930023006, -10.529403275001993, -9.523954017947018, -10.767826359518702, -12.337429513856119, -14.148948501246865, -11.71914296908677, -9.255635685207078, -10.905671222753076, 0.6001329624367308, -10.677305933698591, -10.273684848788939, -9.734862008323558, -10.33902140121118, -11.361780120787202, -11.811537840095303, -12.360575440997081, -10.755786802357779, -10.173678156337672, -9.255930017284562, 0.6048359119712204, -7.902921575037535, -12.692026115673675, -10.73958953312136, -9.064326442263738, -9.427241618231028, -11.451101972598403, -12.415712273787912, -12.099657534397757, -10.26885655985333, -11.961041797397053, -11.583650836590127, -11.03142169271891, 0.7682830074801397, -10.682365330449567, -8.872520350923892, -9.595918983796082, -9.532976479420636, -9.004719877951779, -12.515948691315796, -11.366430563347688, -12.099783851680012, -12.066365533536846, -8.696199722960964, -8.313117179395803, 1.1820909043762016, -8.086152004461072, -1.562065267580116, -1.5677561532946096, -0.4727630170500237, -0.4818008941981771, -0.3729803660845871, -0.39840166219382406, -0.5340167479158088, -0.6496861747283259, -0.5307484561987159, -0.5671391673991695, -0.5983896691295724, -0.4266871802344219, -0.5560432189196997, -0.5785258724453625, -0.6236334439568418, -0.6117744586781825, -0.5787862903319061, -0.3101383997687746, -0.519385567186239, -0.5949311125577675, -0.44821695707788545, -0.6000714622134836, -0.43747900988802585, -0.4022602954870057, -0.3899791674453536, -0.499691843928622, -0.4836567771957492, -0.45232393844325475, -0.4193725274358945, -0.4863927505978513, -0.4015876906576351, -0.47540899776973616, -0.6491892679061418, -0.4859077149649976, -1.5543383445786019, -0.6108486614872768, -0.5402814559493324, -0.5818260079378171, -0.4187318475240408, -0.513257218624481, -0.37465411234053153, -0.5131429778349379, -0.5188196827544763, -0.5891049572063, -0.504707458528448, -0.7224197957013266, -1.559278309750289, -0.564150679305467, -0.5215322647040888, -0.5585190062608494, -0.4726403920215841, -0.43420170231178823, -0.519466217434637, -0.3769268097787167, -0.6440375929772417, -0.4642149200647024, -0.4566944687745696, -0.4796729339882865, -1.5481751440080382, -0.6069192351921817, -0.5023582387966409, -0.4936287980726319, -0.5048447346316907, -0.2924315884113431, -0.6111223135813553, -0.24577246218874832, -0.3859022277865733, -0.5239056163009563, -0.38318238183455294, -0.5141633552687519, -1.5479676260615227, -0.4953474088763763, -0.5547933957515476, -0.5959225463184059, -0.39872409852098933, -0.659647444632028, -0.5951464457633799, -0.4631674519982116, -0.6112747614738934, -0.6631472528954601, -0.5796813647355966, -0.5432785990293758, -1.5701797086942877, -0.5742990737964067, -0.5916926424843016, -0.34558394618151006, -0.4400298383487651, -0.4322784648709181, -0.5703915462518347, -0.5076992025406911, -0.5265149642642853, -0.6022456386654605, -0.5482169116234685, -0.45418446674668395, -1.5393506428830852, -0.5103908666355526, -0.4571499898009066, -0.40046709918509493, -0.530103498650051, -0.32585919289291604, -0.5800723826046573, -0.47571435085366853, -0.4593109379629057, -0.4127875635822505, -0.5921397321003439, -1.5437415938389925, -0.5839420667812678, -0.5411241971547622, -0.4849039932530594, -0.5306639429009139, -0.5182272101300422, -0.4045967170295903, -0.5658463772519702, -0.5405851598479227, -0.49465897377677526, -0.34852485163247343, -0.5359048908579044, -0.557538080544982, -1.5853445341031125, -0.5840994766653406, -0.4265545467827516, -0.4468726012355193, -0.42836922693126717, -0.4139937097349776, -0.5266662334023071, -0.5132934177949974, -0.5539799990229914, -0.5661158314977812, -0.5240363670860194, -0.48111087804379643, -1.5505520933405814, -0.6424939778362118],