{"vi_exp": {"vi_seed": 11933, "coeffs": [-0.41925196480500887, -9.303662046238669, -11.992974560539958, -10.906848443004876, -10.997299835110843, -11.159290129635378, -11.288561033048536, -11.159257848381856, -11.981673980210246, -11.703898932962398, -10.33789929427155, -12.615359730214275, -8.514268848929635, -13.280124943651277, -13.479458574634815, -10.52181433077279, -11.666060419125682, -12.315836211156144, -11.929806186175696, -10.889663911311988, -11.243279470218981, -8.748500312868583, 1.358502025150263, -12.604523908144895, -10.257456566629076, -12.67929993989378, -13.709620850061073, -9.766681221420129, -13.401740833966798, -11.938938875720776, -11.90275942525009, -8.828847618527579, -7.931044959763218, -6.934958017163526, 0.7842115905542661, -12.778106273774192, -12.620672771473323, -12.026804624530056, -11.46894873614234, -12.646465810045939, -12.862384359736762, -11.402566896548095, -9.276661572203537, -7.427665443585791, -10.311209994607127, -9.064453588575013, 0.4829280621408965, -12.344112604186106, -13.196852096773426, -12.372265159309837, -8.917408357604657, -10.410352999527662, -10.542498528549899, -10.334106436883644, -7.174730544378639, -10.410714389706943, -11.472452441839947, -8.313438617358871, 0.27374517470085935, -11.813887631936119, -11.745201578193813, -10.503720990000929, -8.991696075485729, -9.633744347022674, -10.342522118342888, -9.82935471757744, -10.830034134628312, -11.097116334853943, -11.185929735473586, -9.750394451187608, 0.28737654110222594, -9.853928932806687, -12.124525938651601, -11.971270086709234, -11.93965869872209, -9.788035304804335, -10.214519208657954, -10.488670048934754, -8.87711084501044, -9.497513194877795, -10.57757006189373, -10.600965237849952, 0.3872548180956356, -9.320588255350994, -11.208579590885872, -11.43837679155031, -10.815564987716563, -11.045161952411386, -10.672322854257894, -11.166822071370504, -10.419261675115818, -11.43855598688943, -9.008740137378512, -12.205438964766364, 0.5094932749106211, -11.693450484027085, -10.862328662765616, -11.693442793641783, -6.563940237145808, -10.943412588605739, -11.338486959990648, -11.762297877588642, -8.621050488358122, -12.702116057717223, -11.285996844080762, -10.737185071212087, 0.7575579124141835, -12.578708304457244, -10.227090397688224, -8.864394220873846, -12.095775531689434, -12.078866300512134, -12.956042893853446, -10.181241093046562, -9.448454329148865, -8.455577166170729, -11.499131028997068, -8.9298567411836, 0.8514627251118176, -10.615437786327833, -10.992060901184102, -12.701553209563373, -11.514719338291492, -11.556994380981036, -11.694177564921882, -13.623517640421635, -11.690311560485732, -10.825292314349758, -11.984523842298008, -6.413767986428452, 0.913845122569788, 1.7574281199648505, -1.5592492052508353, -0.47323733360423736, -0.40532586453317215, -0.49653540041875344, -0.4815371310335365, -0.4805137716505582, -0.4481039900343896, -0.4425696938141352, -0.48001448124991547, -0.5400019227336946, -0.4612924753748867, -0.5800800371232782, -0.3208175795613911, -0.45542643129789934, -0.5411988473780367, -0.49829138007578955, -0.4537260233428832, -0.5142204978903023, -0.41335952417798894, -0.5077886303786442, -0.48699621114524305, -0.4184111948453273, -1.518752761344231, -0.616043239951378, -0.6006337333980082, -0.516855906955362, -0.5571263489191008, -0.44520517855087205, -0.44858823220687555, -0.42135377103716376, -0.38893255485121525, -0.41056441409139427, -0.34763916974131426, -0.4068539212087813, -1.549589504777489, -0.5212276869456749, -0.49146984804339305, -0.45370726724803795, -0.5778618901931533, -0.6130536475093685, -0.6665175880316697, -0.4937381625859493, -0.3883172893968072, -0.45326639939340224, -0.5001058925957482, -0.5390685381599783, -1.5810707797815562, -0.306192120394947, -0.36149126932069026, -0.4702879223816162, -0.48971775098658366, -0.425454622882961, -0.38792008942427236, -0.5624449474816302, -0.4497913450892238, -0.2218087872960888, -0.5120752608370355, -0.533773577382421, -1.5494948318711705, -0.5470179977852291, -0.4673564353223464, -0.5122471854632837, -0.629721156181282, -0.4446227752427225, -0.48127225477346053, -0.5932742023316812, -0.5998189993605612, -0.6047279970740937, -0.5677318831626043, -0.6492568376441501, -1.5512900923043202, -0.5334402934092538, -0.4892351531533023, -0.4465696195928234, -0.1838952768145452, -0.46336034443830143, -0.47014883507276045, -0.5050815483833065, -0.5622803212402663, -0.4390266088731434, -0.4732855300285885, -0.35923116991786735, -1.5672450360129937, -0.6501228685271255, -0.6889646181486426, -0.5914702312752814, -0.5575169374396863, -0.501708379577619, -0.5959812214651716, -0.6416225307430229, -0.4799050105193324, -0.522477796576123, -0.4105070826147823, -0.5625544470941908, -1.5354217723989747, -0.5595089922487415, -0.4840705764501664, -0.4726510149398273, -0.3039161023346285, -0.5529322026757731, -0.5195405919740664, -0.4734464870184824, -0.5289984961345463, -0.6467581349878198, -0.5123636050210905, -0.4414236400584421, -1.5301159716068253, -0.4363735600825786, -0.6305232046584959, -0.5308417927492919, -0.48682409331319093, -0.6009517636090095, -0.36601344926406776, -0.4746526692836729, -0.40372495039866535, -0.48233099319753575, -0.5073922797259933, -0.506096272395716, -1.532887703229061, -0.37958266402726426, -0.5302265987469069, -0.4693722317141805, -0.5862326240254344, -0.5435640052604438, -0.6630745297642632, -0.6613782018625378, -0.4304308682073397, -0.55547840167795, -0.48610777410656325, -0.5840940171678591, -1.311682354945514, -0.8429226263375886],