{"vi_exp": {"vi_seed": 24570, "coeffs": [-0.04276225355859959, -0.07066494875255148, -9.398692321302125, -11.06342189731889, -9.70577044393442, -12.706878927870045, -13.057158077100683, -10.883121111483645, -11.857611548583934, -11.90342291825515, -10.798826976985271, -9.51420008781575, -9.108876197555318, -12.266628520211075, -8.275022578991209, -10.72168817150613, -13.459691913950634, -12.06008184903567, -10.433126506299935, -11.712911750468832, -10.530340321389884, -8.969930115993854, -7.252103431133233, -10.671444037563525, -10.50194773372757, -12.55152529479028, -9.628858887123972, -13.794500949022593, -9.901912890120027, -10.259864935551832, -10.500035548100877, -10.12414730964919, -12.119070936726876, -8.396266746865809, 1.0595628480174157, -12.010675471059718, -12.883062203127803, -11.828808267578603, -12.358941690625521, -13.468848191707385, -12.890235645670097, -10.603679755408448, -8.32387011615026, -12.389717556781925, -10.220039178073055, -6.964176555027345, 0.7300212443556366, -13.498510571698855, -11.361639785723497, -9.985584660930916, -12.28733751623315, -7.7529038609930305, -10.348362231560625, -10.864220871372863, -11.849460647226728, -10.257929784399908, -10.188019794494725, -9.606788845478803, 0.5055414417312265, -10.708398458794042, -10.712734948651907, -12.79997698136229, -12.814677797854035, -12.7338663314196, -12.127845798191617, -10.348761225947746, -11.900793684028041, -9.387083912357248, -10.13949686795427, -8.729750372205634, 0.5515948647251241, -11.69527210037916, -10.408822133738669, -12.040630466052514, -11.45836607530249, -12.112957731690926, -10.763740426578597, -10.104921874964477, -10.193785026979494, -10.890842182064874, -11.605863895404887, -11.192555971557134, 0.7695751864474014, -13.410259241245123, -11.296167382009497, -12.834352749429627, -11.888609386110744, -11.184479877454391, -10.396008058732669, -9.649703615165338, -10.26960520786382, -11.255602722182731, -9.284993243189213, -11.242697524732119, 0.8157287299857846, -9.92335535239928, -10.41046843309715, -9.498258706696046, -10.217591060101121, -10.348584473073576, -12.461553366384491, -12.249593473058557, -11.223198297208965, -10.518808007099057, -8.37366390095545, 0.7578639131410767, -6.066602429018672, -12.71712956551565, -12.42524973787445, -12.48490431525822, -10.188632121413844, -10.175613219613878, -12.03178821472541, -10.431825078446714, -9.213639128211572, -11.487071110944877, -8.43921844630118, -10.721453001545294, 0.9481967962555863, -11.82417470975091, -11.06099317796132, -9.949911336169535, -10.530385438992827, -11.949117603462243, -11.918752272536508, -11.733662998789827, -12.813525939841115, -9.680771708757053, -13.292277835681464, -9.477143074601083, 1.3609921529399835, -6.329591032487366, -1.564788107528839, -1.559039209368333, -0.5645899910157004, -0.6066524665571755, -0.6508306630200762, -0.6191856850514191, -0.45611003852342696, -0.5080800321793787, -0.4641728900432485, -0.6399883435075833, -0.3613119975601, -0.6199609360358166, -0.47605789885174216, -0.5510302208809873, -0.45388452659000206, -0.453751867979355, -0.5198205281881525, -0.5418519500091595, -0.5803905692281077, -0.5082436208170145, -0.42167381881005106, -0.4664407352617832, -0.5853936366474216, -0.4801917925125629, -0.4293901959464246, -0.6509376240902496, -0.39844530389832794, -0.5935656078733178, -0.5915522648063203, -0.49369210102989325, -0.4236160175832144, -0.5122554473214695, -0.5242887068599634, -0.531535242128217, -1.5492835215118819, -0.6186673653528874, -0.4798516105729405, -0.5174756204308816, -0.6165360268949591, -0.612058905029966, -0.47247494367763154, -0.5298965476895492, -0.4511875044966715, -0.582023967357173, -0.4995791377962036, -0.6182911955998159, -1.5353588313603947, -0.5107611944041252, -0.525571302065678, -0.32477234254701964, -0.471124321017734, -0.5650329700590241, -0.41163940368783314, -0.4115243864946986, -0.6411827399630526, -0.5425809093176153, -0.4812662473035137, -0.4003681738068542, -1.5488724192888956, -0.5152753601614211, -0.49396233138177986, -0.5367554554681709, -0.36239241001965555, -0.5524515972672521, -0.527343370778637, -0.35534461182160676, -0.4518714006624244, -0.430682451904363, -0.6214393760192068, -0.48755881529935086, -1.5420221031641208, -0.47341456253741426, -0.2427121113650378, -0.5396068255802512, -0.4641677193427971, -0.5832996623148906, -0.5664686816947448, -0.5010013461698525, -0.534174677947106, -0.5075799782287171, -0.45632043329463584, -0.3337983820647889, -1.5579483795739004, -0.5454178882240105, -0.45399787502398636, -0.6279557646573197, -0.4765011880535857, -0.620825180427693, -0.35825940333509465, -0.5508415389390714, -0.516472339362119, -0.42714061018545063, -0.510831058221677, -0.5789501595478848, -1.5185724440561148, -0.48666047854084626, -0.6934231571027348, -0.4659984809345086, -0.6071814977683546, -0.6522277321598307, -0.5864231193153068, -0.6309981666434402, -0.5946611065599632, -0.43815965768555615, -0.5376324246160702, -1.572378443837418, -0.4592513515661192, -0.44725388007837524, -0.48829198848012906, -0.5903855410194196, -0.5690875327558054, -0.634168655272204, -0.5083154844109541, -0.5565305853616686, -0.3793360613777721, -0.4287262053662864, -0.585912867727798, -0.6052498298331033, -1.5551932514959135, -0.4800179633506551, -0.5021700711789141, -0.43887748782000247, -0.40728813449479134, -0.44345420893050674, -0.3515638058471225, -0.467559517587032, -0.532112468094551, -0.49966074891867135, -0.5713664718409961, -0.4702839156222644, -1.5512991587769165, -0.5453008826873803],