{"vi_exp": {"vi_seed": 6266, "coeffs": [-0.2722473476988914, -0.2700134218893213, -0.27686814441853297, -12.786328178272418, -11.370344970839941, -10.724226268968154, -11.826649260497442, -13.383996108693834, -11.61029531854826, -10.096167797632173, -12.279929561297724, -9.715727937278057, -10.396146165532384, -13.367591984699558, -10.638592885596584, -9.820727993464189, -10.474405279290862, -7.934659652719363, -12.632151545457038, -13.50933885142624, -10.91342180697724, -10.129867403947118, -10.368381279120628, -11.009026670047628, -10.999368442575372, -13.33459287181844, -11.43452655696947, -11.048757564591591, -10.875445587376525, -12.495587799858335, -11.056703695282156, -10.40453594001463, -9.546713870643266, -8.100086196285584, -7.270493650659284, -10.459355545562822, -12.371605816583232, -12.990607505277866, -9.650992981126494, -10.413010876572294, -11.013998197631315, -13.261538288075368, -12.379584422500795, -9.800824455189439, -8.857346920406993, 0.9921887214533366, -8.367808197427324, -10.894052241700344, -12.931759314365737, -10.603653688263137, -12.304003639352391, -12.392909371996847, -11.189306086476419, -12.232885118770069, -6.368816287937202, -11.654067235753104, -9.611455210761088, -7.948684179033056, 0.4046932560294696, -12.108927910315133, -10.018748670694658, -10.934171461974644, -12.360586043058028, -10.873729258189547, -10.893832286838592, -9.314090699791825, -9.538176288768543, -11.613160412220912, -11.572815977780225, -8.923253849629264, 0.3280487866174683, -10.248366036431374, -11.209218242259812, -13.3344412063281, -11.708797043560903, -11.765888644438341, -11.463651682373271, -9.788641904568355, -10.10016275518156, -12.212018802726929, -10.429955944971876, -11.523398940059138, 0.3526025334409571, -9.723537788308777, -9.056988604441118, -12.524070293877054, -10.03233007756522, -8.982821817302678, -8.244705642723236, -10.684086352096747, -12.831861505932157, -10.172908193880541, -10.412548618863124, -9.596622919215035, 0.43203972120960704, -11.269378284013925, -11.6286624898514, -11.125029104380387, -9.56305473849088, -12.353125852269633, -10.75256983218727, -9.534401851045798, -10.289667855143312, -11.63643908059347, -9.98789370875519, -9.518484148898244, 0.5318515080517419, -9.250566004438557, -10.613929905132773, -8.182316318211889, -10.65532600472924, -12.20486326199487, -10.516924087057081, -10.650673941982992, -11.856730662004702, -11.348975986204106, -10.928239252214274, 0.5650126746471099, -6.2011587908925545, -11.329236761040217, -11.327244348667964, -10.208093881712726, -12.991770370445819, -10.666545321551473, -11.917950750132796, -12.226969264612915, -11.661115443315257, -10.746849183917702, -8.896938243167709, -12.374962061568125, 0.22474242670100605, 2.294821148116177, -1.5482531904335322, -1.5302260693930028, -1.5339124728470797, -0.5489000533291747, -0.4416939901879578, -0.5697846920347986, -0.6021295874705844, -0.5004609591605647, -0.6496459756392017, -0.37499606443825806, -0.607289604732576, -0.4652502712011552, -0.612340914156201, -0.5538796530502281, -0.38257943258436283, -0.5614563698340207, -0.37975205889124436, -0.5248267026071675, -0.6444758036008643, -0.5588997900738985, -0.5168723574333416, -0.45548951755637274, -0.6056850317940456, -0.46636173808481474, -0.6178831685161851, -0.5797850760151502, -0.5124373446185716, -0.6524151093356236, -0.6684408281887316, -0.4321543572052368, -0.479271974070166, -0.570531964586599, -0.43266169878873606, -0.5313959478761286, -0.4594214937428984, -0.49512111905409195, -0.5888176561499573, -0.5754363520653782, -0.6387764266706198, -0.6452162509524386, -0.20884591789908583, -0.5240107399267019, -0.5280571808129829, -0.5737109578389895, -0.3872780874753625, -1.5672547806422772, -0.41386158307954213, -0.5008655153354487, -0.5830122839096699, -0.48583772757919164, -0.4583171790176843, -0.4702189013393954, -0.5342791930838412, -0.4438686112825932, -0.5372728981336127, -0.5645073070793486, -0.6018113516183102, -0.4922922342467206, -1.5248653119244582, -0.49517830430857807, -0.24488455943948587, -0.41467765717349214, -0.6760088946800902, -0.42613591694798725, -0.4897357116812019, -0.4900941023387889, -0.4944279819002537, -0.5398954075105001, -0.567510773918441, -0.6184901099157286, -1.5468271539331824, -0.39571710095721346, -0.5227434716409752, -0.5559576253336639, -0.6206371303126293, -0.6116680833447621, -0.49287511511748733, -0.7388977384302544, -0.7087989764133276, -0.6002852727065194, -0.3977444323508382, -0.4466255255505566, -1.566876230557879, -0.5189444820990433, -0.5107385436991382, -0.3598197953148109, -0.49427011661009607, -0.4454357190126345, -0.46516057584732484, -0.6001844132993753, -0.5475403568834735, -0.5165747327004889, -0.5498567473030955, -0.43512735316270307, -1.5435779424525407, -0.5886153014456332, -0.5603590422206763, -0.5684666201809467, -0.4998426079129542, -0.4923870149888905, -0.5006979646022129, -0.44339040421331494, -0.3744541970497933, -0.36373397536450375, -0.5309865738233, -0.4559535009325632, -1.5815718935021734, -0.6528027943865304, -0.5550868075325142, -0.4071024331148776, -0.5864705334090029, -0.5507251205478545, -0.6315793060293605, -0.36761801523384424, -0.536855433998556, -0.3964118321947861, -0.5656458938546322, -1.5196141911133392, -0.42961599200516326, -0.6082262390343726, -0.48573869008049453, -0.5457792190409977, -0.5609797152995978, -0.6237326902675823, -0.5287181313052762, -0.4752146112278859, -0.4645394265670596, -0.4680514217483405, -0.5512391285519287, -0.3848522859649073, -1.290207591412653, -1.096447950627651],