{"vi_exp": {"vi_seed": 54777, "coeffs": [-1.0429386077069531, -9.29626973071347, -11.152472342845556, -12.811400242912987, -11.26770116314534, -11.699873950416011, -11.713978584623169, -12.50849929384635, -14.47957202698837, -11.346261036771875, -11.706477344149944, -11.06106977702975, -13.09056040611751, -9.485183316337821, -11.445167997626342, -11.003808092316856, -12.451241848707339, -11.507146005533553, -9.83729740093706, -10.3398471542333, -11.125095769782797, -12.657031903771928, 0.8321381696752991, -9.827954893020621, -11.96929998777789, -11.01606310200513, -15.56773451761799, -12.85456655444839, -12.62836365716526, -11.415900045716116, -12.842784569223815, -10.954812253767011, -10.495839014084313, -9.33860149062723, 0.18046930640531925, -12.273200271664425, -12.469879585580015, -11.540472022562072, -10.62912860891741, -11.759718549854123, -12.283475697576176, -12.936337688190305, -11.101649585591833, -7.420806726715344, -12.153015968073943, -11.449891554205049, -0.056348977069970316, -12.718450716213992, -9.624975184479437, -10.565343586537805, -11.527060409242846, -11.800350557580664, -13.765220725899146, -10.699259239906185, -9.897145229276935, -10.754849514834891, -11.769412715076712, -8.236881185289532, -0.29640610742549894, -13.016809756710767, -14.610338488312141, -15.299010898529694, -13.54837870656284, -10.308457882210801, -11.777828924091292, -10.559727675220433, -9.851235378784224, -9.20972049427601, -11.143504354890291, -10.907127670654777, -0.36839947873035955, -12.02969802402833, -12.53807325548674, -12.381435604082911, -11.908655915918871, -12.440385789488612, -11.086497859783266, -9.341993752859956, -12.711666710277388, -10.216243808991823, -11.168861308492161, -10.062073384996301, -0.26281976225480236, -10.035399110937313, -11.241903788028447, -10.783362053933265, -11.333492815634568, -11.254774133270178, -11.64518531285551, -10.80867687945739, -10.859240100201323, -11.679052635947698, -12.609647234049524, -11.630511288806938, -0.19773786790792827, -10.58475531710042, -10.933138269769678, -10.280178423808144, -8.925386922757319, -10.760778901642611, -12.249715922533317, -13.243186013787717, -10.36848621306558, -10.958443194888218, -11.7568641556909, -10.117888034655348, -0.23549043356719981, -9.215207835372379, -9.36873503883296, -12.751474427474477, -11.348453140391996, -13.096612078756422, -10.387477443899826, -11.35868796939814, -12.205879258665584, -11.250506736082297, -14.09081042420723, -10.166411418207216, -0.20478420488519172, -11.260499094399126, -10.415434045015001, -10.977864373980388, -12.4626473578772, -12.24574298550553, -11.222219226251415, -11.75666340218205, -12.902346224759535, -10.057749913065425, -12.126965310145883, -10.342630131302409, -0.4370032594482605, 2.0469129774694093, -1.5137618990839683, -0.33889803166902843, -0.4558062849091428, -0.4673242150549957, -0.5604585506204751, -0.5169643245089796, -0.6370049973482007, -0.5871867209289354, -0.5514591657641704, -0.5325330523918208, -0.48077638031039804, -0.36002751958741236, -0.40235013186851365, -0.5012001236690251, -0.5988465337924928, -0.5649599289372446, -0.5337452784475929, -0.41852045401140303, -0.4798735171750125, -0.4651318330387224, -0.47512998101431175, -0.6288693464546142, -1.5378043804402717, -0.5310024602281508, -0.5582615570828259, -0.44513221242699047, -0.5142770249773153, -0.2942189403551204, -0.4160663766561732, -0.5372686769571375, -0.42589419080222696, -0.5429442827363335, -0.4132750807238204, -0.4136563233273975, -1.5551813457286041, -0.6715423826133656, -0.3997306473745867, -0.39753830079652475, -0.5554121810491975, -0.3303491236673842, -0.45781127135062505, -0.3747081440553337, -0.2580853248806095, -0.37227398097832237, -0.6136455439581299, -0.6218576548537447, -1.5147649254280997, -0.4395784181960975, -0.42643378608369625, -0.3318328703680518, -0.4483148180948963, -0.42020702018588135, -0.6697414527038509, -0.4582145830565462, -0.3925764151652555, -0.4851893324732429, -0.5586304878000016, -0.533200357760924, -1.5645758888839967, -0.4856548103800132, -0.5499916134596976, -0.32702395779629617, -0.5745969642516616, -0.5976505595625476, -0.523817423272196, -0.5281831766257016, -0.6064882120282963, -0.5140049318204842, -0.6227583294177095, -0.6379170870995221, -1.565416486961273, -0.5413483874829665, -0.4983339615374735, -0.5380316321250884, -0.46435333643649335, -0.5013617921143297, -0.4244529429579861, -0.36120185876343314, -0.5509864626989295, -0.42457392072623995, -0.42744814469645975, -0.28599019596578035, -1.527561242467294, -0.48147921245865866, -0.4267808345203793, -0.5219421360141713, -0.4488867467544478, -0.5003423005965184, -0.5301606378067283, -0.543093290462252, -0.5482436787151002, -0.4735818139286172, -0.4753283229281338, -0.478122136408513, -1.5240109363620276, -0.4559256459762718, -0.4737984865479345, -0.5390167834964491, -0.5443128624249836, -0.49042214630906633, -0.5057353696287513, -0.6564774923029819, -0.4683119628315823, -0.5258374642982071, -0.41234334209278045, -0.3844637374232673, -1.558788733724902, -0.4139879372068234, -0.5907325880929953, -0.5416912439083336, -0.5487977798969634, -0.6087163489541585, -0.564134049782533, -0.43072199849276244, -0.44825544583859445, -0.520093368481549, -0.5553988025251938, -0.34235800174727826, -1.514569405530528, -0.49507260613392023, -0.45999636251424786, -0.6266477676879517, -0.5389368001799826, -0.6349034865834067, -0.45988848762607115, -0.3465832611936873, -0.5358216853463915, -0.4634938707521097, -0.5105341141837395, -0.4727679270957407, -1.2686257254725393, -1.1322768785882782],