{"vi_exp": {"vi_seed": 22660, "coeffs": [-0.5822614081639776, -0.5861311507233364, -9.988104653663473, -10.066225345363767, -10.121092296321459, -10.163254881089733, -10.184952630575747, -10.222022983429827, -12.492037352468842, -11.524064296827282, -10.22705522709485, -12.331235307132731, -11.860529371572518, -13.422871746088331, -11.854970962452379, -12.26409473599975, -10.28893909584397, -10.461905979492606, -11.297616443960809, -11.642746873380485, -10.674895274586145, -11.322747848476983, -6.378142061396967, -10.183293545045899, -13.446852450814372, -13.927812996561395, -12.606265679710837, -8.339283442413087, -11.558994564859054, -10.523285298524291, -11.766687795293567, -13.179079402267757, -9.82974684554226, -9.41512264215094, 0.5599318114437989, -10.839316935657731, -10.660558240769625, -11.874156569182746, -12.755157587444952, -10.146939520852513, -14.849240941901725, -10.56678346489143, -11.94780738719304, -10.804373939422375, -8.148760715529406, -7.6975921689642295, 0.2078401063586761, -10.58560148648711, -12.736298228979923, -10.589229023595607, -14.959201549306925, -14.649063344851827, -10.541231449463712, -12.01112208991708, -9.684145163607093, -9.798756212277757, -9.605682120591673, -7.181232846007455, -0.05203604524319448, -11.191540828142625, -11.623442533802178, -13.512792447239033, -11.487895572461374, -10.376891687579926, -8.600770624825154, -9.965273230724408, -8.905691216855232, -12.48934201580081, -10.049624412203503, -7.9212829215175855, -0.10401187160766472, -11.257290737735703, -11.183387701728968, -12.034762880469351, -11.280884351520971, -10.495763893160847, -12.604619333807996, -12.764460615182015, -8.708814615858861, -11.628856629108856, -10.178311210621533, -11.251014149244627, 0.013873650807513205, -10.421418012931602, -10.236915743563301, -11.34996670119193, -8.827503588001017, -9.765569684844172, -9.905283324602092, -8.33637728597605, -11.484942970708323, -11.357441834353688, -12.263661308671264, -8.989252404065507, 0.19134901347833216, -11.2647917249196, -11.616752155381858, -12.512011314643075, -8.106207108633471, -12.15226673498364, -8.62894797135279, -11.826294050699333, -10.285302814778426, -10.675055479469973, -10.517438276528845, -11.895614178292647, 0.23047936091773288, -12.199315657238456, -11.3098425244443, -8.782334284593006, -11.170302091313081, -11.04934163249915, -13.282954418935063, -11.217593200087272, -11.99980484759039, -11.414168735415576, -9.212404775905952, -10.594828196918687, 0.35742973532228267, -10.270471877302617, -10.178296757550989, -12.451001797079375, -12.074754801977814, -10.510118149719256, -11.125706445094123, -11.00140865372275, -10.562343158553555, -13.177647807176111, -9.263935247919994, -12.106517103861238, 0.05302371549158247, 1.7497248488551709, -1.5344344996661152, -1.5674656862005762, -0.41862230340214074, -0.48879900879213095, -0.37306375531723757, -0.5864041699281697, -0.5015625658304909, -0.4920701174104455, -0.4979215035737037, -0.5349692458017011, -0.48155855076708504, -0.45266829538175074, -0.40380626738668446, -0.44703129184337775, -0.5409064913632569, -0.42039071496783287, -0.5412610676924082, -0.44941977299821567, -0.5724053706378499, -0.6690630241751547, -0.42906652260941347, -0.5131261999624701, -0.5350557427103008, -0.4397158914762432, -0.47700606641181725, -0.544676827871469, -0.525003930348267, -0.3780439785037677, -0.348186883424973, -0.48241382242797626, -0.5014060107268449, -0.5705693070420157, -0.5793306118761192, -0.5613932809805039, -1.5472897986106304, -0.49739104504481735, -0.5637265238161796, -0.6414029898148282, -0.6485731512293358, -0.4402712666591823, -0.566990931419518, -0.5939671656576745, -0.5021167254137865, -0.612890053848343, -0.5350197835402672, -0.5287375574435641, -1.540676649761458, -0.502286720044464, -0.5519326402836298, -0.5241138912163391, -0.45740710960240133, -0.48560868861310713, -0.48245883591727273, -0.5297273399495316, -0.4551210480856135, -0.5232609606347827, -0.5043138392738699, -0.47941283752799224, -1.5520791067709052, -0.4126043837696543, -0.599369291017182, -0.4652989951413585, -0.6249610190970095, -0.4873915637946405, -0.5032667357112806, -0.3906820848249446, -0.5350206057625403, -0.671280092816216, -0.5451342882380932, -0.3843838233802359, -1.5634557079932763, -0.5380569032034865, -0.5710921901886401, -0.5470491950080889, -0.42618918369142134, -0.36780427779306657, -0.603720992647792, -0.6187535607879362, -0.4128819144208951, -0.6578178630987752, -0.527887644994754, -0.5883384398891082, -1.562060972014959, -0.47140599214033296, -0.4490725138380204, -0.5175374376213487, -0.4347756135356104, -0.4810282924968434, -0.513993657071182, -0.49010107739344017, -0.5506434654150639, -0.5340946772089281, -0.4788981889712166, -0.44993929966684154, -1.5452720760126528, -0.47438322295441543, -0.3528936279832215, -0.6348536210009298, -0.25003047960384783, -0.4788923505753198, -0.5671468866464321, -0.5768433768088298, -0.39270094875852674, -0.5323801717441836, -0.5819438695791135, -0.47326346627119276, -1.543602746442236, -0.41676659508623526, -0.4194576354815766, -0.4917528047245118, -0.4630382231734702, -0.5567879868933621, -0.5304061425939021, -0.42289772017936217, -0.4346093860094956, -0.4369421872973319, -0.5711068368308904, -0.5917899007969281, -1.5061543751960518, -0.5608762701880224, -0.6135194346140797, -0.5624176358526688, -0.6488543809843804, -0.576258752212152, -0.5299909220312524, -0.5033638513610995, -0.5496161789985529, -0.38486798337269146, -0.48703032932722956, -0.5138498493731601, -1.3113976475951596, -1.0657489668470999],