{"vi_exp": {"vi_seed": 11378, "coeffs": [0.07981661445470255, -6.1348915305734675, -7.759625667296275, -10.572939394212877, -10.426989647541998, -10.83520914720337, -11.393456573955666, -10.343902858723139, -9.37076568724219, -12.982936820025897, -13.742844012266527, -10.241922793500082, -13.030333667088751, -10.26276063555221, -11.980249916566551, -10.632703750718445, -11.247761928827321, -10.713275825873124, -11.203146469532447, -12.287202458904165, -6.1857983563747485, -11.413104740171075, 1.8038920590552812, -10.710739742991313, -12.435212644505052, -11.631088795683644, -10.284715178079413, -13.380503349987412, -9.939787459080577, -10.374824337371182, -11.636790954973335, -11.343078146014001, -9.10614966269963, -6.881355412901471, 1.2017035282215647, -9.985986984962405, -12.06199157933055, -11.234972343545826, -13.409306598331948, -10.452786659754096, -11.401134192016018, -12.371424013312035, -10.53944042303154, -10.332507734172218, -7.348061880131905, -7.615289199830934, 0.828964675950801, -11.818544983432528, -10.587951694523634, -13.564170103008065, -12.949418397080475, -10.504000735918495, -13.464615497386303, -10.607650405634882, -9.349847336057213, -9.30739420700111, -9.010628486806098, -8.717486846132783, 0.6340305189283716, -9.967468301308436, -12.984197639498984, -11.12298291245518, -13.827766223797447, -9.956850928708267, -10.50153189896523, -8.50566715509318, -9.910638157555917, -9.607444177114235, -7.946572694317754, -9.672128338877764, 0.6161284614981588, -9.372031101448094, -11.56290292923698, -11.154236207262185, -8.237877417916675, -11.630636034089362, -10.48351508106946, -10.670424910976813, -8.02711063060769, -9.933181003406183, -10.320837115290114, -10.026345962902843, 0.827098660033345, -14.231747502911485, -10.29046669477395, -10.696308389592444, -12.245345443078424, -11.416201497137811, -12.416276363552102, -8.696760767338665, -10.291045382600073, -9.009127996292529, -9.09109216856207, -11.458339038047985, 0.8804831888828866, -10.096392864484791, -10.450717451711721, -10.013168697508991, -8.554621737638495, -10.49479514709383, -9.909704899671638, -11.111541413798498, -12.105034019132335, -10.938713941829612, -10.025605938114595, 0.8699060164428891, -6.468993986664662, -13.394376199120769, -10.562220052095322, -11.128699952910852, -8.735797352513833, -10.033786707779507, -11.127433525976139, -10.324415905490032, -9.551503348941807, -12.702242904197071, -9.203666266895782, -10.83238813203712, 1.0503687869847245, -9.56328925519164, -9.775108429434582, -9.457607708473324, -10.321445864642438, -11.878182205370347, -13.025118691359317, -12.767715277897047, -9.012845272010448, -9.628931481450246, -11.611352293925744, -10.328469279724498, 1.4986853604463526, -8.835039004661782, -1.5271866294307064, -0.24084087511980146, -0.5446501066570878, -0.3378792761009338, -0.457465140097417, -0.472372935148949, -0.5072211805320935, -0.5938520137427893, -0.3312930700340488, -0.6761936351369525, -0.6305351931154354, -0.5745947159721155, -0.4784086501884359, -0.4611463786719295, -0.669446288312414, -0.6290452762651082, -0.5285624210895283, -0.5196611178994198, -0.40178762102184146, -0.6019878007301304, -0.3486467203296982, -0.5251721211203998, -1.5210989314252705, -0.4652355389826364, -0.6210883497350185, -0.6022298009203526, -0.3926156951227897, -0.5872725000949077, -0.4308294752676892, -0.5302187865452006, -0.5368997512253938, -0.43067637897391325, -0.444604590275621, -0.4594928803500512, -1.5222194276354577, -0.5161988862852531, -0.5355990311990119, -0.6053162291195258, -0.5186982850594454, -0.4290764133306982, -0.4303937832249369, -0.544612883288555, -0.5727727629032277, -0.5797118942897462, -0.6078677214413742, -0.4686373510194674, -1.575225155934813, -0.46871346276559206, -0.3810604872954336, -0.5475225617795466, -0.6057803846949374, -0.35585602877556427, -0.5481450026344523, -0.46236321192406427, -0.5938254664451604, -0.5245483399067056, -0.5259303212219347, -0.5157128064616706, -1.5787779504103119, -0.5285867242293082, -0.6065890113766061, -0.5637059734910318, -0.4651028034288182, -0.6238706675166416, -0.43570421000791937, -0.47386522135890097, -0.6227439981646062, -0.6368903423394883, -0.4743280741982535, -0.45568032450639595, -1.5525457828030107, -0.52868083742862, -0.5362247218599847, -0.4289563596939681, -0.4949116398480707, -0.5989062290708649, -0.5389641228797153, -0.37971869160476585, -0.4535488677779635, -0.7352679426118133, -0.4511119411039402, -0.4976697252659628, -1.5711758926387585, -0.6021083892117045, -0.548180458953811, -0.6379149799749472, -0.5383307261389503, -0.3385960147690358, -0.6330850844046201, -0.5875326001748565, -0.5348644024287478, -0.4395482907088308, -0.42257920188766995, -0.5190603730267526, -1.5007743741514283, -0.5839632777445029, -0.6268838211734555, -0.6159274275327298, -0.4937727130640628, -0.4983342181495218, -0.4904924216327597, -0.3299438905941172, -0.6251989069838608, -0.6206698515151458, -0.5010909145532343, -1.5384813552590195, -0.5361289436523304, -0.6272673027137216, -0.41008214288855077, -0.6301752718397604, -0.41174522297016114, -0.49045660004088093, -0.3604033670802276, -0.5043584585907179, -0.41579367291709013, -0.5421286236006184, -0.3433651537163802, -0.5729497547574636, -1.5617142474357977, -0.5821448262542418, -0.47172142306760023, -0.5919117422689136, -0.3718573554324534, -0.46645833121361474, -0.45344632257586975, -0.4687295311562751, -0.5411413690482989, -0.5372180360813575, -0.5657344660743469, -0.5265634949317209, -1.5577586910039996, -0.4994477828281943],