{"vi_exp": {"vi_seed": 29241, "coeffs": [-0.2768738788754196, -0.24709620563738813, -0.23517857774645262, -10.412205883228342, -10.212625443755279, -10.702903591027846, -13.629824410293322, -13.09564590578047, -11.738179250057103, -9.756383633799583, -9.399195071222659, -9.11526288798335, -13.8343520698854, -11.980662638394113, -11.837062839187642, -13.03505462942998, -12.714169223431684, -10.064761127279068, -11.369521117513509, -10.688116503446711, -9.84235869698958, -9.253575674197968, -6.650630676706596, -11.437242123997335, -14.206185567547655, -13.292276672703666, -11.741597146178144, -12.433506775409048, -9.505831886068574, -9.212894201755756, -15.314909592904797, -13.192442888259881, -9.686298625711661, -7.288061127417729, -7.828206195468062, -9.54428476367512, -10.638677515700754, -10.756078629598635, -12.474449058225185, -10.753269450255711, -10.075333725322464, -9.70242378953048, -10.924011890159433, -11.24263823297457, -10.9400882013745, 1.020074423088687, -9.832922635740049, -11.13999068722336, -12.06167129629807, -9.320011565013102, -11.067952598456616, -12.551807929689438, -11.929661295087307, -10.491048932137346, -8.702782988513073, -11.52994755721435, -8.82619951196855, -11.29729596785202, 0.4255456327551002, -10.927683851179673, -12.787578827599875, -11.298945241412696, -8.509270802731459, -11.016921295559738, -11.34772240535275, -10.500344058839492, -9.734925482089187, -9.976399364011122, -9.650282999038012, -9.145088389900076, 0.33051589266218817, -13.007748763556103, -12.716391676094824, -12.515348063375287, -11.603374797835905, -12.662281014381591, -12.219869657784887, -12.00857214276223, -6.829116829669754, -10.356262296910206, -9.762886164218434, -10.204358587767201, 0.35041577667519846, -11.488517542036478, -11.078514273370072, -10.754698001831066, -12.673316346718352, -10.295448310632912, -12.463752766387563, -10.03902338032908, -11.960121649085771, -14.69872008666874, -8.744315571334676, -9.715321481749047, 0.37291488413614654, -7.458276593833193, -10.22072885473605, -12.435629838908445, -8.079681140117852, -11.35127930823687, -8.678171102610102, -11.891763301702559, -9.706651934902295, -10.286236634098628, -10.836380544908929, -9.351015857685915, 0.8286391066483628, -10.754557737666286, -9.768504615604481, -9.073855955047812, -11.081341188324606, -10.499658979270595, -14.16691839783475, -13.213654486271645, -10.195968408308971, -11.075868110189907, -9.106923589271643, 0.835070381109752, -9.945752304675251, -12.53997757470359, -8.611568174882873, -11.31009321899986, -9.823795985334634, -12.945788954456923, -12.887255590999114, -11.472517146642206, -11.182017301467306, -12.998246833611356, -11.815717717015175, -8.751755682438354, 0.8873674781281403, -3.744368803927847, -1.5294094110691332, -1.5354113525258701, -1.5143846568403856, -0.6452987158627309, -0.33449974505521984, -0.45727364891571165, -0.45819166494212055, -0.5795955953226618, -0.5314830740120836, -0.5518024357897269, -0.5141263380843549, -0.46066684903831884, -0.5517500570988396, -0.7245624981692091, -0.6345886019048501, -0.4918688384680191, -0.6031596701460487, -0.537601740228307, -0.5499964182896866, -0.435742244395879, -0.38901246487135294, -0.4327645911215126, -0.38699854048567106, -0.5357769362888577, -0.5750882269701945, -0.4927486979792792, -0.5634068207833175, -0.48406902340367675, -0.6091125412488116, -0.5209029237677855, -0.5259441504472974, -0.7124207375166624, -0.5753333745591354, -0.5798192203772036, -0.5188808073391089, -0.47335470498502524, -0.44460031017425844, -0.4450605563185553, -0.6017003394118742, -0.47596904385556077, -0.3966615821089633, -0.5036248833949273, -0.589939809611409, -0.551756418394394, -0.6258936507959569, -1.5871249712229387, -0.5722354203845708, -0.5857962566601485, -0.5517007561314574, -0.5267148528201656, -0.5027961213459244, -0.7210311662838498, -0.3593667199508045, -0.4374320550381743, -0.5461550263780185, -0.581629917958806, -0.627674213196587, -0.5108402688898019, -1.556224230853478, -0.5369635439449729, -0.35999319951927083, -0.5387708916883202, -0.4910161108424378, -0.3911122502979892, -0.52190289009073, -0.49867321349981253, -0.5657365031789856, -0.4831830846771224, -0.522208772421261, -0.507090219261758, -1.6047170381062799, -0.5209274049434778, -0.5906550129594379, -0.6206427065999404, -0.2678536421434928, -0.540497761384356, -0.31616134179107913, -0.4521017974507364, -0.6307558852877228, -0.47300409214544853, -0.528042639514018, -0.5087020984524325, -1.5342492482282792, -0.5151940679582767, -0.49095970699840874, -0.3887910064209025, -0.5653546259216768, -0.4964118355091756, -0.4753005497461626, -0.636428048449838, -0.6690912846098456, -0.5399870283644659, -0.5299641051599924, -0.39479891834522457, -1.5357325302079634, -0.521547627040712, -0.4294068811941974, -0.43538013731903913, -0.4308072882447461, -0.6243220944302507, -0.32982926436009435, -0.5472601144109851, -0.4294595522163712, -0.48914107196673257, -0.4233193795713408, -0.4585837089785723, -1.5457190243948158, -0.6554269469109366, -0.49693176136782585, -0.4253766826654496, -0.5920430756290436, -0.4750924406623496, -0.4548215453340677, -0.49829923232872547, -0.501327142903157, -0.4393862285302836, -0.3894639980035749, -1.5564177339299727, -0.5695966820819861, -0.5599688495562039, -0.3859270521556785, -0.39207104711990337, -0.6018359051734085, -0.5440678838361082, -0.5579545467654151, -0.41068960551948397, -0.3475758692747059, -0.3986950444003357, -0.47937662446038715, -0.5416668476046033, -1.5290649336161575, -0.4742770999864509],