{"vi_exp": {"vi_seed": 34244, "coeffs": [-0.8668001018945589, -9.97647744576893, -10.639857101964385, -9.382534963122788, -11.8697416632361, -12.278751875657118, -11.804686070675139, -11.748102758285256, -11.614858268013268, -11.651689053591191, -13.20323459439114, -10.293629495798712, -11.53293426951506, -12.312377417723097, -11.605417606039309, -11.90843034353199, -11.436448212241707, -10.644660646887427, -12.432857692201708, -11.559243280764035, -11.924598894632592, -6.957730679748381, 0.9595959547655126, -10.272361526098816, -12.12411252197869, -11.778939192805, -11.86162374731769, -13.465809538363951, -11.325717866818076, -10.849227691411665, -10.398676436465532, -12.674860891945698, -11.20254757140929, -9.060335607171254, 0.42840748016450936, -9.18491851118092, -9.536183958070891, -12.04016258494683, -10.441492340319622, -12.32057789525223, -11.443428039817604, -11.731398717246915, -12.155280441424665, -8.10341960157511, -10.705358554696932, -9.398770034381702, 0.03842612448057308, -13.524967338721558, -11.372668836213812, -10.433199303483326, -12.621280913499069, -12.12002548225348, -12.669184987129228, -10.825990097131548, -9.015124460511775, -10.8658518999289, -10.15837785506919, -10.684909537891077, -0.11660629488825613, -10.615661043811075, -13.958819831632225, -12.001585650315713, -11.916840026118553, -11.193879397314772, -12.244726219806074, -9.721985067648273, -10.638256747613005, -12.123219719373688, -7.235947928794361, -11.011872054650038, -0.2725375536325639, -14.08743258439569, -13.598596357196453, -13.06052821300484, -12.884498759759746, -12.586246468914284, -9.501398364334777, -11.372089958718686, -10.875128515784533, -10.660215612665738, -12.106937461299042, -9.741618541311869, -0.33728561310306093, -13.669091193574301, -12.918402820262374, -10.10386831501442, -11.495780694788161, -7.8520970310191, -7.392367075250488, -12.432171801688886, -11.50927165406262, -11.493291257230583, -9.379314300209616, -9.998484796244108, -0.23415338578446995, -11.652281620251241, -12.880870339377264, -12.436116694201285, -13.018481523944853, -10.119284502414745, -11.563545468423856, -12.051938281089923, -11.998631622909905, -11.222696069676662, -10.638815636587628, -9.47540989394809, -0.28186445217597317, -10.716178369034461, -10.880631038268104, -9.0067896551856, -10.610173204731796, -9.085353979424438, -10.16294322665601, -12.177896536303884, -11.165705728770721, -11.938095663476851, -11.048404421093483, -10.889710177716815, -0.20636935989751048, -11.063500512330386, -9.390659398117814, -11.190849726675507, -11.525349803790617, -8.80984936855328, -13.09690295336486, -11.871465342253847, -11.887063680826518, -10.60658592565165, -9.687400497161207, -9.652308930156808, -0.5692578322832437, 2.757179210832296, -1.557341986217048, -0.37263595069932987, -0.53407952148625, -0.5448329545917385, -0.39826440570011284, -0.6251864218033246, -0.41136299154057376, -0.5085247779733031, -0.4765510089438736, -0.37902466698575205, -0.3853123487255339, -0.47536924989388724, -0.4021973583024536, -0.5706187028635774, -0.6003045513639336, -0.47749604424470327, -0.5253519007266296, -0.4729550636644548, -0.4941333196262875, -0.6066926490558661, -0.41620715137863323, -0.5621376323837628, -1.5589221679653777, -0.5741661267861333, -0.5401113322945034, -0.5718971371651509, -0.5939523146845446, -0.3741991946622382, -0.4640370727921212, -0.45817551110883564, -0.4832687925416088, -0.585711997348283, -0.43822914797765866, -0.45366239881749165, -1.4940354098858435, -0.530163080731977, -0.5331374382244188, -0.5560226489932193, -0.549664269275416, -0.6588201755270755, -0.48194395102209003, -0.46262621370367435, -0.40204123632931227, -0.41680083109156274, -0.41902068918736024, -0.46650164176839787, -1.5627710342484917, -0.5351278695432784, -0.5135611073312243, -0.44938316712173787, -0.450198639909686, -0.5991124209420448, -0.5953123031946689, -0.4960341038599552, -0.49760912991387063, -0.5589070391995976, -0.4668310758288098, -0.4515662032024851, -1.5733543808788468, -0.41709937777434575, -0.5517183815903085, -0.5317815927590386, -0.3129514687503374, -0.37094591711001124, -0.581523640030191, -0.4480457484385314, -0.5062581697753786, -0.5439674961755758, -0.44295517224540815, -0.5437882671050215, -1.5760338582003812, -0.5590088012567376, -0.4514600430989877, -0.5960361018400476, -0.5377346431274963, -0.43861961637267255, -0.3865066775134367, -0.5020114842997873, -0.5468667300101653, -0.47631480028432505, -0.5727051519423528, -0.4812179632282447, -1.5588411082950255, -0.5345205910983303, -0.5286518232761739, -0.5619717881606411, -0.44478087487621826, -0.5530012446612078, -0.45195919898120174, -0.644565033806545, -0.48130695926966577, -0.6192362349359466, -0.43577511419813475, -0.47717346473572503, -1.5789669823496655, -0.5003779152209356, -0.564549972966803, -0.36157467706272445, -0.5198717965268513, -0.4476432813674472, -0.5144322348024812, -0.565441869225694, -0.3752421815705411, -0.5644854898321934, -0.5936249871456538, -0.521142766973825, -1.526030767597983, -0.41987516456380564, -0.5515789357085037, -0.5849325270289791, -0.5437618073996985, -0.5925949170099641, -0.547041002790443, -0.5477509673793062, -0.4609444597515864, -0.5425860439252576, -0.6516312572270898, -0.5334675599490915, -1.546555516035611, -0.5813562940874808, -0.5473013967015969, -0.39087908991680226, -0.4956515526342241, -0.5370831794393802, -0.42998708403118696, -0.4813160105152966, -0.5001116797121571, -0.3851363085059077, -0.5894543395793403, -0.4909617573090184, -1.2756766636044978, -1.196123539275721],