{"vi_exp": {"vi_seed": 49443, "coeffs": [-0.7355774126814185, -0.7093959215582997, -9.347332057074453, -13.707564464206476, -13.699747360924105, -13.403461303176117, -11.606789384592, -10.71709655824154, -11.976687704543915, -13.43101373037191, -11.676084172978824, -10.916388360639829, -12.263974667377333, -10.23210049967817, -10.603128811750263, -11.288961799055713, -13.566083326061653, -12.68901471272593, -13.139797727468535, -10.575411703565905, -11.033661018972971, -8.836595836052103, -5.877773172981122, -7.401311981041198, -11.213014477553942, -11.342128497969439, -11.240128501112217, -14.506323383643915, -11.387427120651255, -12.047632107344656, -9.969472941392404, -14.585485483406305, -8.530765997489969, -10.86591273123266, 0.5186629651654986, -12.549788049767315, -12.265946938295336, -12.6504887362259, -11.332219333152725, -12.969770475154839, -13.057885839562271, -9.800364950712773, -11.938999797039337, -8.609241555720796, -11.769055135246978, -10.29955808928225, 0.16299492955175296, -14.316480763224991, -9.885021046871728, -10.469836357163453, -13.106230651251169, -10.176923091662598, -10.286191637046027, -9.836694120016896, -8.935479899276437, -11.132024727587865, -11.658534305708661, -11.248898513601787, -0.028220095224722033, -13.707195212668758, -10.52833956667487, -11.392995862108355, -12.221396795292124, -11.045587742984488, -12.465348341409818, -11.28072346258564, -10.48785205939191, -11.723469878623593, -9.36068970600978, -8.600693126535981, -0.17707087889037107, -12.310274901181076, -11.808781997208651, -12.713186946873025, -12.847700344800408, -10.484054667849774, -11.5316673573777, -12.88220645578735, -11.349980304783815, -9.327163777013869, -11.525946789961392, -9.81830574042202, -0.12935321432106495, -12.546919639593614, -9.667715041558893, -12.49949230216155, -12.469395275899988, -7.244892792475341, -13.006370735617587, -11.241068270340566, -11.88234488050255, -11.318185753903409, -10.512779909631345, -9.259142784107155, 0.00382698039786789, -10.432025810417493, -10.125272605868927, -12.206735191416962, -9.10394978868696, -10.656447376237331, -10.751018287015347, -12.704587560298014, -9.279661619744513, -12.745565627461177, -11.462827411782689, -10.092007799231368, -0.06819180114504665, -10.813279596850737, -11.499564282690137, -8.854532268862023, -11.378470920537199, -14.895645621983453, -11.306494952336195, -11.59191573221399, -12.651083707790242, -9.384310747085621, -10.573268442186585, -9.391485866349415, 0.12771426237509365, -10.751967827585704, -8.893344785012289, -12.56810444062855, -10.982286691517807, -10.075555399781289, -11.59863295036699, -10.324865622193585, -11.16349571388531, -11.863957793333014, -11.468741314644397, -11.509878901104013, 0.0988332369067344, 2.8892657482721975, -1.5819140681767025, -1.5417039731307047, -0.4601435969391878, -0.559281504213349, -0.6331317234630525, -0.48805004693820037, -0.5898806958932835, -0.4895061644560763, -0.45475769075839023, -0.5245718910763055, -0.4626038655831448, -0.4444920910595151, -0.5802642011958026, -0.6238564932605485, -0.3965139479480809, -0.48930705077129016, -0.4666346328007487, -0.40645837036179283, -0.6838990880687612, -0.4852038911000642, -0.5513962392614379, -0.49243360810938686, -0.37605364189495993, -0.42000599375900843, -0.5870795424512433, -0.5504382010647608, -0.44970002557432986, -0.5289666301160598, -0.5415411866988188, -0.5637329558221015, -0.46624510490969895, -0.6027126611110198, -0.6908294939920562, -0.5922540544219593, -1.540149586512467, -0.5383002685604794, -0.3914073447071408, -0.4411839440439697, -0.3833591356471842, -0.618265453264995, -0.5847804259987347, -0.459235994663904, -0.36353443407528463, -0.5116269619820751, -0.696403636395417, -0.5990548256771387, -1.5264059918534907, -0.6147782112011388, -0.5391025154191729, -0.6312014727899378, -0.5888299086041157, -0.6051054638889829, -0.5650484300917147, -0.3779804970508915, -0.5040357681972923, -0.5949754140622247, -0.5935962218569435, -0.5620781279053978, -1.5575271081268462, -0.510683506357029, -0.7037190931418462, -0.4171380925656374, -0.4644536947156537, -0.3114076056916496, -0.6660320183696257, -0.48975977119887965, -0.3802312056620732, -0.49353344242304975, -0.6279087057173023, -0.46045249090554097, -1.5471689313164507, -0.5664211134711188, -0.5252928313345753, -0.5271329596481823, -0.5300762757086459, -0.49432891270798807, -0.47812557710488396, -0.5488215597952747, -0.5069277963852792, -0.5464142084714163, -0.5501207470119243, -0.6456561091724874, -1.5536551088934756, -0.6051360643987805, -0.4139739327162693, -0.5094997596730567, -0.4439010148773372, -0.5543916150916449, -0.5983600796577915, -0.4604616644521325, -0.48503645298231873, -0.5148612568549525, -0.5313301681664484, -0.21564625522507216, -1.550813178498874, -0.26592108214449195, -0.3663649737928845, -0.46504161081321416, -0.426392930860991, -0.5692066059091856, -0.4712849805785266, -0.5947004297116139, -0.41712093587784044, -0.412111600444813, -0.4138599865917617, -0.5812435297826286, -1.555993269284138, -0.47057683882920903, -0.5137468588157333, -0.4197671374294451, -0.6718337336204859, -0.4808854414647598, -0.5795350216648265, -0.46753585051877317, -0.5089232417973686, -0.6646149710008797, -0.4686805508762455, -0.5188157271595119, -1.5645662673082323, -0.6058866596785383, -0.47030617808129394, -0.6264455931471408, -0.45136951436101547, -0.48734764121941654, -0.4789112345601764, -0.3551216617642578, -0.5207616625830483, -0.49023434132033983, -0.4548187141212805, -0.550369565987616, -1.2712833433487096, -1.1098386356313301],