{"vi_exp": {"vi_seed": 27291, "coeffs": [-0.2706479812149537, -7.339071124100815, -9.180676970100631, -10.735493930168449, -10.253567098009226, -9.708097600993778, -12.0010380741631, -11.881871488414582, -8.8039311789017, -10.851327296634391, -9.419010390717027, -8.81432516055482, -11.730677496718569, -10.9423949021722, -13.501412561481294, -10.185279071202778, -11.817831030411352, -12.518405376354105, -13.228505226517315, -13.055369439522101, -10.22660347599905, -11.854280374990394, 1.4643833436874016, -13.635572341187764, -9.782864012578944, -10.524882238280924, -12.093517362297037, -10.841386204458264, -10.771666598218722, -11.128376941072858, -9.626875241762443, -11.926527515781034, -11.918198144362265, -6.983124519498859, 0.8284502886416992, -12.19939980277305, -11.515790471582216, -11.30522790042875, -11.225764510834301, -11.22359873644701, -10.43737489914934, -10.97387388322496, -10.498855970808522, -8.097477640833635, -9.71021740760191, -8.780586289037293, 0.4497777711357032, -12.157991794214809, -11.291134763578908, -10.781593077180526, -9.999523777953726, -11.672020529929972, -12.581447177902609, -10.151873291412894, -9.406038120618462, -12.078053222819275, -8.084212065112116, -10.477034851001122, 0.2502595250444361, -12.448891108686194, -10.386600209923122, -10.436539540686397, -11.542179991088727, -11.110027039641905, -9.499723585406475, -10.333573498116358, -9.883284049194142, -9.848119115435733, -11.35011781526134, -10.155123169810155, 0.4424865219523957, -10.515708861355309, -9.731495173903735, -8.093265034982059, -10.818420922834111, -9.165514960816056, -12.150819474787717, -8.901912310531289, -14.846038013890338, -9.163012076624378, -11.54427528298563, -13.31311785875838, 0.612808716473146, -10.193932315183005, -11.791198184667897, -11.431809743894098, -9.608030397659931, -7.72008988796146, -12.154743686875891, -12.138248447436215, -12.942188608553462, -10.380930812855514, -12.167925624763024, -11.155648429568588, 0.759615511370318, -11.00135545588309, -11.626312980108626, -9.933128705208198, -8.015831378122273, -8.408308108822812, -10.942016858259247, -11.390873616867914, -10.89682011992996, -9.625428760434646, -8.70252046507783, -7.940831747072079, 0.874863250440865, -12.793485706174595, -9.355337000191078, -9.012930931474502, -9.404094710218763, -12.012618168475736, -9.555230030896423, -12.315729541767087, -11.27110234038588, -10.71806514638546, -10.391331232957423, -9.15402012890447, 0.9243657309282574, -10.713596745914304, -13.205260836067158, -11.700100517553553, -12.55001907392642, -11.704599495235266, -13.368087753790629, -12.290628585393367, -9.338119669048094, -8.948156976921261, -11.357536929125802, -10.896082971777247, 1.3028002343738943, -6.6647587213966, -1.5545546778172499, -0.48800247857750345, -0.5473786832698557, -0.36180312234422835, -0.3236170054555945, -0.4551546747719291, -0.4896569471007844, -0.5956245787600696, -0.4637194005752871, -0.3343544673294147, -0.43137544212945234, -0.5725172676683636, -0.3455099402146336, -0.41317248164553794, -0.5689421597872559, -0.44300848468893483, -0.4017838746208433, -0.5008250223208546, -0.6217991470096398, -0.5647677809352004, -0.4487731609930616, -0.5286486414077205, -1.5543582506137825, -0.5284390508301084, -0.41490005634393934, -0.5674687162409708, -0.42249410195068426, -0.5655598855069817, -0.5062649743702432, -0.5915447950112594, -0.48319861490666555, -0.6044791356456984, -0.6395190523733532, -0.5078549631195154, -1.5514522308214613, -0.5663579106512476, -0.4145638593762432, -0.5865824842075452, -0.5813730243118537, -0.5551134697812379, -0.5149410263419943, -0.48370191593899936, -0.5208864659604316, -0.5208583119315062, -0.5502224422366068, -0.40920262109399064, -1.5552407159562103, -0.4997126080063019, -0.49811490995600166, -0.45286675453278774, -0.47903217510912294, -0.6188705314441839, -0.6477085055254331, -0.4707898019995938, -0.5132989120030037, -0.4912545038574032, -0.5864533086821134, -0.5283654064142314, -1.4929605792126905, -0.47287514030824085, -0.4338554492998614, -0.5152514515675551, -0.5966099477033446, -0.5370039285300792, -0.37735899199279477, -0.6104983447326888, -0.6718443289526618, -0.45459854178051406, -0.6129222323117227, -0.41475897831175307, -1.526248615917182, -0.42394344512406357, -0.44257602383158046, -0.5488761963911222, -0.5305883221464546, -0.4508970896324538, -0.5599330879515478, -0.5446516079391698, -0.524394165719181, -0.4510130185171162, -0.5891128472468155, -0.5735790256711111, -1.5068761514219524, -0.42669931233827757, -0.5071534372642722, -0.5986377293679486, -0.5705282932109607, -0.4634560166304236, -0.5209156782990532, -0.5127345589921016, -0.4809119861942481, -0.5187653631693478, -0.5891311265004786, -0.444682919644465, -1.5676342833988741, -0.5849779515838247, -0.40861438714104575, -0.40641863077338847, -0.37460484290856033, -0.5122130242805092, -0.49743280901034637, -0.6333808735384628, -0.5232233986096112, -0.5018087952341146, -0.4777510664583132, -0.4354689501967334, -1.560612931514542, -0.4718434179668552, -0.4541623632783429, -0.4638581577006177, -0.47163183354892346, -0.47256418809565837, -0.5588432875187629, -0.5094119305197143, -0.5343014524736838, -0.5611983910350793, -0.7347055895186425, -0.40401829183210036, -1.5531245831088156, -0.576991008073488, -0.5267911407379071, -0.569918696033304, -0.6135986999495586, -0.48069594669467036, -0.6502904863169122, -0.542018943619769, -0.4738091968728573, -0.544024767001248, -0.5164353467937838, -0.6475544089628495, -1.5536769389411114, -0.7111720208938674],