{"vi_exp": {"vi_seed": 853, "coeffs": [-1.186384659919333, -10.522034210080061, -9.693839062641464, -12.107568298914432, -12.911538128588175, -11.609754001117148, -10.256813841974173, -10.536156937089967, -11.07681953188018, -10.549698803898682, -10.623080118504356, -10.727236447520163, -11.160934123838159, -13.52240738615871, -13.039560731516541, -10.563546010334731, -12.32069158428131, -12.381312005383954, -11.769786300416385, -12.586196305257834, -11.523653859982256, -7.608723183904304, 0.736595680437916, -10.088604390377164, -13.916968347748783, -11.833472046132915, -11.93786431208436, -11.479043318290694, -10.447721865675339, -12.50525061490014, -12.74328881434567, -11.295516138088157, -7.9938847421115575, -10.529705560435897, 0.09577370559852809, -12.21554340078964, -11.480190375724039, -11.490143790626723, -9.841920859319353, -12.363980116561928, -12.112959759189577, -13.484777753327519, -11.252306781865935, -9.34659230955835, -11.263339826161832, -8.81085172481329, -0.2845822040109708, -11.670252997686111, -13.540067081536037, -11.357202752594075, -13.53874899814768, -11.734840387657597, -13.328535923405472, -11.16758465548911, -8.697462583580073, -10.567371227475833, -8.589412362914528, -10.338314702516445, -0.47939896163002194, -10.093314397568255, -11.57086192556041, -10.882088492435674, -13.010021589052476, -11.40288675667023, -12.176745309107485, -9.872864512924426, -9.810651979220765, -9.271187213268412, -10.605923974614504, -8.639702673012968, -0.598940038265853, -12.462901586574105, -11.8854192890694, -12.4848045134064, -8.893241823294902, -11.72607876691637, -12.295433420645836, -11.071569721065318, -10.355432017969077, -10.431663423944697, -14.34475188574681, -10.358826222002255, -0.726343121797382, -12.015328408568518, -11.657818199476873, -11.557088606348145, -12.395189863580827, -9.590378424709861, -10.969639351089747, -12.497231756177246, -11.364184380584016, -10.514211712262291, -10.136918407997259, -9.651628065729751, -0.7280261071942605, -12.35757305426199, -10.719568802880492, -11.439071655978664, -9.35015001742996, -11.937646685285609, -12.464091955561011, -11.405310050473664, -10.720234453407214, -10.735105972469608, -11.89508635513505, -8.472643317208393, -0.7480472260831839, -11.465077456407174, -9.373634582319529, -7.507385287858889, -8.550545462633806, -10.997546742306145, -12.546513133650762, -11.747771595222462, -11.953991105688543, -9.825447164810647, -8.859016765105396, -9.242479249842312, -0.8109031795199434, -12.854823605694186, -9.482157736852647, -11.386908972886829, -11.77389802016556, -11.48210532384098, -11.518258920753977, -11.75813820742142, -11.627896363413756, -11.40361394250932, -11.086128592122698, -11.00106191948816, -1.2991664924543458, 2.8794599203440687, -1.5524290047092792, -0.43682911276330355, -0.4634201388379183, -0.6429576249394379, -0.582621180448144, -0.5549002454656307, -0.5678267475423033, -0.5537057069956554, -0.41179631387336035, -0.33247136033378144, -0.2982652455527214, -0.5662378557316631, -0.5909402475005038, -0.4501439941531008, -0.4953693368213338, -0.500054433149763, -0.5612952096934215, -0.4619615871401018, -0.6443975106932175, -0.41038782912193644, -0.4777746547903191, -0.5879875222412442, -1.5255888541348182, -0.5581135420359922, -0.5189314467563217, -0.5978876445977552, -0.46986273602794104, -0.5450872686562905, -0.47121683221899674, -0.5464043675788225, -0.581245582398815, -0.5899014403924814, -0.5862867130988979, -0.5776369784649704, -1.5654672758133465, -0.3180415610190956, -0.487416534329466, -0.48183362606004493, -0.440059982886954, -0.662539274756236, -0.4957063519972612, -0.4612836132369787, -0.5762168810354305, -0.5977275593973909, -0.4536509773369651, -0.38614459693970205, -1.52779025390422, -0.46594118420211755, -0.661869320102938, -0.4872094563349032, -0.5788114229049178, -0.5406988959633097, -0.6314415240719821, -0.6241101346149271, -0.434804421677964, -0.4621621164647751, -0.4709673406714096, -0.6196531558018984, -1.5289663139954197, -0.47123222321323294, -0.5912206245475605, -0.5164043471932929, -0.4495590301373878, -0.4310881714646388, -0.5542135440887815, -0.5366568405132578, -0.37769994257082373, -0.43549501339943003, -0.47974363242510865, -0.3622255633914352, -1.5345618419061389, -0.5081002011733428, -0.48387656817755054, -0.5118703180315861, -0.4029985803149291, -0.46429916795647413, -0.5926601546326904, -0.5309323455617607, -0.5436721116932643, -0.5561470148765421, -0.3918312176346173, -0.4138884537048203, -1.5284077996293008, -0.46949752182057564, -0.5073901859919964, -0.5972692023493804, -0.4555724265821612, -0.6895778872464183, -0.4813622462330026, -0.478347025389706, -0.5137367844627432, -0.4701451828057823, -0.29864554083736394, -0.5757023802080009, -1.543463448787584, -0.44477350465068455, -0.48946568087288517, -0.4915491651314327, -0.6306493464139803, -0.31476730117245477, -0.5142715135783759, -0.5584619521278945, -0.4566383901557102, -0.5018663450909308, -0.5783642567860953, -0.4835103136071271, -1.5509437642034816, -0.5004701554962405, -0.5611010238222276, -0.5690755911208728, -0.5024191348684148, -0.5299073168613145, -0.6997721938681286, -0.5651889007896405, -0.5977503808115999, -0.5083515244296113, -0.4858827691100942, -0.6008663775845571, -1.5337302407443496, -0.602604143617513, -0.5581791219855672, -0.3790037498183896, -0.54285002505995, -0.5398378723432552, -0.5334215793067387, -0.5361300223865272, -0.5378521440589721, -0.5154522488462973, -0.5067962461753358, -0.4162315001022714, -1.2481037895101563, -1.2433362276354911],