{"vi_exp": {"vi_seed": 16737, "coeffs": [0.05818526004028468, 0.04490779677434383, -9.734528795622044, -9.924693690870862, -10.21895629224913, -10.647149275136783, -10.669727445606135, -12.519262782760508, -10.986835779347341, -11.590419646144625, -12.565782325067287, -9.263226762635448, -9.71303668735568, -9.95975732377616, -11.39691356575808, -12.82997278390579, -13.169642488533265, -11.209863777222925, -11.895980104851283, -10.654611931209256, -12.45754771852665, -11.58709312999306, -10.662811418607562, -11.15269625761226, -9.927626568914583, -10.503305783279824, -9.390809394915964, -9.721768645810906, -12.660123408116574, -8.971603858607178, -13.137028417353031, -10.164019797179606, -9.429083974755477, -10.74303003016856, 1.137299868499962, -11.336472445440798, -10.59872937413748, -11.687003396035768, -12.297898381022177, -10.29115810463034, -9.588576986642202, -10.600588055824034, -9.401271221315604, -10.808497076596923, -6.652190429785518, 1.1555674021120643, -9.079126762273736, -12.178823652562675, -9.366955314367301, -10.167135353959383, -11.875500645947483, -11.884890850365919, -11.674659677841184, -8.954127924410427, -7.768872983773762, -9.700832797306582, -10.597668200585028, -10.223607915887598, 0.6258278190148222, -10.450704353822072, -11.116209747407297, -14.064372459795663, -11.014973292831511, -9.743458254394163, -10.290670059410719, -9.355335739178118, -11.465756508695929, -12.320521654642132, -10.769675566593884, -13.259285872918282, 0.6578991205947331, -10.068294268014961, -9.431666286172698, -12.272060206372796, -12.865238864005459, -11.308582979127914, -10.068003772083568, -9.936228492377698, -8.5419968700841, -10.95670063175857, -11.162819519082817, -10.895752413844802, 0.8231936014116502, -10.430660564601762, -11.423690413535505, -10.540171981587491, -11.685195196600562, -10.103169305682071, -13.076292574713221, -10.820193650557924, -9.98443511565051, -8.147448445919528, -10.119099113946154, -9.2697327788211, 0.8938107712907774, -10.6243941865423, -11.71189406417025, -9.990610244921077, -8.496283574706576, -8.736446861928972, -11.601771840925748, -8.935877692765619, -10.65381703727973, -11.47821420928982, -11.233936690179966, -10.808520750427853, 0.9070364212788435, -10.776240416741022, -8.894974177607674, -8.476149905065917, -12.191492767603057, -11.519123509281155, -9.723394487988898, -12.428484583111304, -11.394751548783232, -10.906378769032507, -9.959492107372693, -11.225979767084516, 1.0560072442459252, -9.732095228819238, -10.34307078409067, -11.792985625959385, -10.34430153853622, -11.811337373134213, -12.241778691684075, -12.377952315233122, -11.028441918729337, -9.789394867511254, -11.570575850390894, -9.236787537039799, 1.4111329229974354, -7.845134957527739, -1.56997916489047, -1.5569655087534164, -0.46534790524747194, -0.45320406884742764, -0.5763151531426222, -0.6441307240044362, -0.46121125414822606, -0.41404401396121815, -0.40904862323453905, -0.5045304962870428, -0.47063745473089313, -0.4817296818290991, -0.5105513815617544, -0.49262529255845855, -0.570728458536545, -0.40139280135914, -0.3937696575688066, -0.6009426068736932, -0.502714184848078, -0.5368867687943049, -0.46752085521459663, -0.5357355592094879, -0.6089717593399852, -0.6370082314758119, -0.5318026514616293, -0.5801454902848946, -0.39324477002331015, -0.4899047216321989, -0.5221100304192702, -0.5931105053773363, -0.5837717674590938, -0.4466153943960183, -0.48205426987687194, -0.6082037289251945, -1.5393076017596132, -0.5363120729109716, -0.5911827625518101, -0.32760682452500134, -0.4823298848942363, -0.4710149157978076, -0.5370443326179476, -0.6886325156802255, -0.5353763498019316, -0.5312967456223577, -0.3552344955509447, -1.5551301904323338, -0.3427580607971455, -0.49234872461152884, -0.46410676132076684, -0.5224151913209729, -0.6851319483883496, -0.5483298375673854, -0.5920645113977704, -0.5114717840247135, -0.35887701765880475, -0.5440310075354435, -0.4807255871938115, -0.3801931888895885, -1.5449976009940887, -0.576631672697419, -0.31754536424644647, -0.57093101497981, -0.4599482404672564, -0.6007236332900802, -0.6212205767319394, -0.5577117317426878, -0.47129411656044345, -0.6641343666556897, -0.46973464513252855, -0.6052453728383206, -1.5204037579035405, -0.5117085098864395, -0.3567022333088762, -0.4709213486868115, -0.6187546154822557, -0.5845585432409414, -0.5295240541038748, -0.4967612122148958, -0.45792965684283093, -0.4054450206684148, -0.5614509072941479, -0.390273283210339, -1.5446825338568388, -0.3967762827073276, -0.5557659829844643, -0.5423037422982026, -0.5684739799951959, -0.6153257971028204, -0.47673748138089367, -0.42968142720604474, -0.5708201958051763, -0.6137563483999194, -0.5060725379504086, -0.6077865551182204, -1.5409777368536932, -0.5186047646627411, -0.5783069599391939, -0.5830974267642658, -0.4443113925103628, -0.4935448595972544, -0.41170896724638656, -0.44151948097649807, -0.43615096558443583, -0.407976027638397, -0.5300256428722954, -0.5888805704105835, -1.5915634946361294, -0.416508624966281, -0.34171361855104154, -0.38364602111681534, -0.5284342238507054, -0.5205857325971205, -0.56546720249674, -0.5750612741892328, -0.5779718158770506, -0.6039548885273156, -0.5382770150123639, -0.604991900693473, -1.567370744087303, -0.5836940045888674, -0.4245569267963705, -0.5150174908085537, -0.5554820066189352, -0.6567633921163482, -0.5759724681558087, -0.5654034027284941, -0.6093698641629808, -0.5317464466239308, -0.4134695391728437, -0.6010985918546308, -1.5192143065797539, -0.35322866517236234],