{"vi_exp": {"vi_seed": 51312, "coeffs": [-0.2520240897390492, -0.23891990075470212, -0.25091879202621636, -9.84868598794557, -9.452826990403523, -11.59170810668409, -11.467962053546293, -11.913400182873433, -13.921737204769407, -14.298945481614828, -11.955442867402125, -9.709048252927849, -9.797782325177124, -11.943731837211603, -11.620115042296598, -13.552547945250485, -12.277345397004506, -12.187730311493395, -8.574260951978927, -10.10148898248508, -12.41133041466266, -9.562694496573105, -7.645111714629114, -10.54758094517453, -10.130165294003007, -10.208746190986982, -12.457203709682434, -9.938157663761803, -10.490148654082743, -10.64655850291909, -11.280169112943069, -11.436768413466744, -9.571014736002132, -7.593623994930948, -10.041167205495386, -8.307415042282766, -11.277415477126416, -10.763668774941898, -11.068299007519766, -8.886286554346965, -12.91398329034336, -12.503610535612209, -9.613533015937495, -10.834344631220166, -10.717995146791058, -6.110626088625732, 0.6547078123500574, -11.320207338093557, -9.205007615339113, -11.45461433628058, -11.131378255629286, -10.320518171483972, -7.7693318756326395, -8.090008356514376, -8.447916261377332, -11.401774586657561, -9.70065621132151, 0.6858958613090428, -6.209921012208916, -11.7125183160712, -10.665034636985691, -11.328444496244904, -12.20760545828282, -9.274993789107267, -10.722476468482302, -10.870043596700429, -9.368993051267887, -10.63178507777979, -10.02920729997342, -9.015486979383784, 0.3648401408550003, -10.160622649037748, -13.804859387859779, -10.95112259216443, -7.933024851894399, -12.400734063484027, -9.884204531215467, -10.861145531418323, -9.609065939072792, -11.558592609176872, -12.316218399979247, -12.454325418667933, 0.36506570810390715, -11.6136228160847, -11.309039137503962, -14.29999372443946, -11.696542382373252, -11.708144141412982, -10.875056044561799, -10.81232638731546, -12.367472424630472, -11.318964148060044, -10.863210344620027, -9.491972535583564, 0.5036189349784541, -13.931992746021917, -8.16661894388519, -11.722506245962151, -12.361380248954635, -8.339337403881327, -11.521280574040341, -10.39030640268839, -12.133893014545338, -13.079187712930871, -11.210233415802993, -12.701047588031605, 0.6661234060091709, -10.595914021033623, -9.741352194602195, -9.83663922912024, -11.176355136469072, -11.243709040269243, -9.652986597320469, -11.93840534653664, -13.151248006496276, -11.483443091043547, -11.943571971480779, -6.20947844600499, 0.9104796368664958, -8.716359042761185, -9.55028730300166, -11.416428127716944, -11.992926006000118, -11.017734635739808, -10.874107115347925, -12.759783296917787, -12.769406299863626, -11.664353830985748, -10.687347284436537, -11.960358039668598, 0.39694857873247197, 2.516888630591115, -1.555267380503116, -1.572177974172574, -1.5128244441839545, -0.5608730764243908, -0.3127758176170514, -0.5811068269769291, -0.42435527050007177, -0.4741225807533197, -0.48805989223567137, -0.5798389191837865, -0.509688850802756, -0.447244871790293, -0.514467767739932, -0.4143728442245291, -0.5503938161886637, -0.4691508643294431, -0.5424837514288348, -0.5186748499821345, -0.5365507450262404, -0.3723004942030236, -0.509978348116235, -0.39674382988360296, -0.49212560878324635, -0.48079303159934383, -0.3970143521219703, -0.4523644616712516, -0.4818171135571509, -0.48029919223069917, -0.43875342556683544, -0.44177112224290327, -0.42893684207928856, -0.5705072566438795, -0.5498964611911621, -0.41627593215005876, -0.4916171439270183, -0.5236393689934444, -0.47135878967916417, -0.4198386125717503, -0.4686646135246614, -0.3798493806872233, -0.5483048827744201, -0.5428517394830275, -0.538222409304399, -0.6052542343735432, -0.5120041605861853, -0.5615833170817495, -1.5708033977922327, -0.43273971221722213, -0.4170860181015726, -0.45920571507385544, -0.5005436534287879, -0.3690487269917521, -0.44066488630938805, -0.5101968655252279, -0.4619674511170192, -0.6332378191155427, -0.49872643935522054, -1.5561148376493978, -0.4857842158783489, -0.5723409909822768, -0.49223281030478905, -0.5427420775966978, -0.5899461719783521, -0.5305411974353478, -0.3493241872871698, -0.5446549622417707, -0.5427847238919632, -0.5097483154434465, -0.38866508669422833, -0.4218019903549916, -1.5167125225183669, -0.4253342678464154, -0.6781609777374057, -0.5604976806928608, -0.5841721619318924, -0.5436675844205231, -0.43284579637234427, -0.41853438895725936, -0.3644430566738207, -0.6220954747312165, -0.5543431905988292, -0.6283984347461217, -1.5877673848832026, -0.4975385253751486, -0.4683106511613187, -0.5377574878216999, -0.514796558856378, -0.49556219129794965, -0.4073794233612132, -0.4123002067441056, -0.443718529616972, -0.5043611608855806, -0.48026516484869486, -0.48417912868568086, -1.509874083407952, -0.5979274826753431, -0.6330903434149988, -0.6288792449506309, -0.6818714573162792, -0.46229265024930905, -0.26740066713746163, -0.525835818081291, -0.5691313001600323, -0.4394369681118425, -0.5580806854885882, -0.47807162192265146, -1.5519185671526408, -0.4744728566376626, -0.5241755901546906, -0.504217331952559, -0.39387723638513655, -0.3653047471352022, -0.42272654809503785, -0.5110254724300186, -0.4191994361255399, -0.49061431852828863, -0.6022657452740326, -0.4686519912853426, -1.5539791084144294, -0.6411341683650144, -0.6839556243497087, -0.5787987689786908, -0.48918938211298846, -0.539519650308895, -0.4218411459365266, -0.5740396167842353, -0.5247412746521001, -0.5085569333415199, -0.5792029053088729, -0.4023956882604438, -1.2625516151170473, -1.1056181896255988],