{"vi_exp": {"vi_seed": 24239, "coeffs": [-0.15939651560645782, -0.1833968670489423, -0.17418487970570434, -12.029594538912452, -10.053128821854502, -12.194173932496096, -9.138220558090081, -12.344655702288701, -12.331459335244983, -12.30080058490575, -13.158637219669489, -12.12267784857401, -11.91936508435978, -10.993812387178163, -11.819856802220416, -11.020702324493534, -12.834758874484534, -12.07170126373317, -10.974094727199471, -11.784612514481514, -10.452548504861584, -10.674886432560909, -6.71715571120163, -10.670790678164694, -12.672401910117328, -9.134557025922824, -11.911758457620861, -9.253493949293592, -13.430585222477676, -10.424451052809133, -8.486516185015677, -12.13707345745063, -10.593704078458586, -7.117615312343446, -7.285263905174874, -11.052665495302838, -12.048269504456531, -12.54855718425455, -12.072793003984875, -9.747818260174412, -9.46600468331849, -12.947374602063555, -9.38911195787458, -8.24902002837153, -9.342732272895196, 1.0741508549079049, -9.311537526185964, -11.877553549968397, -12.56121118805806, -10.71066417053977, -11.859500934859554, -10.62191399050339, -10.366725482460946, -12.787860909887574, -7.161691369951623, -14.01124910377865, -9.66032463067003, -7.645485810501593, 0.4690090073502993, -10.14191131860901, -12.225088730449148, -11.573599001395715, -9.852268802532992, -10.79421003963931, -11.253862875024494, -10.132518068535145, -11.338987868800375, -10.487830144895286, -10.992755634325638, -9.742833371086588, 0.40423397736394395, -10.513768068199347, -9.940915413371664, -11.546581006733563, -13.072616205931046, -11.830115403824626, -7.374458536514705, -12.958386892308269, -10.061600127958618, -11.457811683611835, -9.437809763395167, -13.32026038805298, 0.3971117845380257, -11.986908028660492, -12.370348293002323, -10.584335829941095, -11.063044367082318, -8.876160697359046, -9.195321020567127, -12.899456252775403, -10.355769360219123, -10.958619485462993, -12.892954074446513, -8.091070751673124, 0.5027900198804711, -8.073955706716085, -11.409947537974238, -9.896636919215089, -7.5217605264727085, -11.426814007641976, -9.772127241329207, -12.720333066690937, -10.722499539950164, -11.376474463100903, -11.656759325658744, -7.863383406607483, 0.8653699576175664, -12.78939388964078, -12.303473809479911, -11.018500863332097, -11.022965626459523, -8.317515306595944, -12.440071894419976, -11.722624575806343, -11.761085817876037, -11.151495538650895, -11.073507288336389, -7.910050683103025, 0.7812699089913998, -9.612016030407426, -8.317199046481294, -8.525045405030486, -10.3116760311641, -9.57169215636919, -10.877714017750648, -13.444065302564098, -12.306759312331543, -8.768074965859272, -9.690943451874185, -6.916100075707665, 0.2311415095121075, 2.2482166395622025, -1.541647623739227, -1.534495381138424, -1.5396905131405612, -0.610853913301009, -0.4323335334800127, -0.5268397615775648, -0.4998486459865474, -0.5018477139987623, -0.511125984735498, -0.5037545397743127, -0.5269731618248698, -0.4865954094477704, -0.5817495661194141, -0.5609145581327056, -0.6092875829684179, -0.477741667449772, -0.5907828230939941, -0.4069631784030558, -0.5428952619645153, -0.5073824849473249, -0.52714238984973, -0.5326092512292808, -0.5314031196798125, -0.5577382194428988, -0.5754361273610713, -0.42683245098601696, -0.615366499360401, -0.5669938652137018, -0.5511943311982551, -0.4987791344605135, -0.34137084388554767, -0.4432205734168631, -0.5331818314648703, -0.5060939513406318, -0.44525014019773856, -0.47018445369465456, -0.3821245004754642, -0.474076389047477, -0.5261349585641817, -0.44721295318853976, -0.5106459173286029, -0.3809733872598633, -0.500967087989729, -0.45290131861401123, -0.5331836127468808, -1.5615476159718558, -0.46820934917770884, -0.4987924900340616, -0.4486069334148025, -0.40268737578567393, -0.47331095164566533, -0.59257864852942, -0.46961356814269756, -0.4163193171793245, -0.5064113042491044, -0.6521953988987738, -0.6686644200403595, -0.5079511927230971, -1.5253823793463532, -0.6181339638264591, -0.47013731547547793, -0.4895225190846005, -0.521523905356258, -0.5846702326386064, -0.39303028392497064, -0.4836416329536698, -0.46374615413941356, -0.5511575423095257, -0.6776763191905893, -0.581507807726377, -1.5539612941980974, -0.6688978848362168, -0.5908263201890256, -0.4615098618924155, -0.5761153721566586, -0.4497775531158477, -0.4380515278919854, -0.5401665430619957, -0.6016661375600612, -0.503112804358187, -0.518786913461576, -0.6113834120746438, -1.5445551562901159, -0.4698794226548806, -0.5764476213666838, -0.5387971883923631, -0.4950672912732173, -0.5284172896190802, -0.5385014585011034, -0.48164184605249477, -0.44089638192741554, -0.593880492216687, -0.504920120246498, -0.518534665886799, -1.598514977073767, -0.5001516882066046, -0.5549200514709052, -0.3694686815779727, -0.47880368505601323, -0.44459507941993076, -0.5518309975446609, -0.5097167565522807, -0.5601811979210316, -0.579501700822206, -0.6014347617819003, -0.47682438943657546, -1.5037888581841454, -0.4771572957186533, -0.5069630475171971, -0.4848760503079222, -0.4790760352347647, -0.5284563181930978, -0.4623515607761736, -0.4158009784950728, -0.56910244017148, -0.6166719342106831, -0.5663753180801164, -0.6110063374569726, -1.5339997791542037, -0.5624956290600912, -0.4578360592111274, -0.4617448008639736, -0.584240403747628, -0.4693099072624485, -0.4712727841750351, -0.6137953093198402, -0.5081860892301152, -0.3907772789594003, -0.6194996671786274, -0.45832463307522875, -1.2468190381599364, -1.0940709954969643],