{"vi_exp": {"vi_seed": 54669, "coeffs": [-0.10709290537250907, -8.703512789686792, -8.141322601737269, -9.203799677307925, -9.873690976978931, -10.575818931775137, -13.054366782382418, -9.927568557654064, -13.222130884081489, -13.804464340450304, -9.953000477854058, -10.78487952330831, -11.316787420564571, -12.396475539494888, -11.145246274077211, -12.21759695760375, -9.706886214674075, -11.543955130816766, -10.607215734090847, -9.28084271904455, -11.805017969730233, -8.43682644020078, 1.618053496840077, -10.574118902315613, -11.160072079778711, -13.225236532955694, -13.438684965078656, -11.45382432444705, -12.080054135107279, -12.886615261293723, -9.591875759693924, -12.722285252749582, -6.828172937665863, -7.705390611682366, 1.030588072134455, -11.966225061360252, -9.632343972026623, -12.430344729316197, -11.139089038598037, -12.091793537677423, -10.297398124406735, -11.12661715981416, -11.926449202929927, -7.967250418993253, -9.71121989994329, -9.771324223779088, 0.6891269053086106, -12.54441812129753, -9.640704107178191, -13.166558523438274, -13.178116465432751, -9.222100703530641, -12.111399082522286, -10.127120181519544, -7.657945574953398, -9.856225077754107, -10.015766858505017, -10.165413928753606, 0.4735986248560599, -9.214259002481008, -11.2091348591777, -11.920570515351548, -9.892361829678137, -13.100420718736897, -11.989472038865793, -9.52940638260827, -10.66322302982892, -10.07839653097014, -10.267286519347515, -10.02731989853578, 0.48469097597128097, -10.410927223720398, -11.393233277750328, -10.67025655194187, -11.071951648057185, -9.808087771876181, -9.138471687522511, -9.879377665853173, -9.897621014746969, -11.971295209355782, -11.61937164671586, -12.045027943097372, 0.6462323277364461, -11.45303564903029, -11.168699676824863, -11.142454061056702, -13.175729077657493, -9.45402196775249, -9.729443920063396, -10.47354694593592, -10.602341460508866, -10.456805299105193, -11.246130359301524, -8.59251211033055, 0.7294407260002249, -9.756212993111275, -9.112137119126817, -9.09686488540531, -8.561929842269345, -10.935785159674516, -13.08620806951593, -10.297320065855924, -11.016441867865312, -10.477962209700474, -9.158618413470505, 0.74967021737382, -6.978286235052853, -9.523552692444197, -12.046201161321518, -9.237672353958434, -12.211414511549933, -12.164540777621612, -11.239450175734133, -12.783175256422828, -13.715995951762718, -9.949573285351397, -10.310994893679501, -9.259551566326014, 0.9085812044212181, -11.16675128414322, -7.229760416588081, -11.751176894607262, -8.805505336489448, -11.151842856147443, -11.40969365561246, -9.663374939135458, -11.37713558169977, -7.819507075238345, -9.070369259066144, -10.397840501976704, 1.3340991375762914, -8.26153814646574, -1.5787361271365816, -0.495485529698148, -0.5857221804128879, -0.36584518822105877, -0.45726510091502753, -0.5196659946449004, -0.4772481632983635, -0.5267213399913184, -0.49572531593221486, -0.4913678842831502, -0.46027280459770015, -0.47428345074138095, -0.5820033988099604, -0.407634483500689, -0.6657580022481875, -0.5963250398059684, -0.41851490062580493, -0.5993794625960144, -0.46681685395489814, -0.4289366442870007, -0.35662442336264255, -0.5675235816199723, -1.5357622018709578, -0.5143017885196325, -0.49599880465551166, -0.46588823394827056, -0.41740787173918303, -0.5711780510278636, -0.5530134865241596, -0.5079918184474107, -0.5618769062056503, -0.5248550554428272, -0.4180746567637224, -0.6064789508085413, -1.551439764625816, -0.5838375449347963, -0.5600452546018073, -0.39288251298321764, -0.4699694511162189, -0.5199054139989532, -0.4329545993944781, -0.5267833183620969, -0.6151603250219739, -0.4239184923125241, -0.6124432586126398, -0.5478032680535686, -1.56994094491252, -0.6155849477867246, -0.57972407988179, -0.6197686475260777, -0.5423782481490657, -0.4976924653267922, -0.5601941548019926, -0.5631327831201521, -0.47068701313449474, -0.4186420093005451, -0.39383275342760277, -0.524197354620415, -1.5716041263137062, -0.43573688992279097, -0.6085885850095276, -0.5892838375025307, -0.39839191197650653, -0.4773647315191817, -0.5794095947084887, -0.532650262546486, -0.3468099863540649, -0.47471131922613846, -0.5122838965177184, -0.6279793172130981, -1.5777565958904602, -0.5985067250161219, -0.5031125092369997, -0.49776329527037716, -0.454621186145376, -0.4374918367522567, -0.392771784635197, -0.4650266784588664, -0.3970070068303287, -0.6309949273558497, -0.5304900568014654, -0.5607362528624197, -1.5236640164011082, -0.6116321893384766, -0.5559689537741661, -0.4858466836112616, -0.5697741440171195, -0.5938712025281907, -0.619446264529292, -0.40345385332368616, -0.5442004660340933, -0.6364349019535467, -0.4464877499603656, -0.44146350769537446, -1.5472221149472307, -0.45188939255850036, -0.5270860099767657, -0.3771530834001806, -0.4743192191109767, -0.4129482485209558, -0.542540000280788, -0.4149196725670239, -0.429895402262555, -0.42185167870420254, -0.500061528264975, -1.5794418796700034, -0.546628126474705, -0.19222023039087865, -0.5332635656210221, -0.45098423251666797, -0.56446666662665, -0.45750259109627367, -0.4420210706449069, -0.5490698656846562, -0.47997802582176524, -0.5697630220425856, -0.5012547986683408, -0.30057408096108046, -1.5261162421858547, -0.5650708947687266, -0.5759429999719728, -0.4333776061734253, -0.4264874813982163, -0.5155974995763154, -0.5158398386171699, -0.5806908852034726, -0.38478182098939023, -0.4727632766780309, -0.5872635821990351, -0.5433081462214202, -1.4960254040215137, -0.6592935428490682],