{"vi_exp": {"vi_seed": 26417, "coeffs": [-0.3995766752188147, -0.4011092680061282, -0.3873049269251711, -11.559354623458148, -9.313121063801923, -11.641231483400677, -11.83758752169421, -10.286388006774187, -12.464773732097218, -11.291917664537436, -12.06326399871251, -13.364754216285956, -9.341036649591299, -12.472812885435626, -10.688250820842084, -12.575951464128432, -10.371933782944133, -11.778448704616505, -9.445887350569247, -15.271720197654842, -8.589660092268916, -7.977398764007383, -6.296571403133212, -13.894876678109462, -11.624788414296113, -11.666582384837302, -10.702463252355022, -12.51263569007284, -11.7273332320644, -14.127592830473356, -8.346474314196808, -11.646794552378593, -11.786581091438284, -7.5375282550513845, -6.602532625774136, -13.778610216387088, -10.41366395630537, -11.099482436184568, -14.025208935300364, -10.189847752351708, -12.035276172269812, -11.599695047413885, -8.992051032012704, -7.984039018543009, -9.596475394323564, -7.019932361441, 0.49556625874759097, -13.66047583878327, -10.01725444492957, -13.060303037355723, -10.813884011535208, -10.139186459850045, -10.976651684238945, -12.0968878484995, -8.46919333060694, -9.45127690658854, -7.624763079653836, -7.7717989654526365, 0.2616926136454729, -13.078888707525321, -9.330789108616926, -10.374171018323045, -12.16963137870082, -11.983387066722521, -11.261853532629823, -9.673255340752394, -10.053902772928607, -8.026350193555016, -9.440139791293118, -11.906895346168392, 0.2345478912771875, -11.859852298347652, -11.728495235949566, -12.650809192181857, -11.960953689300307, -13.105013874654324, -11.90506061650668, -12.155373981991767, -9.779387705470873, -13.112650877170235, -11.343238241647962, -9.81926002715556, 0.24367570996406357, -11.20099174675373, -12.68436467724699, -11.763011781325536, -12.02409713959906, -11.420669940987777, -13.327949054826021, -9.558199243582479, -13.201981030424458, -10.762730952346871, -10.732145346274427, -10.855052509439835, 0.2949110014041571, -10.11354364091563, -11.346263636549013, -11.04084960858557, -10.31853306228222, -10.737034517701414, -11.581548714739675, -12.689244180171737, -12.860615873476936, -11.550137693534404, -9.344324821838184, -9.807522264969094, 0.4360576259097983, -9.62006961256004, -11.630214985978014, -9.022717177988584, -12.442182695238916, -13.672023175246775, -10.924601600533364, -11.046076150681527, -10.528762894181758, -9.893564944408396, -13.037670783459832, -10.76024182557857, 0.8490461227603388, -11.171202462887544, -8.14425727671883, -12.902152007547713, -7.755531442066317, -12.35223328235124, -9.8762005496339, -7.843192743311325, -11.550985395715996, -12.066572709086678, -9.598326068200977, -8.291814225582472, 0.331139894075943, 2.2536037690997732, -1.5767307928755396, -1.553286084129465, -1.5151377552634575, -0.45304200726415556, -0.45127511092727407, -0.5158788161993307, -0.6495105967652889, -0.3628763442790923, -0.5279783277300403, -0.5091248253748097, -0.5378292284299293, -0.5141676023945937, -0.6060009905615581, -0.6259096314041153, -0.35702212802468836, -0.5667400976525658, -0.20929328700106317, -0.4801272861650363, -0.469025457003514, -0.4199704794593803, -0.5333694347690214, -0.5510328804082066, -0.3411782298274233, -0.49969869607048467, -0.5969128625077422, -0.5143040630444049, -0.5474308412995399, -0.47187839741444776, -0.4875438555217917, -0.6654510789332624, -0.6557210954622329, -0.49357199537313284, -0.6155178412136574, -0.6397417435830679, -0.4571729920260527, -0.5640073430708509, -0.5259247415043433, -0.43823716668343465, -0.5118378889459181, -0.6137757594888462, -0.5976429880570298, -0.6271259421394328, -0.583504721613296, -0.4712472377423627, -0.6087691580863117, -0.5813821772940192, -1.544187227352244, -0.5875973558192593, -0.4775217349788658, -0.48833993592173486, -0.6585079775364339, -0.6337427669526514, -0.5708779070090376, -0.4536732827475942, -0.5576256786722115, -0.4161762052880441, -0.5798304047116437, -0.4723306620286822, -1.5718445134128063, -0.5679768318274803, -0.40091983739704284, -0.48625926595413255, -0.5982951877212921, -0.5206938595883889, -0.45957418818039775, -0.43527156315707344, -0.34109548178780463, -0.5571847449445148, -0.5189270918363136, -0.5466515009578086, -1.5432162892066985, -0.27610124705528555, -0.4360212875206637, -0.5041362322897347, -0.5728074557877798, -0.5868587091763587, -0.31225709120316647, -0.6142196966917778, -0.4185662538187821, -0.5233283444543475, -0.5615469372944976, -0.5774713009610215, -1.6044924774132328, -0.5545852043146139, -0.5724943712257694, -0.5699102988183343, -0.638195120066937, -0.5245361896366499, -0.565672199560405, -0.5640169718608002, -0.46899458945020117, -0.5072921863224159, -0.6631758220908699, -0.500817235248088, -1.5488695584809387, -0.4362047843146643, -0.41503766739423936, -0.4590073600555491, -0.542446029428622, -0.5250050962998164, -0.496732767634527, -0.5908324298337343, -0.5836944969285099, -0.2913485344306744, -0.49150833829731155, -0.5823124216709898, -1.5455377657509777, -0.5131471712724351, -0.42141304004729596, -0.48969372834283637, -0.5387866597313841, -0.4747036097721948, -0.5196428348887222, -0.3702176944315503, -0.5468203333549706, -0.48679308493856105, -0.5919393989602129, -0.668008858159964, -1.5548528352149598, -0.4719195882216296, -0.5567936373828306, -0.6040972124564755, -0.5739400053010209, -0.6239858030860541, -0.521115752946669, -0.5981671695888358, -0.6206028895551959, -0.5430134821886113, -0.5679998555573993, -0.5119823817488435, -1.3092586582164445, -1.0538329086398535],