{"vi_exp": {"vi_seed": 64348, "coeffs": [-0.36518546233846627, -8.342783801116928, -8.726391445993414, -9.943556578388433, -12.44902066345065, -11.872765171861024, -11.731798384999228, -12.137057902603704, -15.297586745306914, -12.124155594436877, -12.455800903368813, -12.34055891293662, -9.861171830719522, -12.525908248059498, -11.076448572537553, -12.02442223774006, -9.388573852070317, -10.842022975450375, -13.413316164034041, -10.601163472467588, -11.54887659280715, -10.93537854814808, 1.4097452403300665, -10.60569198442962, -10.940480683665509, -11.54746830506041, -11.695221405379893, -12.943184720272587, -12.467877822773485, -11.218545723670394, -11.57514663985384, -13.6697790338963, -8.046533156141708, -10.725790422873875, 0.752401479787002, -12.382984930182886, -9.801538741631305, -15.090600799935446, -11.776988434862524, -11.015331317874097, -10.477981935260763, -12.819304545749867, -11.836333021806384, -11.260009306361898, -9.826160220706237, -10.574213274246537, 0.4054353981052354, -9.934833582295841, -11.574091996585722, -10.473805323053606, -10.330172323829176, -12.812771106714598, -8.86087705152927, -11.820645930867999, -11.004571840448403, -10.263694637334115, -8.127178809496616, -8.07388174786034, 0.20106776870900092, -10.920998008038364, -12.372489701174317, -12.946906568485884, -9.03719169970883, -11.38227384277754, -10.99260332819482, -11.65583395694322, -10.83949894407343, -12.2588813388906, -9.757040738367458, -11.706880918363787, 0.32338504254975015, -11.64603125334754, -11.642677740672529, -9.208561847876533, -11.798076559441117, -10.441417092054277, -10.264851521704577, -11.269064343654767, -12.273678929203315, -9.637789089453287, -10.826672642439163, -10.998862710408057, 0.47210409802212855, -13.312556078435549, -12.673027977057151, -13.348993900312768, -11.379832820761457, -9.763356606285795, -12.32668701184759, -13.150784400604385, -12.000473388877518, -10.96386721784992, -9.77882287526371, -12.432993387670773, 0.4708544863291169, -10.523254511026808, -12.436948968084138, -13.951205596030782, -10.390448395269088, -8.722194104593692, -10.302914391172875, -8.830903943938136, -12.22529082149171, -10.161508722437114, -13.270488199778493, -12.09541161791329, 0.5624604179644417, -13.849439311583593, -10.088176573685372, -8.493529567402208, -9.900943786174974, -12.74043827561328, -9.51747411866978, -10.764866039695107, -10.819885778144053, -9.298095670302544, -11.135109598222972, -8.56486733697358, 0.6575070063706275, -12.023831214748723, -9.919790384737732, -8.609131092927989, -10.781334582431983, -10.860440763601794, -11.062098929687643, -11.414109570078077, -12.953984892350464, -10.078002743274704, -11.78076306173515, -11.399879716825764, 1.1516321882379605, -5.398258665291762, -1.5547997256290427, -0.5908661738938092, -0.5562546481063725, -0.5909926546318324, -0.6508930296957212, -0.5606513892813102, -0.4815965562167499, -0.5060133194720077, -0.5692893827922445, -0.562666104802604, -0.4773447988037265, -0.5736282700379068, -0.3727984244108351, -0.5206313079480991, -0.558588019216223, -0.5038869681507403, -0.4315444413136732, -0.5197191183131858, -0.573553249151638, -0.36302899268824806, -0.3614633608137085, -0.530766647359223, -1.5466805416882898, -0.6194048232959479, -0.565421743846586, -0.5649452475262919, -0.47092702466060093, -0.45813887886726756, -0.45871137923764504, -0.5136343835796193, -0.5756860401588552, -0.6067188628465174, -0.5595845736034122, -0.5453155827385232, -1.5384287655310465, -0.5947932625514125, -0.49101994821785283, -0.5872720886330128, -0.46924465579020663, -0.5671449880061731, -0.4753677207328797, -0.5452337099856276, -0.6254086099234424, -0.6248455718454827, -0.48129046619521076, -0.4896862699818669, -1.5660828343889424, -0.4266714064323435, -0.4341448875187384, -0.4195255815070334, -0.4209511719586862, -0.4676378072854033, -0.5937884033067088, -0.5872813260184128, -0.3693252721297032, -0.3598996352635825, -0.41757162542637793, -0.48092365312746777, -1.5627402430396147, -0.5002385193919546, -0.4952746148815286, -0.49512800870229584, -0.4388319995547135, -0.5262589380814882, -0.5745418450756798, -0.551201240224705, -0.5459215002810093, -0.568937607143828, -0.5425441287809147, -0.6074940126522762, -1.530396234242265, -0.5370920646287441, -0.5919292144685291, -0.47571073250707974, -0.5414675302841491, -0.5966958401472063, -0.3728553240817321, -0.5308903840544628, -0.5391393769852254, -0.4961127280623069, -0.42505901926442813, -0.5576963432085912, -1.549078410705539, -0.442978487609814, -0.4266843688188811, -0.5434566137482815, -0.48906559531528526, -0.4491514734300904, -0.5501101438455445, -0.6049693358274814, -0.5414817354836776, -0.5290441674311264, -0.5144416130431756, -0.5940546346909209, -1.581024202105685, -0.46901511988384154, -0.41644443687305877, -0.692056315412716, -0.6215974486876735, -0.5144867698432641, -0.5508458718077898, -0.4506114570769243, -0.5703434449427686, -0.4528333403517699, -0.7262312050624371, -0.5328925518142908, -1.587560903613279, -0.5555574239359972, -0.4848573244396511, -0.481824001664498, -0.6024661814113546, -0.449660335901519, -0.4143609427481245, -0.4445322382937091, -0.6168116617957808, -0.4664796113774255, -0.4772932612005083, -0.46139859850295667, -1.5633025873630761, -0.5391638573408628, -0.5099257332007568, -0.6114634218232343, -0.39280065076396936, -0.46961435936616713, -0.5412637619953464, -0.3396035562229948, -0.69153097484931, -0.6605639983460985, -0.5271584707838592, -0.5522205548852531, -1.5900155808986731, -0.34258426062125796],