{"vi_exp": {"vi_seed": 27742, "coeffs": [-0.9362596971629032, -10.253538574770099, -10.959941933497015, -11.279561395230733, -12.26249926472881, -11.712737275892053, -10.930941119470681, -8.911823801082729, -12.163638022010057, -12.607919757250556, -12.05653673579219, -8.927049293272898, -12.83329539573629, -11.784226971902692, -10.823376822625018, -11.873758704420961, -13.604871788299578, -10.055908325180232, -11.57360820356723, -12.02301069426717, -11.67415198709526, -8.889424218370761, 0.9419200267313015, -12.20185487029401, -11.015575876256412, -12.452805296805291, -11.002886382456296, -10.3032975227037, -12.00584109048612, -13.25681029364505, -13.449088767487531, -11.446577875998063, -8.499662665320106, -9.922955971416771, 0.37111749955524914, -10.988537146536327, -13.852006244265677, -12.819307494467601, -11.269494938589677, -10.99182677612359, -13.037862628562419, -10.328321388102317, -10.488493010941108, -7.6415726894336204, -9.867547071651153, -7.237786350177502, 0.019064176676444645, -10.984829377508152, -13.556423751794004, -13.015754256995688, -13.402898016836243, -10.705477662607898, -10.852171253395506, -11.108910408296223, -11.879804817210927, -9.91917561883079, -8.966812415058884, -9.881655806298584, -0.1858748854680122, -14.24382392469596, -10.607659691560215, -10.74842387790366, -12.02162038752818, -12.796693374266455, -11.589555247420199, -10.433971700146406, -10.686065524481732, -10.068373301499232, -10.8069347377679, -9.156142586537326, -0.31081147658634867, -11.32487229503976, -14.060725866426974, -11.70492949682256, -15.383251570945417, -15.217271902588704, -11.3125008804511, -9.919040505602053, -12.04260661194876, -12.046118526604706, -8.982929082690559, -10.077648370154598, -0.2804371904881688, -13.45823972603818, -12.04803467743127, -12.427910177015455, -13.813963753909931, -11.253203504148193, -9.745074865722243, -11.175324349935675, -12.994798553946326, -12.610138724593934, -11.75424942648022, -12.508836398057165, -0.2389785906303428, -10.332477462545018, -13.859803172411397, -11.189702624777533, -12.692861512617567, -10.405487348987835, -15.192845799795668, -12.86949498245002, -10.720493445876421, -10.858488933151278, -8.400609754901803, -9.86706463621544, -0.22137646737468444, -11.49227451268142, -13.087803190747966, -8.63516614260111, -12.61593727966825, -11.003090737233942, -13.510622014945389, -11.369585364473826, -8.171974482142918, -9.753835752646708, -11.01760740590506, -9.66721172777593, -0.12749978259038422, -11.584842731997794, -11.461595102045521, -10.503199254448992, -12.481343789979398, -10.72819857581824, -11.481986477554436, -12.249178272359195, -10.345006401232512, -12.574898537607574, -10.758922544934762, -12.169948620256825, -0.44674470762082197, 2.746661976504144, -1.5233209962417813, -0.4622939620085814, -0.512010514922616, -0.4370134446431191, -0.4763789442955045, -0.50085849764977, -0.4805205765852938, -0.5097657560520757, -0.5631802422512086, -0.5263157291673937, -0.4998102366743844, -0.49544824456782977, -0.5962431926504047, -0.5843693256547199, -0.40853721064279663, -0.3456417974705634, -0.5410762475684266, -0.6285030419188566, -0.5634595299438349, -0.5041398931409342, -0.4708412522175853, -0.5827491622038876, -1.5569583078196758, -0.6251532153080773, -0.4370491270460225, -0.45952551124079416, -0.44786901097730625, -0.5391483035637025, -0.5680439877695805, -0.5568242543468922, -0.5819023712312831, -0.5412617611528333, -0.6279796938142052, -0.4908828227302689, -1.5538981870520046, -0.5390122791843316, -0.4834601195166821, -0.5595482972296671, -0.4324577656269248, -0.6146181370091964, -0.646053011917418, -0.515628001878071, -0.5626403689487518, -0.326619549546895, -0.5145676771431736, -0.3400391628500001, -1.5330958655587086, -0.6820341555737721, -0.596682822113199, -0.5745860167913529, -0.4908782847916433, -0.48526549870675384, -0.5439747962355576, -0.5217026958461396, -0.6523183111923134, -0.5337120086161512, -0.5156752437880199, -0.5644519975081685, -1.5177995244833262, -0.6111521469115423, -0.4271707996408749, -0.510310072219343, -0.4513395108010781, -0.5561385806517639, -0.50786924848092, -0.49786733183725906, -0.5273395427796591, -0.48884966300051164, -0.5171956571360551, -0.6569464777642846, -1.5704111942954153, -0.5598484643380762, -0.626300603531611, -0.6138951011247628, -0.4281252964889275, -0.5063969221891537, -0.5231511925849597, -0.4548385304859437, -0.4395803212824491, -0.5623826692806481, -0.5671623359944417, -0.5396424379124191, -1.583303614986616, -0.5830050074773863, -0.657892187518631, -0.6481537223822375, -0.5416094904128175, -0.5152398688363017, -0.5271605717689641, -0.6138626549876037, -0.5968069675808043, -0.6036873594631619, -0.585760386652061, -0.4665926137399971, -1.5529211549070348, -0.45574120761366166, -0.633256389076543, -0.5506338828169004, -0.6082157006158756, -0.6215238884098409, -0.5905407213537581, -0.5186698526202584, -0.5395770261308019, -0.5350572467503372, -0.44582007278064095, -0.40825101019026344, -1.5374916786467663, -0.5572397749896685, -0.4447202001142724, -0.5264621383255955, -0.5855812831049236, -0.48364730120926347, -0.6521356653169913, -0.40191729930550923, -0.5302478847993937, -0.29857880514329965, -0.559181858382893, -0.4561793349240645, -1.562813446013837, -0.611542058436472, -0.5554910064174406, -0.5406088832817715, -0.4322882296891897, -0.408815700918073, -0.43913775363966684, -0.5152836530006671, -0.5214284233757326, -0.5065238139160452, -0.3422616968551614, -0.5677700837321993, -1.2938569963711064, -1.1705630415015733],