{"vi_exp": {"vi_seed": 59675, "coeffs": [-0.20018728879233208, -5.344525567626599, -0.21125817322949064, -8.641414224644075, -11.949082046054952, -10.2764391506247, -11.463727077771146, -11.793914715491049, -9.026068944810474, -11.89232856744765, -11.940767339478189, -8.690099380123867, -10.613897458034065, -12.374568862716018, -10.263197018268102, -12.9243554532403, -9.17524826266382, -12.038920342813276, -12.042919003591809, -11.356125215291023, -10.900357498070289, -10.620702787780163, 1.491422720305493, -11.23051218974517, -10.327040129581869, -10.845276381383828, -11.892605345137664, -11.347395275137169, -12.940397316819988, -10.987898645308931, -12.371148862892227, -9.312135841176435, -8.98894737999691, -9.97601635412411, -7.94673040655202, -10.160394297801782, -10.842716817037921, -10.910399224516574, -9.223092103288371, -12.225563066209226, -12.156325148279864, -11.521383295153035, -11.833629803988817, -7.2647611978723186, -11.526690177980859, -6.750950431421962, 0.6712877343243865, -11.090716337482743, -11.20712873560124, -12.520579528915581, -13.402738885292777, -12.03709289795851, -11.39632257198295, -11.237243139194154, -8.600332634102305, -9.139222380134866, -10.721518042932491, -7.752659302256918, 0.4659248528673895, -12.255687820247193, -12.760792140256996, -11.468316192063822, -13.317722256637452, -13.771515696358588, -11.356969255361445, -10.563354120914648, -9.319807659224075, -11.083441194621363, -8.782560260262686, -10.134220408850268, 0.3717608250286166, -11.573851947722977, -12.047566237630285, -13.86965279255614, -9.983051031513636, -9.697631985058123, -10.84081499668927, -9.677707295405709, -9.37349004807799, -10.735455972209033, -13.471604292952348, -11.334796548157618, 0.4340443894352319, -10.610882264960335, -9.177697403842245, -8.219059765930457, -12.660895347159407, -12.186968368329104, -11.103716566655917, -9.243469651071065, -9.666367236606904, -10.697309668560033, -8.98951648497151, -9.260130886919217, 0.49189222022105566, -10.269549611050676, -10.66304741577212, -10.532277824437141, -8.645184783202861, -11.358796785843415, -12.539545060347042, -11.131820001530492, -13.879584245673517, -13.139412541857174, -10.76157614585152, -11.933174098159185, 0.7453284163261588, -11.604128736294852, -11.654365756509037, -10.029451735382368, -9.24576133608207, -11.92245573701943, -11.453417137798981, -9.581062685653263, -10.317191191637841, -12.008039977312968, -10.950155513883223, 0.7610661364857204, -7.070075301017047, -8.900929421983935, -9.785947902596918, -12.973739319800389, -10.46958305058737, -8.72735530822943, -10.008913820104093, -10.432844598767566, -10.856726189609589, -12.350830902785518, -10.183310862409238, -11.332767399332745, 0.3478081399676031, 2.585921836177163, -1.5566820162181751, -0.5944637559285867, -1.5337349662406818, -0.560435453986963, -0.5788589256146537, -0.3774704277759341, -0.4902470198475278, -0.5398586365694156, -0.5283323520824796, -0.5147773786531754, -0.6031480004432972, -0.48845865738398686, -0.45103576634172426, -0.5258074329119623, -0.44241226456776434, -0.47469233467734484, -0.40872806822661756, -0.41778624928280217, -0.7317187654788028, -0.627778159149378, -0.42644019503111247, -0.38880418287578955, -1.556480690545895, -0.41026766813926896, -0.40502134437448983, -0.5248136232716266, -0.47672928840935014, -0.6159102283710177, -0.6204362193328479, -0.5353598265454422, -0.4458596953505385, -0.6076553922794528, -0.5633856009636912, -0.5259838393866526, -0.4576910760847439, -0.5670583937306432, -0.5950741394417833, -0.502024545521185, -0.45613711737796414, -0.5031648189121559, -0.4158486791175945, -0.45181019674429806, -0.4830833974116417, -0.6002294856994469, -0.5286569669500037, -0.4775158228558298, -1.5781827745212007, -0.5332362125109623, -0.5606875250808054, -0.5787065323226791, -0.6428228304292175, -0.4539431379216419, -0.4884591982664925, -0.5029411966218431, -0.4822397614693392, -0.5372193841256515, -0.43815742153136855, -0.5611525975470433, -1.5412056755660957, -0.4401304983221122, -0.5687639599617368, -0.5626136682434083, -0.6180545406010455, -0.5857293596411678, -0.5664490965998377, -0.5435043394044945, -0.5182839837029445, -0.6186240097948147, -0.6319325975622426, -0.3912428599675564, -1.5503948397227105, -0.5654092947839129, -0.5673399391460276, -0.589179123730423, -0.5402797585697927, -0.32423307854844524, -0.5089351953372098, -0.5782049061484381, -0.4926925710388052, -0.5753533629151062, -0.5996894729291905, -0.4321965457673655, -1.5685236615826028, -0.45543917638567777, -0.5204872017462489, -0.5722451243798992, -0.45369923955595803, -0.6479092831356112, -0.419898396368054, -0.5331723175099932, -0.5682428315866649, -0.5273535314851479, -0.5474168760819413, -0.2998392128330532, -1.5717001291140997, -0.4026562824566245, -0.5154729612515578, -0.46215427605649895, -0.5748063588463543, -0.5126243061027266, -0.46771865754252157, -0.5172305761976466, -0.6078065111542186, -0.5283080272061236, -0.5289489871230078, -0.4870516574092856, -1.5327547794540788, -0.5415210661225149, -0.5154372626229827, -0.5627410510844131, -0.6046797256510198, -0.5398394120781707, -0.5457406856876693, -0.44617023976479975, -0.4541929397496512, -0.4915353904741158, -0.5778579087495409, -1.5387306503944849, -0.5150852073240025, -0.4892192773781255, -0.5171701087289543, -0.5602340469482592, -0.5721746914918832, -0.49483275714670105, -0.4480625215036833, -0.5161091118087737, -0.25436931048272465, -0.4053509613720012, -0.42673346117494354, -0.5925261486940365, -1.233688600067738, -1.1205148620172896],