{"vi_exp": {"vi_seed": 43368, "coeffs": [-0.24700856934732884, -0.22766853345245833, -0.22533351943168906, -12.233968115094346, -11.045939079736442, -10.813697225674854, -11.99681597415253, -13.091980354822027, -8.647024282912012, -10.974357846190092, -10.942982445896606, -11.907135016799064, -12.027188499537385, -11.587845711974635, -10.638155137873317, -12.717923663511876, -11.191122539834138, -9.230691635285488, -11.174838346429624, -10.34781917924617, -11.399548582433962, -10.63991322404782, -10.301785726524399, -8.825629957958924, -10.692774535088809, -9.45034154781745, -11.178518799066529, -11.349522215586717, -10.709311478835515, -10.614352844668021, -10.532114963932326, -12.322092296501026, -9.303738142650241, -9.525018749674437, -7.624836543090504, -12.089376209930077, -11.393012953242572, -12.395080199360594, -13.123371740579769, -10.803200822176523, -10.646098089761397, -10.732833719613009, -9.733097408101726, -10.90621148808394, -10.043412794481547, -4.639388500755491, 0.6949071392642238, -11.219902595881319, -10.795378910923601, -14.44633746339648, -12.033819613753414, -11.720357484667954, -12.863248773884049, -9.408284095578427, -9.380297729135183, -9.914964651041497, -11.62981138361867, -11.985486010978642, 0.4615014763290409, -12.02240180215276, -11.284780174953564, -10.457258410569185, -13.439899961831808, -12.097943900453117, -14.545537973301078, -9.407513788245254, -7.806681034835072, -12.21798741255874, -11.628481911281016, -10.14355083775008, 0.3792062255271998, -10.050283108996771, -13.01132970638833, -11.764858262180537, -8.972803781051278, -10.621986665444023, -8.547185115823684, -9.474054998888475, -12.543703615250038, -10.385873409032222, -8.852055090669177, -8.217889670664837, 0.3949988227373318, -9.88470857245489, -11.858953624218831, -12.968980367938947, -10.003520954189097, -10.45731428499434, -11.648124614941853, -9.78681431861179, -13.033461542029148, -11.761672523301142, -10.476040104875173, -12.00631212096755, 0.5047754653117099, -10.736116855576464, -10.73205461105004, -10.831224473415498, -12.558228750401723, -11.50542192786212, -7.317190607178774, -10.463279017445181, -9.655731633993552, -9.036281099454737, -12.870567929622021, -11.199497337709719, 0.8103282078865879, -10.654841368524385, -12.229684520855947, -8.027993040048399, -11.098208179298647, -10.162750921180223, -10.06185553806819, -10.693761885813942, -10.966783080670167, -10.535933006463777, -10.073798712581066, 0.809509959148449, -10.136671695410131, -10.30340665228519, -10.03982081750224, -11.753231582670574, -9.864310434081563, -11.183613910526548, -11.025670806380269, -10.498814976588415, -12.216300932547359, -12.123998295020604, -9.973699165238344, -9.653726573160199, 0.43865834945794474, 2.096044570613905, -1.5623577087237124, -1.5659327149892726, -1.5160583259547473, -0.4628652775622953, -0.5774509119332347, -0.4003209045164488, -0.45965587489164306, -0.5443270676718467, -0.4118854358086998, -0.5407269952248571, -0.4124275748403658, -0.5316499505352357, -0.46992297501384794, -0.48527390255504416, -0.5680291708791723, -0.5759646110442117, -0.42398861498494506, -0.4863137429393183, -0.4192126061093194, -0.5368179906755508, -0.5448433536325155, -0.46937297696759067, -0.5780579709459771, -0.5963601810945436, -0.40165613956179647, -0.5545555814734383, -0.49481224916623756, -0.5415702446098144, -0.5059313709516612, -0.42717671438620947, -0.5508782566508725, -0.4375941959851098, -0.5425481927439475, -0.3973366039206206, -0.4868844496013509, -0.548140404245338, -0.33237524946405433, -0.4666689688218163, -0.5441599617729036, -0.49148372300125975, -0.5517764428802321, -0.44762177209260906, -0.4373066138901087, -0.5262561749785, -0.45595677636620535, -0.4624569800752457, -1.5639127290656805, -0.4241388511338097, -0.5479783810597132, -0.4356897001697625, -0.4522626661477547, -0.48077414578242866, -0.5341390428627971, -0.5013605650089857, -0.47137206827332795, -0.5289164800066283, -0.5167361253086188, -0.6696782197422873, -1.5630538929944024, -0.434504219587898, -0.6073025719580997, -0.38462468153645835, -0.6167169295494263, -0.5533869868948214, -0.6081137370035476, -0.49461285983570324, -0.5913611944328492, -0.46424011864250797, -0.48596808852538953, -0.43589573395118075, -1.5442452060553185, -0.48488942957874476, -0.5159976267696526, -0.5223499839158936, -0.4642706901102741, -0.5556620971362088, -0.4310196036793649, -0.3806366274890494, -0.5274140377998597, -0.44547639888211105, -0.5930790521829631, -0.393984704925405, -1.570506714051431, -0.5915684795615437, -0.4185163927652869, -0.6657900947846009, -0.5834064165704912, -0.6002457638031464, -0.51523046756573, -0.5176685549298783, -0.5792975619211677, -0.6868235429914594, -0.6788498443218323, -0.4221396652648998, -1.5456736249942635, -0.5210202655450795, -0.4373407659969937, -0.4631176148472007, -0.4995696759899211, -0.5592875501578818, -0.43817767596479723, -0.4971503922282737, -0.3584947312372085, -0.3092732950472321, -0.5974817549480951, -0.49297678845542964, -1.5654202859194444, -0.4940176738046244, -0.45133326455949735, -0.5733551597710149, -0.46874570376055763, -0.5356423722112843, -0.6121578563301051, -0.5303276500240302, -0.4988948778137293, -0.49499856802047365, -0.4609769855802295, -1.5538354196341007, -0.5447989206592443, -0.6375574173438443, -0.4633421268183784, -0.556052251996969, -0.577465650004625, -0.5828908672064741, -0.4175574563200785, -0.4922090664589504, -0.4523637866463161, -0.5351429908779354, -0.5264861563658082, -0.6342848579855032, -1.2955072166768584, -0.9835629197729641],