{"vi_exp": {"vi_seed": 10462, "coeffs": [-0.37756314592955204, -0.33686643324411847, -9.851530339379597, -9.679691859598757, -7.544740869639696, -10.704526478805255, -12.3675014127619, -11.269774618839135, -12.751626519977746, -11.851075045503837, -11.61399985497788, -9.508738551393952, -12.253189805664663, -12.064285034881935, -12.199678853443135, -11.674273437099526, -11.799418503620647, -10.452247821545525, -12.588517404698694, -11.714637942684886, -14.067407169469641, -9.001179890731084, -11.542656955052225, -11.41361731467507, -8.681296544641215, -10.687718293690875, -12.480180652660167, -11.259852857603248, -9.808019730247546, -12.654366349073591, -12.008141973712979, -11.755516055179893, -10.212456737438632, -10.353112712710496, 0.7383474299029218, -10.840692538457036, -10.754750550978686, -11.336943743822875, -9.92553078594861, -11.91136242781735, -11.072509648251733, -13.369282622473834, -8.846376113002231, -7.641807654300236, -6.686169837562342, -7.871309145972234, 0.3693810764253985, -12.143942494877617, -10.882141596215146, -11.52436270268204, -9.710835778564293, -11.627272028951651, -11.940974919169749, -10.56760910509822, -11.088777212703247, -7.232358216681979, -10.650859733263554, -8.472715366218985, 0.20479156168053123, -10.422859287684807, -12.146594472333524, -10.153204735589908, -9.205152004614872, -12.285866683254888, -11.51086056135358, -10.828231490195003, -11.459068236522883, -10.667357913913847, -11.244842663452486, -8.907243387515836, 0.05264770667671409, -12.09559238362699, -9.72322671141276, -11.259141173661522, -9.984626835180258, -12.66199529091279, -8.952639175041845, -11.132162915229687, -9.363155385301186, -13.369481427987921, -10.490067054001049, -10.348990502991892, 0.29550698911577267, -9.69096555277228, -11.27142270098359, -10.589584165116582, -12.755410615038665, -9.669462562000367, -10.346370839385722, -13.138338388582316, -12.057198036787728, -13.06214127972421, -11.205169391334735, -12.362292983218985, 0.3226057510563803, -11.11274662679912, -12.831698892317629, -11.377637491072809, -11.947751366651795, -11.246471500681947, -10.666721844989494, -13.931431121802728, -13.245654691215602, -10.927102236384023, -10.749594141394171, -10.425381812103824, 0.31566635711518765, -10.105420635216678, -13.75986193151233, -10.843826095539093, -11.232532518021305, -12.638193438383054, -14.056349372405439, -10.060791031089016, -9.745103854925498, -9.791411855051171, -13.007565765837708, -11.926130667099347, 0.9838483555832369, -10.87488023239394, -13.969664634700521, -10.464010187786732, -12.628118495231433, -12.12198868386068, -10.795629829404536, -9.602741728301897, -9.905301732088102, -10.122549652923805, -13.057250764829245, -9.817333477227358, 1.2560884419322145, -4.897463338491807, -1.5358946570718828, -1.5055285475463385, -0.4278489916608537, -0.46558641308556836, -0.517588652693315, -0.5172143294170523, -0.6383048033397049, -0.4829361097274981, -0.5577833033482513, -0.5000864778526449, -0.49239555321591955, -0.5199804578387963, -0.5958019541933351, -0.3661347778354522, -0.359258786060435, -0.6135169035134849, -0.522325049378459, -0.5046201500316903, -0.6471899997814796, -0.41040468389941964, -0.5969885266166487, -0.37119345535210474, -0.5439452217257341, -0.652272567181673, -0.408279562606558, -0.35194030391720005, -0.5522643681327783, -0.5768590250788872, -0.4786006971661825, -0.3643598258034623, -0.5979486305667582, -0.6339234471347306, -0.6002320716266664, -0.5539431000828037, -1.4940090723582438, -0.501670189666348, -0.4163354749632832, -0.5544301207442174, -0.4952006537632891, -0.49663034211255597, -0.5424370236158189, -0.5616624032536729, -0.46040976181333093, -0.2778502620006129, -0.5409248100101283, -0.7577674298834571, -1.5487085535383827, -0.5984216264538936, -0.4200407655746842, -0.5620986880454495, -0.5199046761950834, -0.6586127095288459, -0.5405816435968602, -0.5044908758140729, -0.4194632115843878, -0.5286922041969583, -0.4926031154146408, -0.5478800006033391, -1.5453960477676991, -0.45710585922935415, -0.5569002515927407, -0.588659307945865, -0.43358018479671906, -0.3753968730030737, -0.5739067292617399, -0.3494743963148263, -0.5861027225611476, -0.49685015946881256, -0.6023134790158385, -0.47115628619876204, -1.5641706777714197, -0.3906182448154756, -0.6450543522475846, -0.5411365694335107, -0.481724125043417, -0.6043591395144543, -0.5285941879837635, -0.4519737852568997, -0.56196969610672, -0.5149002003119169, -0.5376452070218304, -0.577954652832703, -1.5667734287705586, -0.44840495780389295, -0.47156740342751124, -0.35848994464342704, -0.420951046455149, -0.5102609375782228, -0.38407351892131525, -0.609519996285811, -0.49891458223540497, -0.404945155322842, -0.38553391826955913, -0.41960059822766577, -1.5315699819602697, -0.5988440770592721, -0.40740318121588115, -0.5424363592094521, -0.5189913360684766, -0.34119868754047833, -0.3499049413561397, -0.598110358998847, -0.5441483144455128, -0.47152092016067354, -0.329266999370967, -0.6195070519460074, -1.5661326450670974, -0.5928075075599817, -0.49914878092317855, -0.5165863465908571, -0.4858883869463379, -0.5740862315871361, -0.5441722809614333, -0.4921380511347293, -0.41290011844116015, -0.25243819122791533, -0.6291063464888869, -0.43255656677486887, -1.5481591423108203, -0.3328570470492486, -0.4705533912619827, -0.5892910482654636, -0.41153888298596275, -0.5167553659955559, -0.4263667513906549, -0.5479318028950052, -0.5947823269014024, -0.5585404905090073, -0.38671336285243596, -0.5416048797208693, -1.563571541383406, -0.47874288117614106],