{"vi_exp": {"vi_seed": 34750, "coeffs": [0.08123317119146338, 0.04260212842114213, -10.703839888116594, -8.677114891643107, -10.60474941596166, -11.960330285000653, -12.395522237965272, -11.845700068815813, -13.101587500948124, -10.760243637606608, -11.438965924179147, -11.247562798711776, -12.157937442615737, -11.402098265010203, -11.977385713259624, -12.386280697172745, -9.725136071247126, -12.905379870779306, -12.77324995545391, -12.07359482710737, -11.057434121557817, -7.842288237724244, -9.99486359146215, -10.84461945234465, -11.497787628893121, -10.12675717520542, -11.59571647892892, -14.414863404979632, -10.10100365590219, -9.523277572098651, -8.789020796979008, -11.486102275353792, -11.552731480068912, -10.287571161879564, 1.1578263023088287, -11.07538349956496, -11.047342002312398, -9.686306739801385, -9.903514119860153, -11.877356552007697, -11.596471414977405, -12.097803397787578, -12.24078843309696, -10.9605756370237, -9.503093226131016, -8.711045112374434, 0.8410773554054934, -13.71684296816293, -11.1608775075277, -12.459939195169918, -11.394886726121014, -10.246998963569716, -10.052621868287954, -11.392688621839309, -8.209586941061488, -9.46848140053377, -8.005767372132556, -8.658921405794235, 0.6274915091240996, -10.23531063551923, -10.537770737693217, -10.600585520837878, -11.35393339094797, -10.531260034865381, -11.71430741056083, -8.63314360116952, -8.387441262823762, -11.727547412556833, -8.230653231987413, -7.508800771756097, 0.5992144301485306, -12.67431484522181, -10.731246721349537, -12.132806611558102, -10.485675715768513, -11.830383925848073, -10.032127211169174, -10.302497345416192, -11.779859222151853, -10.052430919088838, -9.804221291321987, -8.534072634001491, 0.8539146588856874, -10.45963892878194, -9.826089819189466, -11.022705045796346, -9.997232744334845, -9.35142273682611, -8.236304125831008, -10.869330850735917, -11.51057745017081, -9.785871239977697, -7.95337362241566, -9.233894969313866, 0.814879250225849, -11.716187645769724, -10.461456120016358, -11.41867197918041, -13.472461408152665, -9.864894830544012, -9.344900418270713, -11.901007193096033, -12.459736454165338, -11.445387330624222, -8.97355973019189, 0.821654238082565, -10.392942233829825, -10.231096086712137, -14.523357263685996, -9.651589206640539, -8.821904290111576, -13.561101464406404, -11.45581333491164, -11.769299993721514, -10.781543968806274, -10.247660219456426, -9.907496323963576, -10.315010406640416, 1.0170303945378618, -12.008927896733335, -10.900776951704147, -11.109819884711351, -11.7582200612228, -11.531254179672676, -12.122631242061694, -9.587275448693436, -12.207588581680762, -11.668283054454148, -11.516485059399226, -10.14833075486321, 1.475111111974882, -8.122540616453135, -1.5661299565356201, -1.5673871725015454, -0.556278807481468, -0.4975241122045689, -0.7325746851705791, -0.516157754963212, -0.5516510573280697, -0.4831189765956615, -0.3786045915728233, -0.3891433161412333, -0.5488031104564269, -0.4529360295559758, -0.546564683196433, -0.5423427650703131, -0.37841589743716464, -0.5017828471239084, -0.3870199280574901, -0.5049669628866796, -0.529849363167484, -0.49822313996516976, -0.42721316462647985, -0.3386239554334679, -0.5019332048700113, -0.5272212756146448, -0.4814117774652115, -0.5263575664433626, -0.5162923792838041, -0.6239089801511727, -0.5521930624882118, -0.5874976106560961, -0.582457932308142, -0.4839573287576401, -0.6025578865198521, -0.4996624507319871, -1.542451784793857, -0.35721393093020704, -0.3880139200497446, -0.510166253684214, -0.4448998732571733, -0.4982913103130241, -0.5825735978206895, -0.6092147271617445, -0.42436087026889924, -0.5828841674634986, -0.4979731370108775, -0.5072292429213278, -1.5461764662871493, -0.6254011812908259, -0.4667407440660059, -0.558332205578946, -0.5140398012292677, -0.4017284667040446, -0.46267054250365247, -0.43776965042719196, -0.5675298391800295, -0.4978159708758423, -0.5322832477291195, -0.5361067216006634, -1.5302503049237222, -0.42163640240218786, -0.46503806627246597, -0.4785013226754827, -0.5477248660092089, -0.5395674928123146, -0.4257411155621359, -0.5268832087852778, -0.39210048076199033, -0.5402313960481392, -0.6387284541774785, -0.4542157598821004, -1.5060005320834295, -0.3868791825588221, -0.4746134535690165, -0.5660466577380661, -0.4144185831113982, -0.4963300148139904, -0.6284907939970384, -0.551439766649074, -0.398797939547921, -0.35783804307780825, -0.38504858814485565, -0.6068196187498003, -1.5330804378941059, -0.5242902249178207, -0.4865180568762554, -0.5565170655217466, -0.5056706445408587, -0.6284285163514849, -0.4895288119347395, -0.4273963334075284, -0.547872261322386, -0.3994217041393955, -0.39683063272921965, -0.39614492024838804, -1.530428142485173, -0.3608669885405339, -0.5321001937906981, -0.4950112669126115, -0.6244688627139284, -0.42674511281750926, -0.45230733143162366, -0.6349983067421279, -0.7001857455684445, -0.4966908077032024, -0.5378152443074524, -1.5346095200724197, -0.44372056121741094, -0.5147113086136877, -0.5493976048290067, -0.5436130959987319, -0.453899042882191, -0.5315614782423674, -0.44044785295680555, -0.5122371710327788, -0.5528144386852012, -0.5586523679222953, -0.6724558578980561, -0.49999668470186515, -1.5783223972589833, -0.4824061267701415, -0.6016853874753025, -0.5101415741058244, -0.5162203717679287, -0.5312930103121217, -0.5324700026656795, -0.4579453194680365, -0.5335042297019159, -0.4727019261454318, -0.6328203202592361, -0.3544674896955464, -1.5793413418120081, -0.5807243111493754],