{"vi_exp": {"vi_seed": 35873, "coeffs": [-0.06463734449737725, -5.807594929482607, -9.03819170078243, -9.467445061547751, -9.843564225078916, -11.45364718748017, -10.202201649619568, -10.903945850196239, -11.878516698064557, -12.031865451318307, -13.437567232944065, -11.02240148980782, -11.034037691104844, -12.05333943432807, -11.050315305192997, -11.371497557717536, -8.916801648574038, -12.982360978023939, -9.628336709289522, -10.646242020362685, -11.557770030265244, -10.0971057647362, 1.663069142030713, -10.699273654191451, -11.759025684217281, -12.425120448788569, -13.918611385801611, -10.530688593682553, -10.691907835121729, -10.55615211844846, -11.013119959151291, -12.426601190528585, -9.12237176049076, -8.288468877716815, 1.0111255084640696, -10.962390087308103, -10.644029437781514, -12.449003773696862, -12.926592005974047, -10.78941876160284, -10.984625229324905, -12.318222523925783, -11.499963840951722, -9.041365110682943, -8.599527943499714, -9.089757056705094, 0.6906634088594149, -12.980290954131403, -10.807189391535605, -11.736662052404734, -12.066109973823146, -11.039990302559303, -10.292722721392265, -10.897331253240893, -9.31368001281249, -8.468632152210258, -9.690320826623912, -10.573277634071145, 0.4741436895235433, -11.494052248535539, -11.586544385338888, -11.971766178389744, -12.483130740631786, -11.37143845719741, -8.956875519267943, -8.507103291224002, -9.411642347525369, -10.3938447849554, -10.501242075732321, -8.203309449743237, 0.6032433327322878, -9.631391429580964, -12.040011926993158, -13.106623941043352, -12.58661939899911, -11.032701296475304, -8.213978279118843, -12.368881937082053, -10.030289135923997, -10.276102773835758, -10.374835662139763, -9.459397158776243, 0.7720871603364681, -11.659723357776185, -9.517290919260448, -6.635668948754527, -12.699124830313766, -9.123413867710656, -10.132082966980352, -10.646173102613263, -9.911006631635694, -9.733295752832245, -11.805387284424098, -9.793427563990658, 0.8059312927880005, -9.306035817230633, -7.866404297348687, -9.60862857363692, -9.043920983271704, -11.093627270042221, -7.345259075947933, -11.37515366801747, -10.440748569124787, -11.542792907352004, -8.747187527598825, 0.807362459872078, -3.481265339388914, -10.103566133573613, -10.530486771791029, -11.153386311583919, -10.672829047397933, -9.257513124861346, -10.385070978601211, -12.31416419835468, -11.408645656554611, -11.292338513516697, -9.562695237708697, -10.423243151440733, 0.9454930914055328, -10.809940808814831, -9.819232278636353, -11.857128237529718, -10.372114392983482, -12.795732288554152, -9.77069596816737, -11.827495464315238, -10.721001905247379, -10.21195902744432, -11.111185239692288, -10.703460938174565, 1.1444120854641968, 1.8889555012022747, -1.5608847528899306, -0.49830115950517023, -0.5650835442250319, -0.5463567519247781, -0.5451240781829337, -0.36403858328868505, -0.526514936315926, -0.5492140865338992, -0.38249771777172986, -0.6399772191495839, -0.5919445106532005, -0.5674064790204361, -0.5039070360448834, -0.4995264716083607, -0.6285145759437265, -0.23931442621316343, -0.3875563163257822, -0.43559829599574124, -0.5123745658484068, -0.6098607242513059, -0.47614118504284975, -0.512767980263051, -1.5296393440205243, -0.443104549983986, -0.505999009194847, -0.5211035303924204, -0.6680853578282305, -0.5665865624815364, -0.5272395868827797, -0.45115863293717823, -0.49614919267776075, -0.5800899156843852, -0.5218061245038974, -0.570895525546612, -1.5344641759867594, -0.44920135365850683, -0.4157884162712331, -0.48950147061145416, -0.48920853397800707, -0.5623799063517803, -0.5822749848991038, -0.5982795516002426, -0.5321574342385053, -0.4975810562424659, -0.45782556810936864, -0.5334782783155768, -1.5154543668887641, -0.4937610095953596, -0.5092447904685505, -0.5713039908262391, -0.5092214993062358, -0.4414539197721784, -0.3818658099764429, -0.5090714194658492, -0.42778406188412793, -0.5067275747142718, -0.47214772830636675, -0.4674171942414244, -1.524144069961477, -0.5018413374830258, -0.3628348741080609, -0.6432562247198238, -0.4460986785818959, -0.5103681264041251, -0.5386250396153486, -0.4767914774960572, -0.6366118196569005, -0.6486356425771442, -0.39597662745320883, -0.537949270603828, -1.5629835439234594, -0.44640443720143486, -0.39148584747278214, -0.5573000323416484, -0.4713256058362572, -0.40718283406786265, -0.5908261889616023, -0.4847727064816773, -0.37618002507909565, -0.45788923242864243, -0.45155987530098046, -0.535350372073682, -1.518339533556648, -0.5655166919257, -0.4235925258936111, -0.4631616000538777, -0.4488181093943068, -0.41694712571904236, -0.5046303789070414, -0.6302116073413018, -0.4977514224418753, -0.5409693365867854, -0.6325435872455053, -0.5623623000478248, -1.546508815422519, -0.5322690759598575, -0.3550667792063135, -0.4368687536992849, -0.4981404853042617, -0.5868959715302032, -0.4554324803873439, -0.4966509455036945, -0.5468125182611377, -0.4911749989317823, -0.49412602807669587, -1.4914734277288042, -0.6149453046279333, -0.5036570093234393, -0.5635617828636081, -0.5798641706186752, -0.5605620431888226, -0.5357404289462105, -0.6538608457373305, -0.6421223815520211, -0.5713979812993195, -0.6042129309248854, -0.4436454565803406, -0.4721603709466945, -1.5465242390106608, -0.5616303379712744, -0.5350735882881098, -0.5712810961014055, -0.39608372603031355, -0.4908177591826657, -0.4831280793435925, -0.5340740593140656, -0.5379305694760508, -0.4786520619487241, -0.5427307923705189, -0.4276329819342165, -1.2633149202084133, -0.8789862159168099],