{"vi_exp": {"vi_seed": 55615, "coeffs": [-0.23486454171151855, -0.22709252306382618, -0.2325396074861824, -12.070461686142279, -9.101428803243008, -9.471701416937762, -12.256732300156708, -9.834915743823654, -11.64202610011655, -12.624233132343377, -11.034216739666462, -10.800008702855521, -9.717337333151463, -7.447208702469089, -8.866277005002285, -11.67894397944855, -11.717090055544656, -10.931154105943397, -11.808675399409433, -12.861915164239091, -10.217860768502328, -6.536337915536416, -11.062324356448194, -11.199915436900518, -10.139454840629698, -12.029758825449553, -12.321158278566658, -11.103747472290445, -9.85363411455425, -10.20484725003965, -9.830256176739962, -10.505847491025598, -7.999340778348019, -6.1600825922412605, -9.490992345093328, -10.547732906256146, -10.268128769512442, -8.463205170194152, -11.834807693406566, -10.442741802637524, -9.791659883596589, -9.79386847136696, -11.148763461657245, -11.074989863562351, -9.354751406897753, -2.2441918013080673, 0.6507123742027129, -11.882042992715313, -12.689668567495726, -10.54513376703863, -10.69598342022818, -10.860836137665245, -12.710053302278522, -12.213114366936852, -12.172285621843747, -12.121700380902103, -11.216327700599756, -6.63611041159531, 0.47851146651512727, -14.33832343432502, -10.516570042950065, -11.490206479164888, -11.731556019311334, -11.212618187285837, -10.731896908051313, -11.446663614956686, -10.927703085846025, -8.740348133420815, -7.445817972613025, -9.429118040472318, 0.3991657536697262, -13.175852273871548, -10.36026126615825, -10.953976704269055, -11.593109865478251, -14.028802039841324, -11.89199241790475, -9.291845613508873, -8.718541850849148, -12.418412728629633, -10.836873424045931, -10.091774955234417, 0.5058664454232276, -12.510868193916714, -10.625505001274838, -11.414461718291546, -10.681941284053977, -10.658055520160698, -9.797903247465431, -9.800850149468713, -10.828048183815516, -11.524158890096095, -9.426260095822915, -9.638632709056484, 0.6397557670953606, -10.697563589857735, -11.376486535104123, -13.197830418348978, -8.68791985714548, -12.115174129908992, -10.065047162593133, -9.904530376039537, -9.787291940231935, -12.30637670174556, -11.188971530445436, -7.6610524272333045, 0.9236758411501058, -10.767671588877947, -10.799350455606671, -7.529449906279957, -11.11458121379171, -9.568671435056453, -11.762740042356436, -11.420806928923442, -10.36613989558034, -9.018041979489535, -9.270787452255352, 0.9239065520886564, -9.456419143495447, -11.370614235324554, -8.808882335156337, -9.046127100213985, -12.622030232218018, -11.386678678143118, -11.404296795334147, -12.032236704848689, -11.651627204786475, -12.56966180481829, -9.301565269568835, -7.801302044848461, 0.5389598228878653, 2.928464140945524, -1.521810429180921, -1.5272628962912786, -1.5709112777534127, -0.4875586011732824, -0.45164227192929024, -0.5661569824023159, -0.41037870793421377, -0.29330929795976124, -0.38678263753002845, -0.4456694773018614, -0.5993417192811927, -0.5183622820372272, -0.5745649835497952, -0.43803892285846974, -0.39668909717816153, -0.563416920973918, -0.451449277202108, -0.4550997508720223, -0.5992719697209098, -0.41016805926178834, -0.5534653287707589, -0.4297432961353423, -0.6375481626166072, -0.6222032058586331, -0.6005008765931273, -0.565466646627682, -0.4099074288700328, -0.4327744634955618, -0.5672425604676504, -0.5049577826392279, -0.5001562426450826, -0.5400858100959992, -0.5066991901311378, -0.5810871540109924, -0.5653982102711193, -0.4372745922188137, -0.4949811467931513, -0.4689127251300736, -0.4421790535375591, -0.4868279593033072, -0.589294128558463, -0.5603540435997644, -0.5832810011570485, -0.6234604736858481, -0.4112725094362016, -0.5503436392180702, -1.5031628054485964, -0.508994452261477, -0.4059059365030466, -0.5669710018897476, -0.5797275725642408, -0.5453596730534631, -0.5431446729782317, -0.41047607121220536, -0.5616225365189406, -0.5819342646559023, -0.5483710394565268, -0.6884321617217476, -1.504235107333075, -0.5911155166428786, -0.45444522325668973, -0.48801745108891587, -0.4217280033913995, -0.5621134387118242, -0.6568355692351874, -0.5260876355597659, -0.4908925098357044, -0.6194035121586373, -0.29342932401394384, -0.5828266401247217, -1.5608527445236162, -0.5900130637143138, -0.5158112415768017, -0.4879899359296668, -0.5009398734118803, -0.6828749064384358, -0.5337880252008359, -0.46108525963280483, -0.4561399283626277, -0.5390614171314746, -0.5690189323275808, -0.41506955548074853, -1.551645260464619, -0.48949908100598927, -0.506873268617383, -0.4769527532685427, -0.3229501774052425, -0.6022794298702541, -0.5752505311127947, -0.4284854933033881, -0.6740044167608327, -0.46632922920124464, -0.4617837659184529, -0.5812952091863101, -1.5301471972281426, -0.4341762373621126, -0.5368325787563012, -0.5523894208266416, -0.48752470438855094, -0.5906849814380647, -0.5809575426927306, -0.4589603701903075, -0.32125226632657533, -0.6038350334940281, -0.4751257077537133, -0.4339191706069391, -1.5581041538772253, -0.47491216353469745, -0.5336437390322842, -0.46721128180141364, -0.5181965612451604, -0.5982439589330174, -0.5043287766737833, -0.5966027420815516, -0.5220717075137161, -0.5209115696878959, -0.44361406706465517, -1.532935083016474, -0.5268721251681452, -0.6703725543186426, -0.6249658555492164, -0.45246652060290043, -0.5823654847088678, -0.3657510808460105, -0.5903024573536222, -0.5884320765650751, -0.527899000799754, -0.4688698061988235, -0.5688451124976487, -0.6212527628392572, -1.260723611675647, -1.1103495831657686],