{"vi_exp": {"vi_seed": 2121, "coeffs": [-0.8746882477625302, -11.414643507928917, -13.455358964670438, -10.117666372532963, -10.34484708252096, -9.532146840975011, -9.588078604826983, -10.405093391968023, -11.42636520175682, -10.78483474468035, -14.346886423883047, -11.081954916739177, -11.370604050159828, -9.734805131570749, -12.094822729595952, -12.466225233122882, -13.304665744908853, -12.660364211492764, -11.869843000678623, -12.967805589017837, -14.124900233315127, -10.325034834284697, 0.9806522456937494, -12.94367001180112, -11.306898399554589, -10.966715002004443, -10.340705489183394, -11.617104601698388, -12.42074269587687, -13.275318736919234, -11.776510673039414, -11.96469506396063, -10.230016999635431, -10.14544719640233, 0.37565711404913527, -13.15752077473864, -12.08682766499738, -10.816254967915393, -9.46199481700262, -10.349439274808992, -11.622908519959447, -11.548723982459817, -11.634524623526143, -11.629593832114084, -11.479323470685879, -10.35206360852959, 0.020243517641970507, -11.561590645506005, -11.35827627811348, -10.170231399231, -14.418781712354251, -14.232663790721022, -10.562838963846673, -10.162862791917844, -7.695057571952598, -8.556907203562613, -10.221206507820595, -9.800766151436287, -0.16220339650783167, -10.85036581300224, -11.97130393648901, -10.085439735411885, -11.5826412364924, -10.31891398541674, -12.005486275388241, -9.164659166024034, -7.185707929744472, -12.557403871375199, -10.667809074225104, -10.44437328220768, -0.3026971923853961, -10.821601709139747, -11.22972541162189, -10.870119556718876, -11.947971766534364, -8.951409585773584, -11.176406278038069, -8.926688801867067, -13.258449426918043, -9.326747925391809, -9.388878059819973, -10.40260323285597, -0.24202388904359337, -13.597538671942123, -12.085372652333513, -9.866355412572323, -10.314926733631648, -9.573738503956722, -8.348974698872295, -11.449070128308495, -12.746325229399519, -11.477249779317756, -12.181247391750514, -9.572787017484721, -0.19220679367992305, -10.932368064716567, -13.944248668471007, -12.101005206327578, -11.739971594817234, -13.973753510792648, -8.07313416402393, -10.967507897393153, -12.665952554940926, -11.844997651054554, -12.419618164397766, -11.437414507606668, -0.16970126836351643, -14.15116108787694, -12.111553607119053, -10.29098739088889, -8.675023200825523, -13.526168695051505, -8.739345206387524, -9.902558434311848, -11.31449643678638, -12.624090020413346, -9.728624130301467, -10.786589418631243, -0.037585805644671046, -10.655331192286468, -9.914185171977973, -10.322038920748106, -12.713966467674725, -10.37592881652848, -12.014787597487938, -11.161261600570063, -11.180085006615235, -11.346038887767198, -9.902363139611259, -7.767000647742997, -0.2692078405439891, 3.098284779889013, -1.5061197813662954, -0.6896209783733148, -0.5811990107426506, -0.39335827821824676, -0.3924246982353892, -0.4454386664582437, -0.3799586804769073, -0.5600013016876312, -0.5836454687581375, -0.534860278692743, -0.6477358118224609, -0.5231535610518308, -0.603065303171232, -0.561744713112534, -0.5541919383318046, -0.5309771132387711, -0.4358284700031317, -0.5067707108617576, -0.5562399939938403, -0.6214887067760029, -0.5719807915849253, -0.46111241646082496, -1.5226740336227695, -0.5908670802577759, -0.5784923733268955, -0.5738129040266251, -0.42876701225531755, -0.3852919114359484, -0.5084051669137019, -0.507006507472417, -0.44645113576759404, -0.5704550276010744, -0.5314332248499553, -0.47360293801711684, -1.577283120644265, -0.45472647823941986, -0.5565050029129057, -0.5532800667218865, -0.628043655813399, -0.3813678940142686, -0.5655701308221406, -0.45230234084685556, -0.5908600210658106, -0.6515362733860487, -0.5931644319427486, -0.731197156651397, -1.5727319365559735, -0.5508307177796066, -0.37382200742319, -0.528988077092053, -0.5536286364838368, -0.5255305927526728, -0.6538000307551652, -0.41112364442477894, -0.523646516035982, -0.4233281657230985, -0.50156831776535, -0.5085489523009232, -1.5588639853375286, -0.5465647904693135, -0.5313584621029236, -0.4635137376397898, -0.4745115069547533, -0.6064860009665732, -0.5054473523474871, -0.33538686477572943, -0.5721690245939555, -0.45692599051003313, -0.4756822653749816, -0.6101751562047774, -1.5582263280509188, -0.5599586579327371, -0.514377771732359, -0.36441300534367566, -0.5564961019569912, -0.6202017400705876, -0.5582470170813059, -0.3866495596137608, -0.5643883452821008, -0.3419866099153193, -0.45598553255566515, -0.5006426373728629, -1.5616846958306538, -0.4749492061338285, -0.532314802092028, -0.6607648981824196, -0.45640799500854096, -0.516427544779271, -0.34303035025129897, -0.4055523535847328, -0.4657106877543947, -0.5007507675161886, -0.4623608514989937, -0.5731878372366054, -1.536550200483654, -0.46055436453227777, -0.5541791311905139, -0.48248622275022535, -0.612728824793015, -0.5944552674354676, -0.5193923852084897, -0.39966443095720317, -0.5092753269799493, -0.5656754168807598, -0.5583895458868486, -0.5558114568369157, -1.5563874873633035, -0.5936604676035604, -0.481562288420819, -0.46623147957763, -0.5750909896702459, -0.3409455897765228, -0.5141707065683174, -0.4458934004730016, -0.5158761719669464, -0.5957015402277437, -0.45937035663493053, -0.5926664364218283, -1.49476658316681, -0.5079260857300316, -0.5227096528021481, -0.6624661624311989, -0.7111468815023292, -0.5440709406041527, -0.41994899454872736, -0.5326038371875687, -0.5446795362316574, -0.5136120651045043, -0.45661527776173394, -0.4487559859586592, -1.2074367416529874, -1.2671877060633092],