{"vi_exp": {"vi_seed": 42125, "coeffs": [-0.438633861695516, -8.587471060355615, -11.727199658073928, -11.77626995800585, -12.819923337109422, -11.851486636488216, -10.386859782438377, -12.86898711397643, -13.834599443111516, -10.270012195961831, -12.131134569102471, -12.91810962048737, -11.011184486738951, -10.986362027476806, -13.269229699335032, -13.165417875848972, -10.801163418323915, -12.959768321101095, -10.793612619124511, -9.454087219825503, -13.00554450843384, -9.113309571651909, 1.318964989407359, -9.02526056014176, -16.218577928037515, -13.614248437335638, -12.457742569502436, -12.68883755090222, -10.606625017358919, -11.57577022921836, -11.500997224981061, -11.38138722795994, -12.223578983610683, -8.48518704978511, 0.6715884106279691, -12.195563482303145, -9.523645235868331, -9.326139278877692, -13.76177899777353, -11.974190244016803, -10.347784818063076, -11.34327279964243, -12.598304449807666, -10.537702367753843, -9.686733488733873, -8.7983364196474, 0.40964917175379, -11.04519741004617, -10.631119499285896, -12.328839688314972, -12.649435146213039, -12.720299692563442, -9.505960061870331, -9.969382478513833, -8.5990089925326, -9.486859785712744, -10.777053712577647, -9.694294426844055, 0.20737650954281675, -11.494437029558133, -10.81443054542939, -12.167908205990985, -13.258197797406794, -11.871062316806782, -11.01087182240683, -11.031741232090067, -12.505379927832994, -11.296467296075177, -11.335669214865687, -13.46319989413189, 0.2518845044336933, -11.638329135956734, -12.648046525766697, -12.105485904627969, -12.781567033090633, -12.192550789543937, -9.785109494921732, -10.631959066726953, -10.812911979562521, -11.552746206296195, -11.94772307981925, -11.18775154876769, 0.33391625730420177, -14.034472001846643, -11.956182358467364, -11.304729017728858, -9.079231205370405, -10.385391457226058, -9.204007003927144, -12.364386848553059, -12.464488033801292, -12.361088385422189, -12.371401834585882, -9.383038410906297, 0.5539200966630293, -11.589152179481435, -11.146920980371988, -9.700008914360652, -10.36257022382492, -11.632955793520521, -10.920599083862175, -11.580931968473918, -8.939711232899906, -10.731120514000924, -9.646492721227482, -8.665526408193028, 0.6260016958462861, -10.772457622316137, -10.439481622532577, -9.904665363086695, -10.37990394232349, -14.65027181192364, -11.195737072368896, -12.08506379876014, -10.910159389121285, -11.619235468896289, -8.596293099361695, -11.079677289045577, 0.8403911211370301, -10.326176884736942, -12.368975219062715, -12.448067303857059, -8.632474488636941, -9.866881365578353, -13.411158456074283, -11.074438470491925, -8.906054680075533, -11.556653102416107, -11.83746534927902, -13.155656796134881, 1.2927899124346667, -11.003869197390808, -1.5490474653681652, -0.5757035722212575, -0.5657298636108444, -0.45962367970330587, -0.5393347615911672, -0.4142959845937033, -0.45061024726633475, -0.6538730074102045, -0.5268148906851144, -0.4903045601596771, -0.5031665736416051, -0.5794065507097833, -0.5013935088951261, -0.3403728169732603, -0.6012336185330485, -0.5506268915951956, -0.5647445701182421, -0.5963955010769448, -0.46680536253410737, -0.5179761749180795, -0.5086506933854851, -0.5541347547534805, -1.5150035003266824, -0.3662030229545714, -0.5950786504104851, -0.7606749258824552, -0.6046675690285083, -0.4781775442901537, -0.512807579374377, -0.5353809120085339, -0.4238355019165579, -0.5299135191371016, -0.4778539585823599, -0.371380829349564, -1.5787997401492757, -0.6291363222594349, -0.2931306325782987, -0.490715177717821, -0.44254996225632226, -0.40187797861320024, -0.551881652289535, -0.4612274703468541, -0.6601510071328875, -0.618658687511309, -0.38755840381015044, -0.5679518016019001, -1.5827288550682987, -0.29908925360716854, -0.5511186062321236, -0.5407580630071358, -0.5538868832296628, -0.6298643191361031, -0.5144728593514581, -0.5316782256480053, -0.4286712836700707, -0.4403331643094566, -0.5709242380882835, -0.4454791249679268, -1.5169693595748277, -0.5867351528292519, -0.5575441695867228, -0.5284057475455374, -0.6078226517303389, -0.5592388062376981, -0.5388529454290275, -0.7142102700679327, -0.4793347042612647, -0.41273212385650393, -0.5350117351105329, -0.4396452648796681, -1.5315045530284486, -0.393246881925907, -0.5797399929791525, -0.55554012848434, -0.5411514750346583, -0.6283630050386164, -0.5545481439579255, -0.5736332918707748, -0.49027570335450754, -0.5549427323194253, -0.6321802597262199, -0.5176077098781943, -1.5560491373429493, -0.6073580551960913, -0.48424395264664993, -0.38950285396353246, -0.519155539629996, -0.5684607047670163, -0.4909479365691416, -0.5497076881979329, -0.5437287840078149, -0.5826538830866351, -0.47956106615570987, -0.5262468201278973, -1.580544604742573, -0.5628435672429697, -0.5849920646809186, -0.4457619156030949, -0.5150378014719718, -0.5391635676199837, -0.5512328452053414, -0.5374371157471666, -0.5942086037325575, -0.5065447084837492, -0.38811182192649707, -0.33027702436071815, -1.5415877293010631, -0.4290775141130842, -0.5414710680889041, -0.3714512580214754, -0.6040796877618891, -0.5873017567430477, -0.5744643375129985, -0.5155732993394722, -0.4989691526647994, -0.5670153537776111, -0.5136584320036166, -0.5905811759558917, -1.5215354259966694, -0.37638567570355325, -0.5005395082820634, -0.6100301257034549, -0.5241004688137234, -0.3997257183780177, -0.4665294593305186, -0.533437262735308, -0.48701663981032933, -0.540276601885734, -0.5491292719837643, -0.5445920515931174, -1.4913513457367316, -0.599141519545838],