{"vi_exp": {"vi_seed": 4108864244, "coeffs": [-0.2077302324448005, -0.2067190030632726, -11.460199093166404, -12.526742606701948, -12.268166217780255, -15.110749016364908, -12.773606979444308, -14.540221856972934, -14.315040595691366, -14.220515110120509, -14.677200740665018, -17.718262086902186, -11.365898828983076, -17.81082405389053, -15.18927488435956, -14.329949228899206, -17.71338176086695, -15.109849921685115, -16.470618553284897, -17.73819642436098, -13.307953940438566, -11.354935655116096, -8.86492177079855, -9.22265136316937, -11.887087480612646, -15.867147631459739, -15.831350026373402, -14.046749377285627, -12.914575222636977, -17.445191416858588, -13.04720751617299, -10.511966526769447, -15.4905612505482, -7.319873629030277, 3.1204998983294656, -15.960263400146369, -19.256459267882068, -13.933351780108072, -15.915289293116855, -12.491266975529719, -15.431248281206546, -19.865646904701638, -11.786093177684771, -12.3053145450719, -11.457191044472166, -12.669255382958633, 2.7934680207240303, -14.416936491857788, -13.75525173720902, -15.608241626814179, -14.120772344382065, -11.906142074654005, -12.379003636761263, -11.761248646381699, -13.94971140864429, -12.709201621419531, -11.885303279485404, -8.407604894848603, 2.58394722243493, -13.831129747442665, -12.313025972941512, -18.15183308004554, -16.639344321093105, -12.40380767186055, -10.314427836477694, -11.635792713607009, -14.452944324754524, -11.711335142284918, -12.683795866882628, -13.446117334816405, 2.6876288655804017, -14.669624640417984, -14.139974930594622, -13.8429842526999, -14.58803632048206, -17.094962419129104, -14.071933868504724, -13.796106463701815, -12.94442698235783, -12.892854484284682, -11.600743022333459, -14.361517668283572, 2.890125177418973, -17.757232479534814, -11.328856572559584, -18.237795285723085, -16.094818260704475, -15.70104094624395, -13.653161598848733, -14.018272505987007, -12.133838475196558, -12.440656398066867, -7.742932501086729, -13.05489949081987, 2.963106463269653, -11.865049891148725, -15.909979422322849, -13.452722017807208, -14.931231047799567, -13.861864053614156, -16.35795224122353, -13.187891032263146, -16.72297743267881, -14.356292768808542, -11.862817139312314, -9.115077152423044, 3.091388057647263, -13.120745697278272, -16.76227645574732, -12.466293117773613, -13.18775748215079, -8.816571170718932, -17.326842507123093, -11.865525800065168, -14.089936786386811, -12.033302464700103, -14.622554559361529, -13.355158702253936, 3.151437148375724, -17.427259349578826, -10.155360471181906, -13.85786702899456, -17.9008948223547, -11.803118512259674, -14.263702656486952, -14.34484372365993, -15.677338070186343, -13.737533007960472, -14.139718914248457, -10.040364479309321, 3.2409564005419496, 4.15851560365879, -2.315556531913526, -2.288279357546748, -0.5102372786108825, -0.5360816283010309, -0.4915783772703255, -0.5403975667829277, -0.5250927962848877, -0.6022605970889141, -0.5446360324851945, -0.583890651672713, -0.5152047447206636, -0.06273221335164013, -0.15145553812383122, -0.13782009684652174, -0.1241559021882725, -0.10063598479401704, -0.06667349736354042, -0.1083030833436882, -0.08154077442612252, -0.09254141248463985, -0.1308528662057897, -0.15893534698100342, -0.07536954686868431, -0.11213282517428391, -0.05383695572905429, -0.1422245675945065, -0.06916572031782547, -0.10572394465755428, -0.14887614174411562, -0.15727108162304604, -0.1367930487148639, -0.1487472140862765, -0.06546833225676148, -0.1923503828972043, -2.2999981192981616, -0.06973661377931262, -0.13016002091797937, -0.12308231265490004, -0.11023728293937071, -0.05366602049695834, -0.16474742680863527, -0.18427214880849624, -0.1361489531532238, -0.168097320797456, -0.07557695196577371, -0.12599211142451383, -2.299016258753609, -0.15106989187507883, -0.11804962256345922, -0.08834091865020627, -0.12589872766456064, -0.11265704690816547, -0.11569205548182573, -0.025573762439081504, -0.06222271417877537, -0.1917793439817652, -0.06650749826400539, -0.12315618305077594, -2.3141719878741904, -0.11672724849202144, -0.12081119306773924, -0.11125411060793242, -0.09244185035000603, -0.09400162844850063, -0.07782350504671769, -0.07776837062049943, -0.12413590548881451, -0.20382203319511616, -0.07210735553677886, -0.12290973952012932, -2.3142090904448978, -0.059646125893892864, -0.03585342532291286, -0.1456935271206849, -0.12025384770165341, 0.015338063701252553, -0.09086550969064287, -0.11202767518922431, -0.11471712401489269, -0.11487397988573364, -0.04926954555398975, -0.15619770159662244, -2.3018590282888316, -0.10258303948224647, -0.09641222254709517, -0.10362050725793139, -0.121072852777898, -0.1499845862973831, -0.09832315529127376, -0.08542414167945912, -0.09975509668351107, -0.031638326010567715, -0.09979264194370197, -0.16816925642855457, -2.2852386118778742, -0.1103967654053944, -0.11326164229628621, -0.06310076227563624, -0.13382617870086472, -0.08449833268518558, -0.2107182562650437, -0.1816720692564569, -0.10295173980409024, -0.11676002498729958, -0.04288864817569056, -0.07890591635369094, -2.3202003225255865, -0.024542889323189734, -0.1603016939065063, -0.133494752283234, -0.13459667577873533, -0.05636762840866365, -0.06288400141209251, -0.02962797243747956, -0.08589752477111552, -0.10334185673102783, -0.10737894627440413, -0.10823252715243237, -2.310928241476746, -0.08799063179557907, -0.07454894961816273, -0.11049554087518114, -0.1331312612262421, -0.16684974079180093, -0.12483316196409429, -0.21021324346631112, -0.17978561469253246, -0.1157459836062935, -0.14523519623866565, -0.0869749257442621, -2.057482128928979, -1.455333720539744],