{"vi_exp": {"vi_seed": 851819350, "coeffs": [-0.7054477404568347, -13.142655475581584, -15.188939123322836, -16.47658959888674, -0.7551788352729452, -10.291484485411207, -13.419132799892502, -11.813343103373521, -14.090392491846197, -13.413729031397448, -11.65882242386453, -1.1441016523837224, -12.854260335766217, -15.172253396425887, -14.05111522100354, -16.05225812464986, -15.095516543546212, -14.06540792207988, -14.046819309240547, -14.81338049262447, -14.410474968812336, -15.424871075557341, 0.0028427740527249075, -12.27362000452519, -16.649652944316642, -15.133406648899696, -14.717581832538377, -13.92666949652611, -14.020961475734259, -14.731469861632272, -13.253323007679526, -15.362452096046862, -14.552539898692492, -10.77127084932578, -0.6949187462807759, -13.008655319861225, -13.571438104097249, -17.292428142191508, -13.634806205072248, -12.220659342678205, -13.621088707782762, -13.98972907934039, -12.873240267058936, -14.595175826504272, -13.540178717264709, -14.007730278502535, -1.105386252201132, -11.763024255601628, -14.857509490902967, -14.961936164491284, -13.950453140636801, -13.877390748021066, -15.347039043104663, -14.906656422005161, -13.804630146083667, -14.460430376356772, -12.065356521846835, -15.45165758977558, -11.81850940962582, -2.677110684292412, -14.714736533807322, -12.016086963723, -13.921647346880322, -13.80373211064845, -15.173709625708575, -16.84703333693818, -15.85506331062415, -13.54920834064759, -14.299438594285357, -15.45559641857593, -2.0240315785052916, -2.9009631272964835, -12.85429590448405, -13.993251230134755, -13.482953716821656, -12.653965226982056, -12.080659600141445, -17.043817128977597, -15.66510165767716, -16.777835348039563, -14.205766270131509, -13.897765442711151, -1.7961573345394728, -13.543415446852434, -13.065439768690561, -14.033889987078048, -14.17657170415211, -14.984952718176595, -14.058949610431773, -11.636872085093968, -14.002716670603055, -15.03560657036047, -14.15547615454925, -13.072589457426577, -1.9274303130437602, -14.017436301203487, -15.611358264978016, -13.333405269059899, -14.790428788859263, -15.028301427373915, -13.559197583881907, -13.297754876079939, -12.611426717622026, -11.949700216761851, -13.407559537806751, -13.492391514370608, -2.0228145686940042, -13.348474356087186, -13.000366976757716, -13.805369386733732, -14.967833787113388, -14.031056656700573, -13.941046647351605, -13.440380358911217, -14.018167597352136, -14.182753654424909, -13.719218170643318, -14.132318044737827, -2.1028399077802327, -12.123135979466651, -14.678353453919312, -15.40118402433281, -14.860487766347386, -16.70648021603197, -15.523118165332399, -13.91698159502088, -16.025621166898265, -14.037903753264247, -13.798263997799417, -12.661994463714825, -2.518615293362127, -1.5691805507075889, -2.033738514410567, -0.5799296701120593, -0.49612383785686487, -0.5640112225458128, -1.998163805254882, -0.4754261082077596, -0.48757586238582906, -0.5608641374649775, -0.5736162053778603, -0.48325776166717926, -0.4611625551217774, -1.5442343569460975, -0.14956860136400868, -0.12946374570206365, -0.061520906648734594, -0.11515940443557812, -0.14168167500738507, -0.14036671756637123, -0.1370241832298443, -0.07600545747478968, -0.15904615040651354, -0.13786247163828447, -2.2987893543056312, -0.10526751522463781, -0.15181994679502764, -0.13466258880481574, -0.04679170710307947, -0.06260222668287338, -0.16813712275022905, -0.16638074641386785, -0.12762520403658192, -0.09999732763824419, -0.08579574746136447, -0.08662526659811956, -2.3040138327436948, -0.14335755907428036, -0.06742171774760843, -0.09802941319985302, -0.13493242476269932, -0.15896540595357228, -0.17092617281987052, -0.1483655944199351, -0.1013273731552629, -0.09191246729077789, -0.053538696304918414, -0.07548117122329948, -2.3074018096323856, -0.12879325213972612, -0.11619492878118695, -0.09158289126669787, -0.09926037405707779, -0.0491168808995693, -0.10309630454640978, -0.1342453409361441, -0.08043029633996575, -0.08272334966371508, -0.08213974460049506, -0.15629457084464665, -0.1790940721442627, -1.6330030442439392, -0.13744826061207988, -0.10653757096771072, -0.08100700509213882, -0.08346940330662729, -0.11173188101692078, -0.17197214475007638, -0.14799795537531005, -0.06910391741190752, -0.12368686902991856, -0.15879825676894968, -2.0357199438442577, -1.599678120101021, -0.11038327259765941, -0.08777919116575174, -0.14013491423234706, -0.07524850616547372, -0.10989027195853165, -0.10275956938957691, -0.09685058109602017, -0.11224509852500324, -0.127751817954735, -0.11646974718058274, -2.3071463797143497, -0.09484445336617568, -0.12745363821110156, -0.09520578465940019, -0.14342017523945993, -0.1890024642287277, -0.1613362491417635, -0.11414665829945125, -0.10683041883759586, -0.055769186869926, -0.1197053642960568, -0.11146859512974527, -2.2964925648269356, -0.10014949071349469, -0.1471364029907181, -0.15013777909381157, -0.11722502752030846, -0.0862481266662772, -0.11318229713419625, -0.13430807470648043, -0.08998422323228236, -0.10355766455849509, -0.11459139534230438, -0.1566427349936616, -2.3072434367148626, -0.17937376054927304, -0.07779988317065002, -0.17904761506700168, -0.07757636765708156, -0.10787199924448648, -0.14611559211827344, -0.10862693432496429, -0.081146565813959, -0.1213220717759271, -0.18169055483562252, -0.07245162240903134, -2.297257236633186, -0.10133156523585225, -0.11695521138624625, -0.12147169380115652, -0.08048391704589127, 0.009988837183435295, -0.1576515410155735, -0.18066248080494948, -0.11993143469515707, -0.10826042018730296, -0.15695253788598393, -0.18714103996319678, -1.9743604580624978, -1.7324543432030712],