{"vi_exp": {"vi_seed": 3760921409, "coeffs": [-0.5646010074409108, -14.350052831937683, -14.611684433595821, -13.032491135963747, -12.137757103661608, -14.366100788755706, -14.620424678537534, -13.889007571473094, -14.878908056036794, -12.844719933340295, -14.801860598168458, -12.721341103660146, -14.221206562382383, -13.478147842977524, -14.625726383973797, -16.188739046709344, -16.21905789370967, -14.509894564861472, -15.688881281456926, -14.732482546210406, -12.232149454871607, -14.825006604451502, 0.028393965983868095, -15.06597055414674, -14.050144724814073, -15.74252277700936, -15.263448105317094, -14.266367041497782, -13.084711044722885, -15.028422697849908, -13.91345206214386, -14.09356055858382, -14.524276398445084, -11.582939748932533, -0.6502476303376769, -14.437793273101553, -14.579669674350326, -14.689597788933137, -13.312161174161098, -14.28112497312987, -14.369479650108792, -13.209772949734962, -14.5046772518413, -13.434542122637934, -10.289544485487305, -10.620172808493185, -1.0508782197043824, -13.347685964551378, -14.63330732768308, -12.877111259991711, -14.847040357204152, -13.858213977479089, -15.877017842292707, -13.772377698531308, -14.877449014112546, -16.822461540271913, -11.536498611991755, -13.461112449370923, -1.326533689115046, -11.296086159787922, -15.594013425654987, -12.233357111088523, -14.322777954941978, -14.702383675185226, -13.990637061781827, -13.975092920689653, -16.968063049837266, -12.317354241456211, -13.282611799808832, -13.158458192248192, -1.4680500825165983, -12.798511208679933, -12.747758094671328, -15.200222410474383, -15.29759843991463, -13.307604576214384, -12.996375998560742, -15.398655408190908, -12.843855747842321, -14.286601462160892, -13.84272902728357, -13.287134172622428, -1.4800216785030609, -13.41818146586795, -14.091411841060903, -15.057326733428791, -12.209492533176007, -17.208018166301564, -13.034258546952135, -13.112440235251642, -15.346408966133668, -12.822804714893666, -15.273719534062558, -13.460461169889086, -1.4794063306171357, -13.81920265057066, -14.571210449524575, -14.649352201637573, -12.753191842551097, -14.341761722035212, -12.946703180357575, -12.602251623225001, -13.072202029197898, -12.082329467438948, -11.837411997752842, -11.95090717260726, -1.4797377458411503, -15.63472700497263, -13.992903960422721, -13.372101967051375, -14.101793398812672, -14.332905541801775, -17.675966182320348, -11.812192375437352, -13.736361209674953, -14.218881719899615, -12.99159293885933, -13.255287665478475, -1.439568685389532, -14.176750271070027, -12.878522185481925, -17.799157727954917, -15.382736726397756, -12.716060363044237, -13.706702656973816, -14.609001365366703, -11.280571428523482, -13.521682027889419, -14.342802017937824, -14.752976424659629, -1.5734120423528652, -0.11402502741566459, -2.301185499521897, -0.4829030978524597, -0.5325415896440443, -0.6059694198792888, -0.5502312270108666, -0.4849814076229966, -0.6255124293798157, -0.5251023302463675, -0.5522752417433403, -0.5571986929810286, -0.4680370264564345, -0.0942035254259173, -0.12910190532349952, -0.12802265401721355, -0.09201330006891591, -0.1805556109617552, -0.1455639503006379, -0.11765793755054658, -0.16099655831882007, -0.15691103838233528, -0.011266804386100296, -0.07622521181738562, -2.298537470878961, -0.053763918476531315, -0.07453886355651382, -0.05266263831512811, -0.15588795095545793, -0.14992295963992341, -0.12454484271827856, -0.057549036088730736, -0.09957122428320497, -0.2132106287457026, -0.002443557395853425, -0.17333382029020417, -2.2948700297686555, -0.07257523578554473, -0.12826989457479376, -0.10616029116298209, -0.12744129127911513, -0.06296833830448238, -0.07056541029643054, -0.03926919159456774, -0.16137231084728387, -0.08876882218803141, -0.1316322312003948, -0.09736806791549928, -2.300743318681655, -0.03418578811916848, -0.1215462591265335, -0.05398975795866917, -0.15101410439363988, -0.12232048786462202, -0.15047493697183925, -0.1457666461254761, -0.05617157102110128, -0.038779915038967126, -0.128684612753262, -0.15374273120375218, -2.294368922782034, -0.16670949554911357, -0.12240827760054611, -0.0699526070743498, -0.1404235602606746, -0.09775153031318413, -0.11129373642509746, -0.05626616654054189, -0.1286629115241268, -0.059963050221941074, -0.06649788538423007, -0.1229052193633679, -2.321792473867729, -0.13358164332035316, -0.1109850980665438, -0.06398354356370099, -0.1353419768404538, -0.062304638209426604, -0.09162720556146975, -0.10642365607560346, -0.11206588514247261, -0.07226867458538272, -0.13414824111361998, -0.19757950211849615, -2.3032514631423138, -0.09793880948255744, -0.11404584967333381, -0.08703542989960834, -0.12016662852017447, -0.15201738250354171, -0.11722435214551752, -0.10972089592511863, -0.0971201539880468, -0.13306147055348877, -0.10983272837409738, -0.09952420896164331, -2.3027566103096957, -0.05360406430051732, -0.18709796698029965, -0.04652328626573226, -0.08964774337856789, -0.09719805694563613, -0.08012556326240568, -0.10905578422830169, -0.09204694909639934, -0.06902414021831402, -0.13790990637197886, -0.11316806365473793, -2.3143684684224524, -0.16251490487968612, -0.18466942588684843, -0.12653379883414145, -0.16346485687892884, -0.1386369886837807, -0.07865742008805088, -0.07244399070198632, -0.12869582982520483, -0.1447542513549339, -0.17193761337625135, -0.1671160663935532, -2.297486722711622, -0.13080152864953595, -0.115122657618582, -0.09745098705354541, -0.12953361240745628, -0.08011565406611977, -0.05682889261317649, -0.09484422055058271, -0.04602077014313939, -0.10920859681803277, -0.09012559296159879, -0.1525674870223828, -2.000265790501976, -1.7091920422467572],