{"vi_exp": {"vi_seed": 655537932, "coeffs": [-0.31106781553424634, -12.894646460995828, -16.003150852675372, -14.37234844247759, -12.988104460854057, -12.533127804172052, -14.408683304692877, -17.008733600827984, -13.704173080442882, -14.082383250600438, -13.75956471310159, -11.203402725572195, -14.143733664953142, -15.263260117295971, -13.60807814298973, -13.957941533729265, -15.27250816871619, -14.533159180279466, -14.57792243456543, -13.904168778604133, -13.720336352054705, -16.156542516141055, -0.0012000342386970393, -12.210703045019477, -13.046701393154585, -14.751682303870012, -12.063303090246272, -12.761673647682908, -16.027857651635784, -12.599022579641328, -13.350253109305715, -14.027523875649058, -16.038474988548153, -12.775298866662931, -0.6907335350868017, -14.825325539544828, -14.353920876699261, -14.299392904899833, -16.116164576590773, -13.766848319584057, -14.11097254726081, -13.15647301046324, -14.44980825481696, -16.44587880190749, -14.028325109185197, -11.519869855678579, -1.0907412500192284, -13.915459697098127, -14.615084301997575, -14.349429428252673, -15.48391222095973, -14.806329544391318, -12.616813982908335, -15.008119371669864, -13.08433799275643, -14.16920224274973, -14.421832908805081, -13.007585599975151, -1.3724029505243915, -13.205017212787233, -13.835960425295177, -14.978537941209213, -14.97225182785173, -13.611352999627238, -13.713147027584348, -14.890864616255914, -13.023291659440439, -13.854352648059782, -13.182906549991525, -13.164441196651032, -1.5590322826704892, -12.148930627139386, -10.941653947113885, -14.54595491767012, -15.337703400868788, -15.924751763667063, -14.34858154550689, -14.309104941431595, -14.723950054580385, -13.305863148905706, -14.12426547589881, -14.357453049756138, -1.6460873032277912, -13.74920975808115, -15.088803982777497, -14.679142971734176, -12.594387987133588, -14.229685090666766, -13.44684500431802, -13.973901489535317, -16.230985669429696, -13.143287854247601, -13.552759098930073, -13.63342514730531, -1.7068428144313166, -13.715001617985765, -15.634735917896391, -15.104930742120859, -13.669206264854829, -14.132736638438839, -13.634267211823085, -15.623291814342215, -13.105468762050387, -14.806956509178631, -13.683582893836553, -12.993531529898576, -1.7216119853880056, -12.609359535489013, -12.948816270494525, -11.697328670466344, -15.492644682288343, -12.2530833412276, -15.725313662929336, -14.69991179017289, -13.796092122787133, -12.113944039491532, -14.083769746358415, -11.921689139246896, -1.7238605030692056, -14.399899954635757, -15.592156446896855, -13.199206355796154, -12.879978466261928, -14.625289728765786, -14.358273430949534, -13.400400711353603, -14.503830595778567, -11.482405625390717, -10.89905862498771, -13.322923647588405, -1.9012831310707181, -0.9122632835001937, -2.3129652089362827, -0.5441448591812328, -0.5930694200391777, -0.5570336935478764, -0.5472575244278898, -0.45991937933415694, -0.45238528274740486, -0.492630467368252, -0.5319772490884463, -0.5167617324823189, -0.5418290480819785, -0.12300778198980755, -0.16674360016963038, -0.1271283055514719, -0.040925826579187634, -0.06831071014378284, -0.0952803897764531, -0.04138602592251117, -0.09470269242810636, -0.14116944189900488, -0.0683766393615388, -0.09159871495569957, -2.31647981339391, -0.09775618893855864, -0.04390338757254939, -0.14974943527794388, -0.1309446790171432, -0.187274863354318, -0.14663620145052528, -0.09655043570289558, -0.15107744194424277, -0.11192049687900259, -0.0875382438316818, -0.1324358934662576, -2.310067014459191, -0.15059490693731184, -0.08604790797316256, -0.13738668477198973, -0.11939925231033037, -0.07015354768583056, -0.11597331640477086, -0.07091749308459704, -0.07333024631842987, -0.15417263826256628, -0.09540092551908984, -0.06769853785872809, -2.2970321163271095, -0.16307334258618603, -0.12164017607444419, -0.1185717952543805, -0.1265974429320086, -0.0832601589098825, -0.06234158075887375, -0.10837617731492301, -0.1298444932100355, -0.10482910730992466, -0.15653754213646218, -0.18521545023646926, -2.296623823254838, -0.13337948853772078, -0.15410191457058023, -0.12493659785705512, -0.08300705832073535, -0.1275583110587457, -0.13192947293734547, -0.11130576292902404, -0.12695987389286348, -0.10355423202985052, -0.09645409262264767, -0.0851367339956679, -2.3175537757809552, -0.1419928150329441, -0.1038941346563521, -0.09622253284426842, -0.0773973811848279, -0.14681969417658208, -0.1164956649146088, -0.10023691490986106, -0.10737727877105675, -0.08283082548364107, -0.14129682762725196, -0.12672912644301187, -2.304553656201498, -0.039627943437822624, -0.09153467930062437, -0.112080536859116, -0.13426455399058043, -0.15471547224061652, -0.041712114412985425, -0.16036876452595705, -0.12965373188909665, -0.10608203300783361, -0.13436359437391865, -0.07951547970089003, -2.2968020279493797, -0.12227803420700997, -0.07565217624891467, -0.07924342007501875, -0.08923424059964546, -0.07481464720313366, -0.09428875779894147, -0.03604186735189119, -0.13689352483532197, -0.059626498575717744, -0.08375330705760237, -0.08644512909979438, -2.2973022432208046, -0.13401722405856334, -0.1178453392711187, -0.12381439195399663, -0.11547012618020508, -0.15324417722098357, -0.12272713798141938, -0.10272022886092667, -0.15499371614311772, -0.064559137536564, -0.14673185514593287, -0.15141767881206478, -2.309147024177777, -0.12421156416533216, -0.139353011196919, -0.1025026136809362, -0.08439615201909546, -0.12648764541589388, -0.0958152056806471, -0.10554639188281414, -0.04067599532144458, -0.1253820359575727, -0.10935027234613097, -0.0726551328674916, -2.01632400214812, -1.606882122833874],