{"vi_exp": {"vi_seed": 1734976073, "coeffs": [-0.08512639207075862, -0.08198323953627569, -13.043370990717978, -11.85717494423052, -13.551927620291368, -15.041297716682887, -12.646057835973464, -14.315798490860177, -11.934635755319436, -16.432242890301993, -16.480694868689397, -15.764462513090418, -14.269838662146368, -17.80756710868515, -13.541692205558157, -14.988774008254703, -14.460741192095721, -11.891661248127216, -16.551078467721723, -14.587285010589508, -15.117823492410228, -13.13709782060171, -12.069118408036987, -14.494723006387801, -12.03396313925139, -12.081488178908439, -13.482297499970674, -14.672443959504802, -14.612625901054248, -12.748163812923622, -17.461672679354443, -15.511071739383418, -14.543711675186502, -5.497522795060236, 2.147662534357453, -16.881053326414357, -14.531100040277044, -13.754261058550247, -15.262271260529696, -17.59743409963557, -11.253256077981087, -15.794236310074451, -13.26367770198746, -12.45140122839076, -10.68762956215183, -12.379836664691856, 1.8125885154543582, -16.013521111390883, -16.62598740429503, -16.052064188830094, -17.94816067281396, -12.930678593694093, -11.387558533378987, -11.12263084182083, -13.814806641396657, -15.90586635245849, -12.639833971287501, -10.465060088741055, 1.5918102663014844, -12.550331775847289, -11.85922590346117, -16.93989350393438, -13.380598214050146, -14.294689257490043, -15.067428343039968, -11.600346700249272, -11.63073218938572, -13.624103191929262, -15.498405069071364, -14.97308733948664, 1.6352592289685826, -11.402195661761901, -13.138389963856275, -16.287346530967024, -13.890194870382487, -16.02070531340253, -16.02754015723678, -13.7204725363757, -18.531102297680988, -15.211152307106262, -14.407107963060572, -13.413672576226801, 1.8249661368913344, -15.753023917545756, -15.8678928254609, -15.173703063104647, -14.016614482473798, -14.19048295691823, -11.049201294775617, -16.113627868081444, -13.934630207169414, -15.38217548281142, -10.327623445456869, -14.349435879238813, 1.8896878236643648, -15.558180821772988, -15.46787563076752, -13.594025246076887, -11.54083328821495, -14.200776995276984, -16.562208107948372, -13.312239934422298, -13.167684292609595, -11.226905918848942, -13.690083769735134, -12.647618602135292, 2.007109592662711, -15.731463228865053, -16.21335003545179, -15.009178418473152, -15.316072206278514, -14.676878189868464, -11.279736488976829, -12.847613708870911, -16.316011333167268, -14.709474074791531, -14.899302904249135, -11.84967016233216, 2.0723567470660473, -13.338053608533269, -12.790058946944574, -14.787337554757059, -12.950313015637596, -16.186766581243006, -16.607240504503388, -13.157256958630686, -11.741683753752975, -12.891020470246728, -14.129187674002276, -15.674366266266201, 2.2369543271435792, 3.078415839181848, -2.315582697323155, -2.2922236616180682, -0.5335841571643062, -0.5655045654214642, -0.6120280920678941, -0.5645029062318444, -0.5453355413623494, -0.5917312561557092, -0.4488153651586964, -0.5769473016548677, -0.6354130684449018, -0.11803052114633399, -0.0836487790275483, -0.13833843667156584, -0.15391516355612322, -0.06700825286939432, -0.10447578698568147, -0.18092179066608094, -0.14121529573508673, -0.04128441792249059, -0.11979508620237193, -0.057624956167403964, -0.0347491410708395, -0.20171950253101326, -0.07727489957945574, -0.13184974701737334, -0.13453677427341543, -0.17298107063300827, -0.012686691378138337, 0.05604296474706801, -0.06836585952893942, -0.16584957647862145, -0.08259891763072595, -0.039126614356609885, -2.320378527771028, -0.059328466924286026, -0.14935804951353845, -0.15764222703359598, -0.14783862751087304, -0.11005422937399513, -0.07132233194915563, -0.07964757337634745, -0.1308184226040075, -0.19243611724595902, -0.0778104504708609, -0.17956548318878138, -2.287230380695828, -0.1459011022265265, -0.13638719335436275, -0.14677299291570448, -0.1629143021426319, -0.1650470731893347, -0.12781022683085955, -0.08045827552880729, -0.13865364473425584, -0.08348999954499796, -0.1760591014788553, -0.12788004368387954, -2.3178231140136205, -0.15887128247925733, -0.12109211058198543, -0.06343314211085951, -0.10239870178263062, -0.12156465786450699, -0.11992979218180543, -0.09243296749239027, -0.1041791623280536, -0.17179352748755974, -0.14420866145564187, -0.10924523082911135, -2.3000033325540565, -0.11401237669775666, -0.055673111714489326, -0.04661741637053281, -0.04822540123823944, -0.12248709413067857, -0.12064568134879014, -0.19685696565957272, -0.09003673460539911, -0.11274387572123121, -0.12755784241806215, -0.1511596454423522, -2.327533637047832, -0.035822697509548265, -0.05357679780266719, -0.11891232934838651, -0.10825735025964824, -0.15884528289958183, -0.134561998718645, -0.057211517052394134, -0.06412426627061593, -0.1027353522424706, -0.09945880284632004, -0.07505611983285888, -2.317028885747869, -0.09771300955409584, -0.10255827336689538, -0.08771335262701485, -0.09926586529043795, -0.032424675730303436, -0.10051467289767649, -0.08016631360765052, -0.11875848747605881, -0.10828695526500119, -0.09446120655824272, -0.10083149137986823, -2.308685022456713, -0.12097454864527868, -0.1375215090199988, -0.15547419008398253, -0.03466632998916525, -0.03340218077642756, -0.10738697468962799, -0.10271447798882506, -0.05666207323239812, -0.17586915507157386, -0.062157120888183974, -0.09781037013938872, -2.3055662631335276, -0.07091357454070299, -0.11095610074505656, -0.15335689492211324, -0.06698022002926711, -0.05665088284475689, -0.03342508702438918, -0.10312673180077413, -0.10877172815193069, -0.10703463201573592, -0.06455222044583504, -0.16119973205370408, -2.0440567612248692, -1.4196052480865085],