{"vi_exp": {"vi_seed": 3650175257, "coeffs": [-0.04850733442075182, -13.630676050124434, -12.788403277323095, -13.567609623487744, -12.782353509928143, -15.197353304967697, -13.237754472316462, -13.293180362292365, -14.516113491494773, -12.765704559296557, -14.671043587520659, -14.119674986548134, -14.943802488323298, -13.714489029819966, -14.200327489175912, -16.224938880275662, -14.745484397851182, -13.799193041675055, -13.235300228329056, -14.457686410411918, -13.898144696282147, -15.816621206599612, 0.01560327170263326, -14.559595537421467, -13.65903792668299, -13.145767067362215, -14.762854666693295, -14.3964664605673, -15.379659137163765, -14.464819205761325, -14.394824601850418, -13.086869494261963, -16.552485792713888, -14.171151900725246, -0.6752334224044961, -13.958260425987527, -13.332448155382485, -13.728038129194667, -13.730176937035665, -13.602463868301632, -16.477859795240484, -12.947599912306922, -14.559497060075106, -13.808231354063532, -14.910966837847004, -12.130563846719022, -1.0713406104303251, -15.555584287258412, -12.07154739351643, -13.199299552331787, -12.761407770195245, -15.541012185821533, -12.692158004368725, -14.536996959837039, -15.663355331407828, -13.099655396964714, -12.997385957837523, -14.511120374500603, -1.3467224784713678, -13.308185122494747, -14.385730358073909, -15.774663308934056, -14.1974008835884, -14.549124948696587, -15.771263464270204, -17.670208158118836, -15.176489225601205, -14.24305627932677, -14.051401103262814, -14.232801548767073, -1.5234455035460046, -12.347026001318758, -14.250262312488143, -13.150968685554158, -15.392412103470122, -12.540898694020235, -15.526596725784398, -15.190576379837282, -13.89463444190727, -14.484503320871726, -13.807301347762412, -13.922178894378003, -1.5758233225749037, -12.40973525238831, -13.175982217802929, -14.256134749669544, -16.022646757442867, -16.08483478428552, -12.47045979625997, -15.93677238711877, -12.720199267216673, -12.344579885432887, -13.885840877718623, -12.038283847534142, -1.6475157329035217, -14.688781360445173, -16.448744687688542, -14.67565320382697, -14.032470850748282, -15.064410239101946, -12.697070313543472, -12.359694839241309, -12.33416278100594, -13.087123875442636, -13.283863365190525, -12.114113282979863, -1.631560048198677, -14.352895044317432, -13.354987748563888, -17.222578957349782, -14.637605896112895, -12.817009870989082, -15.072770746011257, -14.994532642212102, -11.69049072265062, -13.961753870727385, -14.126288104257856, -13.266541679398204, -1.664403436967289, -13.981384110395217, -16.006649240148334, -13.688240301473007, -15.423142640489953, -16.047520502994768, -12.27239467744126, -15.732670219294985, -13.93114865626716, -13.184196219566132, -15.18780936355754, -14.657700656820497, -1.7698234697111828, -0.744670930503789, -2.313731111737101, -0.5577030758909172, -0.5936689029661048, -0.5670760066159215, -0.5759339787285443, -0.5057248597425511, -0.5362830600720336, -0.5057097383386556, -0.505533932208797, -0.5907931587438087, -0.5340324408540627, -0.04815883066627255, -0.1270723270347607, -0.09110665128716898, -0.1405202330141041, -0.12366995165825029, -0.08728361574082551, -0.023128792385189972, -0.11664606478428109, -0.11353912667050313, -0.13587381548822888, -0.12576864458377185, -2.3003413521691485, -0.14226435240116553, -0.031523503759200606, -0.12771882049064953, -0.14098945995352022, -0.15844072879802806, -0.07723567642010729, -0.09586530812101314, -0.10892594883125015, -0.09437908165943172, -0.10018550057103212, -0.05679242520416705, -2.3094578417019487, -0.07878371092965221, -0.09206068757091682, -0.1071365963668051, -0.16486314540145397, -0.06974635281935582, -0.11110374518827927, -0.1375889859771094, -0.17656175426232995, -0.012388492220213335, -0.06234791072439533, -0.0714682858288653, -2.3040834977481937, -0.138102049941306, -0.08186998379324227, -0.10598152369124761, -0.06432909352485335, -0.05994550644504251, -0.10107833102634757, -0.13209745934135717, -0.08894972902961105, -0.09019558527868021, -0.11770561374880065, -0.0871646497700812, -2.311816792931303, -0.17849579605587593, -0.10519919007578848, -0.09167756307914145, -0.04520547985943163, -0.0956633679630456, -0.19521808975909186, -0.11392817727896097, -0.08685531511685095, -0.07697928846482244, -0.14876237679836388, -0.1472608773324381, -2.309587262337664, -0.08170674091573579, -0.05153204701610938, -0.12305564054040893, -0.05526080961063002, -0.0823607008808606, -0.12349605249052822, -0.09779656403660733, -0.14652090386939295, -0.06208566298903451, -0.06227959065298532, -0.1667582773417508, -2.3158916621766235, -0.11806621006440321, -0.16642167609905653, -0.05649149079118762, -0.11014289825681739, -0.17494514937472322, -0.12342470050010954, -0.10450190774415657, -0.11103778091001264, -0.08271357498366279, -0.07077910450844936, -0.13510697267627772, -2.306742441915133, -0.14476941966035659, -0.11528278423324118, -0.12965686162637816, -0.11180416572371703, -0.12733364468829528, -0.03845967293971582, -0.11070984313793486, -0.14466042042946523, -0.15156795763729383, -0.16295062125633678, -0.11051870043470402, -2.3180236059340733, -0.14198927785563129, -0.08078794590760051, -0.1520949725387365, -0.14343682742270747, -0.027476790959360783, -0.21577198202684317, -0.12746186018959338, -0.07789447231590747, -0.09669614980465172, -0.17610322550126134, -0.1605548332360211, -2.302680672037455, -0.11280281835428113, -0.1488495341124831, -0.08473332511263496, -0.14568886709047554, -0.17356667625550928, -0.18829844443003105, -0.11998629586879073, -0.1394879326592085, -0.12064691611251202, -0.12838998666489632, -0.09353622653488737, -2.0066287491337946, -1.5885377049312128],