{"vi_exp": {"vi_seed": 3324180753, "coeffs": [-0.2620738758740125, -0.2625019052650557, -13.796869311244958, -11.951928767545875, -13.688579353667526, -14.308078999514322, -13.710517859885014, -16.389752439230104, -16.083448163381952, -11.916836554926663, -14.454083215575771, -15.383520956901789, -11.85307847265614, -13.645319721748024, -14.534175665419701, -15.967785973850354, -17.297141316667663, -14.073405471615928, -15.544037942724467, -10.977669561889233, -9.608148689074227, -12.876705620415407, -14.911361824252849, -15.041739212585576, -14.580816259264008, -18.925167918963485, -12.363022471440736, -17.313502574302383, -13.893663469038282, -12.279143101120566, -12.367604446329572, -9.739209458174264, -8.876599700618447, -11.777683234493287, 3.076532339779136, -13.499257564548174, -14.929001877040628, -14.805483869772994, -12.37953292125896, -12.24192913988829, -12.205700186161346, -16.51395306673983, -9.895542144291008, -16.357323922427845, -9.782518374569667, -15.063343178832794, 2.7509759584035787, -13.383091903162185, -15.494885194306493, -13.712017426128329, -13.090462772703518, -14.765163926342753, -13.586134039236443, -13.8303215039664, -8.318803172299049, -7.5599436318220015, -13.005951987118664, -14.188473846770902, 2.526867542694167, -16.785320789520323, -15.120702530946659, -17.11305191994095, -12.703451045640856, -13.027774159319764, -21.223430047695, -13.835488176300265, -12.80349903351705, -15.282791814051809, -9.991906220874355, -11.646589593399357, 2.52592352963142, -14.18427052517664, -13.367525418301716, -16.957727121637728, -14.743331665086648, -17.58788005537791, -13.586837048303092, -13.450343553668189, -16.711891977017327, -14.812891814367807, -14.333678333820345, -11.410813589281462, 2.7350222805971343, -12.55607137775044, -14.425861469768385, -14.375292592646556, -12.043635318514534, -14.884307293753023, -13.06847251823082, -16.20736158270303, -13.799579965588604, -10.999963883729485, -15.366826056142939, -11.457216778217049, 2.7799641372858654, -11.411207185969669, -14.041640406319175, -14.238853915437764, -15.506890441365488, -14.130953034409407, -15.661964531565475, -13.527242212855164, -13.549474577823814, -17.070464770323408, -13.253175701816069, -2.501440554957593, 2.8538452477721274, -12.96320905985942, -17.192295011113277, -17.006039583952784, -6.989175670962624, -14.496025165920924, -14.96159233871206, -18.615178395909062, -13.466006041818654, -17.52931028536778, -10.458823380355774, -12.227627913828288, 2.9503128993364474, -15.796217870126, -17.215039356564407, -15.09349674233902, -14.03808953557378, -12.708190438854862, -13.053451641993904, -14.289594917807367, -15.861663728058582, -15.61951081288328, -12.79668422728246, -13.624546339920306, 3.1246552769713456, 3.486706759124648, -2.3184997753694865, -2.30286030233937, -0.5447165869975298, -0.48404080941415994, -0.5536264833032019, -0.5301382768463216, -0.5398304628573233, -0.5088576539256146, -0.570942965851683, -0.518514219023134, -0.5259702609888379, -0.06822165409342414, -0.1506435573777418, -0.0624381002780202, -0.1391450795224043, -0.08770763024380117, -0.12487949243639794, -0.12379127465539624, -0.17308424183851198, -0.005259679186666976, -0.12396441704660417, -0.13402311608916256, -0.1246829356632366, -0.07302355409000297, -0.10787122642802396, -0.1396650612193246, -0.0737314834261046, -0.15052696729836823, -0.11906334224538076, -0.12401184040605624, -0.10858301759790125, -0.15073719075209036, -0.1342194678710832, -0.11057977158822209, -2.303957859581029, -0.19840467093339087, -0.09263015338777213, -0.07018743727963224, -0.12703564516168844, -0.12525947763107986, -0.11499906935551883, -0.1493064146000859, -0.0915616490344752, -0.05953588639044781, -0.102866631724677, -0.13533558048550542, -2.3133623871435782, -0.08586129543085014, -0.14975386748144076, -0.0785095045688247, -0.15435539082194144, -0.1467419904490172, -0.12660669769515057, -0.1175739705791061, -0.055315740063810744, -0.06262264835182783, -0.11491462050912589, -0.11334259975325349, -2.309807710336427, -0.15131633357258828, -0.04497294027968477, -0.08422154927340639, -0.08798345896489121, -0.03839935877640442, -0.08459508122824082, -0.10759940388757669, -0.09341134823892568, -0.07554108960037842, -0.15120460572564473, -0.13998244664735748, -2.3132375492440183, -0.14199913174958392, -0.14581952730138653, -0.1860356128127608, -0.05357677035925972, -0.03357830470427191, -0.12721228435216425, -0.03782809479194843, -0.0933777619133446, -0.1725174106906834, -0.09276943724172326, -0.11222946805917891, -2.3111254770155782, -0.17576853030649808, -0.13712472238598067, -0.1506541649712512, -0.021661178026585494, -0.08651467320556279, -0.11122445851468919, -0.16573162660985719, -0.10278063472791497, -0.17183421696926116, -0.15212494715268596, -0.10672864659242917, -2.287412779877008, -0.1120486828587171, -0.1307738435550328, -0.1433774351073868, -0.064058721522569, -0.10628153657411162, -0.16027633820857243, -0.11751101834478159, -0.1111012503005467, -0.16172529429414248, -0.1110512107748745, -0.08058885858672019, -2.285724306297496, -0.01745400400584014, -0.08676887271978648, -0.14789116136041788, -0.09482071892077974, -0.10930253322103554, -0.10141714975418571, -0.1520394758894911, -0.12380793040475942, -0.0982208983220878, -0.1090375303693345, -0.06462372155415584, -2.3008497518658904, -0.08470785469679232, -0.09505567294876897, -0.20705386084371427, -0.06587627118163862, -0.10331156653043813, -0.08867465217076011, -0.08370457239654486, -0.15624904959846544, -0.05802430148444645, -0.11863610366390041, -0.10799354793836848, -2.092257162218455, -1.1973042290310862],