{"vi_exp": {"vi_seed": 238176324, "coeffs": [-0.5626205924538081, -0.5712258838333775, -0.5672070660570235, -0.5622319379843279, -0.5698185242723933, -12.66097058038965, -14.453070680826142, -11.61281424771376, -15.334267814862326, -14.800021945697155, -15.206481901464091, -12.461617134748009, -14.792619854925036, -12.713314568980937, -15.289520788419017, -12.459120221366696, -11.212754859870001, -17.3977473161076, -13.357424264078306, -15.171387596193496, -12.821495695753859, -16.809331619436506, -4.136004733259219, -12.677323974906905, -9.96606176807881, -14.420112671459231, -13.143339608021588, -9.278904556177405, -10.379253872106483, -11.548666623114057, -13.588466077031244, -11.736410812319813, -12.626540230728246, -9.840593456027204, -14.314235763510915, -12.693236802286162, -13.535988214947757, -12.002492728167072, -14.462480047169898, -9.11572770613271, -12.64677465988523, -15.231461469564499, -13.964307804348753, -13.607652192820504, -12.516225651736146, -11.74186235304386, -11.613032657209788, -10.664125344550955, -10.65261795595532, -10.811597767578863, -11.327118456220408, -13.383692311436542, -14.210025999759324, -13.96494770122442, -11.905212841390446, -9.233652703788431, -8.564652258830227, -13.235100168527637, -10.609381060602054, -14.864675236869516, -13.605386901395988, -14.282013728981548, -7.813029703280031, -14.656763115558274, -9.901076248159338, -9.650914995732833, -11.445455187971632, -13.226383474387212, -17.188948777599077, -12.222612178759414, 4.57174063981525, -13.166675187674187, -11.950123416169463, -14.063538602396424, -13.66875073801762, -13.588265944165915, -7.723395391191301, -13.35142442952111, -10.493310057249214, -12.63537691408683, -11.595822946559686, -13.60220738243983, 4.813650067484821, -10.215540511464532, -9.728045780165811, -11.716512409027686, -6.80400037205145, -13.032188202940768, -8.690004053054734, -7.3369855919620495, -12.74846070785569, -16.24764818425289, -13.931454024251092, -7.439517834738461, 4.954907218214789, -12.046383740636674, -13.302454243688267, -14.08568325349681, -14.841199750419825, -10.560990667952975, -14.464825307503926, -11.531473177653217, -13.881161050692304, -10.11660188828914, -10.469943595222054, -9.118505241799541, 5.033844651848882, -12.888993076121894, -10.00172269285773, -16.088551644722397, -11.140352423896497, -12.339358201708368, -8.521289483457869, -14.984516430824113, -15.869658562861396, -12.715939058244437, -9.27228078844623, -8.22377664881744, 5.1452956792071385, -11.649126969482314, -14.690176457805455, -11.29433101896781, -17.543363488805344, -11.512263520866497, -14.458621298472822, -13.174929360620196, -8.888101186785327, -12.372318975965202, -8.362189614957035, -9.047297339493436, 5.610547854319386, -14.135675645265074, -2.317810869991966, -2.3121036379781628, -2.3022618354178936, -2.3064263982953057, -2.312289761320031, -0.48101045051956903, -0.4989182943500907, -0.4791969490135434, -0.5579467488281871, -0.4947392783672043, -0.5812229550354272, -0.0696422280828575, -0.03032882140187411, -0.16614820067582306, -0.14437203831740292, -0.13786096661396174, -0.11262447652710489, -0.1470813250454297, -0.08801419360264727, -0.07070942666768715, -0.16900450650539398, -0.011234770934819982, -0.1153201721732427, -0.09535436111878778, -0.11780019555686799, -0.12129167610482333, -0.10182078800854157, -0.1365631500993322, -0.131624367572642, -0.08225170132220111, -0.06405234473412903, -0.10347411289738827, -0.12239860449045661, -0.09297140067330446, -0.10851726160159482, -0.1704641414275877, -0.09474957913585057, -0.13230474489056274, -0.04810334273660772, -0.06049345086170958, -0.14314421741454023, -0.14870328633300367, -0.1321424359880001, -0.07359793048481349, -0.13261718850093263, -0.10142468802474436, -0.10665620191594649, -0.09703155596523862, -0.08631853802981614, -0.10747335691955938, -0.10822860016401398, -0.12071027366671604, -0.058859127664839105, -0.14773717970540265, -0.06893855382685005, -0.09450755406081862, -0.07316532738306539, -0.1061256353537235, -0.06041695959448012, -0.1727050843967465, -0.1364773408315198, -0.0053862116504849265, -0.1333658082049581, -0.14069467268965002, -0.12704958037696087, -0.18721416360594004, -0.11610146813156311, -0.14031217486277794, -0.09635615906630533, -0.150705077469526, -2.3051437866833377, -0.11721881944965719, -0.063496543341986, -0.1344459130827795, -0.10804307417855392, -0.11830215942092238, -0.08984184765643351, -0.16925024324830643, -0.09301666560668628, -0.09698880904983545, -0.15211319100651566, -0.11887734142853953, -2.3062433007180236, -0.15509087411409128, -0.0923713882669508, -0.09302701750369259, -0.17419647361963084, -0.18349234037070553, -0.11424464637234777, -0.08304398747079351, -0.13031420012612718, -0.09964603239374363, -0.175211152807462, -0.08947562829950939, -2.2962908197793395, -0.058704092244711244, -0.11943340355087134, -0.13061182245516134, -0.13400144053245414, -0.13625522828446898, -0.0738313363315374, -0.0628520051195879, -0.0803593752268624, -0.1355787823365838, -0.15790356557248528, -0.07553366576731976, -2.3155997699714717, -0.14383246970059474, -0.1198752102829469, -0.08982300087578532, -0.08473406623989, -0.18598039598174163, -0.0648949106695974, -0.1384282623013122, -0.06870534802115806, -0.0757648638714304, -0.02357559206224117, -0.1424289034497772, -2.2915920483110264, -0.03874173985736636, -0.10223120906146847, -0.12715348457355297, -0.15103476344334082, -0.10916735132939452, -0.1737133846422784, -0.03707398210303831, -0.15804253616049774, -0.0990422800047861, -0.11597018534321736, -0.051131523364960976, -2.30879142283452, -0.1472927376799835],