{"vi_exp": {"vi_seed": 3461812274, "coeffs": [0.08390462168340576, 0.07880545796858042, -11.470722493951133, -12.084606847576122, -12.713194782881265, -13.61935732392646, -15.958754999203679, -15.918139533718104, -14.226252446441338, -16.75246791188463, -16.191183476182477, -10.2547615340477, -12.299497544962962, -11.06167751902277, -13.781788582034041, -15.529500732517645, -13.242754337390506, -14.540859463291488, -12.806364004609065, -15.580995069708043, -14.766744386864824, -14.798166754048692, -13.66170992759521, -14.86546628937363, -15.007853662017322, -15.07389769127967, -13.538681584297029, -15.092088353616452, -16.076883934109258, -15.034270811638045, -13.470026163564489, -11.40441676489559, -15.517786807913179, -10.365644455660028, 3.412477846070193, -13.476071526196138, -15.513887226037065, -14.539183047648558, -13.33137615011793, -14.903385739202442, -14.724610849875964, -14.776700469610482, -12.196805616489979, -15.687802941505756, -12.309248225969524, 3.4140887446692476, -8.558626960794438, -10.509447992686543, -14.491580224294886, -14.184227330628197, -13.999916280976528, -14.77665354843635, -11.306225949228152, -14.249759263998305, -11.949888207432318, -11.384758777591166, -14.70126318953764, -12.829819209769612, 2.8927229507434378, -14.239639478504051, -13.93064604728345, -14.423578911604864, -10.828166872165735, -15.721684930121432, -15.364429169202234, -12.597054565910948, -11.054906473990817, -14.772931148448139, -13.357774855431485, -11.307603664336064, 2.7938072396184914, -13.600255968731735, -9.967530155829575, -13.899162214994261, -14.541637573093642, -12.731169397307266, -10.234518702556837, -9.514198390618917, -11.67577087578128, -12.088399417452322, -14.016112297967764, -14.749680743360418, 2.922084044235336, -11.596036625549667, -11.430337222549717, -13.086976514496497, -20.022406945382972, -12.193097483405955, -13.358912465823378, -15.499649825553908, -16.449764099571482, -14.488331402624372, -13.377589582978615, -6.253483791299721, 3.0080919033767994, -12.21147036522694, -13.671814129669537, -13.64261451864658, -11.668435266746629, -15.461328422881035, -12.375337542543823, -16.158317615828146, -12.162350237047907, -16.373236753534, -12.864684777498278, -10.009047518540683, 3.043491037630394, -13.624098276641295, -11.509796550567707, -11.38309018184781, -15.728983798754458, -11.844576190952408, -16.70928405004802, -12.872517168950882, -10.705041181689802, -15.22271504581374, -14.25457459050282, -12.705294478671355, 3.1335731663357866, -13.788125207200453, -11.99574588947777, -13.060347108808424, -12.938699280851726, -13.730614529393687, -14.649551328650228, -16.907249156859915, -15.304872862919929, -15.825304463488886, -15.041010325157249, -9.247341921892957, 3.244360223872576, 3.7610991660202213, -2.3175826975715452, -2.309224259041646, -0.5547827018265392, -0.5116460837416521, -0.46353717228382313, -0.5138895437935613, -0.5133675085016677, -0.537587061487752, -0.6220323336011317, -0.5070981487376125, -0.5008361963651928, -0.1735367889125202, -0.10169715698199386, -0.12910910464475134, -0.10710656591019362, -0.1331153009270327, -0.10337361534894064, -0.07823930103488753, -0.1065023084313604, -0.12381542726558904, -0.11370650142085836, -0.07152778818154763, -0.12696731576940098, -0.18436911529045386, -0.062142045915719674, -0.0787597476797062, -0.1773267253654029, -0.0585884034708987, -0.04361450066418686, -0.14957408300530076, -0.11594052317621636, -0.08975036243240485, -0.13927365348673892, -0.122165111361419, -2.3081703403314417, -0.051751657573385734, -0.10228040505848358, -0.12601408593580352, -0.1323292679027319, -0.0778637476295644, -0.1419322980282139, -0.09924367931381917, -0.07413017544217937, -0.07330508958990195, -0.15614836628601314, -2.296348945497925, -0.10739797013628957, -0.0743877312730018, -0.10715736762860181, -0.11542152474903404, -0.1542331123129478, -0.11633712475557942, -0.14852449555723538, -0.10787811415327957, -0.1064198883526871, -0.13353213774816905, -0.12640350934847872, -0.11455038230043466, -2.2980060782657943, -0.11118674919517516, -0.026484691958381185, -0.15240981193460232, -0.07131505044841756, -0.1819583048166611, -0.14125253540295368, -0.09767017333860388, -0.11690886624550673, -0.07291956011496553, -0.11769876782386526, -0.16075378178054958, -2.2946855802977897, -0.06684166596279725, -0.07602336464125661, -0.05154355373214575, -0.15928775929151578, -0.06402080770565034, -0.10726958526099499, -0.027783153046111224, -0.13797186749128526, -0.08831589213121621, -0.08590740923532895, -0.09071999191676958, -2.3116522061524347, -0.06985401171025764, -0.10494869584419923, -0.0654946512114571, -0.10086271726710673, -0.10645129370490473, -0.11183888024242217, -0.12725773740551535, -0.12180618189245167, -0.13913563664696646, -0.10673886452593016, -0.09373608767950208, -2.3166662811359418, -0.10886723360539378, -0.11824227216545334, -0.08115071850171074, -0.14641956191409194, -0.13684077787648416, -0.17251070235238533, -0.046293983318443276, -0.06567848088726885, -0.12305947476524438, -0.12399317453590095, -0.16796627108697282, -2.3109601262039967, -0.18320323117803305, -0.10370384157613875, -0.1059625941878445, -0.08080705596525471, -0.14325785549876308, -0.1132222855030959, -0.08941105534258326, -0.07436774279920798, -0.15696766222094058, -0.14931126291849361, -0.11680509881320741, -2.3070224203187744, -0.08552720295362194, -0.18976004096103236, -0.05209139545466841, -0.1355485584617788, -0.13846031271134038, -0.11879949859385917, -0.06811748116764262, -0.07376239543902256, -0.1654096190342511, -0.049203342678385234, -0.024271456894976513, -2.0764365231570667, -1.2764028492850152],