{"vi_exp": {"vi_seed": 2025903415, "coeffs": [0.016487269490227156, -14.720348863903256, -13.724767414304207, -13.022351704815595, -12.467740063365063, -14.379632270921158, -12.30555043074436, -13.714676954249205, -14.97689778374159, -13.372733442635635, -15.791923408111833, -14.386124170450497, -14.290996693777014, -16.099526322563392, -14.681248458493235, -15.428976366363388, -14.805357207793287, -14.953953109974698, -13.116724154005412, -14.827144724913031, -14.953131638517615, -17.077183057603513, 0.03239759861362192, -14.508819226646626, -14.866128065646471, -11.340000520218812, -14.23425166256373, -14.457278092318393, -13.135633481572006, -14.209995264261876, -15.358263654414074, -13.901828375023848, -14.568188616763447, -11.60477447943564, -0.6668401715958258, -14.45961957718228, -11.602008304182405, -16.22236315015215, -14.75824191333483, -14.03609128612539, -15.673359112094353, -14.167310731448886, -11.438257397738662, -14.22846532218953, -12.376579433641476, -12.01228223951128, -1.0504849683222244, -14.23727469185051, -16.094209740420716, -14.851576823587234, -12.820535035522688, -14.368738145181386, -15.29969005613171, -13.94454696968637, -13.997295425165602, -13.900477921439501, -12.195464242943055, -13.055225548492837, -1.321353952808982, -12.518173005415505, -13.381279933008544, -14.844281972920705, -13.259301985105648, -15.155318522397163, -14.346906758668625, -13.426496412995084, -13.877313496607984, -12.162624523467317, -13.74220060102528, -10.927578979994786, -1.516461619732377, -12.904470292375644, -15.736534774930572, -13.690350482597555, -15.123418808914401, -14.46116691527478, -12.398069128432901, -12.21933035062676, -15.12257976715679, -13.004844705702999, -12.904482899971333, -12.392622849409612, -1.6136728493853556, -13.384675459891467, -11.860499487054838, -13.460462960672364, -13.425418734865906, -13.618184489926001, -18.282775065777855, -12.439556605739542, -13.321740575867238, -15.17209837806428, -12.99663955115912, -13.08314413730831, -1.677174567061763, -13.951601027694558, -13.39013208126165, -15.433523322206051, -14.719130886880162, -16.543359145040142, -13.449597650328887, -13.612891898157807, -15.141492876787913, -12.624560395665506, -14.316946559768233, -11.994019281124293, -1.7347848654112403, -12.65918383562153, -15.763235643169864, -12.371195675117521, -11.559057043993093, -16.70407238716129, -15.652693886888416, -14.61702974020951, -15.15803694054155, -15.218557482689592, -14.193726632854966, -11.24127531406754, -1.7241465777131326, -13.170863417594935, -13.979185576410027, -15.97770435356085, -13.824185097242724, -13.589313504421922, -14.824148419614826, -12.68393652217499, -14.315293431474462, -11.667359195571795, -12.496958502519735, -14.516893104032212, -1.7750528780318269, -0.9842976579114122, -2.3134252268188598, -0.537506648680655, -0.5642702056284247, -0.5287713686149188, -0.46051117699338695, -0.5673772191188656, -0.5055496508686138, -0.5234568687340152, -0.5397779586050371, -0.49922834557384654, -0.5354182489430359, -0.09819690946857612, -0.15070074308066397, -0.0978584738070366, -0.10723453360739058, -0.14351923207689007, -0.11654665784162228, -0.04162449085677124, -0.06851003838163813, -0.0452090989315159, -0.14213521623542935, -0.10608645411531571, -2.3341284655741634, -0.02157174756687651, -0.10913894497289732, -0.08078379086370006, -0.13324151279697344, -0.1093471983270482, -0.09228021696489856, -0.1488071182571225, -0.11778049955197031, -0.13913769907969203, -0.150107210442088, -0.12120158531275108, -2.3014066492186935, -0.05983650532725094, -0.1452993519624802, -0.1158029606567908, -0.11933182985755729, -0.0017216113937541752, -0.15507812284785458, -0.09373427421285559, -0.02648738589564526, -0.08750463987304227, -0.10179215329807487, -0.07542607103355164, -2.318326312432666, -0.14771199616728595, -0.056928467721511604, -0.1289167748214021, -0.06682097593058174, -0.03669588050482893, -0.13516703745512554, -0.11824004357681753, -0.07857693934718137, -0.06430938717781991, -0.07822939542360186, -0.07376546029247015, -2.3196179352510637, -0.09480486525284809, -0.15821176795257216, -0.15727901523731783, -0.05996642016337789, -0.11168628571148824, -0.15314051741217868, -0.1379891151461202, -0.13252366293343135, -0.13394359217448287, -0.12481446683749339, -0.12068698987998298, -2.301197329151005, -0.1325034758630175, -0.10544050394306982, -0.09654276625232287, -0.1908637841481631, -0.1334427966313158, -0.09050007154000533, -0.012393620039108771, -0.15422358788123355, -0.09159166231370064, -0.08877272434231671, -0.08832901041016178, -2.3181881965641864, -0.09516732811401434, 0.023869777946132355, -0.13459425331644984, -0.0910721556683143, -0.05974814010609249, -0.03408226738621289, -0.0953026959213897, -0.055006509962285746, -0.14068431778060664, -0.08436804502424902, -0.13412511749432615, -2.3248352948257316, -0.14568764123781172, -0.08691883577302122, -0.12380482360358161, -0.1616009050137923, -0.10680571912615074, -0.07107764191019131, -0.01035565987067171, -0.10288741366538501, -0.05668444948918019, 0.002353416772111735, -0.10500290717981856, -2.29629594587577, -0.05967734519314159, -0.062082394551616446, -0.07690896098530482, -0.07846648270905496, -0.10869462960749038, -0.10255455391033982, -0.11574311516221776, -0.0683205380692139, -0.06742376540806937, -0.14365479448973054, -0.0642533333192176, -2.305598094462124, -0.050989281204790064, -0.11433798773347355, -0.10674035349648062, -0.1921463464899102, -0.1551490101307859, -0.1279670416804508, -0.057268471322898945, -0.1729026858718456, -0.10683222082139616, -0.10397377720515323, -0.16635214973290158, -2.028479386749084, -1.5073147580153725],