{"vi_exp": {"vi_seed": 2614878059, "coeffs": [-0.0975329109680222, -12.439266035095912, -13.14731738329444, -15.41148278981812, -13.834165766802224, -15.469952493276582, -13.65922560854629, -13.929193901197952, -15.946869133573916, -15.583921640235353, -11.024109540419763, -16.224360826396534, -12.45771062510743, -14.038991767478615, -14.12297779509356, -14.679050380358932, -13.806285083381098, -14.257571867054011, -12.880121133547904, -13.65040560381145, -13.957303493834004, -14.065016812505023, 0.011299941959246365, -13.352204088926566, -14.373826580896688, -13.36007876632508, -15.404609458925881, -12.557645060901605, -14.515261519938615, -11.69475449949372, -12.524327357261951, -13.149652664195079, -16.033124014521686, -10.731078732199157, -0.672575637704009, -11.763239225596616, -13.258802517929716, -15.657228527692272, -13.800099650704484, -15.050492538867491, -13.36655368618427, -14.573647989047174, -14.314616714108093, -11.229048042021384, -12.769461486525367, -12.707043390474484, -1.0685877805372093, -12.113971036102699, -13.54804830875679, -13.918663682080012, -15.601903214082467, -14.039484340329654, -14.573764517066692, -15.70983278829983, -13.818132568069782, -13.931481580283243, -14.196662161205508, -9.906629514032486, -1.3488481037964937, -14.490835126523502, -13.392608106648042, -13.953986375041888, -14.31652839568399, -13.208755298089834, -14.418631982455569, -12.53242821995445, -12.117176470458588, -14.594380923613544, -12.16293750541245, -10.749977649847281, -1.5420765575265252, -13.189561229365864, -14.47254100251015, -14.48385614389688, -15.959777348377896, -13.559682389016015, -13.222841074091011, -15.430836076934897, -12.43467720896122, -15.806660045145776, -13.141590584379232, -14.065363107707057, -1.6412085786088493, -13.76953534449592, -12.917192480339358, -15.295704127978015, -13.86764243420124, -16.530188232691284, -14.60018072317088, -11.629986274703047, -13.14361901842147, -13.569795360959267, -12.396131796205268, -13.003469231386573, -1.6902364451333098, -12.62081443386736, -14.472070208929019, -14.928604277575564, -12.906263858341418, -14.600686309111964, -14.135858476220418, -15.664597551058025, -15.265804422890913, -14.882128381085884, -13.67719325665818, -12.735632033048832, -1.7319364906115875, -12.527778238916282, -13.354725821248016, -14.84818032711494, -14.322402774450468, -14.85637641337026, -13.189665942208547, -12.426254581000437, -13.599180551220453, -13.463526278191894, -12.551454677080986, -12.81517092593482, -1.710625472689535, -13.48710711672205, -17.445133292971754, -13.579799995709944, -14.601392917732804, -14.196088933259297, -13.473565709114103, -13.124161104777992, -15.80941837341566, -14.57937875001747, -13.614783768498038, -11.437191563236873, -1.8450024232733644, -1.077752447654941, -2.303731158840341, -0.5787417761674597, -0.4971838899588943, -0.4853470004135117, -0.5471354177709699, -0.5563102839183705, -0.5478199498636767, -0.5601943617766008, -0.5508105042631536, -0.5703837506789606, -0.609448543707688, -0.220454410061797, -0.06158266402469474, -0.08564597000666653, -0.13160952940966927, -0.09228663468597871, -0.08600224993031469, -0.12288515455703522, -0.10239959289968162, -0.09261286943291612, -0.12329698849361385, -0.1303283758515532, -2.3141841768336424, -0.1518283979357138, -0.10859261007091146, -0.1477393273553969, -0.11617772327921765, -0.10051557852747159, -0.11601737805424282, -0.09329191805746251, -0.11485828654447924, -0.1405437414679193, -0.12107536296735144, -0.0531404265437753, -2.3119328431891955, -0.10369447872329488, -0.12339821137979512, -0.13454615718202273, -0.08302520544211181, -0.09766632691652725, -0.16493374380997666, -0.05066501930726086, -0.08952201927602475, -0.10141342547112103, -0.11532170598560457, -0.1563741056070548, -2.3138079721749225, -0.08504140555179684, -0.11540414621848433, -0.09833883223151894, -0.054391548845475785, -0.12213437259782682, -0.10715870315204103, -0.029172695382504846, -0.13435400058996844, -0.09630826102324601, -0.16755395027339423, -0.09067564398389731, -2.2971487004468765, -0.09245630119037511, -0.12382203271311266, -0.08941759899674329, -0.05382627223491697, -0.09362496540515286, -0.17007041289252453, -0.11477465300301634, -0.04039488382984211, -0.09974349172995006, -0.06262405769295243, -0.13239535260860086, -2.3065628534215157, -0.051482451403800596, -0.14682956811365877, -0.10930996380406846, -0.15677487156193293, -0.19168464059677018, -0.12372170738202964, -0.1258567392785201, -0.0797618631965818, -0.05954544613932388, -0.06815767809782682, -0.14092494814971088, -2.3121061332236743, -0.14019483596241336, -0.13103176522016524, -0.19101645356713384, -0.17465209125648942, -0.14571934847109635, -0.1191413687024796, -0.11393816890290176, -0.08707237108106806, -0.16812309259974803, -0.11089683241300892, -0.11576180044542926, -2.3073844164325057, -0.16846023585862518, -0.03871837682551143, -0.07713098733946876, -0.08548886949627614, -0.19318687118257147, -0.10284505194992477, -0.11715120646025144, -0.10486247283064709, -0.08937533938400537, -0.07632764577428976, -0.12481983182337307, -2.3247980845702987, -0.0619394878479291, -0.11664334420614608, -0.09295474226086133, -0.11793466300961285, -0.12787801147322025, -0.10834946805033611, -0.07847961372519272, -0.13084195951620034, -0.1498535386403134, -0.13419534518205792, -0.04449834326945296, -2.32043226867005, -0.11195618672688706, -0.11080686984017186, -0.10177812545897545, -0.11262335162283572, -0.15563369122796708, -0.09324430235677997, -0.1104281761381289, -0.11574008951630142, -0.08952401439867261, -0.10562766967947278, -0.12605995282265076, -2.03428258943907, -1.536248072610842],