{"vi_exp": {"vi_seed": 2952267376, "coeffs": [-0.020154239866320523, -0.01642979605626038, -12.010157844832644, -13.16321593843542, -13.36113255562535, -14.69185933368094, -15.887756243946894, -14.935653449678501, -15.30487650756991, -15.304118970110839, -12.462945433339547, -14.34258418357351, -14.270119773964426, -14.10475164806982, -15.305548897090887, -15.122203187834911, -13.686215156427467, -15.756692161927445, -13.632516673781147, -15.477780886680062, -13.023943858467742, -12.925100960550726, -11.010110449894407, -15.713367927845512, -14.596065489090508, -12.800291303582794, -13.880697686310127, -14.44792790845012, -15.208383403961452, -15.509929271882374, -12.725260231400755, -16.08123044494184, -14.703413455911242, -9.953698265095587, 1.0967493244326119, -13.475685603080649, -15.086598108068367, -16.947520333942233, -16.16244776907217, -15.048817776415405, -13.083977155295493, -17.65296667831891, -15.88966603076124, -16.013119304677527, -14.506448518683754, 1.093219515348434, -10.44502061841577, -15.641736100597067, -16.420570741798617, -14.011429467001095, -13.351087585563013, -13.642854456211873, -16.458786173284377, -14.645275617650753, -15.810575695305692, -13.411999912433824, -17.770977925093092, -12.480230855296126, 0.5571571164949136, -15.528022617129986, -13.429420203105828, -14.243608830272533, -14.987078690922699, -14.751105027572816, -14.853274331061119, -17.736637613055905, -13.398477351483029, -11.867048133278361, -12.635172595823935, -12.859046177992425, 0.5082376061579263, -14.043825579650958, -17.694039711323637, -18.043556884013956, -13.44326056469639, -13.412210704477973, -13.973618968073435, -14.736914037438748, -12.856352198165663, -16.408125779293012, -15.40109768226456, -10.203639925522495, 0.6140164422074511, -14.732742194481611, -14.633449372997951, -15.116385437046228, -12.282161424774953, -14.861203389923238, -14.443373575155306, -14.399651014582064, -12.323445648638117, -12.63042130747834, -14.644634690055616, -10.816371661654848, 0.6811448337553393, -13.21032049138191, -13.209647810171461, -11.840099739076164, -13.928226433332972, -14.56168940665097, -14.929207986561625, -10.649314545784076, -16.05847667981985, -15.132149712774039, -11.794422834719137, -5.6502467343154805, 0.7220092435567562, -14.267685042293344, -18.539421181851207, -14.308325561799636, -13.846455976436566, -14.152456531035858, -15.877108404206892, -14.206111875864018, -13.545532522927855, -16.237274926189134, -13.908496378341532, -13.159030076260228, 0.8378280379124942, -11.43617547738471, -12.865957197242073, -16.967920619644342, -14.967754158953301, -13.441078048280502, -17.008369655351, -14.438078817181667, -12.281598495912853, -14.981608162941278, -14.740248082622024, -15.067450396914063, 0.8903193926369953, 1.2716313114110407, -2.3148919418111245, -2.3088864015765505, -0.5600906125897784, -0.43828472440406063, -0.5519975995281007, -0.5389487479804663, -0.525817324534532, -0.5884347348225684, -0.4681475221085215, -0.5482624857034367, -0.5787739130714236, -0.08335098466274243, -0.05289938131070141, -0.13432279845808326, -0.15836786378439457, -0.11483528426703742, -0.1144748031411991, -0.15386629463277884, -0.16679620792048247, 0.030673543014844193, -0.12162911723956563, -0.19723258419908632, -0.0945661504407593, -0.11598492458358566, -0.09564803364328538, -0.1754373618465574, -0.10461123544036564, -0.11878248701391443, -0.17677982128573938, -0.10751111401823302, -0.09913986341444408, -0.15943268963151894, -0.1072691204715937, -0.11387313708597431, -2.311504400224456, -0.1204372329748492, -0.09310458816360427, -0.011660426867798262, -0.11871243012534581, -0.11072946979130563, -0.08573759446637189, -0.13592378992161974, -0.07875721889201441, -0.11489629838582432, -0.204455484892907, -2.3127329978865214, -0.0753262837826465, -0.12427958439838291, -0.16312587497684541, -0.11224320577895183, 0.02009254669496718, -0.15056939754360696, -0.15156594063611564, -0.06655379249744113, -0.06383606073361997, -0.10423305434234603, -0.0768373270777426, -0.10471753339466834, -2.309067030268169, -0.1119913991519678, -0.10496501010931286, -0.08565977163646668, -0.09518333744181905, -0.15649542213861314, -0.05709914925286271, -0.09032198313258602, -0.11393162853567147, -0.15757277515374848, -0.09645054492271032, -0.11543507641496385, -2.3049128375151406, -0.10752960041671043, -0.1169430362104146, -0.08414593942295702, -0.15969517056319427, -0.07707977196636236, -0.10553510766805882, -0.1286717733043878, -0.11074620623446256, -0.12605573473060844, -0.12292835948725386, -0.10836746102993049, -2.306471244932464, -0.15520760287820706, -0.10460747449792678, -0.12349697498138343, -0.12409988940774698, -0.09904543863283824, -0.056937181277830755, -0.09527702239632511, -0.15039904679918817, -0.08178367694941602, -0.11743945233654891, -0.10866370838034599, -2.308179114646205, -0.09117903693969111, -0.12876507478689828, -0.06453679195174528, -0.06059731693970996, -0.09127095870198376, -0.1367104917277811, -0.1290092195180922, -0.16803312293166994, -0.09509356351847613, -0.110598356916153, -0.12486790902910298, -2.2936806409368193, -0.13655284275932983, -0.08866670066607435, -0.1613978556082783, -0.13126098601795158, -0.09019155606700881, -0.06986594140041016, -0.1378084784920401, -0.09469515067976525, -0.14085505425446904, -0.07301287073111967, -0.09301794069228285, -2.301055974651439, -0.07794580344153956, -0.08592197180755953, -0.12202137741383112, -0.10400948421502197, -0.17224136797761835, -0.16585069198113248, -0.15160106806187873, -0.1602611912104654, -0.15457048301666276, -0.16949078146387883, -0.09611521151129937, -2.0999989959172445, -1.225223779866276],