{"vi_exp": {"vi_seed": 677168891, "coeffs": [0.006129952226571684, 0.010663236902974922, 0.011313551210119493, -9.768001906065672, -13.445026729662702, -14.391451067925532, -12.933027958183278, -15.191149937365527, -13.127430185336443, -15.166761028665517, -15.495557893768705, -16.37123241103032, -12.495941265084399, -14.977996045364986, -15.53101485059359, -12.100123484182598, -17.327535000987083, -12.55549421540585, -15.082959710785493, -8.961338436455298, -12.268554062435598, -12.395679578996278, -9.809520270147104, -13.09050162265472, -12.73712991199975, -16.691771639381255, -15.650508119581197, -14.425925247549237, -14.212511632039424, -13.250701621133006, -16.34966458110034, -15.168625227218973, -14.67528931419315, -5.074023920411479, -9.873544793967518, -12.317779489330835, -14.278945362877042, -15.762535441303763, -14.611640653846253, -12.367207606661609, -13.287359790392303, -15.3315346467298, -11.044052131913471, -13.704020794855664, -5.306916061712683, -14.790586561619971, 3.7370968094374586, -15.120703095277314, -9.847690389605631, -12.70994610064546, -15.684771141835277, -14.563092636663816, -16.410852889244172, -16.53758769537019, -15.72556947412656, -14.228131359962752, -13.42911548943277, -12.076513193471666, 3.50695947429747, -13.887625546326152, -12.839097177869524, -15.199390609658236, -12.831781951762402, -13.408014149809887, -12.887627536701418, -13.771120146545952, -11.736258593440008, -10.88085286410137, -11.966778301267365, -13.827387695575911, 3.4310808465077094, -14.08829610390041, -13.72251316240655, -12.463871896142976, -15.123113798792899, -14.872535115119328, -9.106453501840113, -9.080222742585502, -15.197100164248459, -11.432993827364795, -13.215893031548896, -16.194868470048036, 3.496281848393819, -16.792967126672924, -14.653117106826647, -12.332735712925242, -12.498158903454721, -11.70246069020441, -11.523665751417163, -9.98648395178114, -12.825190364312569, -11.355601043700608, -15.361504379040504, -9.11381634675465, 3.581621143399623, -12.871778713648043, -14.896240627926602, -17.926354533146373, -12.24732761484528, -14.501696476341577, -9.237306023193044, -11.944425808866042, -11.998374279528187, -15.87421854162769, -13.222160692221532, -8.57260728405755, 3.6122567795771134, -13.58849185459884, -14.594773859657684, -13.120145812927076, -15.272421351266152, -9.35127224129854, -11.961510298910023, -12.876991765235994, -12.178539485942432, -10.092974391799832, -11.592624709953107, -9.112686826403072, 3.732875263394934, -11.326556651710034, -12.209562206376548, -9.61981013560183, -13.620464794273937, -13.527045181035653, -14.180544125401612, -13.824910058066184, -15.753936205942852, -12.055005741859036, -10.912414176463269, -12.360741157594864, 3.9996844058468297, 4.7588873369652065, -2.3124208648658864, -2.3159078569084595, -2.304099565514457, -0.4775724117564418, -0.6232198958404844, -0.5952890835949636, -0.6151988507249047, -0.49955428734738133, -0.5110042170109923, -0.48803169358752213, -0.5513054297176608, -0.08352376008841295, -0.12949419448483748, -0.08137665119922523, -0.1683212505368148, -0.10150222187052078, -0.14297817902821675, -0.0879411601188746, -0.05812836144513465, -0.1617381530922565, -0.14557847349709546, -0.06410552940816555, -0.13297199180771144, -0.13965305377187628, -0.03489938376530192, -0.08399511643216008, -0.13576745243707558, -0.16576838163085797, -0.06933036380587347, -0.09026075905246587, -0.11978293312311059, -0.1414766794590643, -0.1030688078417154, -0.003310846106797607, -0.06117419152330483, -0.12866364014794696, -0.14257268571882614, -0.120713925309254, -0.2095801668245507, -0.08747360015111953, -0.11462493230590008, -0.027931644350555753, -0.13935033514775927, -0.11510116186214196, -0.10952249030290707, -0.12901502479102803, -2.312434806516965, -0.09756973297663074, -0.1671681520347739, -0.13239662619012482, -0.1894114011269735, -0.17198959376240344, -0.14837856598438198, -0.10603740147498422, -0.18339024705434034, -0.17090004056891853, -0.09279997420232651, -0.15487184031046178, -2.296858648186591, -0.1049259441192586, -0.041710699796169724, -0.07985045498141524, -0.08136126077274378, -0.0739220214783679, -0.17110557090329204, -0.12665520947551234, -0.05992524895460871, -0.1271677704353446, -0.14830622192414233, -0.11281412759357665, -2.2984684669188153, -0.07339504564135788, -0.13478286339385992, -0.18820663226443268, -0.12921112807458562, -0.1328590870035987, -0.04670398567247064, -0.11206528687387277, -0.14170006969438045, -0.11792908211320054, -0.16169119623562145, -0.12106462306119299, -2.2998048264668927, -0.162095023370917, -0.11661871736058335, -0.128899421442042, -0.08249887940447441, -0.10485308430751757, -0.07185388418102548, -0.16018018855420488, -0.1084695756958438, -0.1066532292121037, -0.08638607297663359, -0.10553659814895647, -2.318736508104044, -0.18412588845322567, -0.1208181921085358, -0.16675588279283524, -0.11754267459125894, -0.12740841172798772, -0.04668830498650201, -0.16108911451458408, -0.14338321665312215, -0.13255041669327314, -0.14989301175510586, -0.14216510019614634, -2.3157044398457702, -0.08553311693704595, -0.12599868877044268, -0.16791982632369565, -0.1643905795386511, -0.10911437986376891, -0.07608143288364029, -0.06928172143341053, -0.08958306072965923, -0.15933806749945517, -0.08555299071218804, -0.1154356990258768, -2.3115753912037214, -0.10655697169757934, -0.1095241836732254, -0.09472379526252422, -0.10591892975501192, -0.11262923772342458, -0.11748448371337321, -0.16745994260017089, -0.0952501428093467, -0.06749273742183555, -0.08768141724177689, -0.13118301997212498, -2.061102486226872, -1.3902998710449386],