{"vi_exp": {"vi_seed": 3198141966, "coeffs": [-0.0859035998416588, -0.09606616244974674, -12.93179947123249, -13.180967221964535, -12.752176536682226, -14.416510458765094, -12.532108396794571, -15.289024632104066, -12.92870071608592, -13.491749031667306, -15.357498266661228, -15.872650912272643, -11.528668114864097, -14.072203079885679, -11.479637263899376, -14.655409254906248, -14.630167719927913, -12.09404978357609, -12.450114034428786, -12.184012183852628, -13.582611535191093, -12.299572123701418, -10.416484022951483, -12.926889284851011, -12.497874177858195, -17.04018665779139, -16.49795172991772, -13.148026714178132, -17.277068239529676, -14.996623005835685, -11.779576129390987, -14.205044474734326, -14.779034012129282, -13.3493150791172, 2.1602626219573033, -14.733224010944738, -15.748898609582845, -11.04808603780053, -14.62984681721295, -12.165902515296107, -14.391283657607335, -15.093780272063908, -17.234940519672023, -12.876559832229065, -14.644132937296845, -5.623814734679239, 1.8647970975339332, -16.361935174381706, -15.1317202940778, -14.414394800283173, -16.868923975207196, -15.522708142213972, -15.127607801485244, -14.994437893994466, -9.033301220859935, -13.101665550172667, -14.348975029966411, -12.247527652868825, 1.64239139253018, -12.831841537282255, -11.659982069151349, -17.63791109390175, -17.612612068781196, -16.433925934702607, -15.12859672474162, -14.496790538383035, -11.522300719934467, -13.250852036269148, -17.205567161546668, -14.51269523482246, 1.634332516375543, -14.721959607872, -16.582787435400768, -16.965358866380267, -14.222525683151812, -14.315765407841564, -10.995031536802053, -16.279199633614827, -12.507515821831294, -14.606997712514683, -11.539775601553666, -14.614685649873914, 1.750061887522396, -13.43142914842077, -14.406532242426428, -13.631125983541892, -15.582165346665846, -11.641989065343687, -12.962047394689824, -13.4729447959196, -15.659474818299527, -12.474409679539415, -14.182148260875804, -12.52772174492454, 1.8414951841628326, -13.46021512076522, -16.310634649714338, -16.60769864061249, -15.513337812170864, -12.559021178689331, -18.506374601736677, -14.109074560229592, -14.325809946264588, -16.264468381306127, -12.943806995061726, -16.097404874423447, 1.8871793537086956, -12.310085709557855, -15.905122428057215, -12.676633036729962, -12.382256681401998, -15.635727841782115, -11.103747397954836, -14.461581406658373, -13.940917273796758, -11.219109991900117, -12.658203060536499, -15.088957467334579, 2.0080739243302337, -14.151326270670788, -12.557079632712634, -15.351653710870892, -13.668601255930534, -12.398875833402888, -18.10287644754654, -12.055043220842386, -15.618084474922773, -13.139680128004782, -15.39461700378165, -14.778348261810127, 2.190877349743965, 2.794696663409893, -2.3116591013570473, -2.320491937482584, -0.5322957890356386, -0.5468336237269676, -0.5463449031163861, -0.5357927335350158, -0.6036956789492388, -0.5497499860897066, -0.4990440923786127, -0.5438744468133542, -0.5230187321540674, -0.1414822845139362, -0.09059290119885155, -0.08267983375985978, -0.13071249923970188, -0.17756542353146412, -0.08123555059932361, -0.08941241295840603, -0.0983591175584145, -0.06377667547955804, -0.11054788535364, -0.10769535657986437, -0.09661029786945789, -0.1114535795870259, -0.08257902794443016, -0.09800157163678558, -0.1110055188940065, -0.13224801685664345, -0.10821018160365754, -0.1475292830234864, -0.1262284362484212, -0.1036492152882266, -0.04558041006064343, -0.13523168373203037, -2.3080481812708427, -0.12163531016183347, -0.1363234082251231, -0.140787093665734, -0.08645539494629738, -0.1400310258341834, -0.019715447783406788, -0.0770991154828158, -0.1322179761153335, -0.10229525467910124, -0.11211680997710188, -0.1259251971940124, -2.3084637185831487, -0.15834382001493344, -0.0406590917695228, -0.04120839736270651, -0.10613912877426186, -0.10320724406446362, -0.1132635579400126, -0.05678108481312235, -0.15444570486340894, -0.13424025413293159, -0.06402003916480728, -0.11905313219294003, -2.2995729334231623, -0.13411866499039227, -0.15033321833663188, -0.07759287556416776, -0.0941949808633626, -0.07005571459622258, -0.08266516734355842, -0.15131965901168515, -0.17073284036447042, -0.0869200135655324, -0.1537852274545906, -0.09594603936124446, -2.3190878900964025, -0.1457015503265837, -0.20553926689451535, -0.13992865625069578, -0.14208457804612218, -0.095539434346309, -0.09769180139714113, -0.1435333992007705, -0.11228823682738631, -0.18328716790531024, -0.05085252422105337, -0.12833433130265037, -2.307089351707115, -0.09233867792346531, -0.13239547171154528, -0.15570208108794956, -0.1019266449120988, -0.12626961785101562, -0.14233330968725705, -0.0983334479798367, -0.16093507624259376, -0.058796662926367274, -0.07756303720348805, -0.09970124198520659, -2.320641293855261, -0.10889433423643904, -0.14505364116339867, -0.12342449267547312, -0.13123837014916728, -0.14359464408076855, -0.12401815955680133, -0.13002248827415372, -0.13956646640818052, -0.08186439201612357, -0.19500129728195165, -0.0895607063526462, -2.3179271133362858, -0.07742405968251112, -0.08169104994671157, -0.168064790028007, -0.1508944344049867, -0.1398638284409607, -0.18388434740856874, -0.09359049618617762, -0.08215622478555051, -0.11680465062094446, -0.10782508642651632, -0.07897568250555795, -2.311116737645723, -0.15654324306644019, -0.09724692405511687, -0.03700359108773064, -0.03565922795781311, -0.15607118691753244, -0.07733159204373485, -0.1973834441928868, -0.11322732760006074, -0.13184015615611894, -0.19425137550955623, -0.05663639507219709, -2.0819744445468813, -1.3286555670028786],