{"vi_exp": {"vi_seed": 1981966872, "coeffs": [-0.020213749051943185, -13.820172324519799, -12.679140153533023, -13.277344968104595, -11.415641674340351, -15.954450332599697, -13.517029294826846, -13.866231225003114, -12.044202933123628, -12.153836580775465, -12.194068906225148, -10.59746585411796, -12.876131869862428, -13.72462258670782, -13.682943765990677, -16.055663879750238, -15.266332152809316, -14.822376821012643, -14.841150711592414, -12.630634280766037, -15.287310438431554, -13.162193680935117, 0.0275050525102993, -12.799846804143176, -15.532569860197544, -15.34212948817225, -15.35179728750973, -13.182739059253274, -14.763606760457513, -14.092238287146989, -12.399506835411945, -13.823365652981192, -15.468287687819124, -11.962830755847573, -0.6530279292573306, -16.639184969490053, -12.672292619052556, -12.814793741866456, -14.92132429243345, -15.448792723245042, -13.731846752724032, -14.369910547234992, -13.541711877957674, -14.064473716613158, -14.62481546825197, -10.341806227908679, -1.0527535692293764, -14.820691202998075, -13.580620823555819, -12.754477134620362, -13.652314145750976, -12.603648757224853, -13.993049237698113, -13.404626517079418, -12.535163195642241, -13.804064040473646, -13.946915683535543, -12.663338766862628, -1.3279988636217144, -12.54582237175382, -14.007474824538223, -13.324941141591175, -12.869333198922464, -14.1994419029153, -12.717389517520113, -15.540734350701218, -12.797446542916587, -13.388308750739435, -15.024443104773628, -12.044805387252703, -1.511973182755364, -13.785801788743143, -15.535939434071686, -12.000066714984083, -12.142572920330647, -15.251239908847847, -15.065067829132316, -12.170936037340068, -14.884634277830683, -12.522259150650726, -11.550141243562335, -12.79666193312799, -1.6062845815403488, -13.017585696031198, -15.196675664630588, -13.771961734821623, -15.462117265941838, -15.05782774781199, -14.876319089563381, -13.53471334999314, -14.8415637302291, -14.54635640983058, -13.791095943710124, -10.570829381549261, -1.675745617079634, -14.328543833406552, -15.978130289283452, -13.69241288160987, -13.642245421995842, -17.581671138429876, -14.149625996055722, -14.753996629042845, -15.054660248599186, -13.516679508901797, -11.786444551644106, -10.604484786350774, -1.726284780347023, -13.43130291194536, -14.682878066469362, -14.573794069873765, -13.075329447082282, -16.36975942331137, -14.541379072298447, -14.524312687532161, -12.499302789072255, -14.023218920841524, -12.957717518379882, -13.662115578347738, -1.7113109114545952, -14.17414859900893, -14.679545234503818, -14.576802824299492, -16.074752582460686, -13.568927945511312, -14.671769894820825, -14.080860804170694, -14.451614976432566, -15.098262859479005, -12.689075526223938, -13.204994982842328, -1.8831435956932425, -1.3436383622967722, -2.306729873885867, -0.5616396787428019, -0.51335656472385, -0.4236945294857163, -0.39211068665608245, -0.4583612481837021, -0.512790443687571, -0.5011678946494401, -0.5584462959681431, -0.5121284097840832, -0.5747626161801432, -0.09014896261706405, -0.1051056418433533, -0.10539546271208022, -0.05533240453102367, -0.17167730796159483, -0.11609173034916348, -0.10597853073097332, -0.08599343173814747, -0.07385236657506501, -0.12540923175631885, -0.03015969191908469, -2.298573590426747, -0.07142274883630809, -0.05899753548254993, -0.1723654040844805, -0.05424726528787517, -0.1079866357167242, -0.1504623259686407, -0.12142578389311001, -0.08156996257430506, -0.04047008294686755, -0.16743852059556885, -0.11879369194831679, -2.312039491841165, -0.1260665552510767, -0.08588555876020697, -0.1679529969249803, -0.1055094690487782, -0.14437846199136362, -0.15328774535855688, -0.16218979325517022, -0.09197330865107164, -0.11572732266576313, -0.08742915560979626, -0.12488204548270614, -2.313586289499326, -0.03730560585899149, -0.10968160391438642, -0.11945774115963721, -0.13712456772948317, -0.08427443135136543, -0.053940564278976984, -0.037841548976663114, -0.1345336036326602, -0.1674059005055615, -0.10364236289362734, -0.11401317566593804, -2.30017640174421, -0.13118694384430865, -0.12214148511713872, -0.14721566785085988, -0.03498280539240342, -0.1340388410147556, -0.12374313768834841, -0.11682684031873568, -0.11320811383381119, -0.1527833765918195, -0.0803251960351691, -0.13018367805400483, -2.318269916225716, -0.11243252400890655, -0.09495920755549792, -0.01800267675483088, -0.04438832007916596, -0.143525206287143, -0.07189604007374237, -0.1521702647558258, -0.05602721516034083, -0.13089444305552003, -0.11943558779617167, -0.09239418890304586, -2.3050033250946216, -0.08745448023635509, -0.11397855669670523, -0.11873457916622497, -0.08813010952909427, -0.15324679866274787, -0.1314906617256663, -0.08597812969586789, -0.08288992631335743, -0.1217932365576893, -0.194633329674944, -0.1578848451469273, -2.296628212871209, -0.15975954880783835, -0.110827212262002, -0.09394347024128659, -0.07657960778830902, -0.16209175320512098, -0.012456931313671725, -0.09833768215567579, -0.0312991058274033, -0.1467586661388678, -0.1094425891241079, -0.15766965964897975, -2.3166639265054703, -0.08217682296473362, -0.10647292314654644, -0.12939145236447558, -0.0983184267324665, -0.10684146332429699, -0.101953526336336, -0.1358315317894811, -0.11999842753476798, -0.09754399748585463, -0.06605510816757248, -0.07109830976109192, -2.3045338917687577, -0.08408101745928022, -0.13961871348330204, -0.14721068809000343, -0.09803987871983721, -0.0782457275677977, -0.1301608925849788, -0.07070581923685162, -0.09402892118473781, -0.15305757391164657, -0.11910079890040033, -0.10490285928382027, -2.0579417891721556, -1.4532471800521627],