{"vi_exp": {"vi_seed": 3664382339, "coeffs": [-0.021048962003066773, -0.028263189575610338, -13.279521712433462, -15.25496300503039, -12.452342044851932, -15.361329973482515, -13.245804811387828, -13.527268315714927, -12.309509394240951, -14.229765686395476, -15.598638769546737, -13.20582220525996, -16.310760696018537, -15.62158786580882, -15.15467335500619, -17.107238129036723, -16.121815686308526, -12.184142391508189, -12.470498668114164, -18.38174289195583, -13.293477726166033, -14.903481517776097, -11.110704081937326, -12.923539870827154, -11.6968527962014, -17.829417689058026, -14.283199899942788, -12.601500461216968, -17.543370696750056, -15.550671814298695, -12.074458415052206, -11.689642453498356, -17.25903282389986, -13.438731029957102, 2.229212968466017, -13.000238625027833, -15.902577134128322, -15.108021399923267, -14.702669856062565, -16.092982955640327, -14.267186479514184, -17.01704697087991, -14.585735076728882, -15.739003491750896, -14.814018105257425, 2.2288571601265157, -10.240523843619533, -16.794986067842192, -12.698944891724958, -16.615675143854613, -15.100077482428839, -15.306320381839116, -16.4797684214073, -16.318323731077626, -11.826631509788587, -10.898682762887475, -11.806347180955155, -15.788106809081748, 1.6994403596509222, -17.80897465949663, -15.437765713301228, -13.850222738878745, -14.803377987896297, -12.193943899783362, -15.270542898563692, -15.243736141445956, -12.621994001280346, -10.361355984055523, -14.605350105415916, -14.730604767065481, 1.6638516465544742, -17.15174888460208, -14.913450339799018, -16.407619824299346, -16.377480800530236, -14.897926302040396, -13.33738032230778, -8.74333769358482, -13.40711397214858, -16.06600407653832, -13.53887777555248, -11.392555097987774, 1.779503648270075, -17.176545494318347, -12.908593823069591, -13.470734261428097, -12.59141196049927, -13.740903381022378, -13.703312798009284, -13.012738714056816, -16.509752968584333, -14.248543807391316, -15.50915630594955, -12.326772990237082, 1.8569892370835257, -15.648394637077459, -15.619021617118452, -17.884310561405886, -14.689430221367887, -15.988004424269075, -13.68832918211507, -16.60973656934831, -12.650121585639338, -13.94321016292401, -10.814610721251666, -4.533209913824623, 1.9059168454049975, -13.038764548103574, -14.486385368908357, -16.82617188613083, -11.753328836072102, -16.27590987793896, -10.0249906707526, -14.429360801361439, -17.393690368120172, -17.661256791903654, -18.849777071472552, -14.630639648308666, 2.0219714281360983, -14.845316973656088, -11.368803948559714, -15.31025868920824, -17.14901621035775, -12.770204092139883, -14.080202575782572, -14.71091077990233, -11.420842346802422, -17.762806982735825, -10.440280135522647, -14.075048241509469, 2.086830996444677, 2.452901917219023, -2.3080030067204773, -2.31957337750192, -0.5330591109832776, -0.559953595734128, -0.5188491853858623, -0.606071205079442, -0.560965633063079, -0.5417155326864956, -0.5982197970710189, -0.5567316191224086, -0.483813852530639, -0.08621173224550299, -0.05109736955239925, -0.06751626151136436, -0.12211176378935033, -0.09991341353184151, -0.15164942217406147, -0.10295365829379236, -0.0975912982712299, -0.17365471331290633, -0.07950967107105714, -0.12614759058661035, -0.04451373760293124, -0.08885534354515032, -0.05129842658886463, -0.09314944537075032, -0.09528645697231182, -0.09178205887485644, -0.08433676837960578, -0.06787577232007311, -0.1235377095993781, -0.12093337139359168, -0.10892707109860585, -0.12184411723762692, -2.30831392961443, -0.10367373443418662, -0.1329501268459212, -0.1125018467459224, -0.09586472578251551, -0.10171876418438851, -0.12021175619023325, -0.033156148467881424, -0.038955689227293956, -0.0899756732669377, -0.05929742149578572, -2.2881324442020237, -0.11299053468060077, -0.04121049141645858, -0.09156645990696097, -0.148064860797362, -0.14464576146937252, -0.036026742798703514, -0.1627437070492906, -0.11868367329402388, -0.06790518342488985, -0.06695687439613737, -0.08804366326495158, -0.09566873847123815, -2.3100892515827467, -0.18173047518059612, -0.09207345629627212, -0.07934241966804288, -0.11197251235614138, -0.11270422723105548, -0.1672626787209927, -0.1475341154189629, -0.08044771375875509, -0.10968937026944255, -0.11931218704302533, -0.10182117456519467, -2.3054686939211777, -0.1546010050250241, -0.15597690863388008, -0.042154002263366776, -0.06477847168774258, -0.08857975374535311, -0.10982731800183042, -0.12921078401680172, -0.0853871744360168, -0.13277531702012715, -0.11545431220368332, -0.09117010658728117, -2.3074047158130147, -0.13115553855776194, -0.13719202570664596, -0.03893593828214395, -0.11928672382414998, -0.08689315773598198, -0.13942996714291875, -0.11435607089578186, -0.05599603909597305, -0.08901892600840268, -0.14611566488290664, -0.10888581530598226, -2.2991986802881526, -0.18344692035626964, -0.1195566436262356, -0.048337367034842885, -0.08395264921871781, -0.14183850610838064, -0.1458813368730935, -0.1611977279088555, -0.16245394084756595, -0.1060374685642749, -0.14243123603069574, -0.06489539315439566, -2.2978233807327966, -0.10565481721291818, -0.12527761157496914, -0.12800419481000577, -0.16551433783483052, -0.19168953464140165, -0.12270916131835805, -0.13034595702626292, -0.1483516852247132, -0.09043476871373941, -0.06376557185673609, -0.1067759844488703, -2.306796845912482, -0.1447370195904547, -0.08984823918037278, -0.11385794653496285, -0.11986457255000176, -0.13300635502091743, -0.1634013094955774, -0.15015112761013905, -0.02665478037156403, -0.03244963013340831, -0.049768608927837736, -0.12301525026579072, -2.1087322744982404, -1.2108467780130379],