{"vi_exp": {"vi_seed": 343731839, "coeffs": [-0.2699733746860022, -13.463752780044931, -15.03852434844902, -15.251475935617517, -11.948593035589386, -14.33225114738529, -12.886564195834724, -13.090115825135136, -14.668138209993476, -14.707738255789247, -16.77168155459601, -1.4863727870017427, -12.600982367503061, -14.251824421985718, -12.834687014136987, -13.967371037414384, -14.467544507337998, -14.067828389872602, -13.898001957254106, -11.608950875770846, -12.579898789847745, -14.74513733085473, 0.0009263788256142207, -13.767090250342587, -13.212778489614491, -15.087936091163474, -12.242059955122496, -12.544634221711009, -15.291601632382882, -14.625004982178993, -13.791981818302048, -14.545883437302427, -14.039962676577293, -13.13779624177165, -0.6990229105416668, -14.195872969473639, -15.280647161103447, -14.701104161889122, -13.23631803383692, -14.490871513842785, -12.735001276412996, -13.324179200041263, -12.31941766084917, -16.052301975526785, -14.263138929064965, -12.895814543551877, -1.1028435910582697, -13.12927873913165, -15.953305544677823, -15.58230559541435, -14.32782578226197, -13.624201693050264, -13.522025420034838, -16.685140891545892, -15.73533352362643, -12.630490362587425, -14.881497257523502, -11.426961820850664, -1.3892192176682008, -13.243848396306607, -13.850070364924314, -12.794297553233628, -13.425982458571262, -15.948634380392397, -14.276364511904326, -14.710345314924092, -14.169311293649287, -14.588416251891308, -13.980544920643633, -14.941013217877844, -1.6134907895758244, -11.545798621113631, -13.289158055895873, -15.864183110844822, -13.055540072130238, -13.923243776957529, -14.575180086412999, -15.665370915032325, -13.417391363112394, -13.38317153596864, -14.650716890089516, -15.44695828463525, -1.791441324549464, -7.382916662445502, -14.58597664603358, -14.537704634087854, -14.985024119250442, -15.102511418507445, -13.562827011629647, -15.041655459857571, -13.429405806274978, -14.648786119387001, -14.21210188254196, -13.810333098624877, -1.9137846763035133, -12.962952759933623, -13.24675882609205, -14.080836919140651, -13.54717234915918, -14.339814774209865, -15.70370818093072, -14.971296225156463, -14.1391658516082, -12.252403697899025, -15.62918138528998, -13.598465575620338, -2.0200934305154163, -13.906455971367135, -13.293229431444495, -14.55531084294048, -13.648010433903615, -15.0140250318095, -14.683992113350058, -14.906331720660297, -14.371748394721433, -14.605734019274777, -14.207431665163252, -11.88789262548744, -2.1828999280686205, -4.460606436186118, -15.433630672866437, -15.86357270508073, -13.743984987102678, -15.18464401501657, -11.06064881576499, -14.60605879566233, -15.057704985176201, -14.728780160957966, -13.046471333227506, -14.445167377660063, -2.4277851658563496, -1.617662083553509, -2.098718824666542, -0.5481455042141696, -0.6108511330196652, -0.5105245378914153, -0.5701453213151425, -0.5433242779777673, -0.5398177851155435, -0.5633508287843653, -0.5529583169286749, -0.5758934109776525, -0.5527908642211926, -1.2465773074576225, -0.13018667463229028, -0.1504381402234072, -0.11931233502255514, -0.13887561627738626, -0.12462382460717404, -0.11665331236194715, -0.15424330267456718, -0.03996974066768311, -0.1532479928687464, -0.11878607018271045, -2.3093607897102784, -0.13716184128526013, -0.056268198272293325, -0.15439678778218577, -0.14036710020703597, -0.09862496993884311, -0.21327549016952013, -0.07175626228321295, -0.17286914384927837, -0.09987468003541383, -0.10895527515505853, -0.08821011582923867, -2.3017508431108697, -0.11160813989043704, -0.13057921623938146, -0.11283123374642315, -0.10887972660997193, -0.0800705359902407, -0.13388630200970703, -0.10115909045413969, -0.11703429702273899, -0.13087489037422853, -0.12549905781353443, -0.1408999438838626, -2.3101557209355907, -0.18502311057545903, -0.12027053111293087, -0.06992486297116493, -0.07910846720277401, -0.12559066832884244, -0.11637780521725147, -0.06568665684904719, -0.10081756647511278, -0.05650486929743327, -0.08629545054065475, -0.16145061391873103, -2.3023238786309927, -0.13561789433028837, -0.10755592771173239, -0.15576923496747028, -0.1515828939952535, -0.1251676770190187, -0.15089494364141107, -0.09629960771923175, -0.10996321053371276, -0.09276882630671142, -0.03924522776849088, -0.14678544366681076, -2.30297716916486, -0.16132425308354237, -0.16615890199775973, -0.15574968863479935, -0.10321356042128858, -0.15602786379121553, -0.11621692481917668, -0.13555829739451775, -0.08449690882346263, -0.04887712655226948, -0.17132244478360154, -0.11816408876057384, -2.2763634714867123, -0.11352157845654069, -0.0642603284293157, -0.15065817847856494, -0.06972386269840616, -0.08123200245626248, -0.08332082543495538, -0.12458743234083353, -0.017966991971237873, -0.08594801023477831, -0.15010791260028244, -0.1317376207250273, -2.309760874918203, -0.12510696038982552, -0.08029136386304499, -0.17247433611864724, -0.08976841869948377, -0.12488272757051229, -0.12061462272294758, -0.07896248754062155, -0.09920653895589594, -0.042918812499521744, -0.17614522849998418, -0.07774143942555908, -2.2963428991064374, -0.10277331418619587, -0.08414383625067275, -0.0948317984786912, -0.11817985932296642, -0.0739987915759571, -0.12996715241397147, -0.12178924749418374, -0.13661991834098325, -0.1310114709660528, -0.016618108454887197, -0.10198091451970097, -2.2346620898087513, -0.7770098250868392, -0.14535586419992358, -0.08272068130323422, -0.11809658961784268, -0.14268023207200836, -0.11911096689607067, -0.13009690093068568, -0.10707882760456298, -0.1470813077839351, -0.10345227359983628, -0.11019033895347922, -1.988357746359552, -1.6671962895447576],