{"vi_exp": {"vi_seed": 2766969755, "coeffs": [-0.1598889899764653, -12.86970510772489, -14.20526774036417, -11.952446244906755, -13.073961959907834, -13.351208440416737, -13.970122116071442, -14.973615955746922, -14.833880182921684, -14.902766811820237, -13.716049449089047, -10.549826759826779, -13.400855198305438, -14.332242537225941, -14.06457284992494, -14.214429119817023, -15.787774543806199, -15.490850364741513, -14.883934473180556, -13.270595330811663, -15.934215780575487, -18.361422498882384, 0.010289470642072678, -14.735112901458994, -13.320197704996506, -15.990862610013556, -14.342714089179598, -13.972055168880477, -14.159009311579107, -13.674654860776027, -12.72130619421695, -12.968448364085202, -14.93357606984103, -10.604902699438725, -0.6771529066528094, -13.811180404241298, -13.054745182114917, -15.641412864772747, -14.305812421761159, -13.9867724887739, -13.738886365149257, -13.508934685770322, -13.903202073412261, -15.815325306366384, -15.982367828440625, -12.047301909167508, -1.0733832711478013, -14.803281309722061, -14.108501545727481, -14.98382341054928, -13.19571650580531, -13.035134150917008, -13.626080408892934, -13.531077100209918, -15.194940176638136, -15.257043853627222, -14.52963332485451, -13.618623855349119, -1.357466938945534, -14.496484953052423, -14.488320909118483, -13.2679408666065, -14.23970764953087, -16.495668353027998, -13.37842165386958, -14.466216715804494, -14.222292085293601, -15.590143952563526, -14.340153701644036, -15.023670212120123, -1.5344910432508463, -13.618277366175695, -14.118409350402986, -13.77916911582883, -12.809998266462479, -14.848368978550837, -13.960755077601103, -12.253569152866344, -15.962232905457865, -16.295127781534124, -15.278222363654224, -13.567821876391466, -1.6195139232498788, -13.51759351452701, -13.863506861483252, -15.279879444179333, -15.28217164285478, -11.998233885467712, -12.368055742518365, -14.530263741001763, -12.610639231657048, -13.326507012676863, -14.223531815613047, -12.643230079540743, -1.6798477361872464, -14.300749586148346, -15.11686000577462, -12.462208599353625, -12.001625418931948, -14.958865291353622, -13.941094929979096, -14.729982343233205, -14.028901220820602, -14.560964417346934, -15.097912003636484, -12.008494277791803, -1.7190513892830863, -14.703736433545028, -12.371499648380425, -13.86049514025867, -14.062680654720273, -15.085765102776872, -13.851835735165619, -12.85655515930299, -15.003978159527781, -13.422390531970908, -13.359452388836955, -12.134626972267762, -1.7249412491697047, -13.407071957380241, -14.949553902557883, -16.853225672363333, -15.284768921190775, -15.706830182507394, -16.375482379903954, -13.049272907105111, -12.454312670355732, -12.771427070024632, -13.949523008703006, -13.386476296543288, -1.8787979783117477, -1.0585668869428717, -2.31483883827112, -0.49576878209508113, -0.5593728663328563, -0.5356114176977673, -0.5238147729310954, -0.48552157497855897, -0.5698955511139664, -0.5779378515713139, -0.4912024567899301, -0.5054802465818378, -0.5355411286124847, -0.04102296841613291, -0.08548490622321489, -0.06246793833476524, -0.13127395379853798, -0.07685192963539955, -0.12744405161687225, -0.13496575766566238, -0.08088799646264459, -0.0635224043155548, -0.13103767642252825, -0.10579242827390838, -2.295846230894904, -0.07758260074292896, -0.1330911296685072, -0.11671280986532453, -0.10561704293171664, -0.010765532711852575, -0.17679459342525314, -0.11707591242016763, -0.027065255431838332, -0.0953232130104992, -0.02388056804894984, -0.16873773426617208, -2.3078472124374643, -0.10222686833707934, -0.11762508441418726, -0.13753888190613953, -0.108826501734553, -0.13100188200819562, -0.12768548433721197, -0.1581736655754979, -0.12480361226414467, -0.10809151342865408, -0.1325899068566358, -0.03719975669600947, -2.31195117053696, -0.13117703562921942, -0.1078844722065271, -0.12240418170001444, -0.1006929603472289, -0.049333115698691414, -0.09236864100684393, -0.19386724279620843, -0.08864096771733797, -0.10632196604688185, -0.05418134522302423, -0.09075051067025215, -2.2896585223841237, -0.13257712751145515, -0.14280908144495053, -0.10425843710065508, -0.0851147774153995, -0.1463310650608159, -0.11081157877239277, -0.0714626236487533, -0.14838251130081076, -0.05769913850419762, -0.0748644531072044, -0.1248060031708291, -2.30468601500176, -0.04529089193452864, -0.10686563479511908, -0.08953168154723833, -0.09267485765302456, -0.06652381473248066, -0.09103804853735806, -0.1239635445964887, -0.10817900435473045, -0.10544502164921626, -0.12860631828672522, -0.10095680640643626, -2.322692883340831, -0.14804613931758182, -0.14191096135177114, -0.042018441885603955, -0.10540141374141677, -0.1801848611776428, -0.08140703334204064, -0.1133250395488568, -0.05262626834344241, -0.047080688856131134, -0.12756072131802254, -0.08018741629140456, -2.2990215173862425, -0.13815368739761716, -0.16624258672540773, -0.10181118008917886, -0.047225997394843594, -0.112164203627543, -0.12534067574079802, -0.14589660139383606, -0.07304132983670168, -0.12763594680199894, -0.09676044026521739, -0.13529753811805742, -2.313409946397112, -0.13747297329655297, -0.16443454728407625, -0.03963336474914987, -0.10179691343586582, -0.02488630552582063, -0.12140689224770707, -0.0727439132695275, -0.06033895956257032, -0.1157550838555138, -0.1298208377536653, -0.09679937456353069, -2.3065941532901486, -0.08593977784563453, -0.13890793772197954, -0.10522288268108994, -0.04240836034092207, -0.08943559243145176, -0.0856355661805317, -0.1304171083459993, -0.08944303415307099, -0.10120637007364792, -0.12828353736341902, -0.0033929840472901322, -2.0154508300126923, -1.5695186292154437],