{"vi_exp": {"vi_seed": 1374581635, "coeffs": [-0.09150183617815125, -14.063719041140345, -11.219221445585895, -13.891402863413418, -10.94144092905524, -13.949753207550659, -14.591459509955193, -13.274742707000033, -13.64832482726554, -13.644669668072028, -16.63561272335423, -15.026627011922407, -13.897367106737201, -14.661374881388879, -12.800928456920593, -13.229814889290498, -14.57624353155192, -13.114167150753174, -13.657934400910708, -13.783584554955107, -15.44747115046041, -12.83403863986144, 0.14491143502509912, -14.399543518694506, -15.350374959775763, -15.354318843641328, -13.252894030453747, -11.847222207477595, -13.52806231615692, -16.093357327840728, -16.733930533393846, -13.623160523424847, -15.40104782265278, -13.126687108709435, -0.5315466206752556, -14.810577170176694, -13.762559748027616, -13.696870775250314, -16.17470421708564, -12.29875814551404, -16.910226632379214, -14.81108304761328, -13.344697508591336, -14.854386850547419, -12.655642657006902, -10.422813895536821, -0.8955981379894302, -14.548349774431276, -15.522001777108445, -15.717335412370913, -16.204908618770137, -12.575329971803194, -15.293021051008862, -14.873595654128888, -20.228322014562778, -12.82100248801776, -13.161629950743679, -12.897836042433813, -1.1528186547237642, -16.169627820268573, -14.879935738785196, -14.228463047503258, -13.560724366577473, -13.263687927053432, -12.986009840438232, -15.671625492709754, -13.692249145807034, -14.64002669838136, -14.095550446918889, -12.967670631623214, -1.2891770317105933, -13.58756359846397, -16.21327020699323, -13.19745326885128, -13.892847780908243, -15.53387320251344, -9.520062623059086, -12.979559062237549, -14.146935588778652, -14.323223008858918, -12.793330859617097, -12.938157102192335, -1.3055391598972215, -11.922133059222507, -13.971388532939777, -13.802761158185286, -14.386998487567539, -14.239439665287275, -13.639723389474549, -12.712980691324027, -12.18048968060975, -12.02063992287125, -14.17604928892133, -12.977296757165819, -1.299063752082544, -13.799298304549316, -12.151860065265748, -15.294913424305207, -16.831736212343465, -18.429434691563642, -13.042604611802872, -11.943115986379537, -12.961077957613695, -13.762348710443467, -12.250329847354012, -13.832940042401123, -1.3145779634742174, -13.855124094478006, -14.548740205813594, -13.451662720900474, -15.128056100672412, -14.974890344408719, -15.09135340665851, -13.479406843504231, -13.690359190714904, -12.513640820572503, -14.835678758934598, -12.320868811124178, -1.2487747073696573, -11.119628768937593, -16.96203149318489, -15.122705958705353, -14.44137850997113, -13.551501554521696, -15.780283968509135, -13.643428340953994, -14.379589130843149, -12.93240655662077, -13.2861948355897, -14.677133356726111, -1.2021738399758584, -0.5504748233543455, -2.3172116936876166, -0.6013967072387277, -0.5100644308448326, -0.5029739176617672, -0.48959045938184376, -0.47460828151813894, -0.5791969040375619, -0.5185102971036931, -0.5322492991550066, -0.5204387958821353, -0.5635542871498935, -0.11515191674253615, -0.11491638263937594, -0.147057898422074, -0.11965588878460631, -0.07280246595147058, -0.09886722487773869, -0.09326136534687103, -0.09924273495459934, -0.11888536673726394, -0.13954151779292592, -0.11730719815522765, -2.302583844501043, -0.12387531056511966, -0.09746271121240847, -0.1892493203778029, -0.08508489941609888, -0.0821336428453597, -0.08390917932843896, -0.12094921041310881, -0.08041833353120291, -0.051301497070000396, -0.12459347368305851, -0.1217230855304633, -2.2985308829942275, -0.06798228307459007, -0.16056094380854807, -0.10424523888721517, -0.09550819880659145, -0.09980469400735237, -0.13779428503587307, -0.09911967425322048, -0.12195801477453615, -0.1716015212451715, -0.11982824782546918, -0.03639076957072386, -2.3162382433241793, -0.06945829625804187, -0.14468046973992635, -0.13387751985917534, -0.1385051891036849, -0.10892894354545626, -0.1484569220977053, -0.11744499382206447, -0.11642353211794708, -0.1280434175037888, -0.10546457523569616, -0.07220905119428252, -2.2927773224570487, -0.134759314638384, -0.13848114012204626, -0.15122952519262733, -0.042796360928932804, -0.10517400192724405, -0.08847370793920815, -0.10512615988036371, -0.07874302907982558, -0.039298937404069104, -0.05752459936432991, -0.15947920997788556, -2.298663379019468, -0.14780364842528496, -0.18620933187188402, -0.03861770091106567, -0.07891181242846708, -0.12001968713831154, -0.09499980455492814, -0.12608176907819318, -0.1340482752911329, -0.09615182474269945, -0.1615905936763018, -0.14884706150933658, -2.2861190279772297, -0.07667761432602554, -0.10546551110401535, -0.0921589246509657, -0.08033747447065814, -0.05706804362432102, -0.15947371832749418, -0.06642981737846322, -0.10171456262313372, -0.0875274681196635, -0.128819534723848, -0.1506914130268853, -2.2968930956674543, -0.10642023368016124, -0.0926555261289545, -0.02793341208462794, -0.014317281654051581, -0.079772660431218, -0.08914952217932659, -0.07452440934572935, -0.05789192615908359, -0.12362965253933592, -0.047035055036297, -0.13914788327364494, -2.306149137320709, -0.12941442198019187, -0.16695109159502067, -0.15464626028254191, -0.09542215191874698, -0.15670989724170228, -0.1074262642271438, -0.11080673216938422, -0.03533444262243229, -0.03723310683562659, -0.1335273837833337, -0.04745044832858113, -2.3076742476107985, -0.10848524445094167, -0.08425429117176715, -0.14063896300316395, -0.10201464106786881, -0.06332396325821243, -0.08352312803510145, -0.07253739063639561, -0.09287172008482167, -0.07722182763598469, -0.07119475657533862, -0.040332780171762825, -2.046931229707389, -1.4217615922245768],