{"vi_exp": {"vi_seed": 4117251581, "coeffs": [-0.4704032280645371, -8.240573360981916, -13.698822697473247, -12.697360864453337, -2.0693309694487887, -1.8406043078646666, -13.336151512931652, -14.165937948240405, -5.013833797248205, -3.8439776563979837, -13.509545902126698, -1.1273834006188697, -11.864692622213624, -15.23818095885599, -14.808831175269788, -13.29628844275167, -15.511667299886753, -13.906039925716136, -13.296407074711736, -14.481439295925487, -14.025287087470819, -13.642664730945132, -0.07537471457367317, -3.5777724981327963, -13.81766968912768, -12.547531123804614, -13.447291107961714, -13.110159029933666, -15.418535908660505, -14.53478041119173, -14.34577335005345, -14.937761999965668, -13.920504298187407, -11.065656728442113, -0.7227064706152233, -5.429073318173777, -12.38202991962729, -12.940226710323428, -15.040267008463317, -14.712502275945493, -15.024917028947645, -14.655207866193777, -13.46121233272078, -14.17846982896307, -13.171739779499736, -12.54046270020779, -1.1080345264520213, -14.850089583848654, -13.165454490139863, -13.626546883246244, -13.577327310826036, -13.800949730893223, -14.362729067363368, -13.952160139781626, -14.728762777332161, -14.736335206805373, -14.45017160505232, -16.559504186771356, -2.1087026510341484, -2.6388936781191488, -12.716021683927696, -15.613495849776099, -14.038947912071443, -12.423007452845324, -14.526287952168603, -13.868301206942656, -12.518054122158015, -16.26504198830855, -17.07130877480909, -13.061600537633199, -2.4122335214600104, -2.8195041324366663, -14.357324260421821, -13.938680074151742, -12.923870751977832, -13.077893198991307, -15.648889364161587, -14.602109423302519, -14.600075029291467, -14.951169934334477, -17.050117268312817, -14.729013539182379, -1.7941524845865675, -10.013167087462522, -15.400881862023521, -12.598287634581741, -12.375887269450336, -13.13364017731638, -13.740018971993614, -13.73619861658318, -15.324725310897708, -14.986816669949773, -12.881984375024178, -12.024991846471478, -1.950107771491636, -13.67400179635281, -12.42780369219621, -13.764186653514239, -13.19405431089811, -14.027965930665262, -13.768289722772264, -13.995722478694157, -13.593889319033106, -15.120447292638664, -13.001938962378354, -12.67385363846862, -2.1103189670481717, -6.490337950519016, -11.768020423400783, -14.952102410124471, -17.399385883943573, -13.619055138759514, -13.462693769765114, -14.44142432428921, -14.38667892262459, -13.647054349507963, -15.568095769079287, -14.019751286118078, -2.3673170401655286, -4.306200442084727, -13.554125031555099, -12.637446571013259, -14.547822301971513, -14.748373116507175, -12.784255494648788, -14.82615500794619, -13.760592621964564, -14.767258856110331, -14.757666019918544, -12.52638543243664, -2.7998901195027783, -1.937207071111143, -2.0140969018110693, -0.47440290817403363, -0.47769297422559326, -0.5161369150933192, -1.0639199339079817, -1.1189711062921757, -0.588106611261563, -0.48018018520754785, -0.6627870853053491, -0.6601274861021383, -0.5451102410312022, -1.5778485654334522, -0.10063857904505119, -0.12851654763257297, -0.10431923779905157, -0.08122808087263071, -0.08380324147426318, -0.11430185179175041, -0.06565957079745997, -0.1299837593168509, -0.06559775299545781, -0.15990152897193352, -2.2340246294502313, -0.669269182587654, -0.08686488807580009, -0.06710093628416659, -0.11180002605311405, -0.09523779319906364, -0.10632303461467994, -0.10977605760971466, -0.17775551010254145, -0.15604681529566442, -0.07189004008857175, -0.12289288936718613, -2.311225039819256, -0.16932145519976197, -0.11906700411536611, -0.11955643933714127, -0.1720129713057334, -0.15776032397960776, -0.06860416565724134, -0.09171099940027116, -0.024940709802434027, -0.1130425491077818, -0.11917071239945491, -0.06988449209505497, -2.3058278454650023, -0.12316772376915404, -0.12699894589966848, -0.09476016891797066, -0.15117344145557807, -0.14377396161471417, -0.161922685160432, -0.1516175543897858, -0.09447614749362668, -0.10465906334221957, -0.16958465074191942, -0.06664793361913811, -1.8150522890223453, -1.6866893244838856, -0.14032025457088185, -0.062028598410018766, -0.09860517442252259, -0.048497819619432114, -0.14681602855836004, -0.07354281679607666, -0.10386823991707474, -0.10018827009416814, -0.14876993424071894, -0.13973376889364014, -1.7605434410341398, -1.6669984677329792, -0.12145062412011791, -0.0773546693496411, -0.1625211894377529, -0.09977323558055635, -0.10119231871357787, -0.1357612504560406, -0.04661600292961324, -0.09609584818891552, -0.1481847020572844, -0.08556932160833772, -2.3034970363986518, -0.1481069146841411, -0.14545098350606925, -0.07925359102000662, -0.13290337432990154, -0.12793791227383072, -0.16510907182979956, -0.10415476990365655, -0.10632164181850386, -0.1466908082481888, -0.09670576495583505, -0.07084771145656675, -2.3056284798923183, -0.09981637318809765, -0.13998867770749635, -0.15700111738316333, -0.11645135843675497, -0.18808631715426866, -0.1201437450383861, -0.12180907176002975, -0.1315044040635949, -0.12513074489051304, -0.14380315302922306, -0.06926720732736245, -2.2904292242564943, -0.2889732533288908, -0.10292435044102188, -0.05801682588993406, -0.055709776347013316, -0.10311105880845413, -0.06653504014974077, -0.07625772847142699, -0.09142297107517923, -0.12118963526800743, -0.10402864619911487, -0.11613452723738424, -2.169870861114382, -0.9239008907068074, -0.055517961890351214, -0.12702788049110822, -0.14445535093167422, -0.12939797508941306, -0.12244735853608746, -0.07099796535886857, -0.11357377856906153, -0.12243890033595978, -0.1503703948209663, -0.07799292015798463, -1.9850505539023466, -1.8411350775136763],