{"vi_exp": {"vi_seed": 2384455603, "coeffs": [-0.7666738526488431, -0.7629374386210853, -12.01545229820413, -12.523097973747257, -14.47506673037343, -14.990463795136844, -14.989503243738328, -14.220827510713168, -13.578261894611027, -14.10010357893818, -13.783808022831982, -12.979858219023587, -16.87397205781563, -18.489080412638955, -14.985019971962105, -19.726484022398783, -12.93754728686562, -12.738104785433148, -13.180108498107467, -12.78459837232842, -16.702118380486038, -15.338330358854034, -11.57147289802546, -11.345141991019132, -15.777483911762133, -16.074291034517326, -13.72160084314386, -13.324957825934536, -18.389629485207866, -15.335831981146226, -21.51078658980399, -14.898919153298694, -10.419765348780405, -11.86896232772646, 2.6302813605002946, -14.671368270672197, -10.625029406483582, -17.26875742506072, -17.239381435327495, -11.430463783078958, -14.496721988104824, -14.783453509676544, -16.44249184937604, -11.621233365639638, -14.269351989807207, -10.708628703358164, 2.2664606095105864, -14.759035345584872, -12.250351561243617, -14.698136962246801, -10.949361725268151, -17.04968433603785, -17.184775867565175, -15.375419278240015, -14.388508572644524, -10.4684538997205, -13.824656999956144, -12.710994506619276, 2.10495512876484, -11.647195813750963, -11.360195241311693, -16.183936028775065, -9.837778739646964, -13.134632699059773, -14.559236780351304, -13.912104146547312, -13.50730831619918, -12.065118064640075, -13.819506949439901, -10.149182832373393, 1.9806799218833455, -15.43900507672536, -13.385035891739511, -15.546676107747539, -12.628268995872347, -14.567001209624252, -12.36636396222902, -13.524211660614638, -19.310921199427042, -13.280859074133101, -15.915169792824857, -13.65471450790591, 2.0293094446558877, -10.737487571201966, -14.239186148270672, -11.763421014905187, -10.905964205851145, -13.816186306780054, -13.60196153444152, -15.5657324961463, -14.393036283601303, -14.915951626104647, -15.412410896189835, -12.331309690091787, 2.2008699417312236, -13.188738549385395, -14.215373541551934, -13.701029732447385, -10.349944307928595, -12.61048921041358, -14.441585851592734, -11.519942093830016, -15.242167831759136, -16.22860119448612, -17.734342733900107, -8.549592407573925, 2.2157264787765483, -12.50905363881047, -14.60756833881468, -13.485283606286355, -10.884647208434393, -16.24924395116611, -17.201401407593103, -15.32202945201844, -17.23931968450223, -15.0413488745512, -15.258690769961062, -17.747231158795774, 2.364476751266941, -13.4414595305723, -11.574789013798346, -15.767827456091364, -16.126734087764888, -15.485738944477855, -13.915319047392297, -16.131606988383243, -11.624804136151392, -16.75224616063638, -13.68807777582959, -14.400926286865973, 2.300754700690529, 5.043683118721939, -2.3057647828985286, -2.3201537363342273, -0.5974160581699897, -0.5102740157231881, -0.43976558989793185, -0.43877111370643535, -0.4965784890326611, -0.6076750684505828, -0.47974458815427107, -0.5126433469932489, -0.5520081322408905, -0.05429537353702041, -0.1470172984452602, -0.13716520859312867, -0.18722619453133515, -0.04709044433291795, -0.12270221836822112, -0.06427515821492989, -0.06113414551972062, -0.1064385144091478, -0.13238996155635224, -0.10341119094329808, -0.048843808886254045, -0.08987403001419143, -0.10272612960374157, -0.039378359444512685, -0.09607034349595224, -0.09910533016398348, -0.09250120956316685, -0.14423204498314368, -0.1340822849790629, -0.1306402834958376, -0.14488083201889024, -0.10452106834231097, -2.3111209416544503, -0.13207905339585502, -0.09747704589160924, -0.07593036453105823, -0.13044524754230769, -0.16645464958604972, -0.13083898918789463, -0.09569260975294468, -0.05569648980579079, -0.08379498354290593, -0.16147025570791088, -0.09255270502785334, -2.297351848342388, -0.0797479193214126, -0.12371171177900907, -0.1473510664409557, -0.05820399349853866, -0.1717498098059555, -0.06444932873497669, -0.08539176274554357, -0.15125377611588442, -0.15970882938870357, -0.08560281061439581, -0.009492842163601828, -2.3136143924774566, -0.09416296780345254, -0.11533917181633833, -0.14288571118197224, -0.010994969343877385, -0.09479273033800002, -0.09598487311421317, -0.03838554165970636, -0.029402115797548853, -0.14278377707110254, -0.11591996535135342, -0.057931186365101896, -2.293889753942333, -0.14673714535498525, -0.1328691375973423, -0.09851087748247823, -0.09180692450813936, -0.0771871242432442, -0.12297830162651266, -0.13295586270339074, -0.13684079545122343, -0.07502916804665782, -0.08740567777814102, -0.13067073367789073, -2.2946244024339317, -0.12137923116012297, -0.10486656808484529, -0.19833949662687145, -0.12022519623667308, -0.07464002294023402, -0.1121710720225459, -0.11835332012247632, -0.11009019369477399, -0.09550027943278795, -0.09003789318323711, -0.09471296090171138, -2.2941830051450594, -0.10796090391755656, -0.051367397224317615, -0.16937528409435273, -0.13524294683080487, -0.0947946878145003, -0.17137379790192836, -0.060520216497023764, -0.1291450754366529, -0.12034182971311942, -0.12455996378463897, -0.14354554714310505, -2.3054771941597596, -0.09769296929374534, -0.13529294697892508, -0.1603450398692891, -0.20585865145137477, -0.12173006006400872, -0.1036669936446061, -0.1556710243480799, -0.16297783050041836, -0.04047253647946325, -0.17145142728659435, -0.15916954741028908, -2.3105873513116335, -0.13811692463813594, -0.1370796607538986, -0.18168282771583696, -0.09088274154213544, -0.03799038070988849, -0.05163540331324567, -0.12264162987582705, -0.1398376963220545, -0.08584833839278466, -0.04776492590204565, -0.059113887762815044, -1.9774344685230318, -1.8444471721700753],