{"vi_exp": {"vi_seed": 1637322130, "coeffs": [-1.0381846774571115, -11.860783550794881, -13.294046561416065, -13.607587184886421, -15.292679596896772, -12.537719019556958, -13.84513768870492, -12.885141458809786, -14.978707511739852, -13.332895792797148, -14.423284589403702, -15.915759088031681, -14.5229338001754, -15.792773015491337, -12.931153468836797, -15.528929145163518, -13.983479702841365, -12.293133097052918, -14.290408424196787, -13.967307755987191, -16.50266948155041, -14.682777806552144, 1.407587302535382, -10.541696995649168, -13.100537468196492, -14.989368317042748, -15.516906083763125, -17.076568763127018, -12.908387762182004, -14.644452366678676, -11.837735282073666, -14.745149464370328, -12.592158376668921, -11.892965492138869, 0.8467058412460673, -15.023739949556491, -14.5408148066482, -15.695497890260462, -15.484517950149598, -18.18457558255953, -14.165493163093577, -15.65426523607013, -13.967215834665799, -15.81016992571382, -10.342235537320867, -12.396516909656446, 0.4844414901593661, -13.33137924804679, -12.668503620929568, -14.24601464518966, -12.144823473852489, -13.334853541112453, -13.668919216026117, -14.169327468643445, -14.323538621205065, -12.969689267505055, -12.232220151302712, -14.576205768141035, 0.3183147686678446, -14.764331583987623, -15.608641468924159, -16.975289612369604, -13.515435143870718, -12.831451889312333, -13.841658615642963, -14.73534695714096, -13.735967681632285, -12.21890190990925, -14.71594849095781, -13.587787913336145, 0.2064633231081468, -13.43105810721922, -14.045213691437699, -13.908081351183718, -14.808792469868068, -14.426939112306666, -12.331583551982193, -15.164193220184597, -13.521459576411877, -16.154074642467645, -13.34445334972182, -13.544341137075136, 0.21288773717951381, -15.048476893285848, -14.576490201746752, -14.975868991053098, -12.127212509907164, -10.182042499670526, -12.667734972242899, -14.638422021046685, -16.007750790724298, -15.048795819831193, -10.081892068119226, -10.686691880848437, 0.3092419292930469, -12.436995821716524, -14.115585850253414, -12.658471060534133, -12.453200839333052, -13.450621778341088, -10.853692695978634, -16.728933966268215, -12.051555906810183, -13.673143277012757, -12.395747087386864, -13.55846124269872, 0.3134462530804483, -14.102970227705027, -12.949184740818044, -11.67774536450103, -12.942169466050112, -14.609861566776475, -13.289979006240864, -14.711380188810585, -13.677908350501964, -14.732929439611869, -11.621350243896279, -14.753021918489088, 0.4110047312448448, -12.176679319708303, -12.060474525789095, -14.991838525437355, -14.439525550198365, -12.987568074294758, -12.327404278932791, -12.735785161772654, -15.329373481511952, -12.772840302868966, -14.782150116651216, -16.891638938092154, 0.14725370506388868, 3.7031042896329196, -2.318673359939827, -0.5931632141912806, -0.595731731117211, -0.5644925622607367, -0.5150588769107451, -0.5831650388225191, -0.5623458634925126, -0.4418790706017765, -0.5245456171122637, -0.5999226248419859, -0.5549880999611353, -0.0838607431729883, -0.09446793621198087, -0.12467649405668453, -0.07808678870662705, -0.09345089009634332, -0.06872179747072907, -0.09431560819732855, -0.12013275277574861, -0.07290910810209328, -0.17589624164344114, -0.1257157982455764, -2.3024930070801353, -0.09237549416281786, -0.07531112052731304, -0.11427290445271845, -0.07324260556008894, -0.08312136468006213, -0.03952459231931247, -0.1110096575423944, -0.054194463291501106, -0.10570774248671196, -0.06989638621610841, -0.10519997461061385, -2.304437753969898, -0.12637048355230396, -0.12878549217351315, -0.13598088492236754, -0.10738322164445498, -0.12417407986571422, -0.09437206922971078, -0.04616836155849375, -0.07173410672492857, -0.11443436763292374, -0.08707421723827734, -0.15581575015526677, -2.3161514205010323, -0.1474379133416139, -0.11942280099101034, -0.12228864190753672, -0.10610977512270821, -0.089352151134583, -0.1498026311487161, -0.15383485785153875, -0.10874507649097213, -0.14834798802971946, -0.11651027844283636, -0.17705674319976358, -2.3046848737548435, -0.12037390639527827, -0.15459404168584423, -0.18183804861672323, -0.12138312762128459, -0.07288659123889707, -0.037903164286886115, -0.07453190099985767, -0.09335036702991836, -0.1746128268915838, -0.10527957826065167, -0.13087932357872029, -2.3071160645309226, -0.16916247811778196, -0.0918882273846123, -0.08832330249028934, -0.08918266338098049, -0.06731039387077385, -0.11532974340713643, -0.044914546361427804, -0.10886950287491647, -0.19918649027789942, -0.07155595963814051, -0.11786764914238627, -2.310807947696378, -0.16175396241090437, -0.17876861872809763, -0.1024801749600754, -0.08696226443955729, -0.135917964726019, -0.13080365606375752, -0.06854219025293785, -0.11244070317138348, -0.12165668361591149, -0.14094360966663735, -0.06212544515944348, -2.3085760715688095, -0.09738686154510309, -0.06061590641413474, -0.11642790985166512, -0.08814017877547511, -0.07780347061058077, -0.12915761015180854, -0.04126231857692717, -0.12261909891759676, -0.060294204663816506, -0.13507789536568426, -0.12053845992601124, -2.3139421331047014, -0.1396613077718987, -0.07775514070467324, -0.13821974240505752, -0.10188578474025349, -0.08724068634582961, -0.13614548040885138, -0.08441771487295893, -0.06363256062479862, -0.17030613082695123, -0.10096130557901269, -0.11603465697591905, -2.3242226409321503, -0.11094872565910027, -0.08310337774044178, -0.12247501564951037, -0.15118316015250985, -0.11971364544023223, -0.11331115690388105, -0.06123945275909275, -0.12968021827164733, -0.11554032330348754, -0.08371701497114403, -0.058323601605230264, -1.968524141446125, -1.910515257968627],