{"vi_exp": {"vi_seed": 89985354, "coeffs": [-1.3754917423653714, -12.580440482710108, -11.987013344140882, -12.382205957338815, -13.9739772760949, -14.541034794682085, -12.960051801199022, -13.196206835826155, -15.845691125502938, -12.820292717114945, -13.495288848797417, -17.77740117552698, -15.221549640388595, -14.954531291684892, -16.536299878276466, -13.280749182567883, -13.765616791244009, -12.92207265085446, -15.745598189417407, -14.67511562483728, -14.665770001033083, -13.884588530543295, 1.5644256399868612, -16.04864923612038, -14.11614313381825, -15.238911534741195, -14.709823178218715, -14.083809413076969, -16.68686495400368, -10.789021501648854, -13.376944484179678, -16.0544172200335, -16.21015193371712, -10.043625650983337, 0.9960262058030911, -15.408285448440903, -14.523065931616804, -15.55400033173353, -16.332769226439815, -12.2255049440017, -14.97382966419939, -13.373532168365585, -14.851701732611522, -12.866827945251464, -15.879808091327519, -16.24225722156747, 0.6760426326172692, -14.372439087803391, -14.411920406201782, -12.033627190298226, -12.486145614836099, -12.791560482683538, -14.290255840909346, -12.167712503508245, -13.238562747494496, -15.67523318172618, -15.137645830814805, -11.297161075513564, 0.49854897829039585, -13.526924976510662, -14.972463395017462, -15.128558884475343, -11.529329137359921, -12.736895415638141, -13.262975280985765, -14.565339249483987, -10.71393338289429, -18.1311203609543, -16.980231323981002, -16.464719441375, 0.4204324551664582, -12.304092154099823, -14.656316797509687, -17.313085541067927, -15.346308030736775, -16.12842932194337, -10.216210921562602, -15.258897305623425, -15.486479730843762, -14.087401541957261, -12.119349053962232, -14.106474318320886, 0.4265266130533984, -17.28392473290604, -12.429850902826663, -16.323550375803894, -17.210308291089486, -14.438872569237406, -14.445427000001393, -13.552923390548195, -14.12001486567842, -14.401576006044746, -14.610820384565496, -13.04284133882254, 0.47126882849939555, -13.580731063189923, -13.78260803598171, -14.1784508830316, -12.763551284964839, -16.422527388454036, -16.386878103935807, -14.383451456284252, -12.229302422373822, -11.59439063670716, -15.641051664131545, -13.306056855577632, 0.4317463714958006, -15.540691506767423, -15.717555194327204, -11.958740291686025, -11.882077082373051, -11.796121109568425, -13.600681174642798, -18.112572592530988, -13.263974466488522, -12.81208122293503, -12.140591786553118, -12.958512609648562, 0.45674743601412826, -16.752682320115614, -15.223291219746041, -16.65049339646143, -12.349421490007915, -15.28988246485653, -15.54914741272819, -14.523156333561861, -15.574107176547558, -14.507059122311524, -17.38286622500381, -14.67828741488995, 0.08156258516164354, 4.168594513121324, -2.313332856232781, -0.5335760875099523, -0.5033321397806214, -0.4946639786613991, -0.5391799098660618, -0.5026751574039927, -0.588585765677555, -0.5657398681571867, -0.5461089349159999, -0.4956041503217367, -0.6122153911360805, -0.1593760143610076, -0.03155009105987621, -0.09925166238728202, -0.042855714318332204, -0.08348039077515906, -0.10850720756178739, -0.03295553936877365, -0.12354491252946923, -0.06430987527858453, -0.15860722872012284, -0.13178647245384062, -2.314422061733854, -0.1422528943869095, -0.12380469379481956, -0.1454418710739701, -0.10630901916359417, -0.14530344479260185, -0.12743550422134078, 0.01010573807797301, -0.07719363194986772, -0.02800873379169887, -0.14244973272892106, -0.10563621668400348, -2.3017286056636705, -0.12611088739256238, -0.14823836647608446, -0.0677378608333207, -0.09280763306225878, -0.07353661405651997, -0.09627355141832186, 0.021587840749102503, -0.14421927819857192, -0.107168732682532, -0.10321415658444144, -0.15734823821421168, -2.2862322104140227, -0.12727245700045864, -0.15594177578115961, -0.11847139567408659, -0.06738327083083379, -0.11830948052300679, -0.06976291482884074, -0.005088348461765696, -0.018575005185057038, -0.12941068214252685, -0.1814189745294433, -0.08473979046893716, -2.302636889325697, -0.14730222943505422, -0.0669398321652963, -0.146273846979969, -0.11285242681975503, -0.11277130136923197, -0.06362972540223581, -0.08062880077065929, -0.11506463861059922, -0.08053438749225553, -0.1258747877313586, -0.10382049599810896, -2.3109014118675035, -0.1247496112101836, -0.10715416171759543, -0.13367910115195814, -0.0741930000256431, -0.1849905977841089, -0.019722168102642587, -0.09245080341238646, -0.2317319328266514, -0.11319339150678336, -0.16019409618891345, -0.1694303185872968, -2.3124215373897385, -0.12207972553200085, -0.0940664403819646, -0.07017068118824979, -0.09115704533344539, -0.1374142329483282, -0.07154158916505066, -0.1843674830144126, -0.09797314625038388, -0.1336942514023509, -0.14308612357468609, -0.07270618670082399, -2.3063549493127664, -0.1167567018914499, -0.051254314323162395, -0.09070966859605295, -0.10329847219783761, -0.16123037840198448, -0.09341562083394324, -0.07489782894923193, -0.14439522747916647, -0.10586751141049282, -0.1482589747738198, -0.0829704835135834, -2.3168548949117627, -0.08583256898846056, -0.06305267523127815, -0.09073129999155292, -0.10707410114401791, -0.08540522956736675, -0.07623536170007662, -0.1641458089301841, -0.09942922445308791, -0.12566526985367907, -0.13384079094824428, -0.11331853692053011, -2.311445645412125, -0.1251436607208156, -0.1154970072487737, -0.11364442274964208, -0.10860438382604637, -0.13920300758868723, -0.07816273515728552, -0.16063524408489574, -0.09189220916249419, -0.12044522290175898, -0.13405532365393177, -0.0357159915916835, -1.978748086653151, -1.9320081111414065],