{"vi_exp": {"vi_seed": 2152927709, "coeffs": [-1.5470712245456206, -1.5410444117662347, -12.986854541337015, -2.912201608342922, -2.676732813331218, -1.5579043504513166, -1.5534098003979075, -15.847018693754066, -13.188315242239682, -1.5635524680488149, -1.6059325589061502, -0.7780449607178258, -15.984130621490849, -16.592589530177623, -13.19042300803992, -13.942540134422513, -13.353813925762605, -13.624748731718634, -13.685323295160773, -13.878790057978417, -14.174217911428677, -15.42089315950222, -15.845311198116152, -1.484156796229757, -13.152336775584832, -12.892764276773397, -14.129563490623356, -14.703872116525012, -14.229877125804569, -15.197475435687918, -14.80451680691562, -12.842123660277752, -16.08736226110176, -15.785213005305325, -1.028461890954502, -2.4257533895103673, -11.290415081338441, -14.906856725505738, -12.7513762155983, -15.197542880650634, -13.894682639026456, -15.067303118073676, -13.619678866475732, -16.097277065930342, -14.126684835993807, -15.72499833524245, -2.055912844745854, -2.1631075602044723, -14.090892528386732, -13.920618811122678, -13.455280841293671, -13.55768398515259, -13.895619183087199, -13.907375511416475, -14.810114877247175, -12.694586513260191, -13.166465428685672, -13.827934341986001, -2.4236022772867596, -2.4052280555045114, -14.381937710622756, -15.722720042440255, -13.929117227710986, -15.48474510740777, -14.305908379166487, -14.131846084785723, -15.313841529858424, -16.42229101710935, -12.492039809910585, -15.144856476998127, -14.302647128745432, -2.563353652687845, -14.267836730628648, -12.32850250408273, -13.624456778409792, -14.303374376182058, -17.106947310308712, -14.477265529978734, -14.249555503918211, -14.419330453712755, -13.299299864668889, -16.538796174021225, -13.909608604699805, -2.7183819850510726, -13.200604285335316, -13.516840961600991, -12.40576373984762, -14.238207727307374, -14.469076530297414, -13.309458297132144, -15.798246637923464, -15.084013637164944, -12.682766931512175, -13.621095604053302, -2.4276208717162127, -3.0689002830860606, -13.721285660155285, -13.364778329276046, -13.828059597869544, -13.786431366560532, -13.537601520507792, -13.553529357134646, -12.64781638162361, -14.762251122173463, -14.114039884429346, -14.680709909420962, -2.662131656864711, -3.0356861666388606, -16.0022331396468, -14.744949749077696, -15.351736530630317, -13.547475781950483, -15.263459984892409, -12.814017277276575, -12.697092724277583, -14.823153658943626, -12.374605428432035, -13.203103927799354, -13.473237194383787, -3.070946765270726, -15.451405706379566, -14.003490057447257, -10.451143633320786, -14.68453866267934, -13.63573907277103, -15.130905284162635, -13.120365791141438, -14.817345357094549, -12.876957551070133, -13.717911995839456, -13.19108150590582, -1.4705572326654743, -1.970900599151523, -1.9768183903073466, -0.5364878876337971, -1.013010696015195, -1.2542757208872997, -1.9828369838984983, -1.9880430830886953, -0.5318880516771252, -0.5264671038761949, -1.9821028827008158, -1.960402772662405, -1.8923491531437, -0.14719716203893568, -0.1538591483986863, -0.15541199382139081, -0.1411649885501002, -0.10328788866917918, -0.12925337925992939, -0.05482421235160839, -0.10621354706543344, -0.10405980354556958, -0.14686212908607837, -0.08568274828120036, -1.8737188156408862, -0.12742489658035933, -0.0845203091130753, -0.12363077289910379, -0.0818797857338852, -0.05919386868628978, -0.10889493614298458, -0.13809374116760012, -0.13736425900950616, -0.14124038368197922, -0.1092435779834858, -2.0626686776823018, -1.4446549272585338, -0.08492523768014101, -0.11914798842371245, -0.07571058250274156, -0.1133646662364076, -0.05399677506494969, -0.11475370338778451, -0.14854593337458588, -0.0832505608119141, -0.17197382730298774, -0.06626665747202848, -1.6871056151669521, -1.8984346913141588, -0.16281581971120695, -0.13280211384700072, -0.13010943648169504, -0.1325758384411583, -0.05619841187189623, -0.13073531095757598, -0.1467301788145739, -0.08467622150677359, -0.11166114360689135, -0.1270029869390983, -1.6608822517522985, -1.8739473214488167, -0.17856369993576293, -0.12434411620880333, -0.045677732785695584, -0.08606509662370924, -0.11001986583490926, -0.0776619771402453, -0.13601821503121897, -0.11755013477220826, -0.10675820003159203, -0.07874077373959107, -0.10764278020274877, -1.9129121922336882, -0.12070486789945926, -0.07581224757695172, -0.05433459866849581, -0.17498056224617559, -0.0720197189344041, -0.10821610707353833, -0.09920471421183638, -0.07769132826768611, -0.15282538526353748, -0.14968699884568093, -0.05639884159356392, -1.891251368423133, -0.10210777576683225, -0.03468285285817651, -0.1108213194776275, -0.11315677615637891, -0.1102191849653703, -0.09702068240468925, -0.1486415868432108, -0.10071048808694191, -0.01808609628067212, -0.13063495336381872, -2.010320097706584, -1.7131496808204447, -0.09676929524692293, -0.12110624469998538, -0.04856620896095282, -0.08870995045986949, -0.065947445509811, -0.09683802642337697, -0.118847989563694, -0.1620937265417725, -0.15247645933204965, -0.1333706413358589, -1.9771626749058395, -1.8492324098639812, -0.1445989542660766, -0.18067106565646915, -0.1084406578328157, -0.13051032957146017, -0.10621936611877456, -0.08203048096538759, -0.06069654598981008, -0.10191667964576791, -0.12210116390904024, -0.06547027906287148, -0.1337622284830399, -1.8937831462517638, -0.09738569317513987, -0.1685744268875548, -0.0475201300054148, -0.10780041077663187, -0.15838310878020617, -0.09982251361484189, -0.06662668612701313, -0.1351753572359787, -0.10239716634861325, -0.1227204451201223, -0.03058840073748369, -1.9657365682639074],