{"vi_exp": {"vi_seed": 1598745082, "coeffs": [-1.4088311036558698, -1.4016507167329388, -12.489457553325664, -12.695485946759234, -3.7123602030409693, -1.414540295505369, -1.410233047143292, -12.772764916447432, -12.8256086973848, -1.4209155579481692, -1.4723796213034772, -0.7865690014246278, -16.064334522264215, -14.333947588633395, -13.358855355759491, -16.619181220894177, -14.681142525207703, -14.64199718716498, -15.120768111959293, -14.63757488500924, -14.540599634760284, -14.232455837138374, -14.281816992119825, -1.492506816968151, -13.639576229090357, -15.430075739326975, -15.049380532710835, -15.389520285702813, -14.34553486321316, -12.769573243946743, -12.24452243791872, -14.012401547609702, -16.31963880771283, -14.320403767235488, -0.968837128992922, -2.5984167625621057, -13.18460417480054, -13.62908608225199, -13.915813190184045, -13.006956799652984, -12.300818824045967, -12.951028705069236, -14.289742038736788, -13.595163627530521, -12.415772838356771, -13.276290078277738, -1.712815997437282, -2.186445912882756, -14.431342182172584, -13.901464525756342, -14.077722316150467, -13.873830834376504, -12.750829619270792, -16.569625606936555, -14.411368719963736, -12.063318818490941, -13.620054641304668, -14.335793058958794, -2.10232741678154, -2.431298800379079, -14.598961899573268, -14.580282119161893, -12.722719979085248, -14.482606763703684, -14.089306669007053, -11.58471488148203, -13.099346615368887, -15.583470075458946, -16.599039987597077, -14.66785948378615, -15.03661951373651, -2.5705061187750866, -13.888758028434424, -14.358560127154405, -15.866371683599667, -14.179119851338626, -14.717406143331381, -14.595310615600539, -15.540846549673992, -15.002869768427063, -13.628242748573184, -13.441916630488736, -12.019960534444243, -2.7241446224097556, -14.751788627336365, -13.947997765346619, -13.891439577356389, -13.377030199610923, -13.2085253714433, -13.575501709862445, -14.734590011659815, -14.13640781227437, -14.961106361691348, -15.244964751187787, -2.2689066215788305, -3.429580493214039, -15.097905666271174, -13.509160680334919, -14.169476886205524, -13.89740298583648, -14.386756387816169, -15.140561527865623, -12.663014742840733, -14.928344808632886, -13.905365834860575, -14.804858150228789, -2.704872854274774, -2.9959574413404417, -14.217682218162178, -17.146015274762256, -14.764207086820639, -16.19725590703762, -14.53490188666626, -15.769919990279515, -14.365052285432688, -13.427052525180818, -14.550505987990674, -11.883777793763166, -15.424056846696311, -3.0722035901033107, -13.867976063707752, -15.276877003587064, -13.412178516178047, -15.059869190708955, -13.32274843911782, -14.350266965470968, -15.101374103773765, -13.998295982146455, -15.17966171638685, -13.64965206979763, -12.615585199409997, -1.4588013531535493, -1.9845781613079831, -1.970918675946353, -0.5736493613770464, -0.5077006171620325, -0.7520336192653977, -1.9774486221493235, -1.9794022204193507, -0.5294421298956198, -0.5407482669905523, -1.9667331201827924, -1.9781363732467983, -1.8897457318156714, -0.06982727174188906, -0.07411038961944513, -0.07175583738685094, -0.1241190097966734, -0.11855377010252179, -0.16827643416463417, -0.050065456560601164, -0.12098894283464652, -0.17710426367716445, -0.1446523970274242, -0.15861969279604182, -1.8757429746135459, -0.13910409958092126, -0.013231781461547496, -0.03865589193071197, -0.15003632357018148, -0.14367490445543202, -0.12449553629033766, -0.058803531636106174, -0.15573445921709722, -0.04827574587471836, -0.07942053957704905, -2.082218045733834, -1.2823298793242415, -0.09857586027158284, -0.12556361997146248, -0.10506500428240219, -0.15833580494457525, -0.09406999957117752, -0.06040067334134058, -0.1393220562949667, -0.1299970892615619, -0.1685741573070516, -0.19020522193408979, -1.9844366540221818, -1.8667929880714529, -0.05642237129420252, -0.06416014130954018, -0.11132007712680567, -0.1420748472492909, -0.07246504804571008, -0.14953424602333384, -0.1469521940441541, -0.09332688646266966, -0.11315962359898629, 0.0008423019487294085, -1.8805285566522423, -1.8592316423992459, -0.1427903279207014, -0.1528221342997714, -0.10755928254286648, -0.089142986016508, -0.019239052823955376, -0.0788967661387794, -0.061237537510516464, -0.11939706960479554, -0.09364849037950537, -0.06353389598263615, -0.11732890670770023, -1.8896263279767995, -0.014519028452344011, -0.1852732507886494, -0.1807069078991318, -0.11798986575929735, -0.10830634415567499, -0.12586623438494912, -0.10091865358019747, -0.17544350150992707, -0.14364515996080757, -0.049982184376811366, -0.1414124183166631, -1.8833794151363312, -0.1281064981678999, -0.1453598399248304, -0.11892622033495838, -0.09037669304077818, -0.029374762353300814, -0.09414394869822813, -0.04970854100286706, -0.16589460320318017, -0.08050679307881527, -0.1242058030768312, -2.063345122907342, -1.3912129825865887, -0.13728489648130401, -0.11617281785491616, -0.14051082382758306, -0.0826595465947248, -0.14286626483867154, -0.11604180420918142, -0.08993297138890792, -0.11128736189073465, -0.07547515543515883, -0.10828698814516179, -1.968971592196867, -1.8782468047060317, -0.1491357746523153, -0.07586552392436077, -0.09789245157397013, -0.13722477656880172, -0.12123609972560959, -0.05340351358373217, -0.16908550409137615, -0.12605407868503496, -0.03115204817761423, -0.06343670196509738, -0.14435540727871568, -1.893129713567857, -0.17300712651809186, -0.07783164286250414, -0.11011284162554727, -0.1959986276425624, -0.05521453108669953, -0.09092333240202326, -0.13747957888040097, -0.10993784130349135, -0.1064400426337975, -0.10858141959943099, -0.050001395816404295, -1.9425894278987093],