{"vi_exp": {"vi_seed": 105573287, "coeffs": [-1.1352115851108726, -13.335772612252864, -13.283946792730815, -13.391330994218007, -15.276682349682135, -11.833290291375192, -12.71935794801845, -14.114717299335263, -13.801448550855286, -13.270320993020443, -15.086437833675268, -1.9913310902770778, -15.689673987487755, -16.520215111529602, -14.57848208057561, -13.88906639280794, -14.81753688410094, -14.438332567143528, -12.707738234878713, -14.037367821787935, -14.557672206161815, -12.638126694466198, 0.0048018952324015846, -13.826283001789188, -13.934096403568844, -14.643550857000594, -13.630707062387735, -13.601672311222988, -16.30267333755963, -14.097403740773018, -13.359614533860377, -13.536894853328366, -15.902691392594232, -13.526257684449082, -0.6846930228502698, -13.195182476546776, -13.744345606405032, -13.737535025256777, -12.850033700935766, -12.231041650508221, -12.967500166983843, -13.32895967435793, -15.305240203985353, -10.774332766890032, -13.491146776892622, -14.194932994478496, -1.0831147060280972, -14.23401975219373, -15.226860239722493, -14.475529268584529, -15.533098242842781, -14.705832757786611, -13.464828639894673, -13.538867804202052, -13.943504575752154, -15.228682797738692, -17.23669528149591, -13.740301895264889, -1.3536471845539717, -14.159431911586717, -14.67772556740266, -15.445996745877169, -14.302733959840834, -13.204188484063403, -12.408487884576086, -15.845254408208374, -15.7059959503435, -14.022931085550326, -15.266941624798916, -15.723877218029289, -1.5670073075300497, -12.956631131063906, -14.449576540271993, -13.12250359489694, -13.00846493183229, -15.309083323358212, -13.26907345296483, -17.172684896720106, -13.842081055589139, -12.330852489169857, -14.902373111709478, -12.011281134496844, -1.7226589105123178, -12.095541686822758, -14.468189732820479, -12.914524046841807, -13.6944839377283, -12.115508829344723, -16.549819054919332, -12.288871575050054, -13.692417955673687, -14.72397430858027, -14.844117696714596, -12.363239880152125, -1.796950191490138, -14.333535311467326, -14.794116409889838, -14.14905114581893, -14.242575070131833, -14.105565717977006, -12.492622675600042, -13.821803425433052, -15.405881716624156, -12.088449683343223, -14.308178089848253, -12.646693823418158, -1.9056463778238917, -14.26527646230377, -16.323876220199985, -11.928278446510841, -13.235194415711348, -12.041974708790335, -13.655380625590762, -14.298260002933647, -11.512503827713028, -13.62065037556265, -13.947513720802512, -11.799187672425838, -1.934696686691941, -13.860312946371483, -15.952623627142044, -16.562212259649005, -13.006391029953807, -14.708054562023406, -12.675670285062328, -14.470435685407717, -15.137197248711114, -13.737925682862118, -14.332098136891037, -14.011274668471575, -2.4152101055091633, 0.5958550331988176, -2.162462250914111, -0.5563864472313154, -0.5375906952710797, -0.5570706037812645, -0.5402039974088899, -0.5484145600910109, -0.526909770131866, -0.5371293405653981, -0.5455539585947381, -0.4775137514268512, -0.579480813265037, -0.8855656353880359, -0.11670067831864349, -0.031603906118869554, -0.10400177501798538, -0.12621354438106394, -0.08262420052680519, -0.08672878968747406, -0.14301386161617635, -0.1511378575777261, -0.10317239295107469, -0.04280887583833835, -2.2998379504776882, -0.07010319504314463, -0.16554295078929535, -0.09231584899002335, -0.11545020902351251, -0.1599696127267552, -0.14148650758039188, -0.03937337311929407, -0.11409091776201331, -0.10540995034342401, -0.04057985221672376, -0.14155488688727788, -2.3117205428855048, -0.10825710138254804, -0.14298501433999214, -0.14026840535952254, -0.06956941057100642, -0.07279184281041143, -0.03345673402377599, -0.12616569668668634, -0.07644656587943302, -0.12286960405253525, -0.17480080953239563, -0.10964004464324603, -2.2998368516973304, -0.11949437005885306, -0.11020498489638494, -0.12825927164339207, -0.07375990765639875, -0.13855999701054558, -0.08011670073915611, -0.1269900784767482, -0.07026423786424274, -0.1483215474322491, -0.11027490730228345, -0.07980598059258832, -2.294411360863391, -0.13214422845770576, -0.09816502492609887, -0.1471110651766293, -0.10939720541351498, -0.0906433546023762, -0.10416891977662493, -0.062099977547419076, -0.06349382015271023, -0.12132658931677302, -0.08149126255803206, -0.10854114700619162, -2.3146413778882993, -0.10719342502893477, -0.09848867319382319, -0.13250445624069768, -0.09142430495867444, -0.12453389966554718, -0.1409250070764495, -0.056482401227281785, -0.10550638779137393, -0.09606152493703492, -0.10591778180143266, -0.05308545986305881, -2.2980613339036826, -0.1587766902545046, -0.1017953449629818, -0.08202395993889175, -0.19118309895606203, -0.13385022709808872, -0.17471341100163515, -0.13328667061996455, -0.09335500297732233, -0.14873113330378826, -0.1436446579665241, -0.1217804488062353, -2.300638576714764, -0.13355643322640431, -0.10222698387768134, -0.10648520687955043, -0.1367630915502683, -0.10387228012805678, -0.14142767179852356, -0.10731390711688207, -0.09039546739359271, -0.09532782531931785, -0.10860660779028342, -0.1264751326244915, -2.2943128909491994, -0.14795535363842424, -0.0917418573211193, -0.13363877813199423, -0.10812808070563776, -0.08387404126662998, -0.12544879188652966, -0.08150302161613236, -0.09375858495809097, -0.18254837029369822, -0.11761730998695498, -0.17002273967406978, -2.315318153819321, -0.1444932354781601, -0.09329020197179053, -0.15703923588792085, -0.11087685042650484, -0.08375932729474139, -0.10640472297203189, -0.0888304802390312, -0.1620105423156976, -0.08149039477839055, -0.09887460202509031, -0.14533115868397228, -1.9458884773960006, -1.929660368706676],