{"vi_exp": {"vi_seed": 1213382240, "coeffs": [-0.9745911707978353, -0.9733200084914897, -12.057089472518447, -13.167514510025974, -13.718753303452463, -14.70706556604462, -12.486611786144007, -15.527063828164096, -13.5592677815171, -13.641148794427455, -14.54857474896197, -14.319202159856012, -14.314176850665241, -12.308056398090327, -12.481527502312376, -13.173757187957298, -14.787092227498256, -13.06431806538549, -14.685341842385663, -10.766590399737757, -15.204285660122942, -10.088316548306873, -10.59480056313677, -12.486629096198914, -13.45193252685928, -12.44846549255521, -16.587829170188535, -16.897360045885243, -13.951621856134867, -14.853009456164168, -13.786759005466116, -19.148214139816552, -11.741946411433963, -15.821188961567046, 3.1256313817118, -9.047276671965546, -12.508630966537524, -13.943811783863474, -10.178320541698593, -15.654766075523277, -12.225446190268254, -13.401762094312767, -15.21028905999688, -14.649293123867373, -15.66831460169455, -9.342223750458897, 2.752038751273906, -11.625562376686801, -17.414307922529385, -15.22240125599916, -17.0199949529581, -18.519701350778668, -16.585074477137947, -16.017937964585578, -11.62792630083967, -16.611753791460107, -13.382458474689447, -13.553945457136612, 2.6281435444358405, -14.174859013520667, -15.241417732262914, -13.346218606396173, -14.305379809766604, -11.903883154783339, -14.763304831638257, -11.427503866944901, -16.471067150096452, -13.925253822789553, -11.82235086943425, -13.415513917985606, 2.517999138220795, -13.057426680334357, -16.143125853372066, -12.374516429187828, -11.650358795587286, -17.017539399846402, -13.238619508771084, -10.310538624897262, -10.653810397588249, -12.71708753684297, -12.781242654708551, -11.190043678515513, 2.5052694241819813, -12.275117729144037, -21.00961310179576, -15.988334674225047, -16.26587312166597, -10.916933160200507, -14.03999623719378, -12.590733489976106, -11.210528957729784, -13.723299024115068, -15.798077104449307, -13.629330423926094, 2.618680207598547, -14.00231177871508, -13.31777666668513, -13.796921274422765, -12.563553571331537, -10.40644805982579, -11.200808727705732, -17.231056640900864, -13.462680837724617, -15.760529079210007, -13.424941033435358, -12.204976233840933, 2.5895622324416614, -13.606485533230158, -16.442799847294545, -9.231606521114212, -15.604490579644544, -10.605420162905368, -14.452676601442029, -14.438454064956229, -13.52886712347956, -10.799299709090743, -13.82941720668422, -10.899604579243944, 2.6740833240235564, -14.936811362289543, -9.814394917139603, -12.839792159219186, -11.841431896538314, -13.4630867757334, -10.890812323779983, -14.583348194744241, -15.857912911348576, -16.610957334380526, -11.039895890347175, -17.789507769562526, 2.4266779841094563, 5.849866953938489, -2.291142424360704, -2.3074512951634, -0.5475239191437188, -0.5489404862798044, -0.5768024836786176, -0.5267402642485188, -0.5132399974398139, -0.6331836902621589, -0.5579847286858868, -0.5573179714145913, -0.574369852173323, -0.14276332245537313, -0.11375953795533474, -0.1798452061388431, -0.12034647174325667, -0.08649450521922127, -0.07002537461822982, -0.1410995555472713, -0.06676178487215016, -0.18329274012298302, -0.07237182446920036, -0.192287765666084, -0.07135677758653507, -0.05919310645851608, -0.0975565108854789, -0.013391589096994613, 0.0028919050370559726, -0.03118052010361746, -0.1608530400661703, -0.13798923883484188, -0.10425052104111363, -0.10550629754057457, -0.14590709884194497, -0.06930344319826533, -2.2973922824887594, -0.15274715499062474, -0.0679895388963352, -0.10714956566267007, -0.10996012864022188, -0.0926838780926051, -0.07752353865934539, -0.17234121977928546, -0.09094362686583707, -0.05513936675673848, -0.06605569585512809, -0.1348792111073449, -2.289268959823556, -0.10004555695921323, -0.13420274720552527, -0.14089186163766196, -0.10105892108610708, -0.06466098879072027, -0.08071144650693872, -0.07852226045619679, -0.10869374922315686, -0.1718564721614433, -0.15047375346832068, -0.08297252777925805, -2.2975721758298207, -0.08157105575592184, -0.15226686777439266, -0.07790224256815736, -0.09641510253749727, -0.14320584474657777, -0.10240102965212501, -0.05107679721523522, -0.10065265694488192, -0.12269347475148963, -0.12997887388979817, -0.06950497611609807, -2.314976955511297, -0.11447335733297564, -0.15819534735894145, -0.15070174836323852, -0.11749531374867167, -0.0928550024073173, -0.16337461638226922, -0.056653695348291344, -0.11632776866304054, -0.13852075098571473, -0.11799684893664103, -0.10649426088180869, -2.2993041570720796, -0.11870791343964006, -0.12118807686567172, -0.12373623774896855, -0.13156395759309705, -0.06522462175628024, -0.2185281950934035, -0.08942434270381708, -0.06546263464997792, -0.1460832559664598, -0.1541960676706491, -0.09624759833625937, -2.3100080116469184, -0.14102076035170116, -0.15981751862318824, -0.08437568134277193, -0.05624824847621846, -0.07175241950416657, -0.0729980118567308, -0.14973314648737424, -0.09562742166563483, -0.06786758970464238, -0.09295351641615757, -0.07068764882820222, -2.3162807537458816, -0.08687853768860383, -0.17965979775005114, -0.05867363181542142, -0.1558272307400457, -0.058178324847861396, -0.07891935818289551, -0.042821492372540466, -0.1410881515455479, -0.1829897075188286, -0.1457174611690416, -0.10784213069507258, -2.3053235034381467, -0.13504780714101722, -0.09252558547409293, -0.12987567024708696, -0.11773986095686874, -0.12277030014708167, -0.11172138159017973, -0.04426245030079981, -0.12920013064367336, -0.1504733337412444, -0.11246930862767664, -0.11388850897470383, -1.9538791331106418, -1.8923475872632007],