{"vi_exp": {"vi_seed": 221836625, "coeffs": [-0.5146288251184182, -14.018506889483682, -13.150998314183992, -12.73303937496067, -14.399862068376843, -13.000430410363206, -14.821109738053424, -14.689189575279082, -15.025982911926288, -14.187374834172967, -16.706484481565166, -13.325121361663662, -12.543191541016503, -13.742438629696855, -10.836152335569183, -12.400037981259274, -15.029409401331648, -14.721774965408546, -14.311723659910227, -15.094955413743376, -14.15606295994112, -15.671302464576975, 0.03630466409199894, -13.069628073359034, -13.755323693851514, -15.302914120329893, -13.809255961448075, -13.802028825867282, -13.449401594107934, -14.56046669932229, -14.993274747306414, -15.92919189818566, -13.715126668380993, -13.220487581698398, -0.6442230701010508, -13.459583939396524, -13.02701731385722, -15.494104133093158, -14.065079268990084, -16.040304401735252, -14.975183670942181, -14.288327379924203, -13.290457957884529, -17.912434474765067, -14.358857411587788, -11.364169110392144, -1.0231473060039802, -12.652498104593812, -16.891478070291228, -14.178295736757157, -13.709124995522835, -13.923416315638821, -14.07501491364562, -13.269632379820372, -15.482600714642722, -12.70840576468695, -16.094717196604616, -13.401559621606367, -1.292629353561118, -15.376001245550277, -14.998776282750239, -15.237184594427895, -12.217366907881088, -15.152171856686413, -14.326645114754461, -13.114578972213975, -12.284705812456503, -15.089723069694115, -14.990763788987016, -11.936982006426208, -1.4047798661773585, -15.129173043172578, -11.546273184744297, -15.562572638465834, -12.883574562731958, -15.816055610506528, -12.883096589717717, -15.767758012977216, -14.3208712506106, -14.86036219688754, -13.60888539960775, -13.600698969763974, -1.4486449414047364, -16.45215677961417, -13.155435274096208, -15.260588254057026, -12.74908680483575, -14.341484805853518, -17.871643533788195, -14.216866750172889, -12.601132929523853, -12.821966343081169, -14.77740688381451, -14.581403731940348, -1.3976509142204854, -15.310789341022808, -14.18866445629345, -13.77470235281884, -14.907426261875566, -12.366712764658068, -13.87553797287049, -14.543177491017776, -13.38357692442292, -12.152577163119213, -14.676442893255654, -12.918374465816017, -1.4068140204384096, -12.960139768162655, -15.522514702444965, -11.98444088015551, -15.7971857909242, -12.241026312720777, -14.891953456537715, -15.247078335014436, -13.293306687582396, -14.517897191541788, -12.856016286002887, -12.71115236842718, -1.3502717534463884, -12.472685265001736, -12.930633357750306, -15.496509742727662, -15.470618309373515, -13.181333289397811, -14.33502495007108, -12.215117227996693, -16.093304549006415, -13.589063854051409, -16.49401128879612, -11.662939788941467, -1.34753068161397, -0.7619647423563375, -2.309639197380675, -0.5099334030201457, -0.5051269726110285, -0.5782838778292149, -0.5610764931897021, -0.4517657619903122, -0.5583113262223744, -0.5278127807409402, -0.5340929462583803, -0.5359474166245506, -0.5692284213557678, -0.051717201720468245, -0.145862625084846, -0.13471722746432913, -0.1071909322696594, -0.08212919239424214, -0.143860946469349, -0.07975775918472754, -0.12498733768289895, -0.05512718345807289, -0.017450172920271324, -0.11822979968401558, -2.316157855662537, -0.09248716161325644, -0.1915858382030271, -0.0707879792704763, -0.0984706402303466, -0.09863040028044336, -0.08632787131758377, -0.18694219247509927, -0.12317052925070297, -0.03427700351774045, -0.16067784417717884, -0.08713152708804087, -2.309653892530281, -0.08753488624441695, -0.14224333653467738, -0.12847402343247238, -0.10269443652268984, -0.11839599105722057, -0.13757474951635063, -0.06699683099810516, -0.1980887521052496, -0.15315111614119342, -0.13349218215142744, -0.09306471077983286, -2.2968047318686744, -0.07332257811184546, -0.10862572501911374, -0.11561901686888991, -0.1180795505678361, -0.13361034962159637, -0.13388474068468273, -0.14773858253139116, -0.12006474844632478, -0.11418101669490022, -0.12336085081414139, -0.07801464634597405, -2.319125894426335, -0.12080391388277849, -0.08839630030165108, -0.16546906086386498, -0.10461122231552174, -0.11546961756209663, -0.13226703648171947, -0.111636628722407, -0.08711672943223207, -0.08830259881942829, -0.07300952952537083, -0.11154409618882573, -2.3173256540522655, -0.1704377378058004, -0.07389318703906234, -0.12577357350464702, -0.10165646935435854, -0.11228132162885171, -0.07618716933439654, -0.10089252886880311, -0.12777420001398032, -0.02013574595251987, -0.12305475183224036, -0.10288728219526849, -2.31323189267876, -0.14329803798035123, -0.13112509655773139, -0.1003782116474697, -0.16049237807267105, -0.04099880334736824, -0.16736407831285935, -0.10150764612631231, -0.06110400192803781, -0.12239887806199354, -0.1825608428026099, -0.15243087701650732, -2.302344880309079, -0.12023339575818402, 0.01783682133494067, -0.13878698102139903, -0.0858581298693323, -0.061782958423743005, -0.09136289464798648, -0.08664903152625529, -0.1271850654625543, -0.1216883796767165, -0.12284334168662729, -0.1502841931758788, -2.3075999485570815, -0.1073062141601977, -0.1143367288234523, -0.06051143584031005, -0.07120791028381127, -0.12905479618930227, -0.11298648511768511, -0.10431697708506105, -0.12289863106665216, -0.11726947042055419, -0.1339458550842384, -0.06895348166646545, -2.304327526092204, -0.1446888823759588, -0.051858240789456354, -0.0684106871051819, -0.12637143628011122, -0.11298196776158556, -0.15784733930150913, -0.11769868135650607, -0.12499967515433308, -0.04367188471265641, -0.0878072741079612, -0.1567140100086545, -2.0383177136792665, -1.3774194020972728],