{"vi_exp": {"vi_seed": 1544602990, "coeffs": [-0.6097681991633597, -12.370517511280651, -13.897572201056487, -13.842096151905984, -12.300393899607874, -11.891316383475981, -12.953164328418199, -13.905477739663777, -12.853942544040645, -13.907559434650278, -13.202398723200481, -16.43575877580076, -14.32039205516068, -12.704985058807694, -16.272104130307888, -14.98324725152177, -12.967926156028696, -11.543256059052759, -13.085166009306056, -15.217903887040283, -13.322721714292559, -14.622130581551014, 1.1821559964369912, -17.176561422422832, -15.842789761684212, -15.17495414193388, -15.61288021678695, -13.686947167679453, -15.02420713943054, -14.059807001172935, -12.728261162214201, -18.769651500304185, -15.195241729167016, -13.522947083563196, 0.5697222786012014, -12.76874848271028, -11.553184695430273, -16.036917552606848, -14.090744332789315, -13.424594992975445, -18.92621958170613, -17.11624338982036, -13.617271875527182, -11.377282076639323, -16.802825091510663, -13.514486206185289, 0.3095783897594563, -14.40597831710259, -11.761445716747003, -15.684129258492439, -13.58157489915615, -18.201677060546977, -13.461507332175305, -14.435785758917138, -17.756273310042697, -14.763608082881813, -14.869033158137771, -14.733031224485748, 0.07859288786817059, -15.915639586280692, -12.145768500763644, -14.557735504967427, -15.36172786442838, -15.219965446199664, -14.275425283072744, -11.444869011024307, -17.128165863807016, -12.954130378108133, -11.783739451815778, -13.787962715994828, 0.1364086203521348, -15.01015360501814, -13.564959696212773, -15.812926881496201, -14.821567089789099, -17.78109842883982, -12.801988631814767, -11.844960886230949, -13.583852462939397, -15.924813741572384, -11.893991951286676, -13.673606727871755, 0.24033406456449644, -17.37477337184349, -15.814040502532468, -14.50004784565479, -13.350645712466001, -15.206612124118093, -17.06871197134749, -14.933342210532366, -13.98276203476502, -14.889959583119609, -11.815915943453657, -15.20094717078522, 0.34325413420947537, -16.84078557784276, -13.19192797505548, -13.603105814012418, -11.77810666350685, -16.21306534216822, -15.744762683075901, -14.046908430029815, -15.74826804189506, -14.412511788147299, -18.26611553724256, -11.295443687618235, 0.37118810973431166, -14.1894870276579, -13.651603179560661, -12.943225773839723, -15.469326452441468, -14.323248866432687, -15.292715341719399, -15.79008897121549, -12.016102028504198, -15.078711051074357, -12.78892438131758, -14.569353943998728, 0.4565026936234129, -15.932652141216304, -13.877769347046108, -14.987908961503571, -15.081434750450509, -15.332015240185614, -16.60445203181292, -15.087149472015795, -14.070998825333895, -15.041171383690756, -14.902059238042119, -12.736539690451048, 0.5823647133311041, 1.6826783538643757, -2.312959851722518, -0.5794761202728899, -0.5039543286442114, -0.5361467879944114, -0.4351084233780948, -0.5537542933538986, -0.6065352144046411, -0.5933562400484632, -0.5026346090275348, -0.5667396074764167, -0.5738110783281195, -0.12885450977012633, -0.10120882204947372, -0.08960739863191687, -0.07583642294137018, -0.05265157553326506, -0.055071502314711154, -0.09411004494948763, -0.15212377892347786, -0.14618322515492482, -0.090370402311681, -0.09711811511546803, -2.3014902374857167, -0.08392488850146354, -0.1099729531333193, -0.1426560648537792, -0.2101230366824182, -0.09416977026924786, -0.1445997735997943, -0.12566546042034699, -0.15120151482762031, -0.09601831530665979, -0.11298556870090677, -0.011446536193459178, -2.310071560793221, -0.09553953634112661, -0.10361504690258279, -0.19091059809912062, -0.09139001438377131, -0.07399002803575615, -0.15186549028354662, -0.09962498563322765, -0.06966848440968004, -0.07510838549220122, -0.11211743140221979, -0.11872012585283707, -2.300323316127608, -0.10410493977195347, -0.0990748836672316, -0.1173307412431274, -0.13631281804963752, -0.1182158312881768, -0.07779654735980364, -0.12548019380592573, -0.09500984010469607, -0.09205326984146432, -0.07793708644992015, -0.051505707414736916, -2.3060042766861737, -0.17644570888473152, -0.13629969423701052, -0.15131449415863404, -0.11029204118577668, -0.06256666777629212, -0.10029434935037522, -0.09278557647988783, -0.056384091223148795, -0.06716754527670679, -0.09056524884477865, -0.15324661899532607, -2.31057711379795, -0.12919597645586706, -0.08594499791608586, -0.06389705564559461, -0.1145979616271899, -0.11060480321185315, -0.1445811794243789, -0.08243846469536746, -0.04416223578067717, -0.13138648672844885, -0.12084819954402147, -0.10501674775406418, -2.304680720678749, -0.18821299702865968, -0.09694818500418365, -0.16724189307288545, -0.07067071600939837, -0.07165097456001851, -0.13630647048632, -0.13150751837977565, -0.12273900598247338, -0.0884121736253806, -0.14631472382804936, -0.11121955378352777, -2.309034471914621, -0.10867355229117519, -0.10403668269939699, -0.11813504325505099, -0.08499669151286195, -0.09546407832939417, -0.10111671279767523, -0.020326513232026375, -0.1405245171337792, -0.015062493712675797, -0.14269297185095364, -0.17667843787364837, -2.2995039922504383, -0.1343556994093678, -0.11978160817608222, -0.0594385339409221, -0.09689732990722835, -0.06196614123380708, -0.154128180131757, -0.17205109374042984, -0.08407263780683065, -0.12522024634916443, -0.08162167404043967, -0.09671752264251855, -2.3061419504515657, -0.1774042846740839, -0.13421522974231717, -0.13120097953258777, -0.16364134294294877, -0.1385583946706891, -0.1625014790325837, -0.15350529643066832, -0.062148316449590055, -0.0782332427827652, -0.09975258019256118, -0.08875574099336292, -2.022738247179508, -1.5241403197157941],