{"vi_exp": {"vi_seed": 3857626056, "coeffs": [-0.9169624150908546, -3.9935325783805946, -3.1673517564623053, -15.5587763046011, -0.9136020799170672, -0.8980081552371447, -12.574072932060018, -11.882691509511991, -5.450973785369639, -14.581710141370287, -12.206918448336395, -0.9641174633876712, -13.614098216063214, -13.234310377147409, -13.371877501572435, -15.62804262922706, -13.949366856373981, -14.626348003499862, -13.963278528884922, -15.070779489698415, -14.28885133421601, -13.344475547858153, -0.314988175203492, -2.21132909845461, -12.979065380146688, -14.23892550273591, -14.174337163340146, -14.229466053849578, -14.712262767595021, -14.116379461455086, -13.514929770128283, -14.328954927775621, -12.10756928774566, -12.903874573086181, -1.2604171483747415, -2.1574483492265553, -16.054998924821355, -13.463921263665451, -13.163045804556354, -13.693104477241617, -13.752329758430262, -14.116692558156984, -14.84275282442039, -14.464956856683516, -13.962474004429312, -13.41711974822935, -1.101564503592506, -12.526017393896506, -13.95528219829103, -14.307151584839323, -13.226305607308243, -15.530302703261544, -14.955514285978042, -14.318223088953953, -13.897101771100761, -12.186194790181364, -13.40184836203862, -14.11129378240834, -12.878417141170738, -2.557851382483352, -11.949986740555197, -13.430025907751853, -15.13492324821699, -13.747256098092873, -13.993047480637832, -15.320747667407707, -14.030837714544026, -13.31333589669369, -14.043927801488637, -13.658263334992473, -12.685096896529982, -2.774905467052007, -15.793025479748838, -12.926930121446631, -14.256200752816085, -17.467191388822826, -16.056225124050464, -14.868522977923883, -15.429611317642202, -13.983708029841226, -14.975670789498785, -13.299073430620215, -1.9597410577392576, -3.8788581403291844, -12.661229752171737, -14.738408278713889, -14.483548909423927, -15.76657036608655, -13.038539762329375, -14.491441598412653, -13.72921482821847, -15.57925674869789, -14.724428709402607, -13.223482163576616, -1.949515654376705, -12.152688930679298, -14.66908521945765, -13.273489216598719, -14.884207936241488, -11.397739774814289, -14.104980007111768, -14.132236294151614, -13.230666531534357, -14.344685116623104, -12.983762982797897, -12.997613446881198, -2.1073194936904747, -7.018023941588109, -14.961354282186038, -13.037595862048411, -17.959066764620133, -14.24311587934943, -15.519708953073632, -13.303302000559508, -13.871172663663884, -14.72850305205162, -15.145576870836381, -14.761255134638592, -2.3744836684938946, -4.148423031242257, -12.728814894256772, -17.05533843493716, -15.777046726534305, -15.119655880380584, -13.092103572244865, -13.077855263622068, -13.947216935574643, -12.705830682958345, -13.086665515339487, -13.641712878296184, -2.8303587172041578, -2.107052261017106, -1.9885716813883907, -0.7481143358803232, -0.790159550597947, -0.5914154828521963, -2.0058695305040226, -2.0163309984891136, -0.5537238781484696, -0.5853216814926665, -0.624856990531218, -0.5287461443182411, -0.5454718635544736, -1.7392193383580246, -0.2001468330656777, -0.11428585118139963, -0.04657646355013137, -0.14486809321214017, -0.11659253937926903, -0.06984015906234428, -0.06623631877027167, -0.09000931733301543, -0.12508633335517857, -0.15695621636996532, -2.0874752260580607, -1.3122335780319607, -0.09996200221984192, -0.1367425948998018, -0.03638764564488783, -0.10578261560484274, -0.08709042104745615, -0.16368244784890734, -0.08813659031400968, -0.04538547093798864, -0.15273814836186303, -0.11391710451250964, -1.927086521731953, -1.6559532825169083, -0.11968202010925043, -0.10262775450930658, -0.08316522722233491, -0.13091295719117046, -0.13212043704705814, -0.035725676961169704, -0.1117036202843871, -0.15685909185870608, -0.06499142233349908, -0.10665527895227708, -2.307431047761528, -0.18109952758402176, -0.1436963401150528, -0.10239902105458566, -0.04354275407045711, -0.16631766596681885, -0.08613157868313687, -0.12322291600769548, -0.12474821675892042, -0.010804748190289194, -0.07341598527622474, -0.05195857759911669, -0.10508835803200055, -1.7269595220658993, -0.04747083405480408, -0.05484480048747737, -0.16108836697323875, -0.09275729726785797, -0.17165976269677627, -0.12017747310879326, -0.0875292405385537, -0.09009464064983473, -0.09924247596946287, -0.09119507739360194, -0.08413986342757296, -1.703018433711888, -0.13981879977372189, -0.09671318746114542, -0.14704688225962126, -0.1234613929827914, -0.1501342657806691, -0.11556696578765797, -0.10098567653463723, -0.1221450601724702, -0.15216262822754253, -0.05860360245002517, -2.1728149291183043, -1.000923405507408, -0.06655842104680885, -0.0836100226864378, -0.13775077905642197, -0.06896626157231743, -0.09053532088774993, -0.132850020051612, -0.08734784226100846, -0.02194566920726694, -0.0464844049334817, -0.10684446758932323, -2.3124987054120956, -0.07819134564628323, -0.1218368678219122, -0.12676008781157885, -0.12275228241807418, -0.10681005293523368, -0.0937567591442644, -0.15669710079265692, -0.15457589843669764, -0.09742846625586393, -0.09492633818267182, -0.11385952185628893, -2.2988481438368455, -0.25017862774564675, -0.1611920568398471, -0.13465323934906945, -0.1344045313079486, -0.11099163847570692, -0.021774845711476754, -0.13050574847158697, -0.13135530083421335, -0.22442081773642292, -0.12712870363741965, -0.08423066141828518, -2.160589516670606, -1.002126518813098, -0.10840097550554605, -0.1472686705123544, -0.1297011660050158, -0.04312904752262091, -0.08798501266742394, -0.027344761539578905, -0.028766245788560664, -0.06696738367650452, -0.16406691714462793, -0.1586738154266404, -1.9694925180484002, -1.846670631328858],