{"vi_exp": {"vi_seed": 3867190745, "coeffs": [-0.6193801585497446, -0.6218411614692966, -0.6173972150775253, -14.701092148431098, -12.693794625341127, -13.795988296403968, -14.837851889492491, -13.054260941101626, -14.987224780665255, -16.326618625081473, -17.176787308718918, -14.701541324708492, -15.894277583115604, -14.20909176098975, -14.524369079355534, -14.148311773094333, -16.146617592334184, -9.319697430420849, -12.779464331714244, -14.207349435162726, -9.088384074998228, -9.109213350042253, -7.690462375842405, -13.323206115066453, -9.071422562465695, -10.626098168874403, -13.730055848308055, -10.20581177041537, -13.561751193125799, -14.864466480759264, -13.335233102520245, -12.942776265896594, -9.990915038510524, -8.45781396997729, -9.562030747486643, -9.36555543126638, -14.33074274977581, -14.1811393984059, -13.400194554959915, -11.20175389086139, -13.273606562700687, -12.620074545324336, -11.770591029861821, -13.594796170282923, -9.311859968780501, -11.676991047992493, 4.7758557748704025, -10.434985957586324, -15.551439258269369, -13.28187965468529, -15.375368955964548, -12.288926242832948, -14.56041041763934, -12.236189211775446, -11.267074554696245, -10.66206568489461, -12.070961149129275, -6.459674973707542, 4.545200537913245, -12.17630507480312, -10.195900894599063, -15.083149618352952, -8.941223733539584, -14.567669414667991, -7.71637523041484, -10.306841721528414, -12.14741766482742, -13.833591059096946, -9.435138309093679, -11.658054275757967, 4.650766526126004, -12.257360123688706, -12.291464251844909, -8.9595948703093, -14.235173672330653, -15.463230709328771, -13.721693383829585, -13.411726209291178, -8.837364642257034, -13.259425494333822, -16.654795381019056, -9.833824315615015, 4.766785762849801, -13.474416002977973, -13.46309606303413, -13.348374666122055, -11.046569463403618, -9.697128421680704, -12.920201482159111, -12.826026744463315, -13.70063233898548, -11.256640691983321, -13.764140721819965, -12.44794099989917, 4.886103020375684, -14.750379992846588, -14.503947093504493, -15.50043812151805, -11.349212415993483, -9.220908550219892, -10.233980212983779, -11.451217675682173, -13.089537839558778, -13.482573864425643, -11.398523476584902, -9.581864622269446, 4.932771463924425, -10.039870968253043, -13.079970507865937, -13.468073113005673, -10.203448225882337, -13.990391932828764, -12.466031070748132, -9.80984289920081, -12.06234497731689, -13.606658783373222, -8.273623864465687, -11.654005435283564, 5.023849358222196, -13.639862517312853, -14.363359361473568, -14.169522906032388, -12.728893783608289, -12.690364616250356, -13.247495897441263, -9.454266413913093, -16.21974287381982, -5.969576971491616, -12.085397909763708, -8.647349114716581, 5.166684902777723, 6.276410008890263, -2.3039305199249376, -2.2995730543414474, -2.3186039025672183, -0.5305865421183658, -0.562764662109282, -0.3764628687410736, -0.5757216976477328, -0.6034090805941352, -0.4770703362062555, -0.5315794862861762, -0.5482257217191078, -0.12373527184173205, -0.18271036551810402, -0.13936605723816753, -0.1504471221788863, -0.10472008557301145, -0.11294107789809822, -0.07883042133292895, -0.05549017218040961, -0.07220193606201095, -0.14557655403580985, -0.10734080554408881, -0.03678283182761157, -0.11566228495842262, -0.08073605861195374, -0.09512189274120796, -0.08469371519455283, -0.15384502082927035, -0.0845478725093246, -0.08027524132398484, -0.12150508054288738, -0.11614998252597498, -0.096827999323838, -0.11550494712450046, -0.10113867867583747, -0.11504805120186479, -0.1444983918912724, -0.12444965929729225, -0.13165516468979596, -0.032216469798066395, -0.16430403044558484, -0.12803530940260566, -0.1899523576393085, -0.17219335166359107, -0.0919897006271064, -0.1210274572468323, -2.2893409990182745, -0.052996770449272874, -0.12123963588665387, -0.09205909155115537, -0.10944620150847877, -0.08654516081919723, -0.07779614027850153, -0.08859067815850703, -0.10804684764542917, -0.16497197405384365, -0.12876585161557016, -0.10741791396706249, -2.296782629419371, -0.07185589764527477, -0.15557438306031185, -0.07938448261054407, -0.11040858492594931, -0.16856940356064193, -0.13394590383203397, -0.14834314776966875, -0.07952959887631705, -0.12865392419425845, -0.13406947146188908, -0.12436531705304135, -2.3042206337767883, -0.15080277752065724, -0.16127718321157722, -0.11541009159390182, -0.07719186861000568, -0.11528749742711952, -0.1634678281691713, -0.1226027094304064, -0.07981510698390219, -0.19591123010467343, -0.0942645658530371, -0.03949873975657265, -2.321601486304231, -0.07798761191451717, -0.08303198902462017, -0.09958953095601972, -0.07381840853354588, -0.16716434598251823, -0.08334607335341601, -0.15315603134893968, -0.09051965457331261, -0.14241607226440176, -0.16750797350377916, -0.14628822764585694, -2.2979376503502444, -0.08344959429473904, -0.17972301161465684, -0.18762170047807855, -0.15210445417016183, -0.1001387582353835, -0.08441644962375451, -0.09396850086497158, -0.11499716127734937, -0.13261223279292753, -0.0509974168152738, -0.02585936838480959, -2.3094522630121768, -0.0672293874659516, -0.12923167973151062, -0.04616754440002267, -0.15590173576149863, -0.06536874093061389, -0.12983422043452855, -0.08152956434021424, -0.08377284616049896, -0.09581993273774797, -0.16648336323342655, -0.16034730425092159, -2.286670398463802, -0.12975567987029213, -0.17099588879801778, -0.1575529578446039, -0.1500258629882582, -0.11805766850871967, -0.09435483900430196, -0.06035536390953671, -0.09036686754400826, -0.08393752878467656, -0.05469208931700527, -0.14590862788223072, -2.042131726332834, -1.5297798799369864],