{"vi_exp": {"vi_seed": 130601491, "coeffs": [-0.4378872808772286, -10.421465988876017, -14.188188187645627, -11.736640909830756, -11.360713548845858, -13.348987767558102, -15.696506194256019, -14.736021810757732, -14.510812633011131, -14.802262355478325, -14.71709617025196, -16.106741622840527, -13.490101921794551, -15.69942389261258, -16.888268161439967, -12.728353714506921, -17.839112322801178, -17.51072046914969, -13.543506965118452, -14.007875614358328, -15.414337660495082, -14.362731229478868, 2.447484858569244, -15.264961018470945, -16.283972548889714, -12.051603483698132, -15.444956973337195, -16.287784900624732, -15.056025929182233, -15.230039492227537, -13.197345589430366, -14.586813132887407, -14.760654172776505, -12.295098969833596, 1.8151890879473611, -14.55899645045856, -14.73697168614673, -17.978039921020002, -12.580454272840635, -16.184668483978825, -14.299864984611782, -12.967717182197674, -11.873450987552744, -17.356469524574, -15.305684531846836, -12.564007947829518, 1.5182866519862153, -17.901467048945005, -12.801301076264437, -17.855761173062433, -11.869136797724096, -12.10781478426124, -13.320084027963489, -13.949358384155003, -11.987434294065563, -12.282143401727083, -9.291554631121363, -10.521325889938936, 1.3025590752476641, -17.42818103674313, -17.8300421601318, -15.881895623016426, -15.109605056557557, -14.084654664857585, -14.428649402851123, -14.315812628666256, -12.330182703283535, -14.561279016649543, -13.856378191776315, -15.835946574821817, 1.384957888524103, -14.56250546624817, -19.39708598945969, -18.89918587590843, -15.96541760376319, -12.581035358570265, -11.4135728613558, -13.833796212728311, -12.547494129912144, -10.242435037101757, -12.45744666745263, -13.327905234799525, 1.4853889921180052, -15.887806432621716, -16.48470345030715, -15.140209918385043, -14.985011967818302, -15.063305550512483, -10.166199392399184, -16.548935848373745, -15.195115963162788, -13.415201682267059, -12.670788620126743, -12.75956454908326, 1.619388491971959, -15.238169570337723, -16.152025004875068, -13.771301495419324, -12.087828673892522, -16.284401414879916, -15.11946057574139, -14.458304264610542, -15.582951489508664, -15.259799216113054, -18.506792650083007, -13.99328838571731, 1.6829598678843865, -15.670401466956793, -10.956107426929233, -14.962827707089314, -15.771480012794239, -16.36994339118879, -11.711752086920617, -15.405017479596808, -13.46884505539193, -13.6129405954941, -11.952189633792734, -10.670503494119163, 1.8792337509435157, -16.667603547776327, -14.628373498696337, -12.363113381524698, -15.097126297059328, -15.818519767571448, -14.6473213891348, -12.82638467809181, -16.342148827587526, -10.53862911893149, -14.584201969968184, -12.61405348462604, 2.0363474677101054, 2.89293360781835, -2.311549073367754, -0.5672568645640007, -0.590022296013737, -0.5055118786503865, -0.508494364529857, -0.5308709191248929, -0.5635103968888362, -0.5682975552629521, -0.5250490419849441, -0.5190516449621457, -0.5345675757776879, -0.0128891056743655, -0.07007960002215978, -0.10820466079217199, -0.07747611572956982, -0.18052540188280783, -0.10276942488995794, -0.10238573294415271, -0.17087495245202997, -0.17409467184219946, -0.12356685618436755, -0.14884364748262838, -2.325441016768068, -0.1202167937122714, -0.11368595776493755, -0.08258300852890003, -0.1574216192870408, -0.024121378351295856, -0.08257771080686045, -0.12013676334741032, -0.11333129270475054, -0.13918511870653696, -0.16846114538117443, -0.03655934487023273, -2.300733658254637, -0.14054711758101965, -0.13665276188148306, -0.118730236878127, -0.05552255389667391, -0.0866813993937662, -0.11001099279522639, -0.058704162017350056, -0.08024122186082874, -0.14154066836514267, -0.07554114754405217, -0.07839959197827583, -2.296602784761104, -0.06751389816436104, -0.08465443331122738, -0.07439203933559847, -0.13179525280091567, -0.05760874512294116, -0.05703988864480791, -0.09151177522739946, -0.10167829816800263, -0.1325919165681994, -0.11397944516296496, -0.11977531526095571, -2.302819418514112, -0.07262811255618434, -0.06525385675791967, -0.10376709038781082, -0.10959296165214243, -0.08552463267268576, -0.2067429522275432, -0.07990171786232363, -0.06102876007770517, -0.15491847843888662, -0.15671368300365135, -0.13779698142374527, -2.303327435062057, -0.1444712577635071, -0.14875283944962397, -0.14659292611271588, -0.12912513093150724, -0.09232554803042888, -0.15783383738116658, -0.14983251967021793, -0.02532633367509212, -0.02215696357080901, -0.11659116896095653, -0.07335888986418104, -2.301700003074307, -0.1370975566044327, -0.1255407954314872, -0.12672853744120297, -0.06788558905141602, -0.07677819293924865, -0.10734673450348636, -0.06802377432268736, -0.17655362745254052, -0.027764694962991818, -0.07985722499425171, -0.04260999385793245, -2.295845099803192, -0.11871399625477556, -0.11107663040574878, -0.08762681523103609, -0.059347601751033485, -0.15243727939293272, -0.08893049718124309, -0.16970378290927357, -0.07451346081691523, -0.12547388111684504, -0.11296308161508178, -0.052337874473947034, -2.2948851281476594, -0.07775481940302906, -0.17472759576354657, -0.13260957271151347, -0.08062202486954817, -0.16035744478396555, -0.09191409926802493, -0.0660852599705931, -0.09653002361041163, -0.10469275918751099, -0.12846211317394338, -0.1293225956803994, -2.3057792214124184, -0.2190863222652145, -0.1369254840698295, -0.09429751511093537, -0.1151750880387027, -0.06903358978531085, -0.08540913346729131, -0.08634326869098538, -0.07721579636253141, -0.061496085306701836, -0.11799918706563453, -0.09409514115337438, -2.053481944876768, -1.4247875105922418],