{"vi_exp": {"vi_seed": 1632499165, "coeffs": [-0.4357167852535362, -13.260355414283492, -11.309497096074686, -11.539272402728864, -11.288257969867496, -14.576154357092705, -15.592930458536872, -13.271246666589711, -12.346430149853791, -15.898853439603247, -16.173342015171123, -16.86850072448039, -14.809201131208797, -14.543814402748454, -16.493003080676772, -12.611361807251106, -16.18585398771816, -15.725560992493564, -13.517223654029566, -12.684990733943083, -10.502808679058639, -12.218655839855709, 1.9647648804816866, -17.88540132345212, -14.61213444646051, -15.736811986515706, -11.039143503261231, -14.773191420701536, -17.416684514333525, -13.46448910637043, -16.767990528484123, -18.01996021524151, -13.511958696091453, -10.121286403202621, 1.331178353764599, -16.63106182948215, -12.86596398636245, -13.739360860160103, -16.572887871778928, -16.36337852883282, -14.402321012828583, -14.365500015744857, -14.128438443121173, -12.378775964640287, -12.760781225710993, -13.857774727791272, 1.0346875331850882, -13.516401712383024, -12.58025171618331, -14.504295116112335, -13.798253440795682, -12.328579354865163, -13.295684748169665, -12.371525001718778, -13.16387847899225, -12.890498731455946, -13.974732298382783, -12.612430680380385, 0.8127122035371122, -15.03073729610806, -16.847569194487743, -14.02450501525197, -13.805764435758737, -15.565888344161397, -11.608909383289209, -16.610476824815635, -16.326828313807106, -16.537423109997448, -11.367743863339165, -14.417005664100497, 0.8871557570399635, -12.615204525055848, -17.781771986299034, -13.902900023115183, -16.370197177935466, -13.831638887052831, -10.496671835007167, -14.326324056682584, -15.55606064891777, -14.156633919463571, -12.502913527069992, -13.112162516418284, 0.9888154972646637, -17.47666806005605, -13.936987632798944, -13.99218934661501, -13.26844830689976, -13.79654289499165, -13.72519877776442, -14.551782571476451, -16.521524655051408, -16.28593579666936, -11.495038273531252, -14.800739909526312, 1.1228824080459727, -17.436448566202234, -14.122069162871284, -12.963243330577155, -10.395293366377256, -12.887484533859158, -12.34046953676596, -14.542364839916996, -13.004144686238057, -17.165687614044103, -13.288122799254376, -9.960853174263287, 1.1789999993699707, -13.163934317061676, -14.159616606107226, -12.60895171585331, -14.071877220289425, -9.488564594673337, -14.134656473817408, -10.539612447856342, -16.78365434560495, -12.019878195972849, -14.80608686774158, -16.528227773380678, 1.3791595796226543, -13.885803827523313, -15.726174732428833, -12.500082445771552, -14.086479552404759, -15.673443160883274, -14.654647931892146, -13.860811263548456, -17.194434002487334, -13.076233336629727, -17.275783778028856, -14.311506964017097, 1.5249246066754658, 2.391466935296851, -2.294622632693137, -0.5402154531909669, -0.5820905567637784, -0.5212247494564665, -0.4895269081360432, -0.49287929442493145, -0.5178298791380664, -0.5689479077145391, -0.463663524579099, -0.5750265893319728, -0.5513655967913549, -0.15182243464601747, -0.051840735400304074, -0.0961581081728193, -0.11227000926118626, -0.09823214419905801, -0.1245599236993936, -0.1653370024304117, -0.1498080144974398, -0.160358696006468, -0.10661277634530157, -0.1785579634770722, -2.315396146925664, -0.06811653443081807, -0.1164914672896287, -0.0811839726888676, -0.08032441083808417, -0.15232357650776537, -0.08664554419572319, -0.18724049304988039, -0.0929570383117463, -0.12904494658540974, -0.019883032083399525, -0.13213458134258016, -2.3012888530941806, -0.15971512759589335, -0.1145308441705195, -0.15140362605785687, -0.08589152684093908, -0.11240863590986634, -0.09743432930083538, -0.07165529378961526, -0.0818416690258783, -0.08720390701999531, -0.09614376711090504, -0.14077187304486366, -2.2863380178246926, -0.14782726247341638, -0.1344342544318974, -0.10584953272938957, -0.08569338095795567, -0.09897582211058123, -0.15203124461660167, -0.0819583682699508, -0.08492359147966769, -0.16542743070340293, -0.1272350881791643, -0.08052124609679455, -2.2964301868358277, -0.09159046432125742, -0.21405853182401288, -0.09754459811794511, -0.12521126019857837, -0.14737189882537313, -0.061514108190837455, -0.12808797322490398, -0.09432625683567307, -0.10154136155397317, -0.1005944212700603, -0.113121751264699, -2.3182115119108015, -0.11508466168448331, -0.06479372383775907, -0.08174871437612194, -0.11576174562731342, -0.1138462767339976, -0.10861026586513434, -0.014175564303393784, -0.12321272113475035, -0.07237304120805639, -0.06279319707434046, -0.08065153194231785, -2.2892466917771963, -0.15087136194146583, -0.03411256611662264, -0.14532954658925504, -0.08668535602156574, -0.1006628836553768, -0.1546291584916658, -0.1096546906030677, -0.11508133018115467, -0.10790521962891007, -0.1934128029997657, -0.08905677217065976, -2.300754019383978, -0.09736734703651202, -0.08162138011041767, -0.11509158794963377, -0.12487008443216671, -0.10261449491355627, -0.06289508144439598, -0.09046582474189417, -0.11548909774312081, -0.1577419756566122, -0.10890271085910214, -0.0666368355937237, -2.317287318217155, -0.09910759804834313, -0.18410476663643777, -0.15395513375611283, -0.05226023560865806, -0.10377554144086769, -0.17858347539888175, -0.12487383567262281, -0.0510770488654377, -0.06422790259989011, -0.06439252309452902, -0.08548328846642134, -2.3021130691220018, -0.10210827591570505, -0.11897501719450343, -0.14558291236627172, -0.1299330781264647, -0.1116820341898726, -0.07951774185069103, -0.15859171923260745, -0.1588359045587978, -0.06623647077526486, -0.135758840480855, -0.14242382390826558, -2.06364765853694, -1.4331137035538268],