{"vi_exp": {"vi_seed": 3769026707, "coeffs": [-1.1190605325187302, -3.4480681386233316, -2.045912328656275, -7.717506828945818, -1.1074046353894063, -1.0896067403369523, -2.019739647084448, -12.196943493314226, -13.578529357109264, -13.56626889702472, -13.129697539203724, -0.8662544092653234, -16.992469523439798, -14.960616755165951, -14.91204877240103, -14.555296349634958, -13.211520133681836, -13.530111944290754, -12.70125371271415, -12.430468446312462, -14.575224609811132, -15.045240930766614, -0.512007590630441, -1.8256451377128406, -15.740392513902174, -16.44880761197141, -12.960718870819646, -15.16522129016049, -14.13184967844425, -12.034539022399548, -13.560631475301614, -13.677712752740966, -13.62929083402489, -15.710963220938401, -1.8338217501492307, -1.9348115465710531, -14.920266703360788, -15.707859435399484, -13.574737281312386, -14.341592584479383, -14.523513422153684, -13.925578323980254, -12.617094861598545, -15.803570216627993, -15.688267965067736, -12.964427711203236, -1.1673389888117833, -4.437508277138203, -13.571040582464379, -14.864246007686788, -12.474172026767949, -14.610398728189365, -13.108500744582383, -13.470742749985051, -12.806233154783847, -13.0663398752342, -13.890111505096954, -15.66880901067556, -14.180894017371253, -2.4860773544091503, -13.479219714589343, -15.473031768039966, -13.884233541848696, -14.070347499307749, -14.110822968229826, -13.571614064962366, -15.533154385927723, -12.999459060535086, -14.697106063355744, -12.160469599154176, -11.653161366790725, -2.689036043829409, -12.227773484502707, -14.522764109855773, -14.260199738497445, -14.520564617373118, -14.798889240241499, -16.966215756501303, -14.421287418390119, -13.822743756425844, -11.971040025944799, -14.1547966644566, -2.865205673652976, -2.836191593116753, -15.101466553269777, -14.438631311012326, -16.444713934922163, -13.63811348394378, -14.92053468811958, -14.736132524118874, -17.273888993306514, -12.444658147109887, -15.60200705375877, -13.197917895557977, -1.9526336945450673, -12.9476248589818, -13.392527236574589, -14.778012863586735, -14.49477723474856, -14.903701648842079, -14.96999025167824, -14.299015564470952, -13.848485107957869, -16.32103390643503, -15.091506471397292, -15.073078960372353, -2.083647588973666, -12.61475289505124, -12.855848334145067, -15.198411011376576, -15.344075249021483, -15.228695668245589, -13.966406472281427, -11.863903706361103, -12.261627159309556, -14.502606088909424, -12.39039426940705, -14.130770645300288, -2.475270534650541, -3.6789175928717937, -16.037157103333136, -15.516353331519307, -15.337090523021152, -14.863552511483313, -13.913846767151206, -14.821157870087525, -13.923027935385653, -11.866978469797582, -14.789138370878282, -15.180393402890381, -2.853449243349236, -1.950625045597195, -1.9879339747805065, -0.8283573609406748, -1.3417805981539248, -0.45766951844295567, -1.9793278073105234, -2.0037808324399315, -1.3819102323393186, -0.5059322093984757, -0.47862161611672144, -0.5896277934646785, -0.6019507707395675, -1.8130319824259273, -0.11725598860474179, -0.07300002276770953, -0.14357130935549334, -0.11189175505589724, -0.07698662527748015, -0.1382870208073031, -0.09568604075876729, -0.13656650010606777, -0.13122595456137423, -0.0755322965257757, -1.964665500223195, -1.6103464839671586, -0.13831083732635022, -0.1836080629268589, -0.10695967104727508, -0.09059908935640901, -0.11888432309721571, -0.050478657727206465, -0.11838736916358422, -0.14338207713428922, -0.09586942551534723, -0.0412956180992516, -1.5521238287104429, -1.8514388249776825, -0.09101103327661987, -0.06748131448683163, -0.13841241837645488, -0.09799098125961458, -0.16163279263692487, -0.138642484314445, -0.054634227265610256, -0.14167370842852386, -0.16296724775455235, -0.08988440836622454, -2.242940859582342, -0.5585061166946534, -0.15903910387269904, -0.15342204013028962, -0.0963101619506555, -0.09069365725263863, -0.09362037411032886, -0.10454053712395525, -0.15410843887605133, -0.10339252854934872, -0.12055484980252265, -0.11321518349473589, -0.16098636508006853, -1.801308674876567, -0.07744827672234061, -0.10575118817923121, -0.06373084183764244, -0.12802190829240842, -0.14475705972572495, -0.1415409832994328, -0.16267674806473306, -0.12335056179418445, -0.09981858612566362, -0.0691178268001372, -0.10198244127991916, -1.8040364137337166, -0.15120032790719867, -0.1794387238149931, -0.04184222354867067, -0.09710438561461276, -0.10520928422116428, -0.0939823953085656, -0.15619808305150815, -0.17617464716206632, -0.05670954617728878, -0.0532493291276706, -1.5885645729732392, -1.8033728783581555, -0.17144314738256916, -0.13734716226838573, -0.07411247978834347, -0.02890564108687407, -0.1795374270980401, -0.1436696063835893, -0.11174235971617276, -0.1304550372835478, -0.13414629690689284, -0.11960092651757226, -2.3071861718358297, -0.09628029767600542, -0.19182151690878707, -0.1588118203320551, -0.11635931070327514, -0.10971679275214621, -0.08532634271706258, -0.14151945090749016, -0.14100623114796362, -0.18338557621080617, -0.1363396520852333, -0.10248411617937074, -2.2890829129015855, -0.0647424748292587, -0.121548746276194, -0.12201003609185831, -0.15468435386251472, -0.08419171268804838, -0.06428027505760239, -0.05519387802026055, -0.10300724130273052, -0.1115632569619706, 0.011708485738771663, -0.13865842446536303, -2.102410348190936, -1.3290931858104087, -0.15239363863281824, -0.1104545673593139, -0.1541995228413147, -0.15709772904608324, -0.04107345211965859, -0.1327441972661396, -0.029142456160121486, -0.05590966622149435, -0.14934040587394107, -0.13060076974130916, -1.966809595496389, -1.8560759731736243],