{"vi_exp": {"vi_seed": 753775510, "coeffs": [-0.8065501669528437, -13.252125976830197, -12.749129128553207, -12.04678722960565, -14.675986230126844, -12.988997616413757, -15.213005238312407, -13.869423269721155, -13.680653961786799, -13.763966469782542, -13.439604109739435, -14.880489193841115, -15.260281777037902, -13.797298714896183, -15.388137172270294, -13.97707436899457, -12.108587209882806, -13.086387248699868, -15.81932403405778, -14.27774285022642, -13.016270163779055, -11.449605922933321, 1.6270049672340936, -18.360054720567838, -15.496418539679153, -15.02004015493491, -12.415478999367995, -15.034891456137927, -14.220454673170432, -16.438969487847345, -15.630714514984465, -13.19445032070933, -13.560717018044146, -12.793233212935183, 1.0333407580374516, -14.28683522222209, -16.70331178866689, -15.595619375708507, -14.311956452346553, -11.789917989253142, -11.870865786334429, -15.414391008646769, -13.036974165354424, -11.31053404889485, -11.27736139408734, -11.048387358668036, 0.7375915718321768, -14.701900788782192, -14.459443629547765, -13.646216806753609, -12.806819179254452, -17.003516784866278, -18.498968172848244, -11.446753859393539, -14.396593625853198, -14.54437148889044, -11.47560056887835, -10.129304237744343, 0.4859550962490482, -14.312693295326529, -15.092478594736988, -13.79356101796621, -14.929749400357721, -13.416521210400612, -14.334515508569647, -14.204436737280608, -14.749088825797916, -13.506168469801244, -13.558738491643812, -13.733696023367113, 0.5492908217446072, -13.984381170582655, -15.023745383516298, -14.85243437264716, -15.220541244221305, -13.502350948065857, -10.778679953888945, -13.983001842040107, -12.919365560810586, -14.956754108693927, -12.765214689265886, -14.74039053334176, 0.6347626512495714, -18.2018673941377, -12.655653419400654, -12.273822151038262, -9.864734219925104, -14.750255570832882, -15.57842683008344, -12.604460064895441, -15.322202538347062, -14.434199880853107, -14.345207528592393, -14.040359030718653, 0.764003336350025, -13.45877997957317, -16.845651560322366, -15.097206904785091, -12.838146923060187, -16.836761742817743, -15.224422988501257, -14.789491141441955, -13.471771230748908, -15.20522913943093, -14.792051675120856, -15.972433475918553, 0.7857753978876569, -14.019343124650968, -13.282813155985052, -10.573058387311358, -15.573543411700992, -15.426797662419563, -15.361077796423261, -15.902653950389137, -16.348159895085026, -15.709254770333153, -14.679541889209181, -16.05898843846035, 0.8574252225624468, -12.032305842046755, -11.573293251925163, -14.911248206556198, -13.430562314260523, -18.270657112342246, -14.461283627852973, -11.857373434113278, -12.664545817522802, -13.726268879981303, -14.210132717921912, -12.929527355088192, 0.8755047147105443, 2.6429359289953216, -2.3098165751434014, -0.5517289769451467, -0.5993759664190194, -0.5025549788086783, -0.5165522707584985, -0.5972297918349535, -0.5625319731571726, -0.5274296009078162, -0.6216691256478559, -0.5362992856573486, -0.44209350987140095, -0.0809309953124422, -0.12373873077908314, -0.11446488530032396, -0.13079288828936367, -0.07282626269148187, -0.10362685337138171, -0.10998282395878976, -0.12191324545172381, -0.15148747442991567, -0.12616870174014583, -0.17476541358274922, -2.2878264267953132, -0.2171603393367148, -0.07093314920782241, -0.12463700164668755, -0.16082469406099187, -0.13200174716259355, -0.14452467485383988, -0.13307749786483186, -0.09125112992306181, -0.13982364028448457, -0.08957378050150051, -0.141668715254067, -2.296423245137597, -0.10988753882820466, -0.08350839331278294, -0.12211022805748455, -0.15107742490203643, -0.1294555762663281, -0.061157726194923726, -0.11056834516691011, -0.10614465805087803, -0.16905835235535677, -0.075114972474407, -0.10298541475567216, -2.3332661535517234, -0.1536776629026254, -0.09065842774359197, -0.20028581707325535, -0.08805561667253481, -0.094112783757011, -0.14720038267133384, -0.1055340496728997, -0.03532408887468152, -0.021818058962785818, -0.12835323200206472, -0.1519177468530708, -2.3081346159032674, -0.14377400799189974, -0.11157201644785632, -0.042346097113430306, -0.14582289327608602, -0.09499887275116714, -0.0874312939458026, -0.12913704693250946, -0.12408214528884352, -0.10758868511370724, -0.18009215056772074, -0.1172270378997814, -2.289761511151748, -0.1710046641629903, -0.0726757828866733, -0.030657333534179897, -0.07121486867397636, -0.11830993454013557, -0.18845885032422352, -0.03272616413598208, -0.09637077578796764, -0.15478521625998673, -0.13746562011616548, -0.03763974968293036, -2.291725341556, -0.07951818225884981, -0.09498904745619978, -0.06323599425919595, -0.11097968523226319, -0.09851023881323753, -0.11429132191846672, -0.06618365764988988, -0.06681664841390599, -0.0693455295969963, -0.1744891495754681, -0.09432743108677154, -2.305033327249188, -0.1898440547237535, -0.08654495941814118, -0.06993684716039208, -0.09871752401310224, -0.1564667632923577, -0.13524117209986486, -0.1778441780392508, -0.11125657306292973, -0.11730358017538496, -0.07382209131194091, -0.1733715959696122, -2.3099770606561623, -0.14776678387313652, -0.09561456184435954, -0.13276602641564694, -0.0878902389168212, -0.05856174552667668, -0.13931599250008736, -0.08364906744933626, -0.03322837033874404, -0.08201175059567727, -0.08569881247038091, -0.09486433620876633, -2.3005341705915088, -0.1215265502454149, -0.11334545173158785, -0.11713494039248092, -0.048438596275800265, -0.1259628708838545, -0.1504628232022666, -0.10842126322273772, -0.10244592514766666, -0.03580569797447284, -0.12340016269151172, -0.04731563270932708, -1.9867005184473268, -1.7178255974850978],