{"vi_exp": {"vi_seed": 2395475745, "coeffs": [-0.512762958703614, -0.5165734320081921, -0.5194886351201234, -12.751519532587555, -12.790126051191349, -16.582089895684618, -14.176202489966208, -12.758462075336157, -12.960909965153949, -14.994576600656417, -14.196457291155543, -10.373427065714784, -13.316797981118699, -14.85244776189883, -13.480405146622486, -10.38901514196102, -12.270954024201128, -13.221688064217272, -11.549855513414892, -13.339240579554845, -15.953325073922468, -13.532064886348062, -11.769220106976805, -16.008818397180068, -15.052773065846164, -14.916233495771273, -14.401814412474174, -16.59139952580188, -16.0568303965868, -14.173580601273137, -13.307256100808065, -14.400598007760548, -14.503029958914006, -8.721270920896128, -9.874382818880365, -13.655446230852045, -11.761441311596485, -16.104960800455977, -14.276550988798688, -14.715499341168774, -17.463580503401275, -12.82132448801314, -15.572945060414789, -11.781349962587377, -10.787899946093022, -9.241620516620166, 4.843174079927606, -13.866115510832365, -12.340539983590162, -11.80341661406183, -11.718566271907573, -12.22969571020871, -9.284193550340703, -15.987556128907153, -10.90410530378668, -15.342655608647656, -12.462044056150658, -12.256310167869973, 4.635957993487986, -14.260576874625473, -12.99413607998702, -12.119299485303761, -11.754885859954758, -12.45831886372052, -13.555410801512897, -8.1400689506865, -11.860966330834577, -16.572198534467084, -11.960404910626185, -12.91197086441931, 4.748298122651457, -9.321116170347794, -12.03698843326448, -16.645671480390977, -9.8353864035805, -12.59024503339312, -16.6246619057115, -12.206996509920998, -10.978385555761431, -10.751678409802933, -10.613073989901915, -12.5253866438863, 4.888445055046558, -16.822768814913083, -15.647767193740775, -13.321098886819676, -10.986354735010412, -12.580593062877735, -13.879063593850747, -11.027525406371128, -16.39549543897893, -12.288874091009985, -10.97397359507097, -8.918260252193315, 5.09924108187239, -13.345473108045356, -12.235627377175302, -8.49392335423089, -9.76800620048514, -9.418665221660373, -13.597842545877697, -15.312797794378756, -14.067259404418564, -11.849442392575257, -13.321259961499896, -4.972958890008076, 5.161721697851878, -14.343500888165234, -11.752767780899553, -11.702302398138611, -10.975215264288826, -8.82658278366784, -10.256165123711437, -13.98489957098639, -13.522844075135094, -15.913100847656397, -12.43599851915758, -5.896329940231642, 5.2813851856165694, -14.88650800307834, -12.468668963679502, -9.18015670302236, -11.776149788449496, -18.247615283150466, -14.095524077516908, -11.205006451585156, -10.658374810869002, -9.961043738923458, -8.877529819064728, -7.601030801402633, 5.449751735968134, 5.926087076802237, -2.3107896956913145, -2.3210060603376292, -2.302557618494911, -0.6109251184273751, -0.5813833870479507, -0.4920038312753917, -0.5405685246174683, -0.5288788448973604, -0.5424444362724247, -0.5306773676426579, -0.5872750767011592, -0.0739287535723001, -0.025954710026647905, -0.11950297638944583, -0.1053789023229999, -0.10789377145267164, -0.055896726074596156, -0.09655940752277613, -0.09410411449775212, -0.13100933056895628, -0.10270979907888342, -0.05136729650699207, -0.05840300629272644, -0.1723094867376031, -0.058959470705244967, -0.07776490568594548, -0.09828536764328008, -0.06605772027057802, -0.08373552864569846, -0.053981436481962755, -0.11675599645660033, -0.17669170405370893, -0.061894069368444916, -0.08098163369332576, -0.136219794083569, -0.07352215820228049, -0.06738986970570178, -0.09944840861727217, -0.09486780304423842, -0.17854777710972203, -0.16486721201472224, -0.13076665821072403, -0.15325990000289094, -0.0990048578271522, -0.06614160762019543, -0.06904765471467686, -2.3100222285538803, -0.1072365798183404, -0.12509355133105374, -0.07092818353787701, -0.12313576300125778, -0.14554573235850207, -0.15436234592397596, -0.06684226672721472, -0.07506454123720151, -0.15045354642347253, -0.03498700971251348, -0.11994766198903983, -2.3094991579236086, -0.1426372426368782, -0.14838121037195098, -0.12228590515915679, -0.08879852614426265, -0.08077785441235652, -0.0654354688647806, -0.08865073227685866, -0.0764269590554751, -0.04595710082444415, -0.11542596954115092, -0.07211841427260215, -2.3005886397763153, -0.06586842972277483, -0.09634611594309475, -0.07562668308704919, -0.08049664554217313, -0.11065119210496194, -0.0768556754563735, -0.13965318327939896, -0.037969659979679195, -0.010139171930836266, -0.0820057845788216, -0.10150841513120848, -2.3081084292588527, -0.1438543146727895, -0.18309056341657484, -0.17692564726362292, -0.12954287732126604, -0.1467577055954468, -0.14358274899699983, -0.14080433005654627, -0.049280621624038456, -0.18946548954848916, -0.06801278352142148, -0.11198195253054113, -2.2919861027896915, -0.14318497961692536, -0.1392894189626191, -0.13813237203078133, -0.05477643599781771, -0.1371985277868127, -0.10795673535177853, -0.09789481840686799, -0.128239353342309, -0.08663162652483085, -0.04165291042154357, -0.12939776414586732, -2.2937184831844637, -0.05608409731223541, -0.14355998708752202, -0.1066661066948722, -0.14718947934536425, -0.11152313972435632, -0.0228222122838327, -0.1019077826614543, -0.10535971316603698, -0.12091718438510153, -0.16127621781036336, -0.02411049618396995, -2.299289507840756, -0.13144959626204833, -0.10140229930598274, -0.12099627756895548, -0.09105083838656794, -0.1525345279719574, -0.08243081500027169, -0.1350684213402274, -0.04847537989189357, -0.07724484529817056, -0.13868402713722164, -0.14068426879091425, -2.0775065197075215, -1.2530809451536336],