{"vi_exp": {"vi_seed": 2927373958, "coeffs": [-1.039288422337022, -4.026728857857877, -2.4754904809296128, -12.158556535430476, -1.054279293212378, -1.0595640603133196, -2.0846867149622366, -12.733037146801578, -12.675895556657611, -14.504776701081953, -13.972897141203912, -0.9248948173548319, -16.330290407927404, -17.054854585165174, -13.279863169714796, -14.418755018650177, -14.091948265383076, -11.770253158709332, -12.666119712476117, -12.377912416293594, -15.32521602607551, -14.03043038666361, -0.41331735421766974, -1.9384838031219276, -14.659217907273874, -16.28267770912456, -13.758868491521728, -13.946287550203357, -13.72308654798522, -13.588663431274888, -13.647326195304053, -16.71824069525687, -15.282509733318317, -13.726860499452677, -1.5433366410844902, -1.9864039767701014, -15.634126755554547, -14.466456295348772, -12.59241734226502, -12.371201380446362, -15.22422612097367, -13.417441725328914, -15.203630922419515, -15.926436222590764, -13.165539734382234, -11.145152557204305, -1.21516187592369, -3.721763491405059, -13.77151825835886, -14.014938044925945, -14.731409088056822, -15.26823075469155, -12.957564723698535, -14.622616673708334, -12.05538237925005, -14.198413768887507, -16.66247423731926, -14.813948488572203, -12.644990673211465, -2.4929353133253724, -13.110808234141277, -13.987912498157216, -13.383702162269264, -14.864089850217471, -12.563635729220266, -13.642989120047275, -12.091399390718943, -13.433486828055953, -14.496337360269463, -15.811030092827618, -13.326427093165, -2.6955384078266156, -13.267626575767599, -14.395799809962657, -14.772319750932745, -14.589445391538986, -13.418999699797109, -15.044724546391139, -13.616541573720587, -15.37417253984655, -13.571968758434608, -14.651468672711008, -2.760389813501361, -2.8898364529931397, -12.63889446428659, -14.10925464376628, -14.655457200155206, -13.233089964939117, -13.714418959041195, -14.779933810045481, -12.587470793323748, -14.503404117783592, -14.124871000444575, -12.714897469434005, -1.9510212020679019, -13.835905599214405, -14.748306807485118, -14.591137144293816, -16.61376673074531, -15.141114117194629, -16.08431685946269, -13.609831161974466, -12.760023124756996, -12.832396454333859, -13.084522576927077, -13.27893361921446, -2.087327290524123, -10.427076301111972, -15.069411856307687, -13.066859719768201, -16.90724331654428, -15.424485611226102, -14.52322510047736, -14.522511939811489, -12.924937583195002, -15.789944073504993, -13.983434878175592, -14.170406481560738, -2.418723251205678, -3.908417749488385, -17.44915483757545, -12.52592119223178, -14.168191566515905, -12.589609571321636, -15.090536368313554, -15.543349215473295, -15.131180641382223, -15.711228746684627, -13.96097952304147, -13.335134629757507, -2.844046816380511, -2.1127371075025114, -1.9842590206247344, -0.7007088861285761, -1.11868388085745, -0.5021635622923601, -1.987736944911433, -1.9759454804561967, -1.3433905408338822, -0.5414747992868703, -0.51205780112518, -0.6045475407900734, -0.4809287474777353, -1.7506176860040326, -0.050263554870912726, -0.17138957423805617, -0.1156024214486751, -0.10073576609788866, -0.11008715863827885, -0.02723217560551905, -0.11888375659271382, -0.03693737011258391, -0.11878166837464067, -0.11255346905203184, -2.0219735548138553, -1.518455793671319, -0.10188680392849683, -0.06885793735046634, -0.07235786441185489, -0.10210510659451866, -0.0837923286891149, -0.11368779756167686, -0.10694325423085109, -0.14525966204764057, -0.0655431013739244, -0.12497911012436123, -1.763306068188737, -1.8072854966759762, -0.1489773732425758, -0.15789547980640234, -0.09271552291345021, -0.10789960526175922, -0.11276826708222681, -0.15196986022957146, -0.024001825094268618, -0.07131736268361044, -0.07727884918563767, -0.11667345277054518, -2.2024954113403448, -0.7558093346213889, -0.15289216475931888, -0.2066038486373865, -0.13876373364383718, -0.07115446225891212, -0.11467717930985429, -0.09360371227415207, -0.14512115298998005, -0.07523850535886958, -0.10645475081665687, -0.1482433299828907, -0.0949818546863591, -1.7732736214479479, -0.13887301211635925, -0.11684761686293813, -0.019737540573172445, -0.14275103527576874, -0.17154451382067248, -0.12460250483745829, -0.09150223158284257, -0.1583243131398571, -0.1452391044595609, -0.04457380133885326, -0.07042843948453296, -1.783525041389567, -0.0814421953726462, -0.19522619253839113, -0.1335532105776437, -0.11349683344553288, -0.1602129968407454, -0.10845482530847492, -0.07271933372507035, -0.10084037824481289, -0.05791605715314487, -0.10794776972252602, -1.6581604720923917, -1.7517257615656596, -0.10891226259709527, -0.08437048925368233, -0.09258776088230326, -0.05659931265697426, -0.14068871380127904, -0.012293012496698083, -0.15001123264521307, -0.14357356833737714, -0.06418979949009322, -0.1228400087857349, -2.310932068015865, -0.10246253990207696, -0.0312705638225743, -0.11826293358726928, -0.1790180127965519, -0.07074073726932438, -0.07683294373020662, -0.14485555173655867, -0.07537245496317543, -0.06270137163957405, -0.10051626245737064, -0.09851257549892295, -2.3113015326126485, -0.16177747039598545, -0.11364136028499613, -0.10744155601778463, -0.09234514958173838, -0.09734886864930929, -0.17394508355752816, -0.1269420585174103, -0.13725235370724845, -0.08436034983201861, -0.13566386938974181, -0.11713751030763168, -2.1235726532472863, -1.1746871792856808, -0.06034893245002944, -0.08280843522886205, -0.12491966891845763, -0.1272888287953174, -0.17506894087199704, -0.04997198173447437, -0.12380057021695336, -0.06945335098169299, -0.10570525435837502, -0.11821937609093507, -1.969686991960901, -1.8314347939359472],