{"vi_exp": {"vi_seed": 3090071971, "coeffs": [-1.1873641628486156, -3.654556138355923, -1.4485268308595285, -13.724367485936822, -1.173017536170011, -1.1558203642936158, -3.081672915393138, -13.08221991720893, -14.187668925233178, -4.2611462257439525, -4.202165970897266, -0.8508416048431244, -12.72511735243773, -13.865104683017277, -15.368462948637399, -14.638806578828197, -13.63731669660272, -14.214585504481153, -14.55021530352961, -11.586766568471024, -14.807108339779678, -14.435596192625821, -0.528672149349196, -1.7714317644217388, -13.003822610428251, -12.128443478632907, -12.386901954912952, -14.555333663757716, -14.264227949408872, -15.368280764103684, -12.73697410827474, -13.829064889304245, -13.625068798566893, -15.397119297890647, -2.9542152994598285, -1.9157944957584636, -12.607535411747513, -13.567171751444448, -13.196375393049108, -14.023485571835076, -14.552530961412529, -14.266041972234287, -14.031010869932022, -13.252484307517882, -11.97493509852515, -14.613986303427499, -1.1018768290200398, -11.45727193258171, -14.660115926184476, -14.887911273537751, -14.832069090268291, -12.904987272879051, -12.997322653020834, -14.99925205772726, -12.18041662638534, -16.084269272988795, -13.89201948585693, -14.311201254926537, -13.752854315581294, -2.463946264963223, -13.524714692500522, -13.39691790153807, -14.06884222913732, -14.523714305754751, -14.670374191528854, -14.283902888393857, -15.166477245146167, -13.624638245431397, -16.86720416251255, -15.041149007167684, -12.282408502528844, -2.6748424987087582, -13.079296484827921, -14.119372924840107, -13.63280000494249, -14.62480361134283, -15.05656180659493, -15.11552173440006, -12.804773469007722, -15.127533948541261, -14.776992066014836, -13.139592625388522, -2.4458967944201104, -2.9278687830419137, -15.94028380750819, -15.907166493134048, -14.751480050429091, -13.833412404101617, -14.116275957461985, -16.27559459236122, -15.170926227511758, -13.688440706350727, -14.62993306281466, -14.57114145882436, -1.9545426093065499, -8.92983490174339, -14.329360837741772, -12.74555618625746, -13.155705592765113, -17.171434908403135, -16.84899359544317, -13.27857129720791, -11.449085264069218, -12.643278230107867, -13.431355479392215, -12.579302969952634, -2.1137341708529513, -6.212561013085979, -13.830514722815739, -13.653828026730569, -13.312863188124748, -12.476185515672263, -14.616352599070021, -14.916655420655834, -13.90782510602582, -14.750387661629667, -15.818452090423998, -14.271418785434316, -2.7573319373948433, -3.2166145620149496, -13.401151427845535, -15.9231675075376, -15.566697858501696, -13.32165479429066, -12.434354108453702, -12.478978110038174, -14.529637599390226, -14.024511503140001, -14.193247042474269, -14.587783158383285, -2.9297513813741998, -2.060774066728852, -1.9995748869517727, -0.8740836142266236, -1.794603431288864, -0.5911623738326613, -1.9646787277681117, -1.9994804532416501, -1.004439198283914, -0.5060995520496732, -0.5370820294460797, -0.674162735527362, -0.7209927312467183, -1.8281469345492365, -0.07228013872869293, -0.14876913532376737, -0.06242347057277257, -0.08822792433058535, -0.10754163958628232, -0.06907800041688426, -0.11718592660463617, -0.0989299281081206, -0.10243028814363991, -0.14296646736176483, -1.9497146898418314, -1.6455737658101035, -0.0583880757686133, -0.107572071942593, -0.05239207172241574, -0.06964156525589184, -0.1437269314729748, -0.11845496654317736, -0.0167262692213665, -0.15026462085260905, -0.1141327264575298, -0.12236542823634296, -0.8528559436832188, -1.855061927168054, -0.07508453383262154, -0.11546425179768835, -0.03895170834570694, -0.060577949792357616, -0.1192235055353502, -0.16643312589560827, -0.08655713475655873, -0.0963217202355862, -0.025762589136491352, -0.06532592491699717, -2.3012137129867467, -0.10768852410374076, -0.1343068919121673, -0.12604423476093385, -0.03627075941382019, -0.07723265284180673, -0.07941698042632939, -0.15895769216953576, -0.08234236756610445, -0.13355524665230367, -0.15470887815905107, -0.09723506536948433, -0.1000655768746307, -1.8075677411982747, -0.08561932443457215, -0.1477803797037508, -0.06663374553867514, -0.05435814906933252, -0.06938575091617494, -0.1366630169839914, -0.08504495492129369, -0.1204353106555662, -0.12111887154470782, -0.131830453820778, -0.17485356819226078, -1.7908736253244082, -0.07717218581787386, -0.11176403234976505, -0.09231682570488907, -0.11470072448836988, -0.1521362046064859, -0.18197959881432632, -0.12445966794545531, -0.13914177704100736, -0.10572808616291067, -0.10955159587985813, -1.8766726210176383, -1.710532515747852, -0.13839743666360657, -0.078249717903088, -0.1789171842129976, -0.103810915932515, -0.10282661588232167, -0.11645699848608011, -0.041686307225547725, -0.1525420499235551, -0.14604325731476342, -0.058396434179772055, -2.297690749484224, -0.0772349922242526, -0.1204614652539294, -0.08700212665379582, -0.14390945690712703, -0.16187936784544163, -0.08078529288422713, -0.15874332727036736, -0.15811545307881386, -0.16074743714871936, -0.05986518827921316, -0.13293338431685525, -2.283782253404417, -0.3620533294633338, -0.08712580102609666, -0.08282850439593781, -0.11122177236130186, -0.10007409575103382, -0.07227305848009867, -0.11542320656845534, -0.10252313369816636, 0.01990479826405434, -0.14842488999800155, -0.07927340619797776, -1.9559483162052982, -1.742846228966961, -0.11658348922108003, 0.00541980170189648, -0.08867173174950595, -0.13719111430427894, -0.10440656913660233, -0.15187490648142155, -0.07809483279693347, -0.10563385663378981, -0.10285978393172288, -0.09629916212791727, -1.9321192762347232, -1.8899214748153406],