{"vi_exp": {"vi_seed": 1880865424, "coeffs": [-0.43391575102465785, -12.935578355924259, -13.313124833288569, -12.922873585540474, -12.17710075388756, -13.568054408511468, -13.533660182771925, -15.789571392824174, -15.400892201395619, -14.371812523000607, -13.239483118391624, -16.45670093263197, -16.800475078743606, -16.42683135759137, -13.608180010727128, -13.628560008787696, -15.017154396078604, -16.823739524163294, -13.605041752604398, -14.647577321827278, -13.098074870942678, -10.092823602893711, 1.3351269414902205, -11.78882548492243, -13.244883338356876, -15.276976725730032, -12.973721450189078, -14.682240959847336, -14.160415682101736, -15.090030546243268, -17.43010228905915, -14.775105808270258, -11.748161748637855, -12.656187336302132, 0.7049365476843126, -15.34268524875047, -14.962134943266483, -15.540518261779194, -14.619395726083923, -14.02275791894218, -13.769836996380652, -14.905647422683472, -15.161351756621457, -13.911463536718163, -16.006661828405147, -10.951848193910848, 0.4056150905573806, -14.562990586984565, -15.131753674088438, -16.107575330307352, -16.99557313338865, -11.660814731762002, -14.246880277863797, -15.48495177529258, -13.23357712895755, -13.757330465305635, -15.357889863603866, -11.384765687425878, 0.18216780438213834, -15.73838728329103, -15.038279704692965, -13.807228912569942, -19.464073608488217, -12.767018095522108, -13.013307369398994, -9.138623200202694, -16.690575103118118, -13.554981538774287, -16.07718390520661, -15.338576209816647, 0.24327953361192675, -14.162568545973798, -12.057955657679486, -11.5002327717441, -16.710294612981002, -14.979225631983363, -13.030640044552753, -17.487201817925538, -13.909215812037539, -12.429803178153922, -16.653831065129857, -10.684827763254827, 0.3266543313039228, -15.794519100466328, -16.010068203305636, -12.88254503949332, -17.855355578100873, -15.695240989090635, -13.159231788224073, -16.06559167185861, -14.844626988506914, -12.095116912926686, -13.777430150479677, -16.208771258095933, 0.46021513534351066, -13.21148265185655, -14.936034573848064, -14.83972701604975, -11.527060294510745, -13.473846596937658, -16.812831427768373, -15.18427841152991, -14.31008820392111, -14.568516458272441, -15.45427040801663, -14.555434641222169, 0.5026324750711988, -14.98226525464326, -16.93988298459821, -15.597062512066346, -13.269352518874314, -12.236249713864003, -13.534183800188746, -15.59169920110603, -16.8899248341689, -15.309160306841312, -14.015459620543767, -14.290724954760776, 0.7033128043083797, -17.556956487623424, -12.755506725537739, -15.024053762845009, -12.743768632567983, -14.570992376546371, -13.967826705669713, -14.73875882847669, -15.090890071856013, -13.023304088553395, -12.601322783014828, -14.55266257579922, 0.8436989194335236, 1.6896526358191872, -2.306003715041276, -0.609353950881992, -0.5284932603449374, -0.4903455495964686, -0.5354276313312555, -0.538344132826328, -0.553955177667284, -0.4985281148973611, -0.5464355903875145, -0.5082481299152333, -0.546664701494913, -0.16892134031654038, 0.004403241235722788, -0.11058417340240347, -0.08492807329389628, -0.11149371493758863, -0.1045945083927264, -0.1293709012236655, -0.02829656748235127, 0.0788817036194343, -0.07423807629982686, -0.09746813924936155, -2.2967864525354083, -0.07230697766982488, -0.14302160242545742, -0.11465610030191715, -0.07515666779552736, -0.11418490645169821, -0.09623641705234535, -0.09066338798746777, -0.16656233152311406, -0.14707250968325744, -0.10604896997709534, -0.08686002726447424, -2.2982961239779747, -0.12220283282771251, -0.035747713627780536, -0.08957046401038002, -0.12581200772169143, -0.07333226448317216, -0.10097961290408976, -0.0360154834443433, -0.1399282954425126, -0.04382756221146304, -0.10625756413081945, -0.0785827618622981, -2.316574426084593, -0.07841783453735231, -0.1295308634379218, -0.08142923168421633, -0.12188745769141694, -0.07624577324569826, -0.07642105373235329, -0.20476496656235077, -0.07181027373904035, -0.037157492165385796, -0.09455176701582098, -0.10191632598773875, -2.3115418676680015, -0.06605355146740813, -0.1283705872921953, -0.07739750867105828, -0.1280842565344714, -0.0775569512075325, -0.12395521831896275, -0.16990089256154875, -0.14280872442571507, -0.09364552759346127, -0.0543622579209329, -0.16963895467723492, -2.293223300284277, -0.1480003571791163, -0.15720113753335443, -0.05447057367374885, -0.1267706702030675, -0.08293935709614207, -0.05468712006550955, -0.10362361879515973, -0.09261556256583711, -0.08278349152811232, -0.0958711691914659, -0.07669149105851421, -2.306720148240429, -0.12837828153217012, -0.054737642944506344, -0.11106820486413807, -0.15560237000478847, -0.2101346015792381, -0.11586680215845514, -0.144057441046912, -0.029302952058007762, -0.1512347463589459, -0.14287293626715888, -0.13681579564335078, -2.3082248222317934, -0.10749352296419609, -0.09554047825987715, -0.14482094774295018, -0.07567930371467078, -0.16054544422455982, -0.14157128292080687, -0.13676823583003653, -0.11171992173322128, -0.023370270049746282, -0.14034220709996834, -0.12850155183679784, -2.3068559503160313, -0.10995474905755233, -0.14895145734048804, -0.1326774160638131, -0.12187073814532079, -0.08808912795232794, -0.1148537478255308, -0.1425758091910182, -0.10829166199929449, -0.1562496254489067, -0.13766718338667264, -0.09844404225993005, -2.303492240084668, -0.16054825629302497, -0.14734668868383113, -0.11306647059381791, -0.09989973216216555, -0.07729531960958039, -0.13950132501041276, -0.1184828739862406, -0.11227871634243253, -0.08139859122426597, -0.13653013594684302, -0.08656439943215108, -2.072014988045864, -1.4483180446503823],