{"vi_exp": {"vi_seed": 1384094552, "coeffs": [-0.4231544427949802, -12.762777077689917, -14.227566203506832, -12.223412538687466, -15.008453989885718, -13.866929698049749, -16.34102842365083, -15.165301873842193, -15.451183357818623, -15.84229280415945, -13.533769502239164, -11.909110438842742, -12.26899353086632, -11.433696840055314, -13.947154164596611, -12.81589158263187, -13.730114707901638, -12.442511605685187, -12.39522020689407, -14.362119665947974, -15.294351271362363, -14.024046763566172, 0.05974350782656603, -11.669628193280486, -16.671245731730487, -13.7579301209391, -15.707591863278235, -15.176392998864866, -15.14711678825696, -13.689123592094868, -14.221868035225128, -15.342121707444344, -15.838345669207609, -14.620521212126537, -0.6237643215307367, -14.172520651059298, -15.297574950848004, -12.422366763225787, -15.45533538395252, -14.452812505979946, -13.349556603644862, -14.089890543886787, -14.22783094842727, -14.857237954487845, -11.4403726230905, -14.388976330167889, -1.0047778100166642, -13.101479385497743, -13.488232119007645, -13.485188734331514, -13.724432763792194, -12.934086571996543, -13.928681803165084, -15.378107722090428, -12.581342889078993, -15.778825050511587, -13.075770163986896, -14.168314134694992, -1.2742637587508632, -12.382050869384475, -14.528680772697017, -13.284194680742598, -14.27381910009966, -12.729291164497269, -15.313106031421997, -14.592997664276238, -16.750877703528353, -13.83198066341143, -14.151884993442899, -14.989011824670753, -1.387606916413005, -13.890681519824112, -15.899560587847404, -15.712115485675252, -12.733849644879756, -12.66411087911175, -17.906964801943737, -11.995181405948072, -14.143081122257799, -16.53131985661258, -14.336891887149445, -12.988953289920682, -1.4315753239252265, -13.053410364441422, -14.48020058354524, -11.049264572239371, -14.72783697916667, -12.585264468329532, -15.64545546163774, -14.969374203175022, -12.85337683303224, -13.657726014949947, -15.233580908710337, -14.298366293013906, -1.3482166336099783, -13.236287220935015, -12.075639685553465, -12.684934452022599, -14.623114067257122, -14.445427594800615, -14.191834689986239, -12.726135541742345, -12.71186456383394, -13.63412562574789, -13.325830406269858, -12.295706228764159, -1.351311068753085, -13.197235572587115, -14.276615528358246, -16.513723018787378, -15.27299267878671, -15.644195906896977, -13.23418999264701, -15.006019827975324, -12.252217162970265, -14.879582120354755, -14.290043103812277, -11.041893447298516, -1.280195119066471, -14.102247101116347, -15.025050964975884, -17.559133055553524, -18.159411195624088, -15.576997604523212, -16.10553050723791, -13.540922634159113, -14.17450655410075, -15.773698525236513, -13.593802508424686, -13.793988709904516, -1.3187552386500316, -0.5508669070230617, -2.3130115944018543, -0.5037838081286278, -0.5809198294243655, -0.514386608229814, -0.5365647569277954, -0.5380983085303398, -0.5575083000198919, -0.509281522826527, -0.5384596590844661, -0.5784373339770976, -0.585085848044698, -0.15684642750169311, -0.13201598273911366, -0.10917861086085584, -0.15139710444513818, -0.1642150174763218, -0.1970560027920573, -0.0955495452557843, -0.08690391804165803, -0.10343690432008368, -0.1060196328523152, -0.1470247925175185, -2.3065087536669093, -0.09323049962538543, -0.1346510864399281, -0.10211819724561381, -0.07686908539274469, -0.16327517186191645, -0.1339502221982317, -0.1627133549212698, -0.1466595047921418, -0.13221434866762213, -0.07871013965765884, -0.015349806245040634, -2.299656304204145, -0.10314084938991096, -0.08871444599604354, -0.09145924836796787, -0.05683333834802617, -0.15996721301034245, -0.13496603443616778, -0.10297354810703555, -0.14467818024430898, -0.11735441096779213, -0.09003063765758511, -0.1108154438225332, -2.312182848323558, -0.10961796688305861, -0.15718333540894672, -0.13395006256802375, -0.12519356912919732, -0.06630989089961796, -0.10340633858185865, -0.12571820376064033, -0.10843501067628955, -0.13472856985391268, -0.12303977341211579, -0.08240118061459283, -2.3077248806823323, -0.0751235403911311, -0.057681463979698235, -0.1324005450088587, -0.10984442074789275, -0.07628579302740265, -0.14694155139129886, -0.06589459966691952, -0.11968191620660644, -0.07261853562006172, -0.15322685873819378, -0.08200616112472306, -2.2936106995011447, -0.14017947819489981, -0.16108138870114566, -0.12192871840975904, -0.024539872515643858, -0.10733295784375803, -0.12366329153246014, -0.13866822620221805, -0.12006977745463988, -0.172200559886372, -0.03019567284374637, -0.08099290692037026, -2.3033311775962506, -0.08993624009108006, -0.10022828883665262, -0.14092336793917196, -0.09230370203687141, -0.10451319121779662, -0.11993078142075118, -0.08610356411535372, -0.0009569874805576493, -0.15807692281634234, -0.12863456628178696, -0.12550362710949992, -2.299828578763009, -0.07345499026697676, -0.13953751612373533, -0.12028599335714567, -0.07128433282636813, -0.12987875950689004, -0.05770307282987637, -0.13337648625453893, -0.06702570537786559, -0.13116757535964724, -0.14036276583214632, -0.08482647610517004, -2.3119032591002378, -0.05191801158951753, -0.13732779953789173, -0.1953128657409605, -0.09984761565995086, -0.21292194686877394, -0.13630894860001724, -0.10215929768172198, -0.03852935577877852, -0.09330587354799347, -0.13152780054387786, -0.11827790388403531, -2.294583175091919, -0.11454520382201576, -0.06609479446044103, -0.09656289769185755, -0.08491489650932106, -0.11144930501863691, -0.13073259337725593, -0.16359149921893518, -0.1614479535256051, -0.14722766816295813, -0.09419807818030324, -0.08814476971250074, -2.0460860901582447, -1.4570695478678997],