{"vi_exp": {"vi_seed": 3873960808, "coeffs": [-0.24340298789467307, -14.358332177244723, -14.133888889416237, -13.886470832203017, -13.481504431266789, -9.812356437154802, -14.508742094759867, -14.718734701226907, -13.143647570091394, -14.765470739543959, -14.179589711268106, -14.276447480414442, -13.590959957963435, -12.874394072617758, -14.646739004510207, -15.325136370605364, -14.670470269538294, -15.58541233638411, -17.214978880121663, -13.696668480764322, -14.578985380262743, -13.883177460321576, 1.5021875989538358, -15.217527300858109, -14.197379784116585, -13.678114167622782, -16.108401589441968, -15.050893471731253, -13.45405059726293, -15.636951877599563, -15.641707936671748, -15.937410911467499, -13.593707288046863, 1.5053865831206628, -12.186137032656061, -16.1932513037609, -14.739600316930927, -14.921639725441816, -13.547850485007254, -14.862363701745922, -12.222782608557424, -15.57502601394418, -16.270240438980384, -15.558593475255512, -12.056883433997266, 1.0285016842999222, -14.23137953258326, -13.382702679166645, -13.855287874453314, -14.848524783919064, -15.690525047042122, -15.434746272155737, -16.162595795968368, -14.008558841499097, -14.370622693913711, -14.96177051257693, -10.50769691218483, -11.261721126841541, 0.4184229658342093, -13.257409019285532, -17.292601793367588, -16.26714061602269, -16.85348292773347, -15.48437739182891, -14.560565998377683, -13.655851631315278, -15.118771486067333, -10.9273365854545, -14.451732886989364, -11.191805923023221, 0.35873548773731445, -13.614222202152515, -14.059489866210196, -14.438474725572751, -14.993135301848904, -14.488579476039488, -13.064182179164582, -16.973182231166838, -13.224273336246318, -10.551313321835355, -15.035152972701692, -14.029676911094121, 0.40504169628577696, -14.8409116614911, -14.592464984611468, -15.32935702154734, -14.376069396919453, -13.353419096804739, -12.938438486807236, -15.009968658975573, -17.107832985136806, -12.69525919670612, -14.34670643830813, -15.010465986074394, 0.5024795391312306, -14.006960752355145, -14.31910148889677, -14.59698848695092, -16.16453144024144, -15.415474507135649, -18.166399866994983, -18.11301794457959, -14.394972021173137, -10.647468395564958, -10.435030972110102, -12.922508776327472, 0.8474213633738211, -14.992959601442532, -16.339106586320767, -15.769034324534971, -17.850730482201495, -15.884265634314517, -16.77798953849807, -16.196827565230972, -12.445525803816842, -12.410880028186119, -13.414956996085714, 0.8518938559895549, -12.466872616269965, -12.76180017659284, -13.158244358389316, -14.426279359662498, -13.194828947657056, -12.082034868229856, -14.499816695839309, -14.03152219126482, -16.7908752118231, -16.848412434370246, -14.586865487545495, -13.252233703434765, 0.449681761615382, 2.3075421290884752, -2.3248524475512355, -0.45665570615273154, -0.5632409381049888, -0.5221565261626138, -0.5420328503223883, -0.47816098444209887, -0.5478277335361902, -0.5366464535187055, -0.585059872896676, -0.4874999884264889, -0.46926272680374564, -0.0956814765130923, -0.0777396669658953, -0.08500309150236743, -0.11655555437355596, -0.09516032304767587, -0.10784079436287451, -0.013371545317762593, -0.10090672288507176, -0.11640768621579317, -0.16661238348808946, -0.09263522505936597, -2.311217628123305, -0.06862932083845506, -0.15080800532189145, -0.08691267871990237, -0.12977108613378308, -0.11299788467719746, -0.13288570915855014, -0.13585043250049514, -0.14144696567832474, -0.1357254659772, -0.07421030196232159, -2.2943642476845847, -0.15507602208269036, -0.07286133950189058, -0.1055905310772088, -0.12152730050366095, -0.08448650547992023, -0.1299214837397097, -0.12450975716435062, -0.07087383777237072, -0.17544820395193933, -0.07001195015594239, -0.12686820864548348, -2.2983798575939582, -0.1333147013449376, -0.028662475600993376, 0.020068263384688305, -0.08398831351801192, -0.058950218075940884, -0.10249637604512356, -0.09510439551443593, -0.06461995347748424, -0.1948295547662275, -0.1271840876260349, -0.17391733748093582, -0.10583846825882756, -2.3045969355300517, -0.09652068693391802, -0.11018841987166787, -0.15368937695638904, -0.12830066794178183, -0.08336034459838135, -0.09854684145925312, -0.11534125464560503, -0.15830523943317415, -0.12637473079296663, -0.11636035923084354, -0.02665894781989671, -2.311373284655845, -0.10549263897212931, -0.13198427871705776, -0.14233712882673583, -0.17331323662507384, -0.11044837357699824, -0.09411134904290355, -0.1177734980310416, -0.05571453579510821, -0.019648474583929904, -0.16735843822778812, -0.10295567405957695, -2.2919340556868155, -0.13426241974227066, -0.0911836691203291, -0.15016753949167094, -0.17963810026821603, -0.1322203154631336, -0.14759517771975272, -0.08688458342784043, -0.17898660437229277, -0.0934061878519337, -0.1310221272825193, -0.14219978629107904, -2.3025956990318224, -0.08401322784635767, -0.08814187946207164, -0.09088586244367375, -0.0981795745028353, -0.145357390213785, -0.15973444912702128, -0.17618618208119524, -0.11188771006790613, -0.07688853127594399, -0.09151358387984927, -0.12691895363170666, -2.2952965664429605, -0.17589990171988823, -0.1397647089230837, -0.14704207300302494, -0.1648919098867117, -0.1762297214481578, -0.10254328475231553, -0.13002600264926048, -0.07160938624842933, -0.1194008795843235, -0.05718295630289938, -2.30083809908558, -0.15073961371407343, -0.10344903814802507, -0.033717707077261946, -0.0928358184193819, -0.09515370111332964, -0.13173002087861546, -0.035555419217428656, -0.08944865160418343, -0.1578861343229515, -0.1555170114612704, -0.06862045327659022, -0.12324673663540024, -1.983503650911986, -1.719818792328737],