{"vi_exp": {"vi_seed": 1126839782, "coeffs": [-0.1984416870919964, -0.1974134107658957, -0.20128237597787907, -13.375264858268498, -12.486381134638336, -14.973467126091771, -14.144019414034135, -13.631817345798257, -12.658355389780995, -14.320420503562469, -15.479489954420282, -11.051054161346855, -15.69032323787827, -12.583672125864345, -16.74303111026351, -14.163483542083418, -16.475431401054664, -16.641207360202362, -16.575163432096094, -15.612330395637917, -16.67638980351062, -15.316641002485408, -13.964035404237727, -12.26664208704945, -14.44916971816609, -13.915481424776878, -15.364137661656946, -15.641563806228056, -14.807711481830033, -15.266677313055684, -15.447635938838655, -14.857942473006688, -14.645371342304369, -9.574031768093977, -7.540299219227421, -13.723023534640316, -12.215511212320028, -17.836571782479492, -13.458047301953004, -12.884350355708666, -13.22917001345254, -15.641996527927127, -19.804185715249393, -15.546768966485049, -14.652649368580375, 1.7246667485113474, -8.10109554402693, -16.870326024452975, -13.683383748645685, -15.249843705919735, -12.535675312623935, -14.985039493614261, -11.63170473753447, -12.727450376489006, -11.689920364533693, -14.819426835726722, -11.141141687834192, -14.373696908122552, 1.1309013731651085, -18.173254546718024, -14.372621289147034, -13.785683519220957, -17.07228696934712, -13.83277813907432, -14.833033058829548, -17.155148997385176, -14.181406160685384, -14.396170601634557, -17.933595912689075, -10.027598262966597, 1.0778846711708872, -17.978145444332988, -14.367553417864144, -15.54758725305438, -17.41851197253181, -13.560802986432467, -14.379263745031157, -13.038300764960402, -12.163207883455183, -11.638058531582782, -12.714467414632281, -12.672642425644069, 1.121474628144567, -14.810360589507106, -11.62671207273593, -12.595161592965205, -14.894283973626507, -12.684266022633475, -17.57106073046795, -16.05470684150454, -12.856381889263274, -14.113519097998044, -12.185014876787482, -13.700775303374622, 1.1780360143993076, -13.982970269133903, -14.661221736605109, -14.827323853271189, -14.9552583775495, -14.378481624834382, -15.586032878020125, -13.951243986867246, -11.910250625602648, -15.771644917877317, -14.641166421355427, -16.56599397822668, 1.5373477923929515, -13.655404058037455, -14.698101723815828, -15.46304114550633, -15.601797857939086, -14.936399061468473, -16.602902724461046, -13.888047664731678, -14.67000214350498, -11.911319783250235, -18.320253605660106, 1.542749876457507, -12.208729618458298, -17.99326969542496, -11.983413723323867, -12.910042967528994, -14.765786897170141, -11.110676329642208, -12.388454405650036, -15.196511787748337, -16.38686593968338, -15.075420972988724, -15.318970208533868, -14.477142699122343, 1.1726398677617282, 3.170916011778352, -2.3192028536040348, -2.31274598604524, -2.312496906320003, -0.5163271110478448, -0.5444164273502206, -0.5395665123535643, -0.5700313855118954, -0.5420836518434561, -0.5672673697497701, -0.6200162269213786, -0.5481093180256282, -0.06617566467562047, -0.10353117592599122, -0.07357313733303229, -0.15293594044714004, -0.03688042994230216, -0.07635765141878745, -0.1588866511487285, -0.16315410339137104, -0.050229371290685755, -0.1292584915808494, -0.06155430079400696, -0.13659032500569337, -0.05567427186263073, -0.07818547399524971, -0.11747525680767715, -0.15857040353243096, -0.05578336513968254, -0.11343578447820842, -0.12412583445773435, -0.1762501972787089, -0.08214247545288567, -0.1402233717788263, -0.0503046096667314, -0.08045361753346161, -0.09884581645080863, -0.1098316714465641, -0.18221682179024115, -0.1160586719173722, -0.08286643649457791, -0.11385867538695477, -0.06757711192871878, -0.0953937247365311, -0.08798280058355736, -0.14102582999181934, -2.315655833594109, -0.08392384232990069, -0.18708825164640594, -0.17078421992074821, -0.08735554132673837, -0.20419589817126155, -0.06025961846728517, -0.18231415786536942, -0.11768822563142643, -0.14378100389613746, -0.12016539325317188, 0.0018492274372791685, -0.11735409117286959, -2.3194169314931314, -0.1508485106093221, -0.08673887966512224, -0.11981133883827995, -0.018248945659493723, -0.10607975049605183, -0.08282013970272685, -0.18576830551023568, -0.19068658553960338, -0.0747607125130107, -0.13564935474028092, -0.06907483741143228, -2.306350270266446, -0.07567906240382866, -0.13711530310353442, -0.16303420236196395, -0.12518716516929404, -0.14632949245642532, -0.11709696142310924, -0.045731349706523, -0.14910723307657742, -0.09580716222006445, -0.16590724446836608, -0.03829990008388818, -2.299933335431813, -0.10630792362577664, -0.0644466191880623, -0.10524666312051394, -0.13030877615056513, -0.10530282976498687, -0.08932354769156207, -0.07470069548923006, -0.07457480904258405, -0.11314744604034313, -0.08564781720516469, -0.0919217189784269, -2.3060131514371833, -0.08776438004041658, -0.1486693227058875, -0.09360686565507897, -0.12668481646507146, -0.056459270231657775, -0.13063448904995562, -0.06152097605016708, -0.07854341149007153, -0.10031727390746221, -0.08918672063357266, -0.12117729767376324, -2.3135650717818357, -0.08996325621092359, -0.05260271735177657, -0.16225018978682645, -0.07396615852847326, -0.10323772669814861, -0.03352009883186141, -0.14984223387812412, -0.12503280455431404, -0.09154440198193345, -0.04205514299171437, -2.2994472298346746, -0.12532083911727504, -0.14611548194650661, -0.15478380621889593, -0.1360060016189713, -0.151927917203219, -0.14564026486529583, -0.08951856199496615, -0.11174311144261173, -0.06057582001377667, -0.1499461904820056, -0.07476338238880112, -0.09685812384190773, -1.9846537567156541, -1.7438118532507592],