{"vi_exp": {"vi_seed": 283870617, "coeffs": [-0.2785621075777477, -0.28105729565617854, -0.2815977826048482, -13.188752933177287, -14.481352435854305, -13.253130443748482, -14.044812048014814, -16.664067867409823, -17.054060466834326, -15.000244944454053, -14.62593778246834, -12.461543338302835, -13.0713898734395, -17.295502234109637, -10.450808129404916, -13.593268268300713, -14.991575088327714, -13.01560640407689, -17.160535273437887, -10.107002069034799, -15.60764990595939, -17.2497401080596, -8.289228688770134, -15.620071159996705, -13.903009422973858, -13.63843452938533, -11.745661942092333, -14.863698166877507, -15.655384917266538, -9.952037932450741, -15.789409027564803, -11.637762660444281, -14.995423271025285, -13.494715349345789, -8.85359818577122, -15.500563050128862, -14.26682551695309, -14.739116199054545, -15.30292299979776, -13.050883573534607, -14.516617214510925, -17.31064528177878, -12.245363964277137, -9.61650284147586, -11.407438286516985, 3.219790221443581, -9.038760866298805, -11.928276574841691, -12.485385701819865, -12.558566974919927, -13.972010800190246, -12.192365722894138, -16.587886261118285, -17.61889298245935, -10.464322614925614, -15.24462359429049, -12.85026715466942, -13.36507427209161, 2.6076559078706665, -15.410536663113142, -15.232500878008695, -15.05570473422866, -16.508490907925427, -13.424092285278475, -12.269973804178255, -16.068501128562353, -11.855288103091011, -14.274865739412625, -14.276649723930785, -10.402935326182007, 2.590586129625587, -13.32830114045037, -12.486685864313506, -14.116848103711307, -10.921107077120535, -10.776160304981019, -13.321844558285548, -19.131460252913897, -15.009359821824676, -10.074077211236876, -11.831880232642941, -11.512746221685402, 2.6739417567641297, -13.372940620444341, -15.109004178163127, -10.841053714032832, -17.076599758981864, -14.85173481759878, -16.181051950115087, -15.522429655200302, -16.42247657830746, -15.169840245657513, -14.654755032882058, -13.893781217255155, 2.7573731911845734, -11.061255771265337, -13.28452763418844, -14.485606717748663, -12.600147617967055, -13.461375019054831, -15.343070635352493, -12.284496291104206, -10.630311241035583, -12.725508019732645, -10.94766292835727, -12.919748481948442, 3.034119475783135, -14.253408148694094, -16.626024868389283, -11.047797748206087, -17.752591363088936, -16.304539058781472, -14.227661157726583, -14.07092237370419, -18.07549757628883, -12.420988856461264, -12.694376904198299, 3.039367737655442, -11.225865190886879, -13.305599833740006, -13.823145750745681, -15.225876950971667, -14.798053157282762, -11.084675448536252, -15.426647244120021, -14.352285453311096, -17.983219536349182, -15.044648185475026, -14.554850274034537, -11.733315236511997, 2.6849314625860474, 4.797534185615264, -2.3181829265541483, -2.3226020280510307, -2.3114826260538885, -0.4808727225059657, -0.5186988338641146, -0.5688453550010412, -0.5391794642893595, -0.471968460346548, -0.5033691739007655, -0.5678820471947488, -0.5523619044317196, -0.12063506051749857, -0.10333568291174416, -0.158923590369905, -0.08703410952492398, -0.15621376007298304, -0.07952416652019195, -0.15247366902984247, -0.09969079437889589, -0.12771242301628125, -0.04292723359614081, -0.1599466976003162, -0.08277614423733241, -0.1414173413866306, -0.12435729998108473, -0.09794173133031045, -0.10454711235379345, -0.03816747208761776, -0.09781618923136216, -0.07653847069482356, -0.09026212536903075, -0.1130381576727664, -0.08003059966194882, -0.14736987927473422, -0.1490847624306191, -0.15023036946885868, -0.035864321222634894, -0.1223827163812068, -0.18539246028833187, -0.11475910428755631, -0.10517876610893022, -0.141630782451061, -0.11357660730705262, -0.09545855049402242, -0.12240105261251522, -2.3071823208523985, -0.18622244398696425, -0.057845953340169384, -0.12572709552349803, -0.12512458399029774, -0.1521532158899811, -0.1483575079458257, -0.16738250547039105, -0.13036187949228453, -0.09895968833452984, -0.14801542443206447, -0.09235927157894927, -0.1076260835223152, -2.3045351899252653, -0.17812005882620865, -0.11490178326505636, -0.1295821079166991, -0.06300147396334291, -0.09646078330838562, -0.09779355007906625, -0.15043136972020915, -0.07014310955173074, -0.10194789375822044, -0.07307492277453484, -0.05529717471943991, -2.3107012089651486, -0.14997143493845946, -0.121446086265398, -0.19699892420706677, -0.1421941233865684, -0.12804850430498088, -0.07787992096340432, -0.14540082744160326, -0.08226229643326083, -0.11711576018721924, -0.13238964980511814, -0.06196739513482803, -2.3087455010026585, -0.08277778315727563, -0.14653442064136646, -0.13943578181940613, -0.13734595437898875, -0.14210664236567605, -0.13020545114898624, -0.10758409341980092, -0.13348910541328032, -0.14187773872922763, -0.12505906933237604, -0.11964798592349035, -2.318018906791562, -0.14669767907389764, -0.10644119752300678, -0.11290632744397537, -0.16658762060913027, -0.12198197195967826, -0.07672478833322097, -0.06278278292204072, -0.11469629046311298, -0.1098487156183626, -0.12636463325911737, -0.12025746509556352, -2.29942761472712, -0.13341933526014993, -0.08709541593804908, -0.10068295195203107, -0.11325759021237923, -0.13115164461513565, -0.15535004760298454, -0.20161198896636087, -0.13193238513726677, -0.14148091607642316, -0.10782932994411337, -2.295908619044391, -0.16606541652532747, -0.1381933532926461, -0.12786598331682764, -0.11148584323707766, -0.10055379610527344, -0.07782267610022661, 0.012268680767435935, -0.14451443810523254, -0.10728964152638572, -0.17974003627615098, -0.025312136565711157, -0.11667839864347472, -1.9832467554376576, -1.7683170829658583],