{"vi_exp": {"vi_seed": 3049261637, "coeffs": [-0.24218714073569977, -0.24040160853326747, -0.24176440810771657, -13.05183571378629, -14.827920365778795, -11.583252842948726, -15.559099704173716, -13.654363098008565, -14.701939415488475, -14.678886229200787, -14.337513420425088, -14.913498257179365, -16.78524343697988, -15.595818320763922, -12.552788710798119, -16.705085874409324, -15.73363815294165, -12.095054322314073, -11.429944822020769, -14.152866190247504, -14.297197813842114, -8.399008054823783, -11.873857107146124, -13.373197039123987, -14.840686394581471, -16.61133532743282, -13.886309970024723, -16.575781700556323, -16.057882563406704, -14.297728889381156, -16.515271912990404, -13.611393310647403, -11.072666308935203, -5.115492156734943, -9.226162289682243, -16.864502264683633, -17.30534067567408, -14.582943274851258, -14.91636174747843, -15.169067613103664, -13.510991361724974, -16.762228967827216, -15.385612574271288, -15.039451655596595, -11.64442185544027, 2.17176637524699, -15.118896228068614, -12.83130411313768, -13.496857515266935, -17.377673866885484, -16.285907644170337, -12.796610447376125, -16.260985232796585, -13.184809042414326, -15.945182986374716, -15.590845322070088, -13.344207556797267, -13.470374470974434, 1.558120065337873, -14.072683158476197, -14.026499959547772, -15.906880894426402, -12.399582653217891, -11.4182336128914, -16.27845194888686, -13.370057447342695, -11.125853974766967, -14.886175069998622, -17.227428422148737, -13.235802450329416, 1.5101302785665158, -15.242373030241207, -13.130792768227641, -12.682980018842402, -13.880393625753545, -11.537560647331379, -16.67864437932511, -12.90003484016817, -10.590245199181773, -12.571962210314426, -13.785235335120031, -13.398480100363356, 1.564796714765476, -15.462832980781679, -16.183639750745424, -14.201210432346043, -15.41023450392556, -16.02917724132532, -12.770527082004293, -16.294752449189946, -15.077336320116547, -11.753064111443376, -15.12680213993324, -9.5910590562566, 1.676256331972395, -12.263243105931144, -11.734309456825814, -15.63329054415047, -13.246083028818635, -16.578201814752227, -16.055281139984007, -14.353075961690037, -15.604670895963777, -16.942791150559763, -10.6603317046018, -16.28637951820725, 2.0348514219576344, -16.14541278804835, -15.781143363207242, -12.549133951599336, -15.973496777797022, -14.78827534482694, -15.096743976557299, -13.385915793885772, -13.018847506231573, -14.331866934178553, -15.754775781806927, 2.0339519307132994, -10.625501276589686, -14.174044656629121, -15.686271282645512, -19.741343432590277, -14.656919904223837, -16.869301085790827, -16.89249198655037, -14.715785123941554, -13.11794251946059, -17.538270097328173, -11.36988933511683, -14.221759823514745, 1.640804341243537, 3.510606566660732, -2.318401219841257, -2.309113692144011, -2.3060500107986357, -0.532195001512155, -0.5662823173625022, -0.5248289073705501, -0.5854066467365274, -0.5601111278089025, -0.6082940920451656, -0.5745034090421226, -0.5473718797013095, -0.11335048870137063, -0.0588613529397125, -0.1451317300934538, -0.14844682743972804, -0.09756662086840237, -0.12036661977939188, -0.09530798683763332, -0.10921892283864214, -0.14748147730778513, -0.16874566455598183, -0.14639639617076985, -0.1288591378200285, -0.056575585763166666, -0.14573962209999475, -0.1522770356168497, -0.1088771660443278, -0.07782381942211701, -0.10584770394803669, -0.10665139354600384, -0.13568240858327968, -0.0771011406707142, -0.08880498369915518, -0.08247801440906805, -0.09546922367178969, -0.09108508026494165, -0.11221864465055116, -0.04954390674510535, -0.1139609795139688, -0.1585481691313829, -0.11399611875306019, -0.1212586846830875, -0.12687749996812578, -0.09907957636629393, -0.04940219082484789, -2.3015160261500323, -0.10834437397801125, -0.04159240880839653, -0.10375071746189468, -0.16114559892476185, -0.06650838545347763, -0.11890431743524776, -0.05214925650681813, -0.08993354592433382, -0.09700131287258487, -0.08802011737075996, -0.08518277708254308, -0.14227265852301155, -2.3183578515321823, -0.07806613102218833, -0.10319745312992931, -0.1236311519775879, -0.048039016725555335, -0.11381953964974396, -0.05993203964370518, -0.0694216659365876, -0.17805349797201347, -0.09339376492003322, -0.04424310187188609, -0.07673882873520527, -2.299694818725001, -0.13591932869161022, -0.06785118862594022, -0.040724143927568915, -0.14393876393572877, -0.12742805355211298, -0.09680883460370082, -0.06652537198011675, -0.048068833110220706, -0.13074906702719655, -0.16475739837206058, -0.0815435293604496, -2.3036091035456696, -0.10894704827834018, -0.08033605947669634, -0.15949890463049177, -0.11049302326337224, -0.10351532093504222, -0.09990271007318456, -0.01884105408368496, -0.02023259866570424, -0.14864357660772573, -0.10915840518851169, -0.06917430401727123, -2.3154348573781687, -0.07866439941514211, -0.13648085662501955, -0.11187779074122442, -0.1332383901478645, -0.13755614456703324, -0.0876455196973254, -0.07297200023709798, -0.1544327672593332, -0.06481609578604045, -0.09098339994740186, -0.09619122790199208, -2.3077281124037485, -0.17559977860925235, -0.12463188073403855, -0.11258139432809612, -0.09212603457872084, -0.08503417281259235, -0.09558947848778764, -0.0968404165673191, -0.10954231262826322, -0.12179438675665236, -0.09875407573273393, -2.3026028822187876, -0.11662644116666929, -0.08688299725613159, -0.16759094343847655, -0.08991334088124096, -0.072553041736819, -0.10442249253025367, -0.10603986329613402, -0.11986582839302758, -0.13699157598572712, -0.1227854618155733, -0.1165349131858016, -0.1483335848581746, -1.9884046388020638, -1.7256323179096895],