{"vi_exp": {"vi_seed": 2628776621, "coeffs": [-0.7732046539792224, -0.801773525711069, -15.41831662262768, -14.25525331339366, -13.864942986543618, -13.818007742167948, -11.873856474333964, -12.527387371739083, -15.364875760348315, -12.016855670460263, -0.893201147650805, -0.8843745434752058, -13.0615365128846, -13.441240020411149, -14.137843661861071, -13.23805732768768, -14.525287055482476, -14.42370817556666, -13.498555059716587, -14.541219726398912, -13.498583752818366, -15.125490685183127, -15.091091303004054, -14.1766834681299, -1.9442914116239431, -13.053883504996445, -14.02517762460147, -13.688624157913717, -13.245503242500417, -13.052555532577088, -15.689305484042837, -13.227217069539003, -13.494917768658507, -15.358822746787734, -0.7007638572647816, -15.69313639670181, -11.424201385931624, -14.03446536729094, -13.213064196399708, -14.294013565666535, -12.45054505713103, -12.560845182924208, -14.429799759021414, -17.091253182620544, -13.529217046342877, -10.870082099152562, -1.1007269837299354, -12.749255444055303, -14.827634781799787, -13.694398805132787, -13.48458548024403, -15.600102710871981, -14.023364075137147, -12.269645603988396, -13.519671286297363, -13.92551448069891, -13.677512539786319, -14.717385229981488, -1.8742402749730906, -2.5948566480701425, -13.938827442441369, -13.32322889958171, -15.649389642659596, -13.6020235842531, -14.042443066401406, -14.444465975203409, -14.038564133228425, -16.23173194384635, -12.88290827519428, -13.117265002727562, -2.123680201962355, -2.73808550940094, -14.538933600229898, -13.679438499384677, -13.766131727770224, -13.12988271082782, -17.064277426962455, -13.07051096749361, -13.225748537064423, -14.930689141287132, -12.582077736270636, -12.10709544784769, -2.218980384176421, -3.026596788537577, -13.60591114596487, -15.084416306544561, -15.486257332703916, -16.14479831663235, -17.266731791267844, -14.647165379764013, -15.688780222462617, -13.785459859640076, -13.832487138823392, -12.378327483212006, -2.2470760667779173, -3.4770286391543266, -13.369361188977859, -14.107731879238106, -15.951474597758997, -15.34139530608282, -11.512553049639212, -14.440576582950412, -16.72422545871668, -14.49262572181239, -14.107657106937822, -12.661751057889276, -2.4051459542938107, -13.420432461910918, -3.603617426842492, -15.935265266739016, -15.410742542394365, -12.785900905218009, -13.22319423619313, -14.393846613411338, -13.718085003719704, -14.134363862179946, -13.585598189619555, -14.138721133897048, -2.1880136185754195, -13.41364679755962, -17.031395548092657, -14.009491080184233, -15.644669450329028, -14.758868910662418, -13.588127085765763, -15.427927125946997, -13.074268138474384, -11.570048498240062, -14.701805188548986, -13.676581802690663, -12.583212131195843, -1.6960402248655053, -1.9853740008541145, -1.9853023377325536, -0.5385711047738171, -0.5518110091697666, -0.49195726349734736, -0.5821010320401754, -0.5080314266684626, -0.5004667690045403, -0.5515193015023924, -0.44295959684114805, -1.9526002180934985, -1.7646844132406445, -0.07595735324124746, -0.12339723094845237, -0.11540541160706576, -0.13314902004660734, -0.12317828489325948, -0.13849357920148156, -0.11797348959624429, -0.13906270100000862, -0.13840126929936428, -0.07419381584574296, -0.11000059275872104, -0.022905042685450416, -1.8343082665856711, -0.10227346745333164, -0.09498200590660767, -0.11132302351511418, -0.11328476570115147, -0.09951247765918303, -0.08894094640686967, -0.08085871129592312, -0.13894353048518118, -0.09756478692327138, -2.313328042366261, -0.1166140159081899, -0.19246790272730124, -0.0906098376190847, -0.12680300823340357, -0.16479720907427256, -0.06910308381526406, -0.09219164115358838, -0.13953729001647697, -0.09949814350956125, -0.06577458498268388, -0.11570484590615993, -2.3026376333584295, -0.04160707979980063, -0.15591793355032596, -0.13310022928166532, -0.16319250295874754, -0.054214090852866124, -0.1488876884702026, -0.054671895541664524, -0.14490306019688345, -0.027913014777839307, -0.1271951886281834, -0.17403823498915968, -2.011519774501574, -1.6937643802447004, -0.099258416004207, -0.10524402243787177, -0.09850218850796723, -0.12353075103287559, -0.11376860354346074, -0.1021845122422552, -0.1263599551927396, -0.08182913106818525, -0.1680279406951717, -0.08147500589053784, -1.995407099560227, -1.7290198316212926, -0.17062058998771154, -0.08990128620456511, -0.14186830001140524, -0.12785289432845492, -0.05617865705803584, -0.10090029263850656, -0.08729755424398142, -0.11014893102786696, -0.0821307019729851, -0.1196952780566352, -2.0012689520035, -1.5966958245558935, -0.08969753916458119, -0.10598040059624556, -0.16663426900630451, -0.09343116474678503, -0.06739165277558709, -0.13222392495908677, -0.120957120294989, -0.09464159813631629, -0.05110996887978877, -0.06650000344213593, -2.0905829985814295, -1.335431677386994, -0.1431883263049502, -0.1343067198705148, -0.14541758055739196, -0.08255296738181504, -0.07059629761004067, -0.16362767152467678, -0.14881803050723297, -0.1980808323213011, -0.1234970828431489, -0.11298189398857812, -2.0763375912217827, -0.031775312443152515, -1.433376104946628, -0.15725136232823092, -0.14908162387174195, -0.12055933642474148, -0.13934729438824447, -0.14902693147793297, -0.10205957704227593, -0.1580935781550372, -0.15920683079620035, -0.14860672350758222, -2.3020387292090825, -0.06938193980702607, -0.10679077889880428, -0.1696282026338527, -0.14577498655719495, 0.0023625431620823358, -0.13380716112039046, -0.08546424286742675, -0.1268859458876408, -0.04831725510237977, -0.0886527545973674, -0.09827616561584876, -0.21467420906724544, -1.9282731165639355],