{"vi_exp": {"vi_seed": 1199449325, "coeffs": [-1.1586672061200742, -1.0971231070511744, -14.24742110086534, -13.905091586086366, -1.9444223651660602, -10.867127965358383, -16.48217479299422, -14.225488295190988, -14.892480464824656, -15.748515580457278, -1.289024588563139, -0.9034772200156003, -14.656265728812144, -14.735121639263623, -12.432889306975065, -11.272407216136845, -12.608579437737152, -13.338553914773476, -14.44486226228653, -12.129256337945458, -13.416383118910336, -13.378353815849575, -13.292244297254836, -8.74129178602631, -2.0721863554521116, -13.849136110172283, -14.919599454944674, -15.18391048880982, -13.400136879919975, -16.436519192269945, -13.360778883392632, -14.635424435365904, -13.946118414570158, -14.90243124101264, -0.6899935524060116, -17.94461210632717, -15.100025150269579, -12.578000934899285, -14.71994985314954, -13.458705848270663, -13.239297991781754, -13.821196180218081, -14.034713375256418, -12.641022706744288, -14.213469029056737, -10.592861240339897, -1.1103664050317619, -12.915904973534126, -14.672871885279907, -13.865381967231011, -15.196546664527453, -14.636599677767796, -13.15775053042508, -13.436728398044409, -15.365106944606314, -13.460205195052128, -16.274210933388655, -13.496189562948501, -2.5261138807490173, -2.52926832849097, -13.847409423313147, -13.566859983636347, -13.473095230528308, -14.203918999763436, -13.493144252130753, -15.803756221420715, -11.154719391365907, -14.88897595933112, -16.104492534633444, -13.17713352850704, -1.9813546164759002, -2.99761994152062, -13.358492175496496, -14.356639740710573, -13.173274018540702, -14.240160466146728, -15.268407097227001, -15.65938740058184, -14.281860036371306, -13.589340662671773, -13.755001968008216, -13.486734153454547, -1.7895919414658772, -13.975897054364305, -12.796496501281478, -13.952018337308276, -15.710947999809195, -12.145775145341194, -11.715941633394088, -14.915597799645074, -15.177163167288482, -13.72538715988165, -13.37164946433114, -15.568278146598939, -1.9450265666619395, -13.657013182762256, -14.059121549239078, -13.290575525957674, -14.602590087259038, -12.911894636434974, -13.132911386138977, -14.00083481317177, -14.570369145346897, -13.566182849081425, -13.80251630083137, -12.458110071974362, -2.2084947017372807, -11.468512794482848, -4.465590566218976, -11.94634681194214, -13.854892071034149, -12.901746159531138, -15.105328497682505, -13.484389435602473, -13.993820966473491, -15.012039078268671, -11.88940218859373, -13.159905664297298, -2.1762580850935884, -13.902826469499693, -12.7788375617453, -13.327896297231629, -16.003117700456137, -12.368097452435821, -12.318787552369733, -12.140902510197506, -12.731021855254568, -14.504238842582255, -13.457874546112388, -13.261319928771746, -10.042751106256196, -1.2965400665033928, -1.9950078704988365, -2.021631263386449, -0.5167449151323884, -0.5719535750922923, -1.3759526107462539, -0.4972119047604533, -0.5680275078288549, -0.4756969259346103, -0.5708408493101362, -0.5943103998998673, -1.9749361813600792, -1.7708891668554134, -0.16431669162561122, -0.16245550021570274, -0.07800613479612138, -0.07358466036682458, -0.09749975514875904, -0.08352515955442315, -0.13111223848414205, -0.08091691973865547, -0.12462298823735739, -0.20222738662696296, -0.15896920394037858, -0.045560321850577845, -1.745404260592157, -0.05102761004097381, -0.11340076703013986, -0.12968576194807455, -0.0936459217439062, -0.14693058396564782, -0.12142269582006229, -0.06464881352017285, -0.1412314291936849, -0.10231833328277407, -2.308576634574622, -0.09390366671064175, -0.08715843267262319, -0.024943572243776545, -0.10840200497893379, -0.09757781625235822, -0.12337876609541017, -0.08737146650943838, -0.14322102947774934, -0.12396619119208237, -0.11783448714484313, -0.06615534925503908, -2.3142006941747173, -0.03553859742906314, -0.08785334285866782, -0.14928958859263491, -0.1380469838916734, -0.15193409549463077, -0.059866075559181005, -0.12241725358715122, -0.16189793209731032, -0.03865911967451908, -0.15618955457902348, -0.10093117557489854, -1.4875054555056577, -1.7558544713085846, -0.1293370854267681, -0.08416732320827458, -0.043578137329674735, -0.10411693011604996, -0.10651305996762744, -0.05256739313230729, -0.1149500438717344, -0.09321183894734465, -0.14412256854022418, -0.040873842890666576, -2.039669193887308, -1.5165240941300995, -0.19588438480232845, -0.13253186829344532, -0.09502822262770537, -0.11003963442672375, -0.1455662200759444, -0.07305307382415602, -0.10320266825791546, -0.1126458391512206, -0.10607196490527088, -0.07842594383050418, -2.303711672017384, -0.1464115095269642, -0.045149301068407505, -0.09354892117002508, -0.1368301135501352, -0.10068399342862663, -0.09275501626589767, -0.19620626392762566, -0.05817862414446179, -0.15464560503966232, -0.056076043338734186, -0.12039445052507895, -2.2956258979471866, -0.21480257876433764, -0.09124279582945867, -0.10444631145219219, -0.10457348877166332, -0.06387438123048766, -0.05229083680243443, -0.13876807042095135, -0.11486882761668066, -0.14586556373481238, -0.07819420382501704, -0.13639682180147925, -2.2038501605355996, -0.10691883085076997, -0.7998311222881184, -0.08485062392739863, -0.07781395326371027, -0.16688998282963932, -0.08274051114390672, -0.0861739834983381, -0.15872656649031278, -0.11833096704008621, -0.0763509716250266, -0.12401285109389226, -2.3188862050473382, -0.09510822287590208, -0.12616132319784015, -0.11750586192355723, -0.1014605366553983, -0.12095917505256201, -0.10976463679809488, -0.1101355287724871, -0.13878508317245328, -0.11124689177417493, -0.07673933736461472, -0.14167054081582764, -0.09375741124308827, -1.9162680896615132],