{"vi_exp": {"vi_seed": 3803039803, "coeffs": [-0.3771020417054349, -0.37296849266470455, -0.3746893816265863, -11.958056964806083, -12.46858842383186, -13.692168191137243, -12.987225796998938, -15.333947630478074, -12.173108473947826, -12.924920737429341, -14.775458037897396, -14.667816671794132, -11.488175918867823, -14.4288347449235, -11.96614396741365, -13.132620677508955, -12.560014867225638, -17.304281044656953, -12.116829359562765, -7.0325417022301355, -13.751345838485035, -11.188641072638115, -10.45819631538977, -8.719183909086263, -15.913661352937224, -14.72647718076857, -13.780659432491085, -13.342331938996034, -12.740591255783812, -12.756201042197032, -15.461586582351803, -12.754410397914201, -11.366752700661493, -8.660659370694699, -12.21745215727184, -12.97395889370554, -13.959508806393892, -12.097366903013306, -10.370018382272214, -14.549639125370096, -12.74936230817776, -9.532050114533254, -11.984879281048999, -11.426145919265133, -12.456875922084867, -4.285868573801815, 5.025375067999056, -14.899613575030578, -10.869649869759744, -13.56105704024421, -16.491051652327684, -11.861967768183888, -15.060301538262884, -9.601357273511788, -11.810271966925649, -13.520835313230618, -7.163774435695513, -12.071110261790567, 4.793977345769802, -11.498909962487183, -11.52838546729245, -11.843496583476684, -9.888320004398208, -10.317070031176248, -12.119981006286809, -16.16107095050253, -13.438684891536843, -13.529881419163157, -13.830922810204049, -14.57809135106014, 4.738465632615976, -12.527517732543693, -10.916668446951531, -12.5626182818363, -12.648538786507958, -11.587433474027188, -9.864525654436777, -12.963487113868087, -14.585832064135063, -12.170538217207566, -12.012572874921657, -12.66233639766472, 4.774617850944473, -12.480461171077009, -11.20534909075876, -15.12489312797211, -13.899686578163145, -13.676376005807523, -12.077039064546016, -10.78159569205549, -13.308378129613043, -13.282749459047112, -16.208470252562915, -11.515021212525092, 4.886288983863495, -13.548676537074465, -11.708347973189058, -9.5661511202105, -9.01207217169786, -10.926615550929133, -15.801281272882097, -12.249133094955944, -8.946600477677023, -11.606975608708282, -11.894752442737387, -8.725310262641237, 4.941811783982495, -14.983979142971755, -9.139355390093113, -9.466645616311382, -8.878061339127537, -11.222883439310081, -13.101792210360665, -14.315143817522129, -14.120363608910344, -11.218030676017086, -11.21940911751778, -3.1142708567044615, 5.1775227358041205, -14.210882738857242, -7.127447614089732, -11.427681129914156, -13.190398382890578, -12.511434507371797, -14.76910631063391, -16.748210829199884, -10.421282833205407, -12.825883576788287, -13.178258917180486, -10.965038255436692, 5.2433073468977645, -8.029878795044187, -2.310436392644007, -2.3178458153555734, -2.3180917985778353, -0.43924145378014506, -0.502541206793197, -0.5518406544342525, -0.5316775578498506, -0.5432808272137946, -0.5376347412623078, -0.5849731349437998, -0.5268261338609671, -0.10344530823433858, -0.07938119643092158, -0.1030342256804776, -0.13757105553746465, -0.1159192656585133, -0.16867624269497794, -0.11453249547991473, -0.09882554141338162, -0.016811486988897166, -0.1152829602069779, -0.1298519083422182, -0.04414297498672024, -0.11322171386482899, -0.12568350709209383, -0.11817161555301103, -0.18548732721179007, -0.07929228223750838, -0.054018936688688665, -0.16040459301172322, -0.10037375427239853, -0.11972734605859692, -0.04889555126545853, -0.09261884264297994, -0.06521004350428558, -0.13144968135263366, -0.05965914997774683, -0.08999757180048323, -0.09799112395760104, -0.08679622574121784, -0.12190936606726586, -0.03785011204313394, -0.07757734049037418, -0.07796240510189385, -0.21919906313160256, -0.10912190038575037, -2.2964778515465056, -0.12897439523424925, -0.07285331416240472, -0.17302285951859572, -0.1485984810374719, -0.018518505596597862, -0.1482266558504092, -0.10848426039897396, -0.10707866993064727, -0.09217556413298372, -0.06657303953621377, -0.022499008156807658, -2.3188463586800867, -0.06354498359332326, -0.03467971928477616, -0.09665744232457417, -0.09429375862385882, -0.12986237965043723, -0.09033236202088306, -0.14183329771320033, -0.0967355319456448, -0.0853203615392186, -0.07417004475701446, -0.060595054044272866, -2.3071322560001524, -0.12994111585625784, -0.1294954383970431, -0.11629391776429049, -0.12432027009510542, -0.1392918234994482, -0.11115364765042554, -0.07229245128019977, -0.0778784951734304, -0.07191382382135268, -0.05600288612688465, -0.060133860291618, -2.3088059926214477, -0.15692902753570295, -0.13360818869654897, -0.10885500018546074, -0.12067691288076844, -0.10536131877152592, -0.16595837154565057, -0.04096523967935968, -0.1520764979313642, -0.0937055405794008, -0.11372576191665845, -0.13119100590795718, -2.29701735830868, -0.056996452098606064, -0.12917227729945796, 0.00893932173076325, -0.1318952270157811, -0.08070520924684385, -0.10506943682768637, -0.0950439704127277, -0.08118156095307341, -0.17645707370136587, -0.11066957697667228, -0.14918024252309392, -2.3114969070793623, -0.12332643410162794, -0.18978045170263252, -0.12390852904832916, -0.16681684157484558, -0.09536524159134366, -0.11728591218026398, -0.03896372754239517, -0.1390792338465768, -0.08283737454706892, -0.14037849494649363, -0.060910049246100384, -2.298628782227197, -0.1359970606531364, -0.06978927984236913, -0.1286950096812728, -0.07940802463605202, -0.13119187626322437, -0.18207709428485117, -0.10365459556343765, -0.09968644454139555, -0.16731515711230854, -0.0910755989574107, -0.11603871830300044, -2.3112827881403013, -0.12471709374671724],