{"vi_exp": {"vi_seed": 2962084854, "coeffs": [-0.8395577372288853, -0.8209904396431478, -15.033684197094468, -13.218399203529724, -2.7401720170872643, -5.965247809712051, -11.168538543803917, -12.27828119357053, -13.769796861114873, -13.724957258315928, -2.4812284383288215, -0.8705711235269765, -13.483422099581555, -14.05757565736662, -12.13321203916328, -13.025927453631834, -15.13700921122418, -14.069355550913256, -13.378434206707338, -13.391138406564673, -14.546299432605068, -15.174959528382816, -14.16250904517558, -11.987365614008555, -1.973891569590308, -13.154878500499002, -13.047142775644941, -14.70095879671361, -15.092631990539163, -14.214835082983734, -16.167090188665522, -12.580809478034315, -14.641581806733985, -14.751184414057064, -0.6979140770674335, -14.467246912992893, -15.433633383029559, -12.369757728381442, -13.176017170233825, -14.059763842790648, -12.151311315222511, -14.385133012487612, -14.277326031377859, -15.09403735820649, -13.732309057190367, -12.750907107458136, -1.1050586777410305, -13.891514305282037, -13.467218396770331, -16.092656364195385, -13.97883028317283, -13.765313335433222, -13.816861281268663, -14.578239400502895, -14.39532300515917, -13.51925038835794, -12.302050517531779, -12.269538724679876, -2.1111825398659496, -2.501697037385947, -14.594379118833235, -14.36193080305553, -13.957484214547684, -12.971804584152343, -13.648441829585128, -15.631268345633005, -15.644851737992218, -12.732306955643628, -13.586876005411106, -13.456641751265723, -2.193621878782298, -2.656329570866505, -14.598694943670024, -13.335580188266082, -13.545216197310905, -12.696031161571026, -16.21536174443253, -15.57055305717441, -13.05946084442264, -13.075588659876196, -13.110175291934475, -12.328199345096284, -2.2135282389741957, -3.057260432314104, -13.833914414351085, -14.058536711018522, -13.69468621652903, -15.127195278566033, -14.61925601419543, -16.404912015536905, -13.40320620570438, -14.796218191221646, -14.54843231789205, -13.984319669131565, -2.454149286137521, -3.0185777899905526, -13.533380472825426, -13.476872220940987, -11.597982835727679, -13.256234463242924, -11.124382820751022, -13.714766657160006, -13.802015354312452, -15.139063706652514, -14.099644470151095, -15.064462047233373, -2.0831935899207736, -12.413834716522015, -8.481899262972286, -12.756819963778964, -15.101709571042633, -15.123289267063774, -16.895100196831585, -13.160075558862404, -13.655260202266135, -14.903849643273883, -12.806741522430517, -13.661934044670039, -2.1893039879729166, -12.944470663966213, -14.189130981004599, -12.004140572971995, -14.50801992715146, -12.89901263754732, -13.283500509347283, -15.260618368624257, -11.907000945089301, -16.01549739970827, -15.604101967759778, -13.097088369411187, -3.231273214009608, -1.635147076518257, -1.9941346236658921, -2.007510941189409, -0.5795339193274147, -0.5450491993680111, -0.9190633305275945, -0.41000924278953765, -0.5475885986209966, -0.5170246093293779, -0.5790071608485079, -0.4974641530454448, -0.9025019577571584, -1.804228023026571, -0.11043258657558927, -0.11225692510390413, -0.04258356747923969, -0.09975346191196845, -0.09114060221348443, -0.12785399307966627, -0.16116801686759277, -0.13447216129656694, -0.147326069283247, -0.15798739007505952, -0.16051588370636974, -0.027582223080408842, -1.8203666522265836, -0.1561379952571251, -0.09536259530874701, -0.05584606040471742, -0.09257808182283501, -0.12702052876015468, -0.17907442429009285, -0.03677910950120583, -0.1004471457819806, -0.12496754694113951, -2.298921054214895, -0.14215223253098497, -0.025466123924359284, -0.09864451015204723, -0.09772032654139796, -0.0428665562032041, -0.0713624378146412, -0.07185475448245182, -0.12679186528292546, -0.14407745812595496, -0.1270423789306517, -0.07435073584910142, -2.2922567268503875, -0.10560695751159867, -0.14645781243880382, -0.15998361273176565, -0.16027362103985407, -0.07936139973338602, -0.10557886064021975, -0.17358706399285453, -0.1217412616727058, -0.15325193541857962, -0.13077268554578195, -0.11203684457719047, -1.856263555643738, -1.7838290724120587, -0.14139284386397677, -0.08829344145653542, -0.18269074055876006, -0.06771059564344258, -0.13810987545258835, -0.19895009599181845, -0.04448232139725162, -0.06160494884601791, -0.0974955588071672, -0.08911036465717143, -1.9609506417444218, -1.817230124565014, -0.06552788477297211, -0.18199138409521884, -0.08857871738234335, -0.02975407845456643, -0.06569163754986443, -0.1498332728629196, -0.12534463823876035, -0.13229568210602863, -0.1156313916981578, -0.10301492934888672, -2.0029011722905756, -1.5987048631614977, -0.10814395453658159, -0.022843713854594848, -0.09755169999716003, -0.074230171384574, -0.10032928627321538, -0.17809560673939953, -0.10383013228240442, -0.10572586243747722, -0.14294858180779269, -0.06100927561026888, -1.9723027442545507, -1.7481059764069509, -0.14114975104256633, -0.16078780706240184, -0.07817680537917461, -0.07537976474538186, -0.11099809789257761, -0.1219654466999276, -0.10781633319703521, -0.16769881846121748, -0.08989293024032595, -0.1370563291922603, -2.2912163985236744, -0.04909309598173782, -0.07500306046759514, -0.09885872453069006, -0.12258383675707442, -0.11668958398183733, -0.09330269479841619, -0.1320927618984698, -0.09823203106456348, -0.08165491810589345, -0.09025698616812879, -0.15705277320665273, -2.3103650272614638, -0.051765098525032686, -0.05906415881859092, -0.08888673546397022, -0.10491019258649481, -0.13440494908696898, -0.0666075778863059, -0.07926431049483941, -0.13324412862133758, -0.08188244192286086, -0.18043165938682298, -0.10630310759614141, -1.7377767503770292, -1.946264595595771],