{"vi_exp": {"vi_seed": 2445156312, "coeffs": [-0.5957052540744481, -0.63506710521312, -13.707694277941242, -15.734746812867265, -14.005786486608157, -13.921917564718314, -12.706706498436066, -13.345334952932767, -12.318599314805285, -13.838800497681836, -14.260452422448227, -0.9422911366808647, -15.658807418184447, -14.10476687363791, -13.554700243836008, -13.902444919948374, -14.058674049957009, -11.856342738621692, -14.469917029311535, -14.688420382553947, -12.736628770624822, -14.469391385685153, -14.434513426350053, -13.553869294298787, -1.9687228306748388, -13.376697521521988, -14.742239660348865, -12.213778033567483, -11.704751228641683, -13.073012950680884, -14.724876004157382, -15.082347788936206, -12.767739570718653, -15.568517641744753, -0.6996205348620961, -14.110675764826825, -12.650976549400653, -12.62379930713773, -14.081636889219107, -13.609100055765875, -14.339457307671585, -14.348976629856297, -13.321928837415156, -13.22846473104489, -14.100980471472198, -4.076723680971423, -1.1519394071671163, -13.665173875756636, -13.592406064494783, -14.289093484443514, -14.86150086717767, -13.53989356993781, -13.840191199494308, -13.42093503327489, -15.228668229035417, -13.73416147751774, -13.292081388550198, -15.546647097543733, -1.7455226285201082, -2.85065351690691, -13.954850674067057, -12.895892349311469, -14.543359002741422, -13.230368832969248, -13.971404938483024, -14.856871867864015, -15.15367907623219, -14.51354490929792, -13.894560075049073, -14.46437288776939, -2.08567910993027, -2.800165673131653, -13.080438305665746, -15.350008617661079, -12.4518569598919, -13.781238695432682, -15.351745812581845, -16.881242666500246, -14.625417920568703, -13.935890078992557, -13.999304861228655, -14.592056890813101, -2.059962695408666, -3.4286522620212967, -14.553005611393194, -14.415830538045544, -14.16976236628889, -11.553868806120468, -11.399058698830695, -14.919979693216899, -14.81948650271597, -14.36501420877337, -14.291208931917396, -15.205508198115949, -2.3973041254061824, -3.5364036808923567, -4.4030188055492765, -12.25088930610704, -15.388416638648893, -15.280779283920381, -12.675699365281401, -14.113842555645386, -15.168970846530833, -14.274765064474204, -15.638921122691487, -14.415295487712973, -2.073307307656404, -11.631982590771933, -13.581843219853225, -15.346799757444973, -13.778652356591907, -14.738119124783807, -14.33735718415343, -14.814638086004589, -13.077246045317395, -14.97738311001299, -13.907931905997728, -12.817070075155351, -2.18336061779309, -9.250821660725046, -13.598230832224495, -14.783407003904847, -15.920382892965181, -13.02511145542598, -15.98409458260569, -14.335545820219016, -13.271611069020633, -13.335784202635699, -14.73596200190629, -11.35568669671992, -2.920932255192717, -1.7187748700980219, -1.9966625656074062, -1.983699421233126, -0.5503327814547031, -0.5286224045475355, -0.5038140414198333, -0.5365489493899785, -0.47406823105518403, -0.4933895697273595, -0.4954647186379035, -0.5081473202251656, -0.5925031842983122, -1.7455026919838732, -0.009477387263315385, -0.1528468078349924, -0.08592433044971215, -0.10265145030130261, -0.11909765453499169, -0.04525300815854263, -0.1856644687770199, -0.09749539451496303, -0.1736588261012636, -0.11194364539803374, -0.07043188382435693, -0.09317316339530388, -1.7877701949442293, -0.12822629416330822, -0.07625917293606994, -0.042058595969250455, -0.08505501917184012, -0.07913804290363975, -0.07780657118779878, -0.09102108168402576, -0.12238468962701081, -0.07986198926290429, -2.3113034378331374, -0.06376891487186719, -0.14775505162829008, -0.07470467766195714, -0.06127919672654297, -0.19130011147495274, -0.12914773071006683, -0.0832522618444493, -0.1189455309714221, -0.13426626678056366, -0.17101503369284254, -0.1897164318761745, -2.266425898359679, -0.09753066485233666, -0.13037416962536974, -0.11341311383372592, -0.2101039336625227, -0.07168241559753127, -0.04224106759946626, -0.10520359109858954, -0.10713261141238563, -0.09016459137338291, -0.10656341221016273, -0.094251074169579, -2.0493266146708744, -1.4745821753025503, -0.15310964037946767, -0.11405872147800866, -0.15599023002922185, -0.11884823599746751, -0.11851447886887356, -0.1045490596615241, -0.10610915321693813, -0.13479365693231007, -0.08755916473532836, 0.005945235523946676, -1.9863411286207633, -1.6883279267849642, -0.12112521828590522, -0.17466269386730987, -0.08770670590001857, -0.09816502233530983, -0.08214506056432144, -0.10944829517774243, -0.13819309574737054, -0.1052781529825219, -0.09720167342536425, -0.09045697443759586, -2.0935825526710348, -1.2806084054690592, -0.11474651621506055, -0.08834288274053531, -0.09060985958890189, -0.05516857438330571, -0.15182802932553166, -0.11283737448184383, -0.04053687511846303, -0.07071584256960455, -0.11490881133833863, -0.05860567448457642, -1.9996171748931422, -1.3112229495979792, -0.8714015116992089, -0.06127375908134401, -0.13125505868700213, -0.16288770915344883, -0.13831441386064447, -0.10453050573711731, -0.11734956800127745, -0.10972801480295347, -0.16508601243965101, -0.08482450922075745, -2.3027224377228723, -0.12531898533628918, -0.08237333905561255, -0.10773008190401498, -0.1838042743630309, -0.15331710132540477, -0.10139316273265175, -0.0592679423687512, -0.01746975110322302, -0.13748597490747846, -0.06393161433869199, -0.03422250962881179, -2.303750801015162, -0.049454956118578045, -0.13469164788094398, -0.12251401612222701, -0.13796411123971394, -0.1242184009408171, -0.14599380693805808, -0.13929832886194016, -0.15649124875866183, -0.11878965197753501, -0.05588577586066278, -0.05450446577882442, -1.9690583471786514, -1.9202401138569778],