{"vi_exp": {"vi_seed": 1545994896, "coeffs": [-0.9560446427803782, -0.9183521021382428, -14.213747319915866, -12.443244933172117, -3.2620029719017256, -3.053840909450487, -3.9969611178887985, -2.6293109283388896, -13.861703452419519, -13.723709221246352, -1.0480507509100663, -0.8644537907824382, -14.110830556454296, -14.603057895393134, -13.351376408072365, -13.746281979799491, -14.842680965040678, -11.305709200862694, -14.165788956388361, -14.680562904328438, -13.909808131517114, -14.637668269354124, -15.612387287715615, -3.7473120562653297, -2.169729375029652, -14.355755539601, -13.904465164335585, -13.860845247823875, -14.247902378418646, -14.32972334033303, -16.231181255438155, -13.702240839780425, -14.354857705582925, -14.812780153035849, -0.6958769369503249, -15.212647079055083, -11.967104819620838, -14.73107192678249, -13.412025150202814, -14.335748382281098, -14.417402474941788, -13.514502833827052, -13.310070585257405, -14.82518050075558, -13.51943844622699, -15.589872784629316, -1.1011025342372034, -13.857424209851589, -15.5442475752372, -11.834936886011265, -14.393493247014728, -12.88182377714761, -12.907483432462007, -13.82138681111869, -14.804016271716916, -14.476275981041423, -12.451170888156035, -17.281800771106862, -2.0053082759230008, -2.5591529341839836, -14.31812961729663, -11.521683149352876, -13.362223790770496, -15.18889257616975, -12.885632345055992, -14.983597712265995, -14.060299074991184, -13.04301416897494, -15.317126026945822, -14.895766542848435, -2.3215061183425867, -2.668923370195604, -13.006119915228496, -14.977741288805172, -12.867958164147268, -13.637917579999721, -13.645834262551126, -14.641111769437652, -15.323718787894652, -15.228842779536572, -15.21548731005502, -14.281727945414094, -2.3337218626123475, -2.9441753228711667, -13.42619540891229, -13.55538228090549, -14.260054675037727, -12.932325468718853, -16.02331363956493, -13.859532347740773, -12.408709603988124, -15.038729543421068, -15.06695049048553, -13.406256982777013, -2.586359200096941, -4.321829286045858, -3.722504018939754, -13.897609340688286, -14.80635450454635, -11.534716551929293, -13.324505942246105, -15.32770020164081, -14.768430503064431, -14.853612223822491, -13.49169682139864, -13.067634217882045, -2.2215063678173617, -13.131411696719006, -4.402762074848796, -13.421891336388095, -12.311995366659904, -15.37126957819844, -15.224497531017722, -14.321917800395157, -14.925060998672796, -13.83099820922526, -15.320815807362068, -13.561702935711315, -2.1930997084130315, -14.136055829953897, -12.355208026272546, -13.990154075848267, -13.884530666003386, -13.045274009884029, -15.193084770895338, -15.442066550932067, -14.731608330950758, -13.993883784321296, -13.699583398293832, -14.053501691769805, -14.537229233880197, -1.8413521925764118, -1.975331569659615, -2.003488421251781, -0.49569269221004036, -0.45804623662825217, -0.8300276762830655, -0.7674669468141625, -0.6674638630939187, -0.912358767285633, -0.4518736329786398, -0.6167979538413801, -1.9824167627869034, -1.8213240228030647, -0.10087464219398395, -0.10673939239592505, -0.06401172049079135, -0.09678317539746671, -0.16059740669380598, -0.10593059343569994, -0.1824453017998535, -0.13528420648100337, -0.07852555898058088, -0.14057731518277977, -0.13450525256907037, -0.42135958385356825, -1.68989749096941, -0.13394547756034053, -0.07425280127401566, -0.06269055991569525, -0.11908581197626115, -0.12582183856879403, -0.10610557737039421, -0.10365220178772044, -0.12269250177307026, -0.10670244034472885, -2.292625075656283, -0.15936723252742585, -0.13278416401448484, -0.07304654164032537, -0.10217162435501236, -0.11935983069350897, -0.05659787300733448, -0.03153173798900776, -0.16059016929746425, -0.07267773810088848, -0.15792996584903654, -0.1394062752097457, -2.309857739848297, -0.06460064285155741, -0.06777446169635966, -0.087050777290594, -0.1505394693151853, -0.08852602581998287, -0.13497745427815613, -0.10122110834853901, -0.12263084514960763, -0.1428321985310038, -0.1395923362147526, -0.11582549972986163, -1.9135341496772797, -1.7310814617840338, -0.08344274134425689, -0.13202491912675696, -0.0738003217785423, -0.016375360945273126, -0.10197894589807993, -0.10262285352050696, -0.1245464324009375, -0.12936553385148342, -0.10787645235272966, -0.09119544999742159, -1.8704926677005507, -1.804755388253954, -0.1479715694939489, -0.12259964251065164, -0.020916396049348314, -0.06058454276113738, -0.20284964495426092, -0.09344223888450501, -0.1419076824365135, -0.17669027630565132, -0.08689570604204838, -0.10058647900390351, -1.9529481268459847, -1.7094434639166396, -0.09925683614122997, -0.10596374640295136, -0.13524822722153054, -0.10433713474912566, -0.13013352374149492, 0.03774526092824619, -0.13532982524574586, -0.16563214447967176, -0.124300210918789, -0.0912437179065021, -1.8989098481087014, -0.7863011923374918, -1.41634853575647, -0.08372497143592587, -0.10372989531977518, -0.03749832119332403, -0.1455785139858868, -0.08330347881824435, -0.08224785388275042, -0.16661889152038836, 0.02322430300515069, -0.1258652537368806, -2.2147309474337136, -0.09769978304434893, -0.968678867218057, -0.1408214226821882, -0.04065378453221486, -0.12542378800833864, -0.10929693036169305, -0.1150444065757064, -0.14075320019647578, -0.06485580717252903, -0.09486135508058954, -0.10819521615808284, -2.3137061958706835, -0.1329710469228162, -0.11386247883570542, -0.11379545636470054, -0.1352505684664578, -0.16471879174979795, -0.10071025433105965, -0.16087024348179407, -0.07260018180084711, -0.08555442986731487, -0.13016627507794107, -0.07729901798459063, -0.08804528827483114, -1.92855389989224],