{"vi_exp": {"vi_seed": 1264618586, "coeffs": [-0.37461947140361235, -13.781510036042896, -13.904552919864104, -12.239927754129946, -12.143032890556444, -13.585282584176628, -12.52930100842565, -14.481055989073065, -14.015541612255559, -13.455359203301683, -14.730641181292826, -11.995492749895025, -15.307931349608484, -15.829995444772734, -13.437739401298288, -13.603590750990696, -14.493134190773038, -13.870454596339815, -13.214864415395912, -14.196541438917688, -13.125503525949346, -16.472678652969737, 0.05394673445306438, -13.674038519790834, -13.458506913911323, -15.408494046123899, -14.108285768783924, -13.582499719229729, -15.764695387106705, -13.550430370180676, -12.790709998625516, -12.433751513865507, -16.637148709399263, -14.691743274661519, -0.5861861472689932, -12.546959010591474, -13.660884478757453, -12.508275931729873, -13.197709730908015, -13.645116591434334, -12.921155296861494, -15.51303402082326, -14.881009166325837, -14.632380712732306, -12.565883601019362, -15.762352834304409, -0.9748220509127729, -11.363316474412224, -14.120973886062512, -14.232300565448332, -13.046290476210181, -15.972102550705598, -15.235970010355999, -14.340111423014298, -15.420739895450598, -15.393095336101593, -11.854021440890548, -12.698451876288457, -1.248952776904764, -11.93228177288382, -15.53441130978348, -13.817614812139668, -14.147583468533508, -14.43787020037149, -16.729390887015324, -15.265133997502511, -15.924932298224954, -15.194731799661593, -12.434102424406573, -13.411555613070794, -1.4129677499875004, -13.549702836737524, -15.7321998221065, -15.315980426247828, -12.950548923076912, -13.532428008446772, -17.478116071863692, -16.27202269537669, -12.847704306266747, -13.477764144415548, -13.30982950725574, -14.833793167572185, -1.4986491296908726, -13.528220362477281, -14.651599849716002, -13.506679762413961, -12.783130638560358, -16.850322012798262, -14.610018468391393, -13.707012293863462, -13.312382951948518, -13.071056426790609, -13.335059793096326, -13.442315691932913, -1.5256341449542008, -13.683458979816296, -13.798035378724103, -14.546671290944841, -16.095122671585607, -14.72415215460607, -14.659320296788634, -14.387234506523258, -11.946507494919366, -12.121326890420168, -15.47596801707786, -14.343515223364854, -1.5368967052420448, -13.06015320751633, -11.456613861249824, -12.223613967921386, -15.981204934186708, -15.286538587014011, -14.230814222968867, -13.316166222766215, -15.634191806754334, -14.0683598428989, -13.571787696716237, -12.214275085315487, -1.4050346196265961, -15.037919989483834, -13.206917922007191, -13.18943457050824, -13.632219711756505, -12.161306411895083, -14.414092346681839, -15.504012388674575, -14.326889278989352, -15.83407059348349, -14.860952715154133, -11.872773482911514, -1.9442137834400282, -0.084073000333104, -2.3122814283661848, -0.5788754249062238, -0.5832061455602091, -0.5129403736990743, -0.5442725108148242, -0.5156633513344876, -0.4875311764331127, -0.523118134950851, -0.5319410769286992, -0.5600235174364995, -0.4384010263868409, -0.14890197964627078, -0.07222469573733431, -0.11220927925938438, -0.13361525559014095, -0.07645807963239701, -0.08877155472659091, -0.11113007419513939, -0.10264582781149009, -0.12799107305499546, -0.11612478003742434, -0.16649284345568524, -2.320188051345556, -0.10979354572250262, -0.17257377116830616, -0.1444189543287739, -0.08555382370651972, -0.08246031887557044, -0.10807180897300445, -0.05305894212654885, -0.1266307828146744, -0.12266638316757227, -0.030318353595964964, -0.12182482104528036, -2.3035742706080535, -0.12105300480988793, -0.06746047110371207, -0.17919606007978825, -0.08070425803140324, -0.06968529864053158, -0.04401899211182533, -0.1869362694805286, -0.14037703491392903, -0.06960393062149262, -0.11493338941832931, -0.15667932737054255, -2.310445378646714, -0.11363734614177236, -0.09537247874860898, -0.18711517585072449, -0.02413781277747487, -0.14450248124480877, -0.09830585072315415, -0.14398937727035246, -0.11276792441772873, -0.13244234621446518, -0.09641356759160753, -0.04298708922046617, -2.3068017347242247, -0.10333348222370478, -0.09218392759243096, -0.06238700702258576, -0.08433850792046767, -0.1527266888955695, -0.10849423357457134, -0.13276420790088422, -0.0658936280945119, -0.0942705033501466, -0.17773033003998004, -0.14350504558710275, -2.286909954089897, -0.10830845401836853, -0.04601289545652747, -0.146454413362383, -0.03886877525991362, -0.10747940461079451, -0.1389966200367482, -0.12841366058104264, -0.11051117533920915, -0.12372794061686508, -0.11754538841103726, -0.12462261330158853, -2.294341149184577, -0.0820754197336203, -0.09173101522910367, -0.09429992263061004, -0.16260487605422433, -0.1138812171640469, -0.13874927349227278, -0.016762593364316646, -0.1155196478870053, -0.10595130742743791, -0.09617957156341252, -0.11231074712735098, -2.3163375326758553, -0.16480985213355884, -0.03657074521156077, -0.10558105930414739, -0.09788782848824994, -0.06859402406933407, -0.15291123936537757, -0.1084230934278217, -0.1010493260525947, -0.14273594151142224, -0.12158197646620258, -0.14707439915657167, -2.302164762082973, -0.09740522446393231, -0.023304936913876834, -0.1587462405960629, -0.07308859746722145, -0.08342480204326726, -0.11150008923076003, -0.07900287500053099, -0.08187975417962766, -0.07963933783920057, -0.09763072546292674, -0.1086667384314619, -2.3070333780385157, -0.09916348497164082, -0.07034943696448644, -0.17677054242176707, -0.10770330481136677, -0.1427688119880032, -0.05861937062579528, -0.09095864873568575, -0.0907906551140221, -0.10616560187927494, -0.1379255213956181, -0.12842979368877608, -1.9758630518021876, -1.804078017605575],