{"vi_exp": {"vi_seed": 1568055609, "coeffs": [-0.8853663284088581, -0.83871080471843, -15.23770178596912, -10.724787076687178, -12.19367396368131, -12.748139408064434, -13.599440077634366, -14.527589304264865, -13.333777682910426, -13.524208890934727, -14.836323354752276, -0.9716622908659267, -14.73170490746622, -15.740332978007718, -13.68607027497169, -15.556377213883486, -12.387571821646736, -13.692158485302677, -14.29521825027355, -14.518814167731767, -15.091611131449925, -13.559922275471802, -12.138491826908554, -2.9099967415608208, -2.56446555783555, -13.582438376107548, -13.719663689588124, -13.405566071842287, -15.004611458650974, -15.425746922991552, -12.295685795277944, -14.834051555879006, -15.284435598412882, -14.144958518129188, -0.7021568632895323, -14.277455742910176, -12.510475991747882, -13.830236024536552, -13.512459922406183, -12.916519317001422, -14.207917028758231, -14.509346189085807, -15.273422395963243, -16.077658102397724, -15.394572324259448, -12.37540277338386, -1.1059717358605374, -11.825125574649451, -11.79586640570648, -13.847235761860349, -14.260089093941046, -16.791731976275333, -14.173538000545738, -14.476103124151344, -16.101993582066196, -16.62552263623491, -14.365239961404576, -11.525349733291941, -1.5030044422609146, -3.937474810015815, -10.602685515620992, -14.01760473728984, -14.57061444903874, -14.748029617143041, -12.765497055504476, -15.835216420348903, -15.078941222471052, -13.720036916614413, -16.017472989445878, -11.651167582978799, -1.7452185322324383, -3.9637220074765183, -15.995566554522146, -13.98104589888394, -14.016950462355975, -15.69055386534726, -14.00637722744002, -17.055975229327203, -12.55118629885308, -15.631796844796652, -16.638694346296028, -13.683210317779716, -1.8482372246373628, -5.121831715252742, -13.3349160846396, -13.318657380240689, -15.135220060204825, -14.715938509239393, -15.480002238991972, -15.304473866269948, -14.309108262065797, -14.831796086665632, -14.82931122942673, -13.472281052391223, -2.09873892816967, -12.434104925499462, -4.180940783536802, -11.978316764393227, -13.614453360058684, -13.91494894647713, -13.798966599377028, -15.272230108219771, -13.83507605197049, -15.106918966310099, -12.914908075698397, -15.385573507693376, -2.0350448474610494, -13.606686148332768, -12.487787842800568, -14.128102520766305, -15.274892410949326, -15.926730423842974, -12.670784449951112, -15.00362154797361, -14.010352085696674, -14.979127111138453, -14.414779989351262, -11.785000507761126, -2.1251823587808727, -13.987988809120498, -13.073051483342782, -17.381427712338162, -13.835859904181183, -13.600296568604172, -12.790335230129392, -14.841870199033321, -13.761009300241607, -15.89541469802503, -13.795549548397911, -12.228630529526576, -2.835645752479873, -1.3508313479395846, -1.9929373642185337, -2.0066442029187144, -0.5490517578226177, -0.5345556308316853, -0.5309415351180142, -0.5047336769238354, -0.5811461731497564, -0.5378018991926097, -0.5131330046504943, -0.4465811816689544, -0.5621701476221538, -1.708045466821633, -0.10454619638765553, -0.13040499129327007, -0.05909092730474652, -0.09015943006897946, -0.11966692861090501, -0.10830975746399671, -0.08056815181414052, -0.11932372119775121, -0.11847185399039319, -0.0671278310070581, -0.13562604587734758, -0.792409173531822, -1.3493959096003736, -0.13378606514077074, -0.11816294521909675, 0.0010104643804612202, -0.09040429921840587, -0.12448074236679033, -0.17964486206957697, -0.14841178476122488, -0.12121429580281769, -0.1403062764026593, -2.3130177294917074, -0.14306897472535712, -0.08188371527315068, -0.10821089403826696, -0.06402806542363926, -0.07767019872090565, -0.15030099235501246, -0.08885275646039674, -0.06309440459107339, -0.11195734177102754, -0.12536951297579674, -0.2599827276869098, -2.2941489919084925, -0.034121699755634304, -0.12916432003258066, -0.07412540573982017, -0.12140468808309626, -0.09636479224704513, -0.034889296449014444, -0.08749502151047357, -0.13160150549322938, -0.10364812914121303, -0.10000253281280945, -0.06846769470350475, -2.2024383905394744, -0.8195397268789879, -0.10910288751660284, -0.0394020018615737, -0.08437402055325609, -0.0834111272385676, -0.11061496863440295, -0.03916326293466001, -0.11621631858537902, -0.0866549670687062, -0.15318780273735075, -0.08741986241924468, -2.210477366473031, -0.8083859717714241, -0.13724812766541686, -0.12714197034243938, -0.08241160814939887, -0.08685967002708198, -0.1545864045079658, -0.0651559194886379, -0.10694147667217119, -0.08768098692125136, -0.15000915212459828, -0.13469212384834336, -2.2434505204338775, -0.40234627570589493, -0.16456651625089322, -0.09327831198762754, -0.15169756594916273, -0.09061351301969585, -0.08582579686791726, -0.07983834693478116, -0.11654447476800738, -0.14825426343394033, -0.10378335633557377, -0.11087698319256258, -2.1997876687498192, -0.1229858702776376, -1.0164448550671092, -0.0764095453984019, -0.11413532168089507, -0.1193618241957291, -0.12404421141563189, -0.07832080541367893, -0.006315798516367929, -0.09253291939084989, -0.12817029343522907, -0.15634456494201496, -2.305433137715087, -0.08520534181808744, -0.0621303026272358, -0.14423364773525554, -0.1399742773818229, -0.0024964821473867703, -0.052972911946900285, -0.12905123855564007, -0.12601050909012965, -0.19053789277006147, -0.03860953765133882, -0.19425858691111145, -2.3086356636388246, -0.06461229170190014, -0.11171383778148619, -0.12609357606801877, -0.12593013711130407, -0.11666425704052465, -0.10133692065715526, -0.06615966269136107, -0.13494472678116282, -0.07136299227111917, -0.06880865835915605, -0.05479172376842545, -1.9715772079932086, -1.90886862521982],