{"vi_exp": {"vi_seed": 1990988898, "coeffs": [-0.2417450166466051, -0.24716133324306847, -0.2430590587242264, -14.08815932101058, -14.124465964153028, -17.800383042765823, -15.055857002041304, -12.605956774303397, -16.60690390475001, -15.265442700847865, -15.055244263945582, -14.665657413846938, -18.497839963626316, -15.788706571594442, -17.17073995461772, -14.36098309026846, -12.683402313390987, -10.421044750622956, -10.319219817228623, -12.811426986521779, -17.431553361180846, -16.09631760427804, -16.471156655435724, -14.74736730662009, -14.807352270391144, -14.70857912688385, -15.451415980517044, -12.786497711412197, -16.517914577879978, -14.41532120995587, -10.911616450273213, -11.88274380481344, -13.850889840716395, -10.550191402228474, -9.59753576901093, -11.029493535968003, -14.192951854797352, -15.664646114364935, -14.138038283548129, -17.615340996192117, -12.583699836161971, -13.616770103654874, -14.203570780514974, -12.590209106649539, -11.15828420602717, 3.9330885956834285, -13.916821816552043, -16.701666879290237, -15.876168272423206, -12.897458919682748, -12.7171143582269, -9.247900872417825, -13.980716190816427, -11.752655984621109, -12.0863031155893, -11.086953851302326, -10.742924882648957, -9.155182411524452, 3.3226395470806827, -12.889181423651186, -10.822003856204738, -13.434103357209207, -13.549137927959375, -15.784599011208462, -17.113609879023535, -11.215577654733039, -12.537163069333308, -10.481118464251619, -15.537992155787691, -10.618467818713507, 3.2815330340551845, -16.157306911707124, -16.96916599004051, -13.980348361155036, -12.831175000926944, -12.003046505014101, -13.639655461184377, -14.700319582803749, -11.630054796105105, -8.134433296145625, -12.45048119442953, -14.036395974260271, 3.344280625763982, -13.210254649762113, -11.083824844952446, -13.619878061182975, -13.314040622704038, -12.563543402375908, -12.501345268720417, -13.019362780179092, -13.753045628700887, -15.073984814696317, -15.116615496245661, -17.491301629057013, 3.4600337830972023, -14.001005486045544, -12.187190090980346, -14.509116608951032, -13.578076381852519, -14.052632084109248, -16.044945347788282, -11.118667320573799, -16.364926386172417, -12.021402815960716, -13.222037896927334, -8.953150368783442, 3.820708198879257, -18.598718874029714, -13.298195613676437, -11.243732250974762, -12.63851857097362, -12.414861627339725, -12.40604027473839, -14.616903638787585, -13.12049037051782, -10.792473773695225, -14.749329474893376, 3.8205242655800955, -9.41691275440435, -15.196698145522165, -12.162921196589028, -9.502008289703733, -15.995667315316403, -13.119202450222332, -14.816784207045256, -18.197697359540143, -12.855199805174804, -14.047957325492742, -13.570686825483213, -12.637169932530119, 3.423651362490715, 5.291071158176488, -2.308649706874578, -2.333018849478769, -2.322077141431861, -0.44149279177628165, -0.549258733920572, -0.49746881623251743, -0.6174997475093731, -0.5390906210180525, -0.5552929780452767, -0.538459669952823, -0.4746534755993745, -0.12285690897076634, -0.06812126353058741, -0.0960747777230836, -0.08215678067986708, -0.09802578479320073, -0.10836424469402425, -0.12446377469447432, -0.09298405363239998, -0.13474757704540724, -0.0561040197203468, -0.08236938579455787, -0.17107855004825, -0.08650511620011918, -0.10364331871688011, -0.14881470227386004, -0.018451673420554895, -0.17775812467051477, -0.1046132571561024, -0.08520331633438914, -0.11504819117315196, -0.03105568566095517, -0.16419947165677604, -0.06030664266253205, -0.17915631908140606, -0.092274667207677, -0.06814229316442537, -0.1407432674983852, -0.1281793379774922, -0.13561459941855053, -0.07115842596897969, -0.06931377252801346, -0.1302050282199026, -0.19384655542128862, -0.1439954761724323, -2.312518824648871, -0.12705078328485397, -0.07438983284542032, -0.16069749823364374, -0.11441984968434914, -0.15043468685382488, -0.0852204797685381, -0.09592674994774317, -0.009675326250621785, -0.09055812128569299, -0.19682384028007985, -0.1162058106484591, -0.09887884126744757, -2.304728627474786, -0.12677101567234567, -0.12450980929840398, -0.13612824850371616, -0.09542198240640541, -0.08976187557827367, -0.16338300486139848, -0.13786661128335595, -0.07786056124593532, -0.15089902807384836, -0.14869869286071938, -0.14157909682864903, -2.308512811020478, -0.12700158405737708, -0.14904423883619683, -0.08778938080868691, -0.1591605114122454, -0.07287913763246849, -0.1508249381125342, -0.15515748430834078, -0.17562116750593615, -0.13368572794603742, -0.11428960222723475, -0.09165135370046718, -2.3005443957223397, -0.08780255773721006, -0.11607521929751825, -0.11636253463485846, -0.09718878913126189, -0.14180380705023543, -0.08616593921605213, -0.15791644404628924, -0.10073024142960761, -0.12731222922340327, -0.16365068752797096, -0.10642875314918357, -2.3300597277132105, -0.1288627852821102, -0.08781812271010853, -0.14363054160983107, -0.13188356420479308, -0.1277864329364924, -0.14817179523068397, -0.20397324094999109, -0.09285074414734724, -0.16598447857127233, -0.12333166560167132, -0.17687189799807163, -2.305396020387213, -0.14304179074941395, -0.07811033142770737, -0.10402008482231458, -0.15919492627226614, -0.07502618395473243, -0.1444427219118776, -0.1483196908163304, -0.13396387509092064, -0.06880891147118184, -0.12335769868900182, -2.2944097024320276, -0.10198020658144098, -0.10544300968598813, -0.14854876561054342, -0.12121118301681492, -0.17446045254067327, -0.08045258638123817, -0.06622502042731937, -0.1544838383073403, -0.10001457977807393, -0.09191890007204712, -0.05078225768517743, -0.16311338851662116, -1.991834573826126, -1.7119232696980895],